country_name,country_code,Year,Population,GDP_per_capita,GDP_growth,Life_expectancy,Inflation,Death_rate,Birth_rate,Urbanization_pct,Internet_penetration,Unemployment,Electricity_access,Energy_consumption_per_capita,CO2_per_capita,Primary_school_enrollment,Net_migration,Patent_activity,RD_expenditure_pct_GDP
Australia,AU,1995,18004882.0,39407.5647528439,3.89017188961647,77.8292682926829,4.62776445368168,6.9,14.2,85.2868710503009,2.76,8.473,100.0,5138.24234027092,16.8117791607854,94.99609,80456.0,1784.0,1.66218
Australia,AU,1996,18224767.0,40437.0941864857,3.86567479160071,78.0780487804878,2.61537902431631,7.0,13.9,85.2405932056372,3.28,8.509,100.0,5429.944199086,17.1567625528491,95.40056,82965.0,1797.0,1.66218
Australia,AU,1997,18423037.0,41569.1653679391,3.91795814771731,78.4804878048781,0.224895027032537,7.0,13.6,85.1953612480762,16.4,8.367,100.0,5497.64639169812,17.4985372932812,94.98368,67661.0,1760.0,1.587845
Australia,AU,1998,18607584.0,43081.7201718179,4.67681373479508,78.6317073170732,0.860129922016289,6.8,13.3,85.1552971935996,30.8,7.684,100.0,5584.82787538452,18.3860838677391,94.91501,81310.0,1862.0,1.51351
Australia,AU,1999,18812264.0,44755.6599721318,5.02822035850596,78.9317073170732,1.48313946657267,6.8,13.1,85.1245230581889,40.8,6.876,100.0,5644.57987814369,18.5055078963383,94.54912,92900.0,1858.0,1.542745
Australia,AU,2000,19028802.0,45979.0765654048,3.9160574881715,79.2341463414634,4.45743705920869,6.7,13.0,85.1071608578257,46.7561156116738,6.288,100.0,5681.22885913159,18.5978917642845,94.48531,111186.0,1928.0,1.57198
Australia,AU,2001,19274701.0,46314.6235297968,2.03145880248898,79.6341463414634,4.40712998561533,6.6,12.7,85.1481094164726,52.6892664310395,6.747,100.0,5486.39455905443,18.6995326153179,93.95538,117552.0,2187.0,1.65926
Australia,AU,2002,19495210.0,47599.4079289312,3.94980535772942,79.9365853658537,2.98157117047457,6.8,12.8,85.2842102783464,55.266949823279624,6.375,100.0,5480.23464289818,18.9093269577501,94.02894,108852.0,2364.0,1.74654
Australia,AU,2003,19720737.0,48509.6632180363,3.0912800997751,80.2390243902439,2.73259754838937,6.6,12.6,85.4097077818668,57.84463321551975,5.933,100.0,5615.57675632995,18.6676694689453,95.01722,104437.0,2418.0,1.79728
Australia,AU,2004,19932722.0,50018.5904483861,4.21894147547516,80.490243902439,2.34325687131265,6.5,12.3,85.518767609412,60.422316607759875,5.399,100.0,5652.13037917952,19.1634087908315,95.375,110072.0,2559.0,1.84802
Australia,AU,2005,20176844.0,50972.640519744,3.15548121323168,80.8414634146341,2.69182949622197,6.4,12.8,85.6190871221958,63.0,5.036,100.0,5624.49561264785,19.0378039300894,95.675,131371.0,2555.0,2.01332
Australia,AU,2006,20450966.0,51682.8925230537,2.7709261737475,81.0414634146342,3.55528696972984,6.4,12.9,85.7492544263523,66.0,4.785,100.0,5775.11675226564,19.0793285754815,95.78078,191985.0,2837.0,2.17862
Australia,AU,2007,20827622.0,52671.325846724,3.78947119882653,81.2926829268293,2.32761442623159,6.7,14.1,85.8968519574969,69.45,4.381,100.0,5853.76413229662,19.2389222350972,96.55403,249873.0,2718.0,2.2888
Australia,AU,2008,21249199.0,53497.275355342,3.62398503565633,81.3951219512195,4.35029726664093,6.7,14.0,86.0253816967666,71.67,4.242,100.0,5951.19291532561,19.02811960112,96.67832,275773.0,2821.0,2.39898
Australia,AU,2009,21691653.0,53430.5274781651,1.95484826298522,81.5439024390244,1.77112025681656,6.5,13.9,86.1278139101818,74.25,5.565,100.0,5843.93312947132,18.9151698120932,96.81221,235628.0,2494.0,2.38459
Australia,AU,2010,22031750.0,53768.349733441,2.21004795300735,81.6951219512195,2.9183370211222,6.5,13.7,86.2198600512143,76.0,5.214,100.0,5762.9435664152,18.8509537372201,97.10396,166752.0,2409.0,2.3702
Australia,AU,2011,22340024.0,54296.2321324814,2.39473494330615,81.8951219512195,3.30384784681081,6.6,13.6,86.3268946146423,79.4876977139029,5.083,100.0,5698.65597309349,18.480821685778,97.67766,197657.0,2383.0,2.23459
Australia,AU,2012,22733465.0,55465.4462872577,3.95247138119184,82.0463414634146,1.76278299052228,6.6,13.7,86.4451259136625,79.0,5.225,100.0,5533.72233837943,18.1834489375025,97.98651,235776.0,2627.0,2.20596
Australia,AU,2013,23128129.0,55966.1509270561,2.65445302592404,82.1487804878049,2.44988248109259,6.4,13.3,86.5740515760243,83.453497167,5.663,100.0,5533.38146350965,17.5432435542019,97.48417,215823.0,3061.0,2.17733
Australia,AU,2014,23475686.0,56571.8062524437,2.60118978187332,82.3,2.48792932080492,6.6,13.2,86.7221289343356,84.0,6.078,100.0,5407.4382264583,16.8873574131124,97.13516,200177.0,1988.0,2.04851
Australia,AU,2015,23815995.0,56970.3613028094,2.16434780647852,82.4,1.50836803138463,6.6,12.9,86.8778642539361,84.5605149091408,6.055,100.0,5318.66679266228,16.8219551608068,97.10963,212350.0,2291.0,1.91969
Australia,AU,2016,24190907.0,57632.9995925594,2.75564065529868,82.4487804878049,1.27699365720306,6.6,12.9,87.0166295249235,86.54000092,5.711,100.0,5216.98867184459,16.8911897350521,96.7724,254648.0,2620.0,1.9003549999999998
Australia,AU,2017,24592588.0,57991.771347333,2.29331030192918,82.5,1.94864309065653,6.5,12.6,87.12809266445,86.5450488476768,5.592,100.0,5162.45894302308,16.7209445382487,96.4991,255023.0,2503.0,1.88102
Australia,AU,2018,24963258.0,58772.7063152213,2.87417039499501,82.7487804878049,1.91140002818579,6.3,12.6,87.2267680845925,90.0082016,5.345,100.0,5086.37378454852,16.3939979308791,96.4991,226412.0,2757.0,1.8546399999999998
Australia,AU,2019,25334826.0,59181.2997904131,2.19401703622717,82.9,1.610770929127,6.7,12.1,87.3019647888406,93.60990143,5.143,100.0,5231.57466031316,16.1007065925773,96.4991,207142.0,2637.0,1.82826
Australia,AU,2020,25649248.0,58377.7670517802,-0.133531904304775,83.2,0.846900734607273,6.3,11.5,87.2713470458985,94.6934967,6.394,100.0,5159.03638381788,15.3043785143331,96.4991,44447.0,2368.0,1.843045
Australia,AU,2021,25685412.0,59465.535671364,2.00694844335034,83.3,2.86391284709318,6.7,12.1,87.2353407632761,96.97219849,5.022,100.0,5006.44306522882,14.9787241100123,96.4991,116768.0,2966.0,1.85783
Australia,AU,2022,26018721.0,61200.4588964781,4.25304559238732,83.2,6.59409658717841,7.3,11.6,87.3343268253813,96.11940002,3.728,100.0,4942.16372202842,14.530502863688,96.4991,140972.0,2966.0,1.85783
Australia,AU,2023,26659922.0,61869.082498576,3.58382100798981,83.0512195121951,5.59701792296707,6.875,10.8,87.4866955653765,96.1160965,3.668,100.0,4927.64894813822,14.1596700845561,96.4991,140232.0,2966.0,1.85783
Australia,AU,2024,27194286.0,61486.38147544,1.37340773365975,83.0512195121951,3.16656665428797,6.884,10.7,87.6021469990446,96.13140106,3.942,100.0,4750.59966458141,14.0986639619808,96.4991,138510.0,2966.0,1.85783
Bangladesh,BD,1995,122600370.0,537.931946643983,5.12127789724337,58.244,10.2978117947206,10.147,30.355,21.661231550566,0.000751,2.441,18.3380451202393,128.922041098335,0.177641388847358,97.24423,-231304.0,70.0,
Bangladesh,BD,1996,124862179.0,552.077107138767,4.52291921684423,58.94,2.37712902953223,9.756,30.031,21.9780786680138,0.000751,2.51,21.1443862915039,127.651205584714,0.176886229095842,97.24423,-254239.0,22.0,
Bangladesh,BD,1997,127198069.0,566.271140847632,4.4898964976265,59.671,5.30560105668802,9.402,30.377,22.2953437419401,0.000751,2.698,22.4,130.76316593387,0.188351129764399,97.24423,-273442.0,46.0,
Bangladesh,BD,1998,129622332.0,584.448175174047,5.1770268731498,60.429,8.40223795613228,9.037,30.183,22.6195132518384,0.00368,2.893,26.7461929321289,132.276086830776,0.188857889086581,97.24423,-286966.0,32.0,
Bangladesh,BD,1999,132108065.0,600.232323162952,4.67015636882111,61.244,6.10669589841958,8.643,29.865,22.957073677202,0.0362,3.088,29.5402145385742,134.852007238559,0.197803215117866,97.24423,-286256.0,49.0,
Bangladesh,BD,2000,134544304.0,620.560472822105,5.29329471892532,62.049,2.20825620937535,8.276,29.589,23.3145114975244,0.0710394230507683,3.27,32.0,135.982829155033,0.200508674079581,97.24423,-512422.0,70.0,
Bangladesh,BD,2001,136805810.0,641.288922876274,5.07728777526728,62.836,2.0071737421384,7.934,29.174,23.6999214768623,0.129807973947512,3.609,35.0,148.299543915937,0.238535190866528,97.24423,-737740.0,59.0,
Bangladesh,BD,2002,138933658.0,655.672139362272,3.83312393993225,63.591,3.33256493271913,7.598,28.526,24.1132383547332,0.13992028850905,3.966,37.8,148.023137823788,0.247202877217844,97.24423,-819909.0,43.0,
Bangladesh,BD,2003,140970351.0,676.826252046427,4.73956739963045,64.288,5.66870773441476,7.302,27.745,24.5525557512625,0.163877665498048,4.32,40.5,153.205274750611,0.255292689169796,97.24423,-896335.0,58.0,
Bangladesh,BD,2004,142902856.0,702.656357081873,5.23953291029852,64.912,7.5875363850469,7.053,26.994,25.0094809886101,0.199036333744363,4.316,40.6,154.277994461916,0.265286510438952,97.24423,-970264.0,48.0,
Bangladesh,BD,2005,144715786.0,739.203718353409,6.53594493875502,65.509,7.04661816222039,6.824,26.055,25.4769540701509,0.241600007,4.25,44.2,159.86025911281,0.279053178068632,97.24423,-1036635.0,50.0,
Bangladesh,BD,2006,146405973.0,779.419570444998,6.67190498576788,66.048,6.76526117054757,6.634,25.252,25.9479149992596,1.0,3.591,50.5,168.358931806833,0.297067114877888,96.74066,-1091865.0,22.0,
Bangladesh,BD,2007,147989278.0,825.508229964537,7.05859935449848,66.458,9.10698496905383,6.51,24.526,26.415303779311,1.799999952,4.015,46.5,174.04541210907,0.312314517812567,96.232385,-1133553.0,29.0,
Bangladesh,BD,2008,149474264.0,866.45815762135,6.01378975738535,67.047,8.90194489465154,6.319,23.685,26.87206041368,2.5,4.49,54.3,180.593953454978,0.343404266569929,95.72411,-1158420.0,60.0,
Bangladesh,BD,2009,150873714.0,901.729626251937,5.04512479919337,67.527,5.42347236174679,6.181,22.829,27.3111249057412,3.099999905,5.0,57.1,187.6926023298,0.365403611658953,95.86042,-1150194.0,55.0,
Bangladesh,BD,2010,152201981.0,943.66422864236,5.57178818533122,68.009,8.12667639169917,6.049,21.874,27.7254372588696,3.700000048,3.379,55.3,195.623071252394,0.399267470769648,94.9566,-1113727.0,66.0,
Bangladesh,BD,2011,153591076.0,995.579947155662,6.46437912497728,68.499,11.3951651552399,5.93,21.114,28.1100162712427,4.5,3.737,59.6,200.332283493272,0.425203089273234,94.9566,-848910.0,37.0,
Bangladesh,BD,2012,155070101.0,1050.39140404066,6.52145877906443,68.989,6.21750422069284,5.847,20.709,28.4787972894576,5.0,4.07,65.5,208.079815841876,0.450583313929743,94.9566,-829875.0,67.0,
Bangladesh,BD,2013,156532141.0,1103.15695907123,6.01360565834344,69.487,7.53040640913172,5.778,20.55,28.8407036106763,6.63,4.426,61.5,216.73767037563,0.460477953853579,94.9566,-862944.0,60.0,
Bangladesh,BD,2014,157964929.0,1159.40753475981,6.0610593588495,70.016,6.99163889220849,5.703,20.298,29.1944442321013,9.052900314,4.417,62.4,223.001864414998,0.485260877115325,94.9566,-889222.0,44.0,
Bangladesh,BD,2015,159383179.0,1224.38647668165,6.55263987816197,70.543,6.19428022984984,5.638,20.254,29.5395099477892,12.36880016,4.397,74.0,237.200804521803,0.536099232905876,94.9566,-909223.0,41.0,
Bangladesh,BD,2016,160811932.0,1299.83091360792,7.11347821270093,71.075,5.51352572692995,5.575,20.226,29.8753915517965,16.89909935,4.35,75.9,256.237827701744,0.584484613989962,94.9566,-918770.0,77.0,
Bangladesh,BD,2017,162186147.0,1373.75363740186,6.59024999794057,71.606,5.70207015717239,5.512,19.991,30.2015798381799,21.5,4.372,88.0,264.090549017021,0.622997104678737,94.9566,-1037176.0,61.0,
Bangladesh,BD,2018,163523103.0,1462.25050255713,7.31941263014136,72.122,5.54362139486476,5.442,20.069,30.5175656009959,25.56509972,4.439,86.9,261.271156644512,0.643225929977613,94.9566,-1029069.0,69.0,
Bangladesh,BD,2019,164913055.0,1564.20802445636,7.88191515117722,72.625,5.59199639930629,5.372,20.131,30.8228396343012,30.38310051,4.504,92.2,277.950296654643,0.662908100271382,94.9566,-1016796.0,68.0,
Bangladesh,BD,2020,166298024.0,1604.6659234742,3.44801755122445,71.421,5.69107474746211,6.126,20.289,31.1168927321524,36.10910034,5.539,96.2,278.638664578008,0.626122292349066,94.9566,-1002522.0,40.0,
Bangladesh,BD,2021,167658854.0,1702.08028414189,6.93867912442445,71.103,5.54565430773473,6.317,20.414,31.3992156886061,38.91744466,5.457,99.0,298.53034978646,0.702428158073895,94.9566,-994722.0,74.0,
Bangladesh,BD,2022,169384897.0,1804.3493461776,7.09982877575158,74.265,7.69695437176898,5.037,20.583,31.673734726234,41.61650085,4.593,99.4,308.276302614701,0.713556533909868,94.9566,-549990.0,74.0,
Bangladesh,BD,2023,171466990.0,1885.37733613545,5.77511237007889,74.672,9.8835030377921,5.01,20.353,32.1578465036834,44.50274195,3.352,99.5,287.753137358845,0.693947563901367,94.9566,-549918.0,74.0,
Bangladesh,BD,2024,173562364.0,1941.27874360025,4.22325911250161,74.93,10.4657482763412,5.105,19.988,32.6783196323307,53.42171316,3.635,99.5,287.753137358845,0.715539343541092,94.9566,-473362.0,74.0,
Brazil,BR,1995,161735073.0,6596.33572674819,4.22379363350413,67.701,66.0070335542481,6.54,22.283,77.7144999942454,0.105,7.092,91.728598,998.777374735819,1.73140553131602,98.07272,-69963.0,2707.0,1.04752
Brazil,BR,1996,164202549.0,6640.7270065575,2.20886405039022,68.108,15.7576656002606,6.46,21.872,78.3021415455398,0.451,8.035,92.867095,1035.82555427523,1.83087535382901,98.07272,-71943.0,2611.0,1.04752
Brazil,BR,1997,166661659.0,6764.85842091319,3.39484598630671,68.505,6.92671251629154,6.393,21.584,79.0008493879259,0.786,9.003,93.354139,1072.29461426603,1.91554735453581,98.07272,-72392.0,2756.0,1.04752
Brazil,BR,1998,169159655.0,6687.49523550242,0.338097901207306,68.848,3.19507629280052,6.355,21.221,79.789068166086,1.48,10.15,94.193812,1082.21810429873,1.94230001237588,98.07272,21666.0,2491.0,1.04752
Brazil,BR,1999,171641543.0,6621.63676249539,0.467937566477133,69.211,4.85844749902667,6.302,20.581,80.5466061325216,2.04,11.125,94.76296,1091.29495874763,1.95707166300643,98.07272,-23497.0,2816.0,1.04752
Brazil,BR,2000,174018282.0,6817.784240857,4.38794944745618,69.584,7.04414105947266,6.248,19.879,81.1484365423806,2.87068515854108,10.889,94.4,1081.36193393467,2.00787868943563,98.463825,-45800.0,3179.0,1.04752
Brazil,BR,2001,176301203.0,6823.03396999891,1.38989640095637,69.98,6.84035902487523,6.189,19.185,81.5960450621957,4.52849486902851,10.649,96.0,1086.99299318566,1.9928207750233,98.85493,-51600.0,3439.0,1.06197
Brazil,BR,2002,178503484.0,6944.62337495755,3.05346185909312,70.396,8.45016437708331,6.126,18.49,81.9943491502673,9.14942508560748,10.641,96.7,1103.40127916211,1.96879630651915,96.72741,-42008.0,3481.0,1.00967
Brazil,BR,2003,180622688.0,6941.4404574508,1.14082899824888,70.884,14.7149197228147,6.033,17.819,82.3540335841671,13.2075861035303,11.168,97.0,1107.9739157885,1.91839410561756,94.29506,-55350.0,3866.0,0.99939
Brazil,BR,2004,182675143.0,7258.78185165912,5.75996463670954,71.361,6.59718509985963,5.96,17.5,82.6816824814559,19.073672274442,10.072,96.8,1157.16905577095,1.99978275095698,95.58531,-76661.0,4044.0,0.96343
Brazil,BR,2005,184688101.0,7409.56913232718,3.20213206130431,71.832,6.86953720898964,5.896,17.176,82.9838799596945,21.022747248827,10.551,97.1,1173.71585743449,1.99935674253319,96.07993,-88868.0,4054.0,1.00247
Brazil,BR,2006,186653106.0,7622.04007133264,3.96198871122617,72.296,4.18356812896909,5.836,16.691,83.2672101364439,28.17840004,9.692,97.6,1202.05933940304,2.00204169117872,94.27702,-90634.0,3956.0,0.98807
Brazil,BR,2007,188552320.0,8003.25413096047,6.06987060678338,72.73,3.64127299102652,5.793,16.243,83.5382571292649,30.87999916,9.28,98.1,1259.91135986965,2.08496718576573,92.47411,-107481.0,4194.0,1.08138
Brazil,BR,2008,190367302.0,8330.76459841304,5.09419544658736,73.111,5.67859390284168,5.778,15.801,83.8036050557184,33.83,8.268,98.5,1317.23578420454,2.16839391882541,98.53831,-141056.0,4280.0,1.12904
Brazil,BR,2009,192079951.0,8246.09706995094,-0.125812002161169,73.457,4.88803479876799,5.784,15.564,84.0698380333651,39.22,9.419,98.9,1262.10043812649,2.00746250710986,96.58508,-220207.0,4271.0,1.11866
Brazil,BR,2010,193701929.0,8792.63436120342,7.52822581815364,73.779,5.03872690108075,5.801,15.338,84.343846036308,40.65,8.42,98.6,1384.36896688389,2.27112813109879,96.14113,-261539.0,4228.0,1.15992
Brazil,BR,2011,195284734.0,9067.99316348047,3.97442307944702,74.047,6.6364496221309,5.843,15.141,84.6225758599683,45.69,7.578,99.3,1390.00783643031,2.37418967936326,95.69718,-235860.0,4695.0,1.13966
Brazil,BR,2012,196876111.0,9167.49923929815,1.92117598576537,74.335,5.40349914036997,5.881,14.935,84.8973874181312,48.56,7.251,99.5,1433.15306444735,2.52901988702936,98.54993,-179707.0,4798.0,1.12684
Brazil,BR,2013,198478299.0,9366.73932434359,3.00482266944432,74.609,6.20431066640101,5.924,14.785,85.1676585442726,51.04,7.071,99.6,1487.45745839708,2.63744450973958,97.32389,-157228.0,4959.0,1.19567
Brazil,BR,2014,200085127.0,9338.34278278114,0.503955740242247,74.823,6.32904015516139,5.998,14.784,85.4331367898168,54.5510018796392,6.755,99.7,1522.42189026812,2.7310345760982,97.4362,-145732.0,4659.0,1.26971
Brazil,BR,2015,201675532.0,8936.19661712113,-3.54576339269425,75.106,9.02990102416136,6.045,14.684,85.6935697061881,58.3279517340924,8.538,99.7,1482.02057858653,2.56818858918394,96.85231,-173611.0,4641.0,1.28464
Brazil,BR,2016,203218114.0,8577.84376650911,-3.27591690782192,75.081,8.73914352329393,6.226,14.146,85.9487048448108,60.8725400681261,11.58,99.7,1414.8979311951,2.37533549789759,97.20202,-92989.0,5200.0,1.19584
Brazil,BR,2017,204703445.0,8628.25308908043,1.32286905404399,75.383,3.44637335032669,6.256,14.123,86.1982897571091,67.4712845236305,12.792,99.8,1431.95949698072,2.41694955353585,97.55117,-156296.0,5480.0,1.1175
Brazil,BR,2018,206107261.0,8722.33630317935,1.783666761634,75.633,3.66485028376729,6.337,14.022,86.4420719945072,70.4342825404361,12.329,99.7,1403.40232453429,2.28562350357953,97.55117,-230334.0,4980.0,1.15016
Brazil,BR,2019,207455459.0,8771.44051292177,1.22077782360842,75.809,3.73297621216894,6.452,13.548,86.6797991084296,73.9124399133589,11.936,99.8,1415.83477031974,2.25869881785082,97.55117,-129216.0,5464.0,1.15115
Brazil,BR,2020,208660842.0,8435.01143254978,-3.2767587964736,74.506,3.21176803803376,7.502,12.995,86.9112186503004,81.34269353,13.697,99.7,1379.24649914162,2.1466461829,97.55117,-78437.0,5280.0,1.21907
Brazil,BR,2021,209550294.0,8799.22945810901,4.76260437908608,73.038,8.30165975585673,8.366,12.754,87.1360781715439,80.68989314,13.158,99.5,1430.3934661032,2.41580858865319,97.55117,-208581.0,4666.0,1.13371
Brazil,BR,2022,210306415.0,9032.08481566299,3.01669435393015,74.872,9.28010608956873,7.539,12.555,87.349556243881,80.52775094,9.231,100.0,1432.72741132919,2.27889577215227,97.55117,-253639.0,4666.0,1.18873
Brazil,BR,2023,211140729.0,9288.02701470069,3.24165532906981,75.848,4.59356282283204,7.077,12.322,87.6159710235763,84.15060238,7.947,99.8,1481.22439922518,2.27447826989363,97.55117,-240059.0,4666.0,1.1938
Brazil,BR,2024,211998573.0,9566.74518687619,3.41931516501906,76.023,4.36746407652337,7.068,12.133,87.8958549533146,84.46347227,6.801,99.8,1511.62383133688,2.31826466114939,97.55117,-225510.0,4666.0,1.1938
Canada,CA,1995,29302311.0,32595.4842690909,2.68232826962129,77.9773170731707,2.14876033057849,7.2,12.9,77.6356482587498,4.16,9.489,100.0,7995.23710734235,16.2424970508299,94.75944,141818.0,2431.0,1.60682
Canada,CA,1996,29610218.0,32801.3348171586,1.68896122145787,78.220243902439,1.57053112507138,7.2,12.4,77.8924633929695,6.76,9.62,100.0,8070.95400503596,16.5438869784748,95.69298,154553.0,2583.0,1.60682
Canada,CA,1997,29905948.0,33867.0419274091,4.28016680422402,78.4124390243903,1.62121638084531,7.2,11.7,78.0903398790871,15.1,9.1,100.0,8069.49923971315,16.9077703204727,97.422945,144678.0,3344.0,1.61386
Canada,CA,1998,30155173.0,34894.6484928404,3.89288658501088,78.6236585365854,0.99594245665802,7.2,11.4,78.2693823081821,24.9,8.278,100.0,7963.20719845056,17.0401244257494,99.15291,142346.0,3809.0,1.71051
Canada,CA,1999,30401286.0,36391.5718964607,5.14100348449622,78.8390243902439,1.73484295105918,7.2,11.1,78.4439309329358,36.2,7.583,100.0,8117.62871957032,17.2178440083094,99.92808,158342.0,4061.0,1.74984
Canada,CA,2000,30685730.0,37906.89821012,5.13853918994158,79.1668292682927,2.71943995691976,7.1,10.7,78.6292995508947,51.3,6.829,100.0,8224.74786425172,17.6990281801997,99.92051,201727.0,4187.0,1.85849
Canada,CA,2001,31020855.0,38200.4945025395,1.87509813099847,79.3980487804878,2.52512013979906,7.1,10.8,78.8414764949736,60.2,7.219,100.0,8017.16666642228,17.2263337035681,99.88144,222100.0,3963.0,2.02116
Canada,CA,2002,31359199.0,38921.7064054514,2.99925533832644,79.5307317073171,2.25839440940855,7.1,10.5,79.0990234802234,61.5932992681952,7.665,100.0,7943.44588697183,17.6683722055528,99.84236999999999,208060.0,3959.0,1.9717
Canada,CA,2003,31642461.0,39270.0629084669,1.8063851195103,79.7151219512195,2.75856321360112,7.2,10.6,79.391380674239,64.2,7.574,100.0,8303.4318789013,18.1301542885681,99.8033,185643.0,3929.0,1.96782
Canada,CA,2004,31938807.0,40108.7990262916,3.09236381038156,79.9921951219512,1.85725871857256,7.1,10.6,79.6923063348315,65.9559634648989,7.185,100.0,8371.02231862308,17.5256514747091,99.76423,194611.0,5231.0,1.99735
Canada,CA,2005,32242732.0,41006.264144024,3.21045441502793,80.1126829268293,2.21355203439767,7.2,10.7,79.9760615882965,71.66,6.758,100.0,8369.95929648006,18.0601166179094,99.72515999999999,204526.0,5183.0,1.97127
Canada,CA,2006,32571193.0,41663.5541588166,2.63794375302722,80.5436585365854,2.00202539534161,7.0,11.0,80.219066099279,72.40000153,6.484,100.0,8427.44174185883,17.6443460330114,99.68609,202175.0,5522.0,1.94304
Canada,CA,2007,32888886.0,42106.9147186165,2.04990459443619,80.5436585365854,2.13838399266837,7.2,11.3,80.4425615136782,73.2,6.156,100.0,8356.30636250042,18.0804998989628,99.64702,213801.0,4998.0,1.90358
Canada,CA,2008,33247298.0,42067.610977795,0.995406371264522,80.7246341463415,2.37027067444299,7.2,11.5,80.6628944916604,76.69999695,6.284,100.0,8098.35289361915,17.3072079421311,99.60794999999999,238083.0,5061.0,1.85578
Canada,CA,2009,33630069.0,40376.4559330928,-2.91508627059555,81.0660975609756,0.299466803009299,7.1,11.4,80.8591838893921,80.3,8.46,100.0,7696.33407281264,16.140062037934,99.56888,244463.0,5067.0,1.91742
Canada,CA,2010,34005902.0,41164.3812486578,3.09080633744851,81.3221951219512,1.77687154092627,7.1,11.2,81.0120892252937,80.3,8.178,100.0,7660.75452103288,16.5297747432196,99.52981,225369.0,4550.0,1.82504
Canada,CA,2011,34339221.0,42043.6842044008,3.1371944343876,81.4826829268293,2.91213508872351,7.1,11.0,81.1031425434213,83.0,7.637,100.0,7716.24822782698,16.7674945217889,99.49073999999999,227075.0,4754.0,1.78714
Canada,CA,2012,34713395.0,42320.6856530018,1.75566133205234,81.6636585365854,1.51567823124517,7.1,11.0,81.1513483248791,83.0,7.392,100.0,7637.78487245197,16.3390529794046,99.45167,243748.0,4709.0,1.77303
Canada,CA,2013,35080992.0,42851.2135876232,2.32581356612762,81.7448780487805,0.938291897815317,7.2,10.9,81.183439957458,85.80000305,7.143,100.0,7668.79466344868,16.396768369606,99.43231,239813.0,4567.0,1.70624
Canada,CA,2014,35434066.0,43643.2794910996,2.87346675579731,81.7843902439025,1.90663590717861,7.3,10.9,81.211183161556,87.12000275,7.023,100.0,7780.1475931021,16.3774543965685,99.39113,192884.0,4198.0,1.71482
Canada,CA,2015,35704498.0,43594.2379080706,0.64997101491096,81.8258536585366,1.12524136094277,7.4,10.7,81.2465670276699,90.0,6.945,100.0,7690.40816617685,16.0870291468599,99.58907,224332.0,4277.0,1.6936
Canada,CA,2016,36110803.0,43551.3863558236,1.03855091989323,81.94,1.42875954701085,7.4,10.6,81.3023011093703,91.16000366,7.038,100.0,7944.50789345873,15.8982424179268,99.95587,329455.0,4078.0,1.72903
Canada,CA,2017,36545075.0,44339.4332217878,3.03383491841392,81.8078048780488,1.59688412852977,7.6,10.3,81.4018945832226,92.70140076,6.426,100.0,8175.19037647623,16.196245321702,99.95587,372685.0,4053.0,1.68702
Canada,CA,2018,37072620.0,44907.3887994469,2.74296341402246,81.8036585365854,2.26822567248103,7.7,10.1,81.5500341646653,94.64,5.837,100.0,8161.77967501099,16.5238820455635,99.95587,420224.0,4349.0,1.7372
Canada,CA,2019,37618495.0,45100.336805859,1.90843193887251,82.1585365853659,1.94926902411593,7.6,9.9,81.7363672047941,91.91290283,5.69,100.0,8125.58121311618,16.190860373335,99.95587,387685.0,4238.0,1.75578
Canada,CA,2020,38028638.0,42366.1710935265,-5.03823342794087,81.53,0.716999632307827,8.1,9.5,81.9509888710566,92.3,9.657,100.0,7495.07932297849,14.4219048812634,99.95587,256592.0,4452.0,1.93413
Canada,CA,2021,38239864.0,44639.2381171993,5.95052804984759,81.4514634146342,3.39519318527528,8.2,9.8,82.1779279079275,93.93710327,7.527,100.0,7524.86361233157,14.6897593568847,99.95587,198867.0,4710.0,1.87064
Canada,CA,2022,38950132.0,45883.0058941892,4.69541985045903,81.0948780487805,6.80280115341613,8.7,9.1,82.3500897353968,94.0,5.279,100.0,7575.25861568829,14.7839088196158,99.95587,459988.0,4710.0,1.81291
Canada,CA,2023,40049088.0,45495.5100892605,1.95308552199025,81.6263414634146,3.87900159788426,8.2,8.8,82.5250564408346,94.14530182,5.415,100.0,7342.36758732052,14.1600452924171,99.95587,433842.0,4710.0,1.81048
Canada,CA,2024,41262329.0,45061.3864587285,2.04626605401701,82.1080487804878,2.38158383281173,7.9,8.9,82.7002565766633,94.353302,6.351,100.0,7160.67104355006,14.0072704088031,99.95587,368599.0,4710.0,1.7908
Chile,CL,1995,14527381.0,7201.13100361441,9.25542757753573,75.298,8.23263034116114,5.154,19.473,84.4167268897386,0.347,4.7,95.760383605957,1262.61937956632,2.87658869826571,95.54645,2454.0,171.0,0.31143
Chile,CL,1996,14734046.0,7605.28953010603,7.1148626270751,75.555,7.35911781788767,5.186,18.753,84.8148594016272,0.683,7.414,95.617315,1378.90684276783,3.25049209158163,95.54645,2942.0,176.0,0.31143
Chile,CL,1997,14932434.0,8058.94228801535,7.3917392684331,75.826,6.13386464357927,5.189,17.942,85.2214501061097,1.06,7.136,96.2361679077148,1523.53564987188,3.64026387124832,95.54645,3504.0,161.0,0.31143
Chile,CL,1998,15127799.0,8287.45061096547,4.18088662700669,76.324,5.11024954517559,5.089,17.372,85.6144109902521,1.66,7.307,97.241124,1557.21131062443,3.62656193409233,95.54645,10984.0,207.0,0.31143
Chile,CL,1999,15319313.0,8161.45168872186,-0.2736313981937,76.738,3.33687917526023,5.036,16.655,85.9716540411206,4.1,11.158,96.6955490112305,1633.86338932833,3.74659751387024,95.54645,8226.0,204.0,0.31143
Chile,CL,2000,15503635.0,8465.35303258864,4.9716214882971,77.128,3.84327295706565,5.011,16.322,86.2710912457813,16.6,10.491,97.9,1623.48012689232,3.47382404191017,95.54645,7067.0,241.0,0.31143
Chile,CL,2001,15683849.0,8632.0148244056,3.15403492459967,77.58,3.56910053001467,4.969,15.914,86.4906345913002,19.1,10.39,97.1,1574.84475911504,3.29401921683893,95.54645,6346.0,246.0,0.31143
Chile,CL,2002,15857925.0,8810.69052712257,3.20279913520113,77.84,2.48939816650705,5.013,15.249,86.6114115090282,22.1,10.168,97.3,1612.43130205148,3.29162863363271,95.54645,7824.0,391.0,0.31143
Chile,CL,2003,16024752.0,9130.7842621819,4.72324526861041,77.884,2.8101787574361,5.161,14.789,86.6792973033246,25.4737788864723,9.765,98.8,1612.22953620512,3.37761857406592,95.54645,9225.0,329.0,0.31143
Chile,CL,2004,16187322.0,9642.37478651228,6.67425416822923,78.276,1.05473871403517,5.14,14.415,86.7336754490112,28.1779101232438,10.162,97.5,1699.73240740445,3.61395788630139,95.54645,11495.0,382.0,0.31143
Chile,CL,2005,16348778.0,10104.4208391373,5.83704571917758,78.459,3.05257621387849,5.238,14.23,86.7768244484887,31.1753006,9.34,97.7,1735.08874376693,3.6175914799259,95.54645,14289.0,361.0,0.31143
Chile,CL,2006,16509195.0,10611.6144012877,6.04999082563968,78.533,3.39201733699405,5.377,13.995,86.8125123390851,34.4977511736017,9.024,99.4,1788.47442583539,3.65616252034094,95.54645,17285.0,291.0,0.31143
Chile,CL,2007,16671581.0,11051.3450717678,5.16823098528431,78.652,4.40779938398044,5.494,14.194,86.8445071581285,35.90000153,8.427,98.0,1836.95620548021,4.06392771027535,95.54645,20170.0,403.0,0.31143
Chile,CL,2008,16838988.0,11356.0922105983,3.78939280635238,78.752,8.71626873039607,5.617,14.353,86.8765769429469,37.29999924,9.285,98.2,1801.2828820239,4.23564646521513,96.10264,22488.0,531.0,0.37492
Chile,CL,2009,17009731.0,11116.4093443103,-1.11803723642878,78.89,0.353045178360937,5.687,14.363,86.9124897308683,41.56,11.313,99.6,1735.83895157902,4.01098641712794,94.51682,24324.0,343.0,0.35403
Chile,CL,2010,17181464.0,11649.2897090856,5.85165102224047,79.095,1.41071107954321,5.76,14.23,86.9560135592209,45.0,8.547,99.5,1795.6817303266,4.2093619030369,95.47992,26048.0,328.0,0.33165
Chile,CL,2011,17351816.0,12252.8441074615,6.22389678509138,79.236,3.34121694259302,5.888,14.017,87.0109164653326,52.2496072877744,7.492,99.6,1937.32339633854,4.55717718537356,94.82224,28086.0,339.0,0.35288
Chile,CL,2012,17519119.0,12882.834417927,6.15534001855494,79.221,3.00744840213047,6.092,13.776,87.0824943735696,55.04999924,6.79,100.0,2123.49178972428,4.64341271955513,94.53819,30870.0,336.0,0.36213
Chile,CL,2013,17687006.0,13182.7329619856,3.30850824710085,79.551,1.7895555398459,6.058,13.622,87.1827777654221,58.0,6.361,99.6,2177.50491871487,4.82901967693119,93.687,36529.0,340.0,0.39031
Chile,CL,2014,17864195.0,13285.9540361192,1.79264947139259,79.714,4.71867527854672,6.119,13.473,87.3133701497978,61.11000061,6.761,100.0,1946.21181666587,4.4057176939683,93.45821,52702.0,452.0,0.37668
Chile,CL,2015,18047625.0,13433.9202987032,2.15194249981184,80.008,4.34877353217044,6.106,13.147,87.4653320342387,76.6295919508796,6.605,99.7,1968.30286182049,4.67539634716479,93.47354,55689.0,443.0,0.38296
Chile,CL,2016,18267221.0,13505.097711133,1.753038749071,80.295,3.78619355893118,6.086,12.685,87.6306290578181,83.5585860244169,6.926,100.0,2070.46958170364,4.86474105721938,94.04385,135864.0,386.0,0.37103
Chile,CL,2017,18558868.0,13473.3458532934,1.35769537343957,80.61,2.18271846868519,6.037,11.763,87.8000295757281,82.3274869338464,7.257,99.7,2065.97571745805,4.83609776199712,94.77589,220621.0,425.0,0.35679
Chile,CL,2018,18893191.0,13763.0068844795,3.99002947789977,80.559,2.43488981353057,6.196,11.698,87.9620493753008,84.90000153,7.623,100.0,2067.9764736837,4.75406192633103,94.77589,237807.0,406.0,0.36916
Chile,CL,2019,19197744.0,13631.9284885172,0.644223402631923,80.324,2.55754475703327,6.46,10.94,88.1273685623538,85.01760101,7.493,100.0,2154.35451877758,4.96139546396702,94.77589,181339.0,438.0,0.34243
Chile,CL,2020,19370624.0,12680.7761524378,-6.1396969411886,79.349,3.04549084804326,7.393,10.097,88.2953490438375,87.45929718,10.934,100.0,1946.16760616995,4.51770681212954,94.77589,26042.0,372.0,0.33525
Chile,CL,2021,19456334.0,14056.251601955,11.3374032409913,78.876,4.52456838259144,7.655,9.07,88.4660511664452,90.23280334,9.281,100.0,2032.98120427379,4.57991726498939,94.77589,65480.0,402.0,0.36063
Chile,CL,2022,19553036.0,14275.4094646211,2.06391864254198,79.176,11.643866711056,7.573,9.672,88.6395352768685,92.31819916,8.249,100.0,2081.99751245711,4.62474983424569,94.77589,59374.0,402.0,0.39205
Chile,CL,2023,19658835.0,14294.7106635595,0.677024831595858,81.167,7.58168251407962,6.495,8.963,88.8158617217972,94.45742345,9.013,100.0,2059.27616196845,3.91719041336885,94.77589,62679.0,402.0,0.39205
Chile,CL,2024,19764771.0,14616.9287938028,2.80512637106611,81.359,4.29763891572524,6.58,8.723,88.9950908479196,95.590243,8.718,99.0,2029.03299532593,3.93744000373189,94.77589,58316.0,402.0,0.39205
China,CN,1995,1204855000.0,1545.07897848105,11.0154136659719,70.363,16.7912268492666,6.57,17.12,29.0403804779053,0.00495,3.0,96.7,872.82633002387,2.79351042241598,91.30103,-365986.0,10011.0,0.56014
China,CN,1996,1217550000.0,1681.45741269443,9.97328781228394,70.823,8.3131587270211,6.56,16.98,30.4798641204834,0.0131,3.12,96.7,884.894160616361,2.74342450002053,90.04399,-250750.0,11628.0,0.56014
China,CN,1997,1230075000.0,1819.07954081306,9.29759460595947,71.227,2.78646505531882,6.51,16.57,31.9099540710449,0.0324,3.23,96.7,876.489344673065,2.79439822775034,89.34889,-279251.0,12672.0,0.63467
China,CN,1998,1241935000.0,1944.46718626424,7.92354535108497,71.601,-0.773186011549318,6.5,15.64,33.3501663208008,0.169,3.24,96.7,872.405987083978,2.83592410230809,89.34889,-40472.0,13751.0,0.64185
China,CN,1999,1252735000.0,2076.93180259914,7.74123827728161,71.952,-1.40147268276465,6.46,14.64,34.7797050476074,0.708,3.25,96.7,880.738578841902,2.75219491752047,89.34889,-96102.0,15626.0,0.74295
China,CN,2000,1262645000.0,2237.30047918692,8.57357328926101,72.288,0.347811226864587,6.45,14.03,36.4320234662299,1.77591320677415,3.26,96.7,898.07500446721,2.88907594771294,89.34889,-62622.0,25346.0,0.88409
China,CN,2001,1271850000.0,2405.99411858042,8.32404695347056,72.675,0.719125609120114,6.43,13.38,37.6597442626953,2.63965021485872,3.8,97.0,921.506436459842,3.00747564571294,89.34889,-176419.0,30038.0,0.92948
China,CN,2002,1280400000.0,2610.66275070444,9.23604870383861,73.034,-0.731970902350244,6.41,12.86,39.0897827148438,4.59570433077551,4.24,97.2,976.159336791292,3.22795454545455,89.34889,-761291.0,39806.0,1.04418
China,CN,2003,1288400000.0,2856.85053293219,10.1138119025242,73.385,1.12760348729637,6.4,12.41,40.5302314758301,6.2,4.58,97.4,1105.13742396493,3.70467882645141,89.34889,-613223.0,56769.0,1.10465
China,CN,2004,1296075000.0,3127.91444892337,10.1404291872206,73.727,3.82463743108159,6.42,12.29,41.7600135803223,7.3,4.49,97.7,1249.04415339994,4.24069749050016,89.34889,-770977.0,65786.0,1.19732
China,CN,2005,1303720000.0,3465.72767067642,11.4535130030645,74.085,1.77641407667571,6.51,12.4,42.9899978637695,8.52325700269541,4.52,97.9,1369.79197119649,4.78299420120885,89.34889,-103701.0,93485.0,1.29008
China,CN,2006,1311020000.0,3883.27464370816,12.6752842281595,74.404,1.6494309945586,6.81,12.09,44.3430099487305,10.5231526193851,4.43,98.2,1490.18647938836,5.28052516361306,89.34889,-759559.0,122318.0,1.34923
China,CN,2007,1317885000.0,4409.69709445986,14.1507710506103,74.789,4.81676767378834,6.93,12.1,45.8892440795898,16.0,4.35,98.5,1595.46606847798,5.7076324565497,89.34889,-1042019.0,153060.0,1.35321
China,CN,2008,1324655000.0,4811.34486346262,9.66877608164454,74.833,5.92525137041092,7.06,12.14,46.9895057678223,22.6,4.59,98.8,1629.97754209383,5.85225866357655,89.34889,-764370.0,194579.0,1.4233
China,CN,2009,1331260000.0,5237.78809982377,9.40610014336416,75.317,-0.728165250932898,7.08,11.95,48.3417053222656,28.9,4.72,99.1,1728.61645229501,6.24909018523805,89.34889,-177135.0,229096.0,1.6366
China,CN,2010,1337705000.0,5764.65012366375,10.5916903885704,75.668,3.17532475269199,7.11,11.9,49.2340270628041,34.3,4.53,99.7,1899.79996108685,6.80718476794211,89.34889,-184144.0,293066.0,1.68456
China,CN,2011,1345035000.0,6275.71634288814,9.46205248298186,75.889,5.55389892257493,7.14,13.27,51.8300285339355,38.3,4.55,99.9,2027.46525356855,7.40185065816131,89.34889,-416189.0,415829.0,1.75244
China,CN,2012,1354190000.0,6723.09003744607,7.8578201481217,76.2,2.61952432645541,7.13,14.57,53.1003112792969,42.30009842,4.58,99.9,2085.21872095825,7.58441651466929,89.34889,-58864.0,535313.0,1.88095
China,CN,2013,1363240000.0,7197.937319496,7.77842954757257,76.452,2.62105001748115,7.13,13.03,54.4900016784668,45.79999924,4.6,100.0,2137.32572690907,7.89327631231478,89.34889,-188951.0,704936.0,1.96246
China,CN,2014,1371860000.0,7686.37369520403,7.46100735778161,76.714,1.92164162788521,7.12,13.83,55.7502555847168,47.90000153,4.63,100.0,2177.55011435267,7.93164331637339,89.34889,-371108.0,801135.0,1.98475
China,CN,2015,1379860000.0,8175.33285077393,6.98162255562367,76.975,1.43702380935655,7.07,11.99,57.3297843933105,50.29999924,4.65,100.0,2175.1544486832,7.79057049265868,89.34889,-646941.0,968252.0,2.01703
China,CN,2016,1387790000.0,8679.22528805041,6.7736886867727,77.214,2.00000182191943,7.04,13.57,58.8399238586426,53.2,4.56,100.0,2149.2047500244,7.76322483949301,89.34889,-153056.0,1204981.0,2.0595
China,CN,2017,1396215000.0,9221.35045639842,6.89123916636191,77.235,1.59313600071436,7.06,12.64,60.2402687072754,54.3,4.47,100.0,2215.91139022057,7.87802652170332,89.34889,-94625.0,1245709.0,2.07771
China,CN,2018,1402760000.0,9798.57890566402,6.757806142324,77.709,2.07479039965576,7.08,10.86,61.5001983642578,65.35839844,4.31,100.0,2310.87757050979,8.2177362485386,89.34889,-198206.0,1393815.0,2.10232
China,CN,2019,1407745000.0,10356.2924890582,6.06737806333672,77.94,2.89923416358227,7.09,10.41,62.7099151611328,64.080881297515,4.56,100.0,2397.96868908473,8.39147587098516,89.34889,-656091.0,1243568.0,2.20144
China,CN,2020,1411100000.0,10573.3794064211,2.33950385203023,78.019,2.41942189457782,7.07,8.52,63.5234230266258,70.05275998,5.0,100.0,2465.96954605987,8.47858302033874,89.34889,-91577.0,1344817.0,2.35712
China,CN,2021,1412360000.0,11469.3174514512,8.57038414981781,78.117,0.981015135544882,7.18,7.52,64.721076965332,73.05323517,4.55,100.0,2623.79959356116,8.88715660313235,89.34889,-379749.0,1426644.0,2.38165
China,CN,2022,1412175000.0,11830.298767861,3.13385438394069,78.202,1.97357555739051,7.37,6.77,65.2176361083984,75.61131603,4.98,100.0,2676.48200976111,8.86482511020235,89.34889,-293846.0,1426644.0,2.4945
China,CN,2023,1410710000.0,12483.9791101249,5.41600334492955,77.953,0.234836828893051,7.87,6.39,65.5301448035523,90.6,4.67,100.0,2850.94152906511,9.23027553501428,89.34889,-567724.0,1426644.0,2.57729
China,CN,2024,1408975000.0,13119.1076099516,4.95830378788091,78.017,0.218128938439177,7.76,6.77,65.8946980998325,92.0,4.59,100.0,2850.94152906511,9.31508933799393,89.34889,-318992.0,1426644.0,2.57729
Czechia,CZ,1995,10327253.0,11453.3800188807,6.22140598863832,73.0748780487805,8.99052361478449,11.4,9.3,74.7092872936794,1.45,4.082,100.0,4042.6111862471,12.9358310481984,89.06554,6459.0,626.0,0.88366
Czechia,CZ,1996,10315241.0,11944.7171474526,4.16858426915319,73.7146341463415,8.75877472878111,10.9,8.8,74.5566488007996,1.94,3.852,100.0,4173.39126046219,13.3200281021064,89.06554,6539.0,614.0,0.88366
Czechia,CZ,1997,10304131.0,11886.3480904927,-0.595838414214853,73.8248780487805,8.59615666715564,10.9,8.8,74.4028023190951,2.92,4.674,100.0,4210.18489983704,13.0058905501104,89.06554,6664.0,579.0,0.98251
Czechia,CZ,1998,10294373.0,11850.8396211995,-0.393150193750415,74.5146341463415,10.6983655274888,10.6,8.8,74.2547289190302,3.9,6.455,100.0,4077.81993207968,12.4309173565015,89.06554,6374.0,624.0,1.05423
Czechia,CZ,1999,10283860.0,12026.4688076608,1.37836060943835,74.6682926829268,2.1354484441733,10.7,8.7,74.1194096710694,6.83,8.702,100.0,3809.01218474787,11.6412903326183,89.06554,5965.0,596.0,1.04295
Czechia,CZ,2000,10255063.0,12543.9364342367,4.010669619984,74.9682926829268,3.77538829151729,10.6,8.9,74.0038256456769,9.78052788834393,8.764,100.0,4021.61848184496,12.902573099746,89.08585625,4420.0,555.0,1.10377
Czechia,CZ,2001,10216605.0,12958.4667607533,2.9172195289956,75.1731707317073,4.66267556988258,10.5,8.9,73.9131752504002,14.6971721171129,8.128,100.0,4141.00267465915,12.9423815445542,89.1061725,21749.0,568.0,1.09343
Czechia,CZ,2002,10196916.0,13179.9878092741,1.51345949139996,75.2219512195122,1.90298097019027,10.6,9.1,73.8360067578753,23.93,7.28,100.0,4201.38475973945,12.4942776816049,89.12648875,26089.0,526.0,1.09272
Czechia,CZ,2003,10193998.0,13618.9349633164,3.300836832613,75.1707317073171,0.118739205526815,10.9,9.2,73.7649150201353,34.3,7.777,100.0,4387.20916861071,12.8180719674459,89.146805,25997.0,625.0,1.13817
Czechia,CZ,2004,10197101.0,14259.63342798,4.73633969683438,75.7219512195122,2.76010781671153,10.5,9.6,73.6991647167017,35.5,8.298,100.0,4486.66998957412,12.8990092380177,89.16712125000001,26030.0,623.0,1.13619
Czechia,CZ,2005,10211216.0,15147.7214417611,6.37502886086791,75.9243902439025,1.85709789109228,10.6,10.0,73.6375545423198,35.27,7.927,100.0,4431.36895897075,12.6378778002542,89.1874375,26203.0,586.0,1.15998
Czechia,CZ,2006,10238905.0,16107.3042502688,6.62317299177447,76.5243902439024,2.53399258343633,10.2,10.3,73.578883191735,47.93,7.141,100.0,4519.45697588637,12.7739538554172,89.20775375,26259.0,641.0,1.22564
Czechia,CZ,2007,10298828.0,16892.542854974,5.48882595164517,76.7243902439025,2.8531243721117,10.2,11.1,73.5219493596925,51.93,5.316,100.0,4485.47979116894,12.8496660008304,89.22807,27887.0,716.0,1.2967
Czechia,CZ,2008,10384603.0,17190.6470333289,2.61226807205139,76.9756097560976,6.3586638015237,10.1,11.5,73.4655517409377,62.97,4.392,100.0,4360.02770432797,12.1449804099396,88.6485,29813.0,712.0,1.2352
Czechia,CZ,2009,10443936.0,16272.8084766719,-4.79832416684926,77.0780487804878,1.0193773532923,10.3,11.3,73.4084890302159,64.43,6.662,100.0,4077.69663054804,11.4624026803688,88.93261,31270.0,789.0,1.28943
Czechia,CZ,2010,10474410.0,16665.9317825137,2.71466509907701,77.4243902439025,1.47272727272728,10.2,11.2,73.3495599222723,68.82,7.281,100.0,4308.57118358445,11.551447766509,88.90553,34927.0,868.0,1.31352
Czechia,CZ,2011,10496088.0,16926.2846674435,1.77238085338473,77.8731707317073,1.9172191363555,10.2,10.4,73.2878338394746,70.49,6.712,100.0,4144.39895277279,11.253602294493,88.01214,16841.0,783.0,1.5323
Czechia,CZ,2012,10510785.0,16772.3539223328,-0.770668190622743,78.0756097560976,3.28762306610411,10.3,10.3,73.2249239592898,73.4300078241036,6.979,100.0,4109.54462324211,10.8487615339863,88.25749,5347.0,867.0,1.757
Czechia,CZ,2013,10514272.0,16759.7808635642,-0.0418124160447491,78.1756097560976,1.4382978723404,10.4,10.2,73.1622186934979,74.1104,6.953,100.0,4110.99172821634,10.41753532722,87.97057,5427.0,984.0,1.86743
Czechia,CZ,2014,10525347.0,17118.0425571578,2.24521219862635,78.8243902439024,0.343988589646794,10.0,10.4,73.0995921041469,74.2317116367383,6.108,100.0,3984.15406100189,10.1886522126064,88.12456,6303.0,910.0,1.94392
Czechia,CZ,2015,10546059.0,17931.5987670768,4.95875848915604,78.5780487804878,0.309364548494975,10.5,10.5,73.0370442874355,75.668838699279,5.048,100.0,3982.18836315647,10.2684424579836,88.69953,5037.0,880.0,1.906
Czechia,CZ,2016,10566332.0,18359.0978103904,2.58087013921376,79.0268292682927,0.683504209385703,10.2,10.7,72.9745753395623,76.4811986951838,3.952,100.0,3927.72515918366,10.3928969863904,88.80417,5465.0,792.0,1.65411
Czechia,CZ,2017,10594438.0,19257.6930680911,5.17356529967881,78.9780487804878,2.4505339846014,10.5,10.8,72.9121853567256,78.7191728513432,2.893,100.0,4089.51341285553,10.4187499138699,89.35757,5747.0,794.0,1.74513
Czechia,CZ,2018,10629928.0,19736.6295261285,2.83030588267866,79.0292682926829,2.14949494949493,10.6,10.7,72.8498744351241,80.6881675434288,2.246,100.0,4081.41868670154,10.2865042924091,89.35757,5849.0,678.0,1.87652
Czechia,CZ,2019,10671870.0,20360.0599221814,3.56577658128261,79.2292682926829,2.84787595918041,10.5,10.5,72.7876426709563,80.8669444139622,2.015,100.0,4002.2461173426,9.72456561033821,89.35757,5553.0,765.0,1.89547
Czechia,CZ,2020,10697858.0,19233.1469549829,-5.30487955463876,78.2268292682927,3.1612952849781,12.1,10.3,72.7254901604208,81.33889705,2.55,100.0,3764.47161158552,8.86715826663618,89.35757,4336.0,673.0,1.94537
Czechia,CZ,2021,10505772.0,20373.8783043424,4.02901832055149,77.2219512195122,3.83984491500146,13.3,10.6,72.6810594374316,82.67062427,2.803,100.0,4056.31700066788,9.4724309646164,89.35757,4111.0,541.0,1.93302
Czechia,CZ,2022,10672118.0,20627.348651011,2.8471706583814,78.9292682926829,15.1001651468371,11.3,9.5,72.6967638379524,84.54009378,2.224,100.0,3895.62928915395,9.15364691432385,89.35757,329739.0,541.0,1.89089
Czechia,CZ,2023,10864042.0,20272.5874017334,0.0475803308973752,79.8268292682927,10.6612601372427,10.4,8.4,72.7352388396817,85.99404818,2.579,100.0,3509.34804885656,7.88005974203708,89.35757,-14638.0,541.0,1.83369
Czechia,CZ,2024,10905028.0,20449.1135911311,1.25131096245923,79.9780487804878,2.43531202435314,10.3,7.7,72.7947984592185,87.68776014,2.6,100.0,3416.31765167586,7.12966532502255,89.35757,-86169.0,541.0,1.83369
France,FR,1995,59541294.0,29379.6158424052,2.30479278392259,77.7512195121951,1.79648142095589,9.1,12.8,75.0991069026347,1.64,11.834,100.0,3975.88904728611,6.41153012227111,98.94106,-17128.0,12419.0,2.23224
France,FR,1996,59754504.0,29683.7786067651,1.39707987198881,77.9536585365854,1.98288365089739,9.1,12.8,75.3592581297959,2.58,12.367,100.0,4186.80246709718,6.63417940846769,99.94659,-21463.0,12916.0,2.23224
France,FR,1997,59968066.0,30325.522871824,2.5270616339357,78.3048780487805,1.20394294026964,9.1,12.7,75.6252262826369,4.26,12.566,100.0,4043.67394488538,6.47243151046425,99.9391,-15255.0,13252.0,2.15216
France,FR,1998,60190684.0,31256.5073830655,3.45259434279616,78.6048780487805,0.651126867833073,9.1,12.8,75.8918556090764,6.32,12.074,100.0,4146.55454542881,6.81353446656297,98.255995,20216.0,13251.0,2.10343
France,FR,1999,60501986.0,32152.7207478734,3.39930808809441,78.7560975609756,0.537141639134596,9.1,12.9,76.1682703613968,9.13,11.981,100.0,4117.93049493822,6.67500237099655,96.57289,169448.0,13592.0,2.1165
France,FR,2000,60918661.0,33255.1379642335,4.14099996402915,79.0560975609756,1.67595988720928,8.9,13.3,76.5143983146093,14.3079239430677,10.218,100.0,4130.17270058081,6.58034817935345,96.18632,171637.0,13870.0,2.10066
France,FR,2001,61364377.0,33640.6738002565,1.89946701186636,79.1585365853659,1.63478079549599,8.8,13.1,76.9074413607811,26.3259035521688,8.61,100.0,4240.43326978854,6.59967427030181,96.09347,179476.0,13499.0,2.1494
France,FR,2002,61812142.0,33753.5782979758,1.06775027069419,79.2609756097561,1.92341228727064,8.8,12.9,77.2543866607525,30.18,8.702,100.0,4220.32024855816,6.46436747006761,96.04528,191373.0,13519.0,2.18758
France,FR,2003,62249855.0,33840.6175720101,0.967827182558352,79.1146341463415,2.09847219146919,9.1,12.8,77.4691216035138,36.14,8.306,100.0,4296.5464931216,6.49767617932604,95.82227,195616.0,13511.0,2.13086
France,FR,2004,62707588.0,34557.1471111581,2.86825052501032,80.1634146341463,2.14208964640239,8.3,12.8,77.4900500011961,39.15,8.914,100.0,4327.20397302417,6.46668310699496,95.78781,200629.0,14230.0,2.10438
France,FR,2005,63180854.0,34946.0372494703,1.88856584109286,80.1634146341463,1.74586936380487,8.5,12.8,77.4363315105438,42.87,8.882,100.0,4313.6963002429,6.45391402908229,99.23101,191417.0,14327.0,2.05599
France,FR,2006,63622342.0,35645.4162427116,2.71406448755236,80.8121951219512,1.67512449608726,8.3,13.1,77.3467240068648,46.87,8.832,100.0,4214.29234630039,6.24021668362979,99.26235,132512.0,14529.0,2.05331
France,FR,2007,64016890.0,36322.1685141004,2.53048188351066,81.1121951219512,1.4879980595386,8.3,12.8,77.2457976606157,66.09,8.008,100.0,4142.17819118209,6.09003030294036,99.18236,91973.0,14722.0,2.02815
France,FR,2008,64375116.0,36257.3658930938,0.380171435849121,81.2146341463415,2.81286194914785,8.5,12.9,77.1561901569367,70.68,7.386,100.0,4137.71989985562,5.94290191259616,98.74538,79528.0,14658.0,2.06363
France,FR,2009,64706436.0,35052.8510772683,-2.82455153714783,81.4146341463415,0.0876204781574653,8.5,12.8,77.1005391809676,71.58,9.122,100.0,3938.38637955439,5.71717317269645,98.38524,58032.0,14100.0,2.21273
France,FR,2010,65026211.0,35578.1968010183,2.00032476039051,81.6634146341463,1.53112270420919,8.5,12.9,77.0962844808803,77.28,9.279,100.0,4040.43918739374,5.80194807906,98.01978,52644.0,14748.0,2.17771
France,FR,2011,65340830.0,36269.9561530888,2.43757653729007,82.1146341463415,2.11159795175,8.4,12.7,77.1182717387509,77.8199989926706,9.228,100.0,3951.00450412595,5.56604040689413,99.03727,70178.0,14655.0,2.18761
France,FR,2012,65657659.0,36161.2918253465,0.183835264973013,81.9682926829268,1.9541953161351,8.7,12.6,77.1669464919916,81.44,9.841,100.0,3929.20601557226,5.55949763606406,98.91622,103287.0,14540.0,2.22761
France,FR,2013,65997932.0,36256.086680981,0.781756446231,82.219512195122,0.863715497861804,8.7,12.4,77.2440721470918,81.9198,9.913,100.0,3925.86545930191,5.45712098979101,98.91152,116297.0,14690.0,2.23369
France,FR,2014,66312067.0,36444.3949089146,0.997832947295251,82.719512195122,0.50775882293799,8.4,12.4,77.3524296788613,83.7510996681821,10.273,100.0,3755.83244171123,4.93048874498212,98.15483,52342.0,14500.0,2.27173
France,FR,2015,66548272.0,36702.4323733379,1.06675474783462,82.3219512195122,0.0375143805125182,8.9,12.0,77.7610919150066,78.0060377071902,10.354,100.0,3799.19260526718,4.99116340691761,98.99877,-345.0,14306.0,2.22401
France,FR,2016,66724104.0,36920.5342846914,0.860031075424033,82.5731707317073,0.183334861123765,8.9,11.8,78.5999114705779,79.2698113207547,10.057,100.0,3718.17053401513,5.01727531627851,99.37467,15548.0,14206.0,2.22468
France,FR,2017,66918020.0,37580.5979329356,2.08361485997399,82.5756097560976,1.03228275064681,9.1,11.5,78.6467804026368,80.5024597243607,9.409,100.0,3705.41111644137,5.06155143263354,99.468,102984.0,14415.0,2.20422
France,FR,2018,67158348.0,38062.4435961412,1.64590872395887,82.6756097560976,1.85081508315493,9.1,11.3,78.6714432536599,82.0431867788484,9.018,100.0,3669.37065950443,4.89217066506758,99.468,132925.0,14303.0,2.20407
France,FR,2019,67382061.0,38705.2072940618,2.02744646419237,82.8268292682927,1.10825492288294,9.1,11.2,78.6890784549356,83.3397440866883,8.415,100.0,3605.53190025511,4.79214044818249,99.468,71972.0,14103.0,2.19668
France,FR,2020,67601110.0,35709.2045925926,-7.44064589948231,82.1756097560976,0.476498852725065,9.9,10.9,78.7119131765249,84.70639801,8.009,100.0,3228.48915727036,4.24677642127474,99.468,145593.0,12771.0,2.2742
France,FR,2021,67842811.0,38030.8571685178,6.88233783360239,82.3243902439024,1.64233141038394,9.8,10.9,78.7364603392338,86.09548575,7.871,100.0,3469.83398574773,4.66820869200128,99.468,131465.0,13386.0,2.21278
France,FR,2022,68184457.0,38868.3303330557,2.71676264185913,82.1292682926829,5.22236748369725,9.9,10.7,78.7591921123356,85.33331734,7.303,100.0,3100.1897815932,4.51246828877731,99.468,179377.0,13386.0,2.21937
France,FR,2023,68372286.0,39319.4152227295,1.43921494437743,82.8317073170732,4.8783572650844,9.4,9.9,78.7804323126547,86.83635789,7.335,100.0,3136.12237461475,4.15598361008436,99.468,91862.0,13386.0,2.17832
France,FR,2024,68551653.0,39683.3953489029,1.19046798275883,82.9804878048781,1.99904942291463,9.4,9.7,78.7999750964116,88.65381638,7.4,100.0,3184.7895085475,4.00355772602595,99.468,90527.0,13386.0,2.17832
Germany,DE,1995,81678051.0,32007.145402934,1.50499384201356,76.4219512195122,1.70616041317076,10.8,9.4,80.0465631829882,1.84,8.158,100.0,4119.89234314538,11.1470987474958,86.86843,398077.0,38103.0,2.13663
Germany,DE,1996,81914831.0,32245.8608379557,1.0378755674358,76.6731707317073,1.44972701963239,10.8,9.7,80.0543573168571,3.05,8.822,100.0,4247.28041587343,11.4674545321347,86.86843,281280.0,42322.0,2.13663
Germany,DE,1997,82034771.0,32795.7833455165,1.85432238398302,77.0731707317073,1.93936968221574,10.5,9.9,80.0628737777848,6.71,9.861,100.0,4203.57228180046,11.0621677727363,86.86843,93281.0,44438.0,2.18161
Germany,DE,1998,82047195.0,33477.9856458764,2.09561231172233,77.4756097560976,0.911184687196224,10.4,9.6,80.0722584625357,9.88,9.787,100.0,4177.53862595182,11.0498012759607,86.86843,-754469.0,46523.0,2.20748
Germany,DE,1999,82100243.0,34168.8308210083,2.12957016297766,77.7268292682927,0.585434192138622,10.3,9.4,80.0826572678738,20.8,8.854,100.0,4080.1161545149,10.604888221829,86.86843,219280.0,50029.0,2.32772
Germany,DE,2000,82211508.0,35104.1308467844,2.8765231247659,77.9268292682927,1.44026838719741,10.2,9.3,80.0942160905637,30.2163466048889,7.917,100.0,4094.27901518469,10.5993032021746,86.46473,174594.0,51736.0,2.38654
Germany,DE,2001,82349925.0,35618.5143698493,1.63614170690956,78.3292682926829,1.98385731334471,10.1,8.9,80.1070808273695,31.650939416316,7.773,100.0,4210.00080103251,10.7525841705381,82.93565,272875.0,49989.0,2.3792
Germany,DE,2002,82488495.0,35477.5151544301,-0.228255715793637,78.2292682926829,1.42080615551526,10.2,8.7,80.1213973750556,48.82,8.482,100.0,4108.61729515583,10.546202837135,84.71067,218795.0,47598.0,2.40856
Germany,DE,2003,82534176.0,35270.0227284267,-0.529801394291297,78.3804878048781,1.03422218628562,10.3,8.6,80.1373116303862,55.9,9.779,100.0,4096.47794323132,10.6369632865784,84.99832,142009.0,47818.0,2.44232
Germany,DE,2004,82516260.0,35687.6378708542,1.16208684507278,78.6804878048781,1.66573696655992,9.9,8.6,80.1549694901257,64.73,10.727,100.0,4131.61083697,10.4632650583049,86.23536,81735.0,48448.0,2.40278
Germany,DE,2005,82469422.0,36024.0947047021,0.885485292551564,78.9317073170732,1.54691114751328,10.1,8.3,80.1745168510383,68.71,11.193,100.0,4109.8805864045,10.2067903422435,87.06885,81351.0,48367.0,2.40266
Germany,DE,2006,82376451.0,37459.261328042,3.86668241523209,79.1317073170732,1.57742642840563,10.0,8.2,80.1960996098884,72.16,10.277,100.0,4235.93876578004,10.3846207212787,88.43977,-489056.0,48012.0,2.43043
Germany,DE,2007,82266372.0,38593.0749910508,2.8891174138025,79.5341463414634,2.29834400700951,10.1,8.3,80.2198636634402,75.16,8.732,100.0,4023.73935857078,10.0478127320359,88.84199,-24772.0,47853.0,2.41918
Germany,DE,2008,82110097.0,39009.8477636357,0.887902330743628,79.7365853658537,2.62837981637219,10.3,8.3,80.2459549084581,78.0,7.508,100.0,4081.87998694017,10.1072965484379,88.43606,-23341.0,49240.0,2.57152
Germany,DE,2009,81902307.0,36940.4078672661,-5.54455451920674,79.8365853658537,0.312739007368447,10.4,8.1,80.2745192417062,79.0,7.88,100.0,3821.62500577239,9.37864424258525,88.17263,46533.0,47859.0,2.68864
Germany,DE,2010,81776930.0,38526.7371042695,4.13463778522758,79.9878048780488,1.1038103778926,10.5,8.3,80.305702559949,82.0,7.043,100.0,4029.83085754355,9.96567124737992,89.06942,130116.0,47047.0,2.67632
Germany,DE,2011,80274983.0,40722.4849268242,3.75796884489337,80.4365853658537,2.07517283735874,10.6,8.3,80.3405762928198,81.26999953602,5.967,100.0,3891.87175356307,9.81776726131477,88.75173,295282.0,46986.0,2.75016
Germany,DE,2012,80425823.0,40834.5088218456,0.463512036709204,80.5390243902439,2.00848884782956,10.8,8.4,80.393447520218,82.3499984738392,5.372,100.0,3913.43920397127,9.94745307113612,88.52846,199143.0,46620.0,2.82499
Germany,DE,2013,80645605.0,40884.8926759028,0.396995583779145,80.490243902439,1.50472330251876,11.1,8.5,80.4732318400362,84.17,5.316,100.0,3986.18505186393,10.1408601249876,88.18981,462384.0,47353.0,2.78067
Germany,DE,2014,80982500.0,41602.4661281668,2.18018602168017,81.090243902439,0.906794000434246,10.7,8.8,80.57574023743,86.1937006578756,4.979,100.0,3794.44720253102,9.61630846170469,88.13653,592338.0,48154.0,2.82218
Germany,DE,2015,81686611.0,41929.7549110722,1.66300602334775,80.6414634146341,0.514426137125456,11.3,9.0,80.6974371632814,87.5897993525767,4.612,100.0,3780.85027551891,9.60884887243027,89.44014,1175283.0,47384.0,2.87725
Germany,DE,2016,82348669.0,42516.9337063103,2.22222216259371,80.990243902439,0.491747008445174,11.1,9.6,80.8347870684725,84.1652066441212,4.104,100.0,3765.21799936242,9.58423383867929,90.62417,517480.0,48480.0,2.88393
Germany,DE,2017,82657002.0,43543.4807050551,2.797906720551,80.9926829268293,1.50949485109628,11.3,9.5,80.9842544038853,84.3941537010844,3.781,100.0,3763.19404182465,9.36976518940283,90.35417,452988.0,47785.0,2.9886
Germany,DE,2018,82905782.0,43905.8550061973,1.13569604599849,80.8926829268293,1.73216879766942,11.5,9.5,81.1423036204018,87.037112092841,3.384,100.0,3659.22924485198,9.00657809367265,90.35417,403908.0,46617.0,3.05057
Germany,DE,2019,83092962.0,44235.2658954682,0.977734697038784,81.2926829268293,1.44565976888253,11.3,9.4,81.3053991689039,88.1345169091916,3.163,100.0,3570.88159282488,8.38218043063623,90.35417,319082.0,46632.0,3.11256
Germany,DE,2020,83160871.0,42372.8726784255,-4.13191443239947,81.0414634146342,0.144877925813982,11.9,9.3,81.4700055002738,89.81294133,3.881,100.0,3349.19931383762,7.72103264767393,90.35417,203468.0,42260.0,3.0897
Germany,DE,2021,83196078.0,44011.0194631674,3.90999994204108,80.790243902439,3.06666666666673,12.3,9.6,81.6325870653934,91.43060973,3.594,100.0,3467.03057027911,8.06128144646434,90.35417,310264.0,39822.0,3.0786
Germany,DE,2022,83177813.0,44817.1316331389,1.8092581243061,80.6080487804878,6.87257438551097,12.8,8.9,81.7867852780995,91.62984383,3.137,100.0,3261.8564081995,7.91182860265874,90.35417,981552.0,39822.0,3.07096
Germany,DE,2023,83287273.0,44368.9920074881,-0.869647578573321,81.0414634146342,5.94643667725823,12.3,8.3,81.9034366692129,92.4763763,3.071,100.0,2928.19658713867,7.07982839106762,90.35417,609553.0,39822.0,3.1539
Germany,DE,2024,83516593.0,44027.7631554469,-0.495851897260366,80.7926829268293,2.2564981433876,12.1,8.1,82.0211432579125,93.49999579,3.4,100.0,2824.59006117053,6.94395663386317,90.35417,36954.0,39822.0,3.1539
Hungary,HU,1995,10328965.0,7704.6409020455,1.48952547593046,69.7917073170732,28.3054683706654,14.1,10.8,62.6263403226773,0.677,10.168,100.0,2503.25869655795,6.03809771840644,90.50608,14927.0,1096.0,0.62791
Hungary,HU,1996,10311238.0,7725.69980358198,0.101234227633242,70.3287804878049,23.4690301919185,13.9,10.2,62.9536297314429,0.969,10.022,100.0,2573.19416215561,6.16753293833388,78.42221,14605.0,803.0,0.62791
Hungary,HU,1997,10290486.0,7971.80554914825,2.97787906543104,70.7024390243902,18.3050744143799,13.5,9.8,63.2809526136067,1.94,8.991,100.0,2527.50156325078,6.05455369163322,87.00003,14186.0,737.0,0.69745
Hungary,HU,1998,10266570.0,8297.85419511945,3.84810814449837,70.5578048780488,14.153789654534,13.7,9.5,63.6080202030422,3.89,8.925,100.0,2502.42675477679,6.05920964840253,98.38445,13568.0,690.0,0.65606
Hungary,HU,1999,10237530.0,8578.19506388065,3.08605811588221,70.6770731707317,9.99774409303368,14.0,9.2,63.9345437336226,5.86,6.929,100.0,2490.94017859145,6.11620185728393,98.609,12819.0,729.0,0.67067
Hungary,HU,2000,10210971.0,8979.73578602949,4.40937501806403,71.2463414634146,9.80361016908125,13.3,9.6,64.2602344392211,6.99967635062916,6.563,100.0,2448.35399628198,5.82337370265766,96.8381,13414.0,810.0,0.78999
Hungary,HU,2001,10187576.0,9365.95393193015,4.06202617226026,72.2487804878049,9.11680911680911,13.0,9.5,64.646880283041,14.5285543028277,5.671,100.0,2512.91908128888,5.9881860022443,97.57593,10386.0,919.0,0.91225
Hungary,HU,2002,10158608.0,9836.94065083321,4.73006530805553,72.3487804878049,5.26544821583985,13.1,9.5,65.0400009155273,16.67,5.608,100.0,2520.39755573852,5.90458850267675,98.04089,2822.0,842.0,0.98314
Hungary,HU,2003,10129552.0,10253.723920764,3.93877761242727,72.3,4.66101694915254,13.4,9.3,64.8452987670898,21.63,5.79,100.0,2580.49625909654,6.18793407645274,95.93472,13879.0,756.0,0.91985
Hungary,HU,2004,10107146.0,10786.4881991495,4.96312536156307,72.6487804878049,6.74434679569469,13.1,9.4,65.0225372314453,27.74,5.832,100.0,2579.6047628527,6.01747516064377,95.57372,16637.0,748.0,0.86077
Hungary,HU,2005,10087065.0,11272.7345428122,4.30028318461673,72.6487804878049,3.56151711378352,13.5,9.7,66.1261367797852,38.97,7.189,99.9,2781.00595449852,6.06869292504807,96.36239,16925.0,705.0,0.92043
Hungary,HU,2006,10071370.0,11734.4544729813,3.93393162712054,73.0975609756098,3.93032603841001,13.1,9.9,67.0155868530273,47.06,7.494,99.9,2760.46242793694,6.02496979060446,96.97437,19890.0,718.0,0.97835
Hungary,HU,2007,10055780.0,11791.7074416876,0.332354337878925,73.1512195121951,7.9587451654491,13.2,9.7,67.0041656494141,53.3,7.406,100.0,2709.84388699596,5.88170186698595,96.16023,13697.0,689.0,0.95488
Hungary,HU,2008,10038188.0,11929.7209867703,0.993437085479655,73.7024390243903,6.0425125388106,13.0,9.9,68.0976986078883,61.0,7.817,100.0,2676.90840527171,5.76183669801761,97.01813,16166.0,683.0,0.97817
Hungary,HU,2009,10022650.0,11142.885928524,-6.7401660845502,73.9048780487805,4.21171171171171,13.0,9.6,68.4592590332031,62.0,10.03,100.0,2548.81278026798,5.15845609694043,97.50267,17281.0,757.0,1.13027
Hungary,HU,2010,10000023.0,11287.3686666108,1.06795068152046,74.2073170731707,4.85555795691956,13.0,9.0,69.5305480957031,65.0,11.172,100.0,2651.34338122621,5.23461796037869,97.27224,10592.0,649.0,1.13102
Hungary,HU,2011,9971727.0,11536.3578996772,1.91670916599742,74.8585365853659,3.9299209893507,12.9,8.8,69.4779934082031,68.0199878861296,11.029,100.0,2600.71787062735,5.15825393134008,96.63328,1859.0,662.0,1.18116
Hungary,HU,2012,9920362.0,11440.7622718825,-1.33948446518181,75.0634146341463,5.65214517088646,13.0,9.1,69.5772326660156,70.579998153838,11.003,100.0,2490.18578889625,4.80352430687509,96.1399,15286.0,692.0,1.25758
Hungary,HU,2013,9872734.0,11729.5720798501,2.03216990678146,75.5658536585366,1.73319984983101,12.8,9.1,69.9277636266638,72.6439,10.177,100.0,2420.16949827793,4.5374057479924,96.78749,5635.0,642.0,1.38449
Hungary,HU,2014,9833038.0,12287.3779441033,4.33435364113967,75.7634146341463,-0.227566270988219,12.8,9.5,70.3071053512008,75.6531974544103,7.725,100.0,2423.51498608604,4.55934371452648,96.96363,11581.0,546.0,1.3437
Hungary,HU,2015,9797755.0,12782.9412577973,3.65981615406955,75.5682926829269,-0.0616446800641672,13.4,9.4,70.4847717285156,72.8347370323805,6.813,100.0,2571.15090547951,4.85223400666785,96.37729,13856.0,569.0,1.33884
Hungary,HU,2016,9759755.0,13145.6559885563,2.43864141309342,76.0634146341464,0.394769306686392,13.0,9.8,70.4733810424805,79.2594121273057,5.115,100.0,2613.09354239281,4.94531881179394,96.86899,68.0,616.0,1.17645
Hungary,HU,2017,9726756.0,13734.2442804335,4.12418389451805,75.8170731707317,2.34824281150154,13.6,9.7,70.4542541503906,76.7505471201922,4.156,100.0,2737.45332524366,5.2571073027842,96.50686,20200.0,496.0,1.31498
Hungary,HU,2018,9706964.0,14533.7783144312,5.60613813768876,76.0658536585366,2.85024792594646,13.5,9.6,70.4711761474609,76.0743606365063,3.667,100.0,2738.8272901507,5.28069332491601,96.50686,34190.0,407.0,1.50196
Hungary,HU,2019,9694824.0,15290.8085466331,5.07718495088933,76.3195121951219,3.33858635382008,13.4,9.6,70.4565277099609,80.3716936050482,3.411,100.0,2749.24131881139,5.31240175169761,96.50686,34339.0,427.0,1.46473
Hungary,HU,2020,9670419.0,14664.2971195385,-4.33872540024058,75.419512195122,3.32674385766738,14.6,9.7,70.2917327880859,84.77115202,4.248,100.0,2713.17923384455,5.13443109342005,96.50686,9147.0,428.0,1.58067
Hungary,HU,2021,9630932.0,15787.9535427563,7.22291580811137,74.0658536585366,5.11096534382855,16.2,9.8,70.2059275331413,88.64083466,4.021,100.0,2850.7057950255,5.29398400902426,96.50686,20372.0,433.0,1.63327
Hungary,HU,2022,9605074.0,16487.7973935944,4.15238057779229,75.8682926829268,14.6081439492433,14.2,9.3,70.1585064243445,89.14282688,3.583,100.0,2672.86765529203,4.95293425120931,96.50686,41871.0,433.0,1.39056
Hungary,HU,2023,9592186.0,16375.0462724192,-0.817107370513455,76.5707317073171,17.1249659678737,13.4,9.1,70.2923026891431,91.4500713,4.096,100.0,2515.37052947518,4.48048025757632,96.50686,49213.0,433.0,1.37748
Hungary,HU,2024,9562065.0,16543.1049095203,0.709070599066038,76.7243902439025,3.70370370370369,13.4,8.2,70.491825943218,93.77898628,4.5,100.0,2514.14445788748,4.45791782423566,96.50686,16223.0,433.0,1.37748
India,IN,1995,960301044.0,620.699954336366,7.57449184027195,60.63,10.2248861637545,9.572,29.77,26.5661772139368,0.0262,7.57,51.4087753295898,361.640673294246,0.829370336496271,83.85499,-57297.0,1545.0,0.63905
India,IN,1996,979678458.0,654.355928434052,7.54952224888829,61.027,8.97715233826453,9.371,29.217,26.7648638746349,0.0463,7.537,53.0035209655762,367.704650910734,0.850777408846526,83.85499,-26388.0,1661.0,0.63905
India,IN,1997,999133762.0,667.598423093399,4.04982084902483,61.439,7.16425211462721,9.174,28.685,26.9696862023486,0.0708,7.574,54.5948638916016,376.185592059812,0.878441939789039,83.85499,880.0,1926.0,0.68669
India,IN,1998,1018665080.0,695.293709337082,6.18441582080355,61.852,13.2308389767977,8.988,28.199,27.1832515534447,0.139,7.596,56.1821327209473,378.300390670302,0.884093818156602,83.85499,-1049.0,2247.0,0.70378
India,IN,1999,1038225823.0,742.53920839812,8.84575556114116,62.284,4.6698203803759,8.805,27.73,27.4081672842903,0.273,7.583,60.1,392.976731815711,0.926189927757172,83.85499,-95320.0,2206.0,0.72413
India,IN,2000,1057922733.0,756.704109533187,3.84099115686554,62.749,4.0094359104519,8.628,27.518,27.6470407512523,0.527532449930946,7.589,60.3,394.916803104241,0.942309744278839,83.85499,-143960.0,2206.0,0.75699
India,IN,2001,1077898575.0,778.507377522499,4.82396626397303,63.158,3.77929312235637,8.482,27.206,27.9028652096636,0.660146377009928,7.611,62.0,393.38088619861,0.939789720011458,83.79816,-70346.0,2379.0,0.73591
India,IN,2002,1097600380.0,793.615912901002,3.80397532120038,63.649,4.29715203929562,8.294,26.538,28.1756878910456,1.53787558175083,7.681,62.3,397.344252941148,0.957620477500199,83.6246,-732419.0,2693.0,0.72567
India,IN,2003,1116803006.0,841.278894562408,7.86038147545045,64.086,3.80585899528853,8.125,25.783,28.4660287698,1.68648997063625,7.633,65.4,399.699897139001,0.969744882653011,88.46232,-606970.0,3425.0,0.71929
India,IN,2004,1135991513.0,892.596614580718,7.92293661307978,64.484,3.76725173477517,7.982,25.121,28.7726067228528,1.97613649190559,7.598,64.4,415.47995649887,1.02822643182898,90.54410250000001,-206660.0,4014.0,0.7569
India,IN,2005,1154676322.0,947.732565644272,7.92343062131789,64.939,4.24634362031924,7.819,24.304,29.0945497159107,2.388099909,7.551,68.8,425.369642526643,1.05460489385527,92.62588500000001,-929454.0,4721.0,0.82411
India,IN,2006,1172878890.0,1008.23275344818,8.06073257305057,65.373,5.79652337561634,7.67,23.564,29.4309857146804,2.80549986534254,7.553,67.9,441.785886693878,1.10810989189174,94.7076675,-342177.0,5686.0,0.80473
India,IN,2007,1190676021.0,1069.24696812234,7.66081506510766,65.803,6.37288135593231,7.536,22.932,29.7810426848684,3.95,7.562,72.3,461.201738250187,1.18862350046436,96.78945,-1037200.0,6296.0,0.80507
India,IN,2008,1207930964.0,1086.50605251005,3.08669805950082,66.247,8.34926704907575,7.41,22.506,30.1438485921815,4.38,7.629,74.1,481.553027437162,1.25815998206335,96.84171,-1020047.0,6425.0,0.85876
India,IN,2009,1225524753.0,1155.10163273817,7.8618888330338,66.7,10.8823529411764,7.29,22.211,30.5185314023263,5.12,7.636,75.0,509.446000134302,1.32284533301467,95.53715,-312905.0,7262.0,0.83314
India,IN,2010,1243481564.0,1235.15939132939,8.49758470165625,67.162,11.9893899204245,7.164,21.633,30.9042190810094,7.5,7.631,76.3,531.86706609011,1.39129863287623,96.12032,-50905.0,8853.0,0.78849
India,IN,2011,1261224954.0,1281.61054354937,5.24131620024293,67.623,8.9117933648336,7.048,21.156,31.2746502853309,10.07,7.609,79.5,546.675890208969,1.46337391608571,95.71761,-247017.0,8841.0,0.75502
India,IN,2012,1278674502.0,1333.09626557649,5.45638755164772,68.076,9.47899691419793,6.945,20.672,31.5898935604399,11.10000038,7.645,79.9,572.133085479526,1.57607553513255,96.98764,-198935.0,9553.0,0.74399
India,IN,2013,1295829511.0,1399.4537980281,6.38610640091713,68.499,10.0178784746104,6.859,20.061,31.9096789235237,12.30000019,7.678,83.1,577.254621645988,1.59945855716817,97.73768,-151372.0,10669.0,0.70642
India,IN,2014,1312277191.0,1484.31640682961,7.41022760516977,68.932,6.66565671867899,6.77,19.089,32.2288233408821,13.5,7.656,85.1,610.165371779455,1.70517686000076,97.73768,-227263.0,12040.0,0.70158
India,IN,2015,1328024498.0,1583.99815907985,7.99625378567987,69.326,4.90697344127249,6.729,18.936,32.5472990022299,14.89999962,7.629,88.0,622.339883988149,1.71550269097521,97.73768,-655085.0,12579.0,0.6931
India,IN,2016,1343944296.0,1694.46534973787,8.25630550176662,69.709,4.94821634062134,6.7,18.756,32.8650780972823,16.5,7.611,89.6,627.273531026365,1.7202923565219,97.73768,81248.0,13199.0,0.66984
India,IN,2017,1359657400.0,1788.69770318481,6.79538341902422,70.068,3.32817337461305,6.673,17.995,33.1821328157539,18.20000076,7.626,91.8,648.014718317903,1.79545339877531,97.73768,-251642.0,14961.0,0.66603
India,IN,2018,1374659064.0,1883.35772705055,6.45385134495295,70.415,3.93882646691643,6.67,17.91,33.4984353473598,20.0813000379384,7.652,95.7,668.303370218852,1.85989309419052,97.73768,-589794.0,16289.0,0.66001
India,IN,2019,1389030312.0,1936.03067741063,3.87143694070524,70.746,3.72950573539123,6.67,17.368,33.8139578818147,29.52350044,6.51,95.9,666.977347524506,1.83688223212799,97.73768,-978969.0,19454.0,0.65942
India,IN,2020,1402617695.0,1806.50110583865,-5.77772470687303,70.156,6.6234367762853,7.214,16.744,34.1286726088333,43.40544313,7.859,96.5,632.239828540427,1.68040016064392,97.73768,-73806.0,23141.0,0.64558
India,IN,2021,1414203896.0,1965.30943437472,9.68959249191741,67.282,5.13140747176364,9.259,16.491,34.4425517181304,49.2580986,6.38,99.6,676.814293488143,1.83702951699406,97.73768,-348916.0,26267.0,0.64558
India,IN,2022,1425423212.0,2098.21124476122,7.6093649776932,71.698,6.69903414079858,6.576,16.336,34.7555673994206,55.9,4.822,99.2,727.902200094024,1.96929618962877,97.73768,-1353478.0,26267.0,0.64558
India,IN,2023,1438069596.0,2229.71491223037,7.210224629335,72.003,5.64914318907925,6.611,16.146,35.0676918424186,60.25230026,4.172,99.5,763.197899394641,2.09622858892568,97.73768,-979179.0,26267.0,0.64558
India,IN,2024,1450935791.0,2366.8328910323,7.09927893176518,72.235,4.95303550973661,6.587,15.981,35.3788972368389,64.9434967,4.173,99.9,763.197899394641,2.17365173535787,97.73768,-630830.0,26267.0,0.64558
Israel,IL,1995,5545000.0,26052.1113890118,6.60292461082722,77.4512195121951,9.93389990557126,6.3,21.1,90.8511786571744,0.93,8.782,100.0,2796.31041024382,8.69139765554554,97.60344,61800.0,1266.0,2.4753
Israel,IL,1996,5692000.0,26861.1743305822,5.83892253875895,78.1048780487805,11.4585122831129,6.1,21.3,90.9329267580104,2.17,8.455,100.0,2801.22764441017,9.00643007730148,97.60344,66811.0,1218.0,2.4753
Israel,IL,1997,5836000.0,27144.221603813,3.61026597240067,78.0,8.95499383477184,6.2,21.4,91.0183078868813,4.4,9.751,100.0,2881.17071224801,9.07027073337903,97.60344,60297.0,1441.0,2.69533
Israel,IL,1998,5971000.0,27618.7744807547,4.1019344139424,78.1487804878049,5.48875371339656,6.2,21.9,91.1059081529216,10.3,10.749,100.0,2885.62324026661,8.96062636074359,97.60344,52713.0,1950.0,2.80723
Israel,IL,1999,6125000.0,27809.7288829095,3.28835789304527,78.6585365853659,5.18975459299983,6.1,21.5,91.1940273629403,13.4,11.183,100.0,2737.58342545966,8.97057959183674,97.60344,78422.0,2053.0,3.21199
Israel,IL,2000,6289000.0,29411.4999428787,8.59152200608253,78.9536585365854,1.03263640999489,6.0,21.7,91.2809653237465,20.8737899981674,11.102,100.0,2899.21092060716,9.42660200349817,97.85012,63409.0,1599.0,3.81316
Israel,IL,2001,6439000.0,28804.0396341969,0.270471415054473,79.4073170731707,1.12302839116721,5.8,21.2,91.365021842149,17.3786238639049,11.812,100.0,2973.01751340231,9.19913029973598,98.31112,38643.0,1248.0,4.05338
Israel,IL,2002,6570000.0,28186.5548167752,-0.152880392675172,79.4512195121951,5.80234589468429,5.8,21.2,91.4444967249569,17.7645990630493,12.888,100.0,2862.54444096904,9.51086757990868,97.98884,17420.0,1213.0,3.99197
Israel,IL,2003,6689700.0,28079.3253966943,1.43455918035305,79.6487804878049,0.70763061681807,5.8,21.7,91.5176897789793,19.5933936579649,13.505,100.0,2949.36140375621,9.6043768778869,98.0774,6684.0,1329.0,3.76142
Israel,IL,2004,6809000.0,28870.0080868057,4.64944459908543,80.1463414634146,-0.421595034547416,5.6,21.3,91.5829008110251,22.7704855254035,13.029,100.0,2822.35591418715,9.4006168306653,97.65851,8494.0,1544.0,3.74703
Israel,IL,2005,6930100.0,29600.1467243332,4.35256427740218,80.1512195121951,1.34070328119492,5.6,20.8,91.6384296279033,25.19400024,11.342,100.0,2661.980099421,8.92812513527943,97.54599,10975.0,1669.0,3.91123
Israel,IL,2006,7053700.0,30707.435814097,5.59106550120008,80.5536585365854,2.05407914587443,5.5,21.0,91.6825760364229,27.8810997,10.707,100.0,2883.01357713219,9.22039497001574,97.06853,11446.0,1342.0,4.01416
Israel,IL,2007,7180100.0,32071.3107404162,6.31307137087018,80.5048780487805,0.466226972936065,5.6,21.1,91.713639843393,48.1280621948445,9.379,100.0,2899.35253797653,9.38933998133731,97.29765,9654.0,1615.0,4.28533
Israel,IL,2008,7308800.0,32519.7624461575,3.2158134842205,80.9512195121951,4.52744765138651,5.4,21.5,91.7292868898136,59.39,7.704,100.0,3130.72173959461,9.27417633537653,97.26942,7974.0,1528.0,4.24165
Israel,IL,2009,7485600.0,32139.1146490917,1.22017480850096,81.4048780487805,3.3676231727125,5.2,21.5,91.7319738585748,63.12,9.534,100.0,2874.86147474045,8.95687720423213,96.9691,7269.0,1387.0,4.01799
Israel,IL,2010,7623600.0,33307.1044316197,5.54470607068944,81.6024390243903,2.70270270270273,5.2,21.8,91.7316426703946,67.5,8.48,100.0,3043.56517574048,9.43716879164699,97.38332,12906.0,1450.0,3.8421
Israel,IL,2011,7765800.0,34499.9509262825,5.51341969081251,81.6560975609756,3.48837209302323,5.3,21.4,91.7304024673781,68.8738779907441,7.139,100.0,2981.37242150116,9.16057585825028,97.01667,10470.0,1360.0,3.91608
Israel,IL,2012,7910500.0,34685.0915981013,2.40993765217618,81.7048780487805,1.67553715750052,5.3,21.6,91.7276502819515,70.8,6.762,100.0,2968.58833913788,9.80845711396245,97.66493,16549.0,1319.0,4.06028
Israel,IL,2013,8059500.0,35436.2912873273,4.09013743330735,82.0560975609756,1.58976347421476,5.2,21.3,91.7227831465406,70.250311945,6.137,100.0,2662.60942480489,8.47298219492524,97.25985,17075.0,1201.0,4.10651
Israel,IL,2014,8215700.0,36055.08530225,3.718144149431,82.1536585365854,0.467557251908503,5.2,21.5,91.7151980935716,75.0177531628076,5.789,100.0,2528.01855666417,8.02420974475699,97.05817,25303.0,1125.0,4.19613
Israel,IL,2015,8380100.0,36138.13561386,2.23599889603805,82.0512195121951,-0.617342577642765,5.3,21.3,91.7042921554705,77.3520896572253,5.176,100.0,2607.84399987972,8.11347119962769,97.555,29735.0,1285.0,4.29761
Israel,IL,2016,8546000.0,37044.0118623764,4.53601939236572,82.4073170731707,-0.535168195718695,5.2,21.2,91.6894623646632,79.6531241815281,4.723,100.0,2569.21718310487,7.90452843435525,97.05013,24308.0,1300.0,4.59051
Israel,IL,2017,8713300.0,37911.0217281157,4.34394518932547,82.5512195121951,0.249807840123008,5.2,21.1,91.6701057535759,81.5811835871611,4.14,100.0,2481.51602271413,7.78383620442312,97.32018,14518.0,1436.0,4.74032
Israel,IL,2018,8882800.0,38695.0100079706,4.05349952888294,82.8024390243903,0.805060379528526,5.0,20.8,91.6456193546346,83.7331569615326,3.917,100.0,2490.06554012289,7.14844418426622,97.32018,15615.0,1506.0,4.91965
Israel,IL,2019,9054000.0,39322.038041422,3.57898762923605,82.8048780487805,0.817645940292794,5.1,20.1,91.6154002002652,86.7878776180583,3.731,100.0,2407.97500275888,7.21388336646786,97.32018,16134.0,1368.0,5.35528
Israel,IL,2020,9215100.0,37938.3809354755,-1.80206927953466,82.6487804878049,-0.575254620897756,5.3,19.2,91.5788453228939,90.12734091,4.169,100.0,2453.62703150387,6.66216318867945,97.32018,16573.0,1642.0,5.83209
Israel,IL,2021,9371400.0,40788.2391785198,9.33534690236249,82.5,1.47965474722561,5.4,19.7,91.5353517549466,90.29689758,4.812,100.0,2432.5509270456,6.50617837249504,97.32018,16859.0,1592.0,5.75725
Israel,IL,2022,9557500.0,42539.2748766689,6.36407234798706,82.7,4.41162725488371,5.4,19.0,91.4979834273327,91.85079615,3.695,100.0,2501.42064264807,6.65826837562124,97.32018,50004.0,1592.0,6.17831
Israel,IL,2023,9849000.0,42131.7415675806,2.06272504731618,83.1951219512195,4.22522603168918,5.2,18.6,91.5089569794505,87.03842615,3.371,100.0,2459.62529465788,6.14077571327038,97.32018,9999.0,1592.0,6.34589
Israel,IL,2024,10002200.0,41882.0474698252,0.953618469238535,83.1975609756098,3.07480889805025,5.3,18.6,91.536188843818,88.18242225,3.595,100.0,2476.65013076128,5.76527164023915,97.32018,10612.0,1592.0,6.34589
Italy,IT,1995,56844303.0,29408.3209572297,2.88683671925843,78.1707317073171,5.23542258044301,9.8,9.2,66.8166099473719,0.524,11.661,100.0,2799.59479171327,7.65087752065497,97.06267,-460287.0,6997.0,0.94421
Italy,IT,1996,56860281.0,29795.6597750915,1.34558477192847,78.5219512195122,4.0069766898104,9.7,9.3,66.8793923102889,1.02,11.864,100.0,2796.38058021046,7.55970235180512,98.22957,53450.0,6997.0,0.94421
Italy,IT,1997,56890372.0,30353.3778243995,1.92572122608527,78.8243902439024,2.04310779750136,9.8,9.4,66.950870776995,2.28,11.985,100.0,2834.63680923621,7.6163994849603,99.13519,50539.0,6758.333333333333,0.98522
Italy,IT,1998,56906744.0,30892.1758654455,1.8043732818638,78.9756097560976,1.95508557719381,10.0,9.3,67.0286199053679,4.56,12.117,100.0,2913.20022573948,7.7754334354466,99.50915499999999,67985.0,6519.666666666667,1.00275
Italy,IT,1999,56916317.0,31405.2609007683,1.67799157943422,79.4243902439024,1.66345995007714,9.8,9.4,67.1102142532851,14.4,11.681,100.0,2957.58654940452,7.89504352504046,99.88312,54405.0,6281.0,0.97865
Italy,IT,2000,56942108.0,32609.66746283,3.88209885062652,79.7780487804878,2.53768532095002,9.8,9.5,67.1932283786243,23.1108742441037,10.834,100.0,3012.48356350836,7.97861399862471,99.68455,56065.0,7877.0,1.00104
Italy,IT,2001,56976981.0,33243.599343976,2.00643329837733,80.1268292682927,2.78516542713554,9.6,9.4,67.27519882288,27.2221169788811,9.599,100.0,3020.75373063924,7.96252086434695,99.56583,48903.0,8073.857142857143,1.03714
Italy,IT,2002,57089824.0,33267.4474482048,0.26992966378873,80.2292682926829,2.46532319171165,9.8,9.4,67.3538786566538,28.04,9.211,100.0,3035.91851152815,8.07424104162591,99.44093,223861.0,8270.714285714286,1.07704
Italy,IT,2003,57399184.0,33110.1698494812,0.0665538088732092,79.9829268292683,2.6725555277285,10.2,9.5,67.4299414611787,29.04,8.869,100.0,3164.10814422149,8.37573927880229,99.38412,478578.0,8467.57142857143,1.05539
Italy,IT,2004,57828179.0,33348.9744820456,1.4740217064723,80.7804878048781,2.20673661423657,9.5,9.7,67.5072499739908,33.24,7.866,100.0,3162.43494730256,8.51073142040319,99.39126,417970.0,8664.42857142857,1.04662
Italy,IT,2005,58166682.0,33407.6754716472,0.762410677306491,80.7829268292683,1.9852929852798,9.8,9.5,67.5897169318419,35.0,7.73,100.0,3204.1351997897,8.4768648141216,99.17106,258702.0,8861.285714285714,1.04057
Italy,IT,2006,58399861.0,33873.0493680093,1.79947992234244,81.2829268292683,2.09084391012754,9.6,9.6,67.6812550714834,37.99,6.777,100.0,3162.24131154867,8.34804384209065,99.08382,215995.0,9058.142857142857,1.07903
Italy,IT,2007,58756247.0,34159.9109244074,1.46229205289291,81.4341463414634,1.82974112202403,9.7,9.6,67.7857771296669,40.79,6.076,100.0,3132.89653716264,8.17482777618523,99.1077,495092.0,9255.0,1.12421
Italy,IT,2008,59211181.0,33550.6340800063,-1.02313851177097,81.4853658536585,3.34783258401022,9.9,9.7,67.9071958431441,44.53,6.723,100.0,3067.89962633863,7.85286143845028,99.10081,422534.0,8588.0,1.15548
Italy,IT,2009,59555454.0,31587.0638416305,-5.30515401233991,81.6365853658537,0.774768131387381,9.9,9.6,68.0494239486665,48.83,7.749,100.0,2848.10100531328,6.94826035580217,99.17129,283676.0,8814.0,1.21261
Italy,IT,2010,59819407.0,31928.5543621096,1.52910573247101,82.0365853658537,1.52551602118248,9.8,9.4,68.2163741829857,53.68,8.363,100.0,2904.35856014464,7.08186391750757,99.29683,274387.0,8877.0,1.21296
Italy,IT,2011,60026841.0,32039.5032494316,0.695463154440176,82.1878048780488,2.78063272879323,9.9,9.1,68.4015073889511,54.3899983018814,8.359,100.0,2798.23628262725,6.9053125750862,99.05555,198544.0,8794.0,1.19531
Italy,IT,2012,60191247.0,30953.4147447427,-3.12523877282996,82.2390243902439,3.04136333226775,10.2,8.9,68.7608794235259,55.829997993283,10.655,100.0,2680.46208450702,6.55333989010063,99.46236,252524.0,8439.0,1.25559
Italy,IT,2013,60311613.0,30330.0221599668,-1.81802510749792,82.690243902439,1.21999342274306,10.0,8.5,69.3073989916076,58.4593,12.149,100.0,2576.45615324387,5.99742374656768,99.63949,158090.0,8307.0,1.29425
Italy,IT,2014,60320707.0,30325.0287793923,-0.0013876173045446,83.090243902439,0.241047429826756,9.9,8.3,69.5807638614879,55.6384602242293,12.683,100.0,2433.16257781775,5.68586837020992,98.89812,52679.0,8601.0,1.33148
Italy,IT,2015,60229605.0,30639.8829751432,0.885667635240807,82.5439024390244,0.0387903996579733,10.8,8.1,69.6100006103516,58.1417349568747,11.896,100.0,2533.02354460955,5.87319309166979,98.26567,39389.0,8724.5,1.33213
Italy,IT,2016,60115223.0,31077.6792675211,1.23622108511661,83.2439024390244,-0.09401665691575,10.2,7.9,69.5969232525286,61.3242527666303,11.688,100.0,2511.46353090755,5.80834075921169,97.69825,84568.0,8848.0,1.35915
Italy,IT,2017,60002252.0,31635.52277108,1.60369995294101,82.9463414634147,1.22653316645812,10.8,7.6,69.5180784259382,63.0773469984291,11.211,100.0,2557.32535513975,5.7611454316748,97.24291,95147.0,8643.0,1.36393
Italy,IT,2018,59877221.0,31963.6417148824,0.826646712344115,83.3463414634146,1.13748763600391,10.6,7.3,69.4800033569336,74.3871829234822,10.538,100.0,2514.69811221783,5.68452233279163,97.24291,83686.0,8921.0,1.41934
Italy,IT,2019,59729081.0,32180.4341017428,0.429162533780342,83.4975609756098,0.611246943765304,10.6,7.0,69.5050010681153,67.8507102874836,9.884,100.0,2494.02659804115,5.56784056329278,97.24291,46634.0,9229.0,1.45558
Italy,IT,2020,59438851.0,29469.7989238626,-8.86822122185345,82.1951219512195,-0.13770757391651,12.5,6.8,69.5187492370606,70.48342785,9.192,100.0,2313.10006204514,4.96667406979317,97.24291,85281.0,10061.0,1.49869
Italy,IT,2021,59133173.0,32267.7091050201,8.93106210800055,82.6463414634146,1.87378325762481,11.9,6.8,69.4812507629394,74.8623274,9.497,100.0,2531.08698798735,5.58651571090224,97.24291,157327.0,10281.0,1.41065
Italy,IT,2022,59013667.0,33891.8866526216,4.82117669913565,82.7,8.20128991161718,12.1,6.7,69.4839779766539,85.06074504,8.069,100.0,2411.65172417311,5.60897190137329,97.24291,231228.0,10281.0,1.36563
Italy,IT,2023,58984216.0,34221.7182928271,0.922796543670316,83.3512195121951,5.62219442195901,11.4,6.4,69.5381540123301,87.0278292,7.627,100.0,2298.39093933589,5.1591446091273,97.24291,150189.0,10281.0,1.37935
Italy,IT,2024,58952704.0,34508.1235191237,0.783039135276795,83.9512195121951,0.982373023061417,11.0,6.3,69.6047535143071,89.2207202,6.5,100.0,2231.202099939,5.07573834102673,97.24291,95246.0,10281.0,1.37935
Japan,JP,1995,125472000.0,30504.5332529005,2.34205546196849,79.5360975609756,-0.127899045020446,7.4,9.6,78.0190838015653,1.59,3.15,100.0,3915.67795216885,9.82868129941341,,87714.0,334612.0,2.64303
Japan,JP,1996,125757000.0,31371.432405964,3.07546731409349,80.219756097561,0.136600358575909,7.2,9.7,78.1374047267253,4.37,3.383,100.0,3990.47398761077,9.90822777260908,,25030.0,340101.0,2.64303
Japan,JP,1997,126057000.0,31723.3382538425,1.36297109407448,80.4241463414634,1.74780458692133,7.3,9.5,78.2318902291629,9.16,3.374,100.0,4022.0891472937,9.77095123634546,,43366.0,350807.0,2.72177
Japan,JP,1998,126400000.0,31076.4386626557,-1.77264091037956,80.5014634146342,0.661974191385911,7.5,9.6,78.3266396189341,13.4,4.078,100.0,3938.28293836089,9.37017721518987,,45912.0,359381.0,2.82745
Japan,JP,1999,126631000.0,30911.9243180534,-0.347600398675738,80.4609756097561,-0.341296928327554,7.8,9.4,78.448341899402,21.4,4.677,100.0,3994.22367709485,9.67513168181567,,56901.0,360180.0,2.84672
Japan,JP,2000,126843000.0,31779.3788459032,2.97832688768516,81.0760975609756,-0.676578683595175,7.7,9.5,78.6126803295375,29.9907403589142,4.748,100.0,4067.03534426909,9.80406329083986,,23468.0,387364.0,2.85841
Japan,JP,2001,127149000.0,31793.1269485489,0.284608556379041,81.4163414634146,-0.740055504162738,7.7,9.3,79.1577482060887,38.5320608612719,5.02,100.0,3990.10602386433,9.67360734256659,,59563.0,386767.0,2.92348
Japan,JP,2002,127445000.0,31746.2430105713,0.0849888050363319,81.6907317073171,-0.923494026942321,7.8,9.2,80.5469860733981,46.5942011179917,5.386,100.0,3992.91998129661,9.92193416768018,,60864.0,369458.0,2.96514
Japan,JP,2003,127718000.0,32115.5810785373,1.38010935830795,81.76,-0.256541816316025,8.0,8.9,82.4206778416671,48.4352658899653,5.251,100.0,3956.90048891144,9.95886797475689,,74875.0,358184.0,2.99319
Japan,JP,2004,127761000.0,32783.1292835489,2.11294823723127,82.030243902439,-0.0085733882031027,8.2,8.8,84.3710541898905,62.3939296327259,4.734,100.0,4085.4919552124,9.91730575058116,,69014.0,368416.0,2.98125
Japan,JP,2005,127773000.0,33385.9179590327,1.8482813374834,81.9551219512195,-0.282946068764391,8.6,8.4,85.9573620483714,66.9210661042901,4.446,100.0,4066.44200433533,10.0074734098753,,113017.0,367960.0,3.13092
Japan,JP,2006,127854000.0,33880.6890093456,1.54630843078741,82.3219512195122,0.249355116079085,8.6,8.7,87.1460898958075,68.6852703213795,4.192,100.0,4064.36044717698,9.82400472413847,,130065.0,347060.0,3.22766
Japan,JP,2007,128001000.0,34426.6937124867,1.72837912865577,82.5070731707317,0.060039454498669,8.8,8.6,88.2701404492656,74.3,3.888,100.0,4020.80546615948,10.0916024093562,,138024.0,333498.0,3.29257
Japan,JP,2008,128063000.0,34008.5915147362,-1.16662209355141,82.5875609756098,1.3800788616492,9.1,8.7,89.2921563808851,75.4,4.002,100.0,3867.13557310575,9.53253711064086,,142605.0,330110.0,3.29224
Japan,JP,2009,128047000.0,31993.8588053706,-5.9359411383964,82.9314634146342,-1.35283672951719,9.1,8.5,90.1131158718189,78.0,5.068,100.0,3709.02326188514,9.03961045553586,,125450.0,295315.0,3.1959
Japan,JP,2010,128070000.0,33311.2872381879,4.13645589222239,82.8426829268293,-0.728243207517779,9.5,8.5,90.6228586840649,78.21,5.102,100.0,3900.21212768124,9.50311626454283,,131860.0,290081.0,3.10495
Japan,JP,2011,127833000.0,33306.1802259719,-0.20035785332982,82.5912195121951,-0.27245561610124,9.9,8.3,90.8631654434251,79.0541135244739,4.55,100.0,3620.18019068219,9.93397401297005,,97720.0,287580.0,3.20537
Japan,JP,2012,127629000.0,33909.4911855243,1.64893452981225,83.0960975609756,-0.0440645104432602,10.0,8.2,91.0265277326652,79.4964,4.358,100.0,3536.70253450885,10.2516011251361,,67904.0,287013.0,3.1737
Japan,JP,2013,127445000.0,34636.6924746166,1.99727653399265,83.3319512195122,0.335037912184741,10.1,8.2,91.1516595654317,88.219428911,4.038,100.0,3567.33780517627,10.3847926556554,,66449.0,271731.0,3.27895
Japan,JP,2014,127276000.0,34996.8796756631,0.905915486065865,83.5878048780488,2.75922671353253,10.1,8.0,91.2548945132333,89.1068330166075,3.589,100.0,3445.81632921551,10.0063625506773,,58109.0,265959.0,3.36788
Japan,JP,2015,127141000.0,35664.6446110613,1.79997735783475,83.7939024390244,0.795279630579839,10.3,8.0,91.3532644103625,91.0580283929962,3.385,100.0,3400.59271053608,9.69456115651128,,168896.0,258839.0,3.24071
Japan,JP,2016,127076000.0,35934.4467886662,0.704986495111257,83.9848780487805,-0.127258844489754,10.5,7.8,91.4541254852142,93.1827212821617,3.132,100.0,3370.8877963853,9.66865261733136,,314732.0,260244.0,3.10665
Japan,JP,2017,126972000.0,36547.7357437305,1.62345062245441,84.099756097561,0.484199796126385,10.8,7.6,91.5498419685883,91.7265472366635,2.822,100.0,3391.05041453219,9.55283290804272,,322564.0,260292.0,3.16636
Japan,JP,2018,126811000.0,36899.3847079435,0.834143845965585,84.2109756097561,0.989094598021848,11.0,7.4,91.6377318609728,88.7463508901772,2.467,100.0,3343.05412833973,9.17213648658239,,320601.0,253630.0,3.2192
Japan,JP,2019,126633000.0,36837.2583653113,-0.308496921143259,84.3563414634146,0.46877615938395,11.2,7.0,91.7164207898107,92.7303978145525,2.351,100.0,3261.62024942915,8.87456666113888,,318190.0,245372.0,3.21824
Japan,JP,2020,126261000.0,35363.2996951789,-4.28327942675573,84.56,-0.024995834027731,11.1,6.8,91.7809926267889,90.21945812,2.809,100.0,3046.85480668859,8.39710520271501,,42001.0,227348.0,3.26556
Japan,JP,2021,125681593.0,36792.556429474,3.56419531474475,84.4456097560976,-0.233352779398264,11.7,6.6,91.8741049279527,82.91407928,2.808,100.0,3196.03970960845,8.5947828493867,,-34996.0,222452.0,3.27383
Japan,JP,2022,125124989.0,37448.3504824849,1.33164750653741,83.9963414634146,2.49770278172255,12.9,6.3,91.9776532428406,84.92343147,2.614,100.0,3129.65861717499,8.3956307081074,,175003.0,222452.0,3.40053
Japan,JP,2023,124516650.0,37902.5492204411,0.720785304749811,84.0412195121951,3.26813365933163,13.0,6.0,92.0826903891473,85.00990295,2.6,100.0,3039.14126131753,8.05063579850566,,175003.0,222452.0,3.44125
Japan,JP,2024,123975371.0,37976.6371788298,-0.240084236041696,84.0363414634146,2.73853681635241,13.3,5.7,92.1901718034531,85.54153081,2.5,100.0,3005.89902824379,7.84242057238933,,153357.0,222452.0,3.44125
Kenya,KE,1995,26601751.0,1237.88250467675,4.40621652482287,55.856,1.55432816055009,10.292,40.831,18.5827604922377,0.000727,2.848,5.42734336853027,457.701869210403,0.252671337311593,61.56729,-75506.0,15.0,0.35521
Kenya,KE,1996,27344211.0,1254.21025248674,4.14683926876013,55.575,8.86408741577522,10.376,40.632,18.6611020359295,0.00884,2.773,7.37853050231934,461.288541982308,0.270656922593232,61.56729,-79276.0,15.0,0.35521
Kenya,KE,1997,28101768.0,1226.19542113337,0.474901921293579,55.478,11.3618450505783,10.383,40.541,18.7575952945971,0.0344,2.818,9.32631778717041,453.644363435621,0.253179799932873,61.56729,-80443.0,22.0,0.35521
Kenya,KE,1998,28888057.0,1232.06658106635,3.29021372249065,55.568,6.72243650753928,10.31,40.617,18.8798697768976,0.0503,2.843,14.5,459.342548020959,0.269419296701055,61.56729,-70023.0,27.0,0.35521
Kenya,KE,1999,29733408.0,1224.63404639886,2.30538859522412,55.866,5.74200109520484,10.109,40.327,19.0288523643308,0.114,2.884,13.2088918685913,456.367492363499,0.26866412353404,61.56729,-13257.0,25.0,0.35521
Kenya,KE,2000,30642890.0,1195.41296851656,0.599695390807426,56.084,9.98002515350979,9.942,40.238,19.4553832211834,0.318059713612037,2.884,15.2,460.259557885245,0.290677543795641,64.3069,5407.0,24.333333333333332,0.35521
Kenya,KE,2001,31619170.0,1202.29348759987,3.77990649795343,56.501,5.73859814341467,9.709,40.188,20.4416297068833,0.619782266151425,2.876,17.0,452.428455522956,0.26100621869581,65.44286,55052.0,23.666666666666668,0.35521
Kenya,KE,2002,32629808.0,1171.4262517349,0.546859530175595,56.759,1.96130821739162,9.535,39.938,21.8586568137501,1.20777388492125,2.916,18.9,445.351766080328,0.245465741018151,60.18054,10431.0,23.0,0.35521
Kenya,KE,2003,33652223.0,1169.14433674051,2.93247554570904,57.369,9.81569062979654,9.203,39.459,23.563889811899,2.94190286101524,2.869,16.0,435.103052843273,0.214880306718519,71.27634,24175.0,22.0,0.35521
Kenya,KE,2004,34713455.0,1191.25443604556,5.10429977629738,57.947,11.6240355442426,8.893,39.1,25.4147539714454,3.0235280420962,2.844,22.6,449.67502007767,0.231964810186713,69.48951,31525.0,31.0,0.35521
Kenya,KE,2005,35796484.0,1223.44738472019,5.90666607980057,58.51,10.3127783574683,8.6,38.783,27.2686745625048,3.101900101,2.739,24.5,453.624918249435,0.252147669028053,70.2094,5501.0,34.0,0.35521
Kenya,KE,2006,36904008.0,1263.54164666211,6.47249430015484,59.059,14.4537342081708,8.323,38.492,28.9830768551925,3.599999905,2.673,26.4,459.858505198544,0.270940760689191,69.36324,15767.0,41.0,0.35521
Kenya,KE,2007,38036349.0,1309.91092948216,6.85072976998784,59.407,9.75888023027529,8.142,38.299,30.4153861196239,4.400000095,2.642,28.3,456.223752941816,0.262922185302275,79.20838,-11495.0,41.0,0.35521
Kenya,KE,2008,39206351.0,1273.77226103073,0.232282744812977,59.955,26.2398166445063,7.886,37.851,31.4230276259143,5.199999809,2.751,30.3,456.15344235827,0.269606829771024,75.50401,29612.0,63.0,0.46754666666666667
Kenya,KE,2009,40408891.0,1276.73503486074,3.30693981631089,60.483,9.23412592394652,7.631,37.169,31.8603086707305,6.1,2.816,23.0,470.588388726011,0.308699389943664,77.0691,7096.0,48.0,0.5798833333333333
Kenya,KE,2010,41598567.0,1340.16467408856,8.05847360290906,60.915,3.96138889115385,7.424,36.266,31.8713287706458,7.2,2.793,19.2,469.595821222952,0.324116934124197,78.45608666666666,-21069.0,77.0,0.69222
Kenya,KE,2011,42758461.0,1370.58000874482,5.1211061197056,61.283,14.0224913014704,7.275,35.009,31.8673949025409,8.800000191,2.699,36.2,472.715162690229,0.324518228099931,79.84307333333334,-44795.0,135.0,0.6684108333333333
Kenya,KE,2012,43888303.0,1396.30178709756,4.56867961444982,61.537,9.37777003547598,7.208,33.674,31.8558130142761,10.5,2.678,38.1,462.749845582612,0.293759364539568,81.23006,-42928.0,123.0,0.6446016666666666
Kenya,KE,2013,44986791.0,1413.94142522583,3.7978483925754,61.729,5.71749357037733,7.175,32.427,31.8324454433988,13.0,2.762,40.1,471.435474475568,0.308839543589584,81.23006,-57634.0,127.0,0.6207925
Kenya,KE,2014,46051440.0,1450.59338202277,5.02011100232484,61.99,6.87815499275949,7.149,31.542,31.7931545274563,16.5,2.767,36.0,497.485664126512,0.341036024063525,81.23006,-72415.0,132.0,0.5969833333333333
Kenya,KE,2015,47088526.0,1489.11959777284,4.96772112759767,62.279,6.58215429284779,7.14,30.908,31.7338026039958,16.5878548475992,2.762,41.6,530.458901047223,0.361032749251909,81.23006,-95977.0,137.0,0.5731741666666667
Kenya,KE,2016,48139687.0,1517.97796057742,4.21351706814744,62.526,6.29724953814625,7.169,30.202,31.6502520105647,16.6,2.757,53.1,533.407778503543,0.384366853070731,81.23006,-29728.0,144.0,0.549365
Kenya,KE,2017,49197766.0,1542.33773973372,3.83795817364721,62.725,8.00564967709945,7.126,29.602,31.5383650847102,17.82710075,3.542,55.8,538.606903918261,0.391204755110222,81.23006,-68702.0,135.0,0.5255558333333333
Kenya,KE,2018,50207107.0,1596.69045914945,5.64794640709219,62.825,4.6898064677633,7.186,29.037,31.3940041639796,19.5,4.284,61.2,546.495296692888,0.381159185292234,81.23006,-115436.0,244.0,0.5017466666666667
Kenya,KE,2019,51202827.0,1645.70961777862,5.11415885767801,62.939,5.23963795764792,7.294,28.226,31.1895566421135,22.6687733618171,5.014,69.7,543.883187157453,0.380387200105182,81.23006,-61949.0,294.0,0.4779375
Kenya,KE,2020,52217334.0,1609.33414078281,-0.272766327438816,61.596,5.40516207933392,7.937,27.782,31.2063494632616,24.7227993,5.613,71.5,534.753957479746,0.367016056392308,81.23006,-17111.0,341.0,0.45412833333333336
Kenya,KE,2021,53219166.0,1698.89578271444,7.59048947333467,61.225,6.10793603659176,8.124,27.611,31.2879334021971,26.96290016,5.693,76.5,539.778643234306,0.404281044163676,81.23006,-52552.0,160.0,0.43031916666666664
Kenya,KE,2022,54252461.0,1747.53198804428,4.85998104287999,63.549,7.65986268272224,7.212,27.342,31.4307820066946,29.40589905,5.565,76.0,541.12804988998,0.405006512054817,81.23006,-10003.0,160.0,0.40651
Kenya,KE,2023,55339003.0,1811.21651838425,5.71999241214208,63.646,7.67139634029402,7.211,27.106,31.6330340816429,32.07040024,5.409,76.2,544.940571966597,0.3843202596187,81.23006,-10003.0,160.0,0.80427
Kenya,KE,2024,56432944.0,1858.87650030024,4.66019594571891,63.834,4.48978854243448,7.18,26.968,31.8937831721599,34.97622513,5.487,77.0,539.298427448329,0.38344092060836,81.23006,-19781.0,160.0,0.81069
"Korea, Rep.",KR,1995,45092991.0,13924.3044000347,9.7358937505409,73.7,4.48074108557248,5.3,15.7,78.400437187912,0.82,2.063,100.0,3234.29761074072,9.02775111990243,98.51563,-208491.0,59228.0,2.14233
"Korea, Rep.",KR,1996,45524681.0,14894.3278834104,7.99042982526839,74.1512195121951,4.92454354292754,5.2,15.0,78.7508147919442,1.62,2.048,100.0,3460.92201688076,9.58813088662829,98.24344,-115705.0,68405.0,2.14233
"Korea, Rep.",KR,1997,45953580.0,15682.2717905189,6.2821926537929,74.6024390243903,4.4389318457463,5.3,14.5,78.9918025094803,3.6,2.608,100.0,3675.46830349413,9.98535261017749,98.55368,-109130.0,67359.0,2.17409
"Korea, Rep.",KR,1998,46286503.0,14800.5091573641,-4.9389297463141,75.0048780487805,7.51358008079307,5.2,13.7,79.1812369650495,6.78,6.963,100.0,3374.34870324412,8.50386342645069,98.69443375,-98044.0,50596.0,2.03608
"Korea, Rep.",KR,1999,46616677.0,16402.9168341094,11.6172629559591,75.409756097561,0.81295725444637,5.3,13.2,79.3623394908518,23.6,6.342,100.0,3665.80037287776,9.23725644365427,98.8351875,-107448.0,55970.0,1.9446
"Korea, Rep.",KR,2000,47008111.0,17763.1353417297,9.2018583880479,75.909756097561,2.25916580080157,5.2,13.5,79.579960745642,44.7,4.063,100.0,3952.36285253717,9.9217579706617,98.97594125,-84960.0,72831.0,2.0494
"Korea, Rep.",KR,2001,47370164.0,18460.4288193829,4.72593560322356,76.4121951219512,4.06657587897792,5.1,11.7,79.8787704357425,56.6,3.699,100.0,3923.08094343002,10.0719727295012,99.11669499999999,-28006.0,73714.0,2.19872
"Korea, Rep.",KR,2002,47644736.0,19775.3800655139,7.74399895319569,76.7658536585366,2.76226210296599,5.1,10.3,80.2766294544335,59.4,3.046,100.0,4093.47640135718,10.3782797747059,99.25744875,-18105.0,76570.0,2.13042
"Korea, Rep.",KR,2003,47892330.0,20278.0406421178,3.07472661826947,77.2146341463415,3.51487451459939,5.1,10.2,80.707793508044,65.5,3.348,100.0,4137.64649746404,10.5024332706302,99.3982025,-31994.0,90313.0,2.19657
"Korea, Rep.",KR,2004,48082519.0,21244.8136800528,5.1836368597334,77.6658536585366,3.59066298882578,5.1,9.8,81.104386778171,72.7,3.42,100.0,4255.20021526328,10.8037309775721,99.53895625,-42549.0,105250.0,2.35292
"Korea, Rep.",KR,2005,48184561.0,22123.7613066851,4.35823667337156,78.1682926829268,2.75379162735039,5.1,9.0,81.3901352283669,73.5,3.482,100.0,4324.50929706891,10.7084009751588,99.67971,-47821.0,122188.0,2.42725
"Korea, Rep.",KR,2006,48438292.0,23162.1860111297,5.24500550580342,78.6682926829268,2.24234028518921,5.0,9.2,81.566462110512,78.1,3.254,100.0,4337.55103463972,10.8117127664204,99.43556142857143,-28434.0,125476.0,2.61516
"Korea, Rep.",KR,2007,48683638.0,24391.7651013448,5.8419633918717,79.119512195122,2.53457382137932,5.0,10.1,81.712125801927,78.8,3.013,100.0,4487.98132629667,11.1126206303646,99.19141285714285,-42293.0,128701.0,2.75895
"Korea, Rep.",KR,2008,49054708.0,24934.5396367691,3.00440451679569,79.5170731707317,4.67389655533408,5.0,9.4,81.8350833138518,81.0,2.959,100.0,4512.96932152779,11.2602688410662,98.94726428571428,-19630.0,127114.0,2.86774
"Korea, Rep.",KR,2009,49307835.0,25009.9148311999,0.81986175641795,79.9682926829268,2.7564965449393,5.0,9.0,81.9245045084002,81.6,3.363,100.0,4557.69756825002,11.2836813865383,98.70311571428572,5308.0,127316.0,3.02145
"Korea, Rep.",KR,2010,49554112.0,26623.0487122927,6.98166138853071,80.1170731707317,2.93928652655686,5.1,9.4,81.9685075986486,83.7,3.324,100.0,4920.34159542887,12.3690482033055,98.45896714285715,52042.0,131805.0,3.17913
"Korea, Rep.",KR,2011,49936638.0,27393.455357272,3.6880320602952,80.5682926829269,4.0259650043609,5.1,9.4,81.9615408086376,83.7591201534472,2.992,100.0,5114.96282558864,12.9702684429817,98.21481857142857,269958.0,138034.0,3.44409
"Korea, Rep.",KR,2012,50199853.0,27944.0564190045,2.54766550568242,80.819512195122,2.18707104433314,5.3,9.6,81.9087898200378,84.07,2.812,100.0,5122.94213308196,12.8528563619499,97.97067,281866.0,148136.0,3.6852
"Korea, Rep.",KR,2013,50428893.0,28732.711152033,3.2913959543442,81.2707317073171,1.30134754547413,5.3,8.6,81.8269383502703,84.77,3.067,100.0,5108.23633855207,12.7317329769662,95.46515,301926.0,159978.0,3.77487
"Korea, Rep.",KR,2014,50746659.0,29470.6732991655,3.21468019683108,81.7219512195122,1.27477446401322,5.3,8.6,81.7315682816954,87.5568264944747,3.082,100.0,5136.98533019492,12.4261677995393,95.90315,308037.0,164073.0,3.88983
"Korea, Rep.",KR,2015,51014947.0,30171.7906545222,2.92029267301234,82.0243902439024,0.70633177245575,5.4,8.6,81.639489860678,89.8962557995106,3.546,100.0,5239.00345362778,12.6198190502874,98.53611,276427.0,167275.0,3.78907
"Korea, Rep.",KR,2016,51217803.0,31005.4072876388,3.17152748983935,82.2756097560976,0.971685739912168,5.5,7.9,81.5559241797057,92.8430256796075,3.65,100.0,5390.84042635905,12.6677788190173,97.26558,91568.0,163424.0,3.78638
"Korea, Rep.",KR,2017,51361911.0,31979.9027302467,3.433191763972,82.6268292682927,1.94433230786366,5.6,7.0,81.471030429984,95.0694218761004,3.653,100.0,5467.82224967457,12.952944838832,97.54773,104029.0,159084.0,4.07341
"Korea, Rep.",KR,2018,51585058.0,32852.8887488942,3.17611568177327,82.6268292682927,1.47583935002645,5.8,6.4,81.3823523035196,96.0228595797887,3.824,100.0,5531.77957372505,13.1917269531809,97.54773,118220.0,162561.0,4.27155
"Korea, Rep.",KR,2019,51764822.0,33496.3113815643,2.31380210595475,83.2268292682927,0.383000303608136,5.7,5.9,81.2901063535619,96.157579184239,3.746,100.0,5334.67385872126,12.6531894575046,97.54773,128622.0,171603.0,4.36379
"Korea, Rep.",KR,2020,51836239.0,33215.9298928108,-0.700242317542106,83.4268292682927,0.537288023411737,5.9,5.3,81.1759595622913,96.50506052,3.931,100.0,5195.91011087811,11.9094442789339,97.54773,112631.0,180477.0,4.5214
"Korea, Rep.",KR,2021,51769539.0,34792.9397214598,4.61296795454287,83.5268292682927,2.49833333333339,6.2,5.1,81.1616526507785,97.57132698,3.639,100.0,5513.62830573477,12.3387268331673,97.54773,-16778.0,186245.0,4.59673
"Korea, Rep.",KR,2022,51672569.0,35809.0138105144,2.72756456708991,82.6804878048781,5.08951365062842,7.3,4.9,81.1624941626873,97.16855335,2.857,100.0,5411.97477731382,11.8737409785064,97.54773,87800.0,186245.0,4.84753
"Korea, Rep.",KR,2023,51712619.0,36347.7036392553,1.58301467403629,83.4292682926829,3.5974562502901,6.9,4.5,81.1645551720421,97.41597478,2.675,100.0,5336.92485966157,11.4162657281001,97.54773,87800.0,186245.0,4.94352
"Korea, Rep.",KR,2024,51751065.0,37048.4264001496,2.00361101838986,83.6292682926829,2.32174328643542,7.0,4.7,81.1682528469686,97.89563777,2.784,100.0,5438.79036783753,11.3622569893006,97.54773,75963.0,186245.0,4.94352
Mexico,MX,1995,90862455.0,7970.64038489585,-5.91029962358286,70.703,34.9992712889592,5.695,27.062,73.2962313883119,0.103,7.095,95.8944625854492,1461.03050354057,3.59068330258081,96.53171,-340091.0,432.0,0.23838
Mexico,MX,1996,92452702.0,8320.65295687947,6.21829715869302,71.088,34.3783832235168,5.622,26.417,73.6269922663634,0.2,5.465,96.093624,1467.31082127073,3.69826076040482,96.06523,-343399.0,386.0,0.23838
Mexico,MX,1997,94021207.0,8770.8448154628,7.19887615284711,71.472,20.6256287259247,5.561,25.752,73.9513082519844,0.627,4.235,96.3295822143555,1518.26280329371,3.83666208411896,96.07538,-340546.0,420.0,0.26404
Mexico,MX,1998,95575245.0,9161.89527775798,6.18507893082885,71.792,15.9283950119353,5.534,25.117,74.2716464717421,1.27,3.733,96.092755,1536.12241939376,4.01785211222843,96.73013,-321385.0,453.0,0.28519
Mexico,MX,1999,97115707.0,9264.977292523,2.75503039300564,72.203,16.5856169707538,5.493,24.64,74.5904740522037,1.86,2.598,96.7482986450195,1555.69407717508,3.84179255370092,99.75729,-328773.0,455.0,0.32719
Mexico,MX,2000,98625552.0,9581.96970202823,5.02928399378261,72.562,9.49156149435403,5.481,24.192,74.9203113970256,5.08138415338066,2.646,98.0,1541.32297457171,4.02272121123337,99.8354,-356433.0,431.0,0.29205
Mexico,MX,2001,100099099.0,9398.35074347946,-0.450845253215945,72.912,6.36773806235037,5.433,23.779,75.2907557567987,7.0380231165045,2.627,97.1,1563.12708165755,3.94395058441036,99.76405,-378348.0,534.0,0.30815
Mexico,MX,2002,101548624.0,9242.27886122367,-0.236588001922641,73.106,5.03072733151295,5.45,23.379,75.6840752828994,11.9,3.003,97.9,1556.55451556538,3.94830756150866,99.69272,-379812.0,526.0,0.33745
Mexico,MX,2003,102978515.0,9221.99666685464,1.18554486709559,73.308,4.54690012118718,5.469,22.832,76.046170340551,12.9,3.455,97.4,1644.23440955963,4.08541432161845,99.64344,-369183.0,468.0,0.37454
Mexico,MX,2004,104394131.0,9421.28976132695,3.56544102622887,73.432,4.68840884843143,5.517,22.369,76.3274397419019,14.1,3.937,98.6,1651.99432971724,4.12339368005276,99.61885,-346912.0,565.0,0.37053
Mexico,MX,2005,105811504.0,9491.51730268004,2.11324711473297,73.627,3.98805714597437,5.537,21.912,76.4748624380269,17.20999908,3.558,98.9,1718.63669370638,4.22758379844974,99.61853,-310278.0,584.0,0.38103
Mexico,MX,2006,107253666.0,9813.82804186659,4.80501351664901,73.746,3.62946762439132,5.575,21.482,76.4982455683657,19.52000046,3.566,99.1,1723.71763802356,4.32571227914951,99.74528,-244140.0,574.0,0.35298
Mexico,MX,2007,108774360.0,9877.69532636562,2.0778639395329,73.796,3.96684905458235,5.62,21.11,76.5047326234761,20.81,3.628,97.9,1693.77880726541,4.32899168517287,99.53468,-105524.0,629.0,0.38039
Mexico,MX,2008,110374288.0,9826.34218448486,0.943331872912935,73.695,5.12498274575896,5.682,20.82,76.5090428271033,21.71,3.874,98.9,1678.23287321257,4.27910076303278,99.55953,-50347.0,685.0,0.42416
Mexico,MX,2009,111999721.0,9074.11881448129,-6.29525056697287,73.628,5.29735584228856,5.735,20.567,76.5143930040295,26.34,5.356,98.3,1616.79369985205,4.12122098054155,99.80355,-30809.0,822.0,0.45748
Mexico,MX,2010,113623895.0,9389.06722076504,4.9713345832195,73.718,4.15672722680174,5.733,20.331,76.5244441414713,31.05,5.303,99.2,1581.82622504404,4.19755809286418,99.7295,-40845.0,951.0,0.47353
Mexico,MX,2011,115243504.0,9575.93437734618,3.44404505297089,73.921,3.40737824605742,5.698,20.095,76.5667802279537,37.1762954125184,5.175,99.0,1632.53833582198,4.22179978144365,99.61604,-37826.0,1065.0,0.45268
Mexico,MX,2012,116818208.0,9782.51776251839,3.55321076010608,74.128,4.11150981070289,5.674,19.855,76.6585199140734,39.75,4.892,99.1,1652.16322037583,4.33350424276325,99.56089,-128485.0,1294.0,0.40284
Mexico,MX,2013,118343573.0,9738.71059661101,0.852101550164704,74.289,3.80639069747204,5.677,19.557,76.7955768077952,43.46,4.921,99.1,1633.00512016612,4.17443117084187,99.49125,-120058.0,1210.0,0.40806
Mexico,MX,2014,119784261.0,9862.4812534745,2.50376350783593,74.404,4.01861608078679,5.705,18.959,76.9741367091766,44.3856962723411,4.819,99.2,1582.66666115179,4.01481960973153,99.38286,-228816.0,1246.0,0.41962
Mexico,MX,2015,121072306.0,10021.2386113616,2.70232343024026,74.431,2.72064064964023,5.768,18.227,77.1903854182753,57.4310429923633,4.311,99.0,1539.13826670827,4.05069677949307,99.3177,-291044.0,1364.0,0.41477
Mexico,MX,2016,122251351.0,10100.5021195819,1.7724932254128,74.376,2.8217078474766,5.868,17.69,77.4405087351486,59.5404459967255,3.853,99.5,1525.3837445098,4.06104469144067,99.21367,-304472.0,1310.0,0.37601
Mexico,MX,2017,123400057.0,10193.7727188313,1.87172854648381,74.261,6.04145724018986,5.997,17.214,77.7206924598541,53.0317886110982,3.419,100.0,1478.43896510686,4.05743329599921,99.16952,-227499.0,1334.0,0.31955
Mexico,MX,2018,124573711.0,10296.8690940459,1.97208211101069,74.301,4.89935015356551,6.071,17.037,78.0271223924494,56.6595667981289,3.275,99.5,1493.47882156246,3.83831705872518,99.16952,-175356.0,1555.0,0.29816
Mexico,MX,2019,125762982.0,10159.4448367696,-0.392690513290532,74.53,3.63596142127046,6.083,16.877,78.355984332992,69.6321092705209,3.477,99.6,1469.65350320528,3.92542377851696,99.16952,-169628.0,1305.0,0.27629
Mexico,MX,2020,126799054.0,9234.64362226594,-8.35403459379062,70.449,3.39683415570006,8.429,16.565,78.677960602824,71.49017499,4.44,99.4,1366.42722558757,3.46247141559905,99.16952,-147456.0,1132.0,0.29185
Mexico,MX,2021,127648148.0,9728.05680024504,6.04848347173572,69.75,5.68920847683753,9.015,16.353,78.9324007418057,75.62650476,4.019,100.0,1417.70559078908,3.54662489893704,99.16952,-122791.0,1117.0,0.27305
Mexico,MX,2022,128613117.0,10013.2479227064,3.70975708309098,73.973,7.8962761916855,6.521,16.041,79.199683215791,78.63217894,3.256,100.0,1441.98382794786,3.52183828963573,99.16952,-108438.0,1117.0,0.25727
Mexico,MX,2023,129739759.0,10234.6840265651,3.1067964131456,75.069,5.52796087314389,6.161,15.706,79.4734935748046,81.18318755,2.765,99.7,1467.10931902847,3.66576524934041,99.16952,-101044.0,1117.0,0.26746
Mexico,MX,2024,130861007.0,10284.0336925726,1.35057631384696,75.264,4.72225588452932,6.219,15.464,79.7538805976118,83.12233799,2.678,99.8,1558.75790867013,3.63738680384754,99.16952,-104581.0,1117.0,0.25372
Netherlands,NL,1995,15459006.0,33916.4887954068,3.11603593857495,77.4046341463415,1.92322457166359,8.8,12.3,70.6936274148982,6.47,7.157,100.0,4732.28641364731,11.4895679579916,99.2071,15056.0,2123.0,1.83733
Netherlands,NL,1996,15530498.0,34915.1788311903,3.42063535269868,77.4356097560976,2.11378787066774,8.9,12.2,72.423330585432,9.65,6.421,100.0,4949.7817593583,12.0957550749499,99.38737,21792.0,2348.0,1.83733
Netherlands,NL,1997,15610650.0,36211.6548633578,4.24847396941847,77.7943902439024,2.10924562739483,8.7,12.3,75.5542374231759,14.1,5.511,100.0,4788.82912974708,11.5376617885866,99.66541,31302.0,2391.0,1.84171
Netherlands,NL,1998,15707209.0,37661.7102516626,4.64770326997895,77.8829268292683,1.95913632274257,8.8,12.7,76.75231877333,22.2,4.394,100.0,4794.51173163397,11.5143371429004,99.6335665,52058.0,2451.0,1.73966
Netherlands,NL,1999,15812088.0,39298.7167162926,5.04334216651563,77.8365853658537,2.1571791805505,8.9,12.7,77.06074312186,39.2,3.622,100.0,4685.19177004479,11.1402681290415,99.60172299999999,47179.0,2545.0,1.81986
Netherlands,NL,2000,15925513.0,40665.3000211594,4.21970034558892,77.9878048780488,2.36052233801958,8.8,13.0,78.4826828427081,43.984351373138,2.725,100.0,4695.37009641521,11.1051053739996,99.5698795,59308.0,2465.0,1.78907
Netherlands,NL,2001,16046180.0,41297.284710124,2.32358454925847,78.190243902439,4.15584127195612,8.7,12.6,80.1840578652121,49.3730621073123,2.119,100.0,4783.23806405221,11.3084173304799,99.53803599999999,56096.0,2110.0,1.79214
Netherlands,NL,2002,16148929.0,41135.4020353856,0.24582951723049,78.2926829268293,3.28753104712766,8.8,12.5,80.8085275226169,61.29,2.554,100.0,4804.57738217673,11.2597436028111,99.5061925,28824.0,2122.0,1.73931
Netherlands,NL,2003,16225302.0,40981.839972092,0.0978549395212411,78.4926829268293,2.09199838997655,8.7,12.3,81.3011308878582,64.35,3.593,100.0,4959.46581521204,11.3578841244373,99.474349,7937.0,2288.0,1.77665
Netherlands,NL,2004,16281779.0,41663.1290344572,2.01628331561487,79.0951219512195,1.26364739183177,8.4,11.9,82.250953139759,68.52,4.646,100.0,4985.68017725458,11.4700426777688,99.4425055,-9230.0,2187.0,1.78132
Netherlands,NL,2005,16319868.0,42411.3480862811,2.03401576512488,79.3463414634146,1.6881301786962,8.4,11.5,83.5048949725161,81.0,5.872,100.0,4893.73296113648,11.1632826932179,99.410662,-22496.0,2217.0,1.7667
Netherlands,NL,2006,16346101.0,43841.0915818567,3.53729585853395,79.6975609756098,1.10150106517709,8.3,11.3,84.6532280358545,83.7,5.007,100.0,4840.784340365,10.8698765534362,99.3788185,-25401.0,2168.0,1.73208
Netherlands,NL,2007,16381696.0,45445.542186196,3.88542348324803,80.0975609756098,1.61385859802102,8.1,11.1,85.4089231499726,85.82,4.153,100.0,4812.3646510682,10.9184543529559,99.346975,-304.0,2079.0,1.66063
Netherlands,NL,2008,16445593.0,46227.1987545514,2.11674514240192,80.2512195121951,2.48650198289457,8.2,11.2,85.6149582464487,87.42,3.658,100.0,4755.09420293282,10.9418188812042,99.3151315,32406.0,2421.0,1.61247
Netherlands,NL,2009,16530388.0,44304.4041948677,-3.66528147002826,80.5487804878049,1.18977687021548,8.1,11.2,86.2223179632671,89.63,4.352,100.0,4665.86427744867,10.5716574831758,99.283288,39832.0,2575.0,1.65161
Netherlands,NL,2010,16615394.0,44659.2793901474,1.31935287897116,80.7024390243902,1.27530569556679,8.2,11.1,87.3502790247129,90.72,4.991,100.0,4978.86938849852,11.2017265434693,99.2514445,33703.0,2527.0,1.69388
Netherlands,NL,2011,16693074.0,45239.7198745589,1.77330320575034,81.2048780487805,2.34107017751373,8.1,10.8,88.0059204972573,91.4199957622284,4.977,100.0,4611.91453819796,10.4278277326273,99.219601,31224.0,2585.0,1.8651
Netherlands,NL,2012,16754962.0,44631.8855633239,-0.977826121310997,81.1048780487805,2.45554765291614,8.4,10.5,88.5342462391333,92.859992359525,5.821,100.0,4599.20591866701,10.2418555171895,99.1877575,14861.0,2375.0,1.90094
Netherlands,NL,2013,16804432.0,44487.0378593394,-0.0302410184270769,81.3048780487805,2.50689852657875,8.4,10.2,89.1749992370605,93.9564,7.241,100.0,4488.60406405713,10.0780436970437,99.15591400000001,19973.0,2315.0,2.13953
Netherlands,NL,2014,16865008.0,45042.0515907444,1.61255885112396,81.7073170731707,0.976035079699679,8.3,10.4,89.8364787097165,91.6666666666667,7.419,100.0,4215.35262065709,9.59164086966339,99.1240705,36591.0,2294.0,2.15067
Netherlands,NL,2015,16939923.0,45793.8135434697,2.12064007193544,81.509756097561,0.600248147278776,8.7,10.1,90.2787737214621,91.7241379310345,6.872,100.0,4298.59287050144,9.99734178248626,99.09222700000001,55585.0,2207.0,2.11792
Netherlands,NL,2016,17030314.0,46655.0340264754,2.42428065449427,81.5609756097561,0.316666666666652,8.7,10.1,90.5803239452777,90.4109589041096,6.007,100.0,4352.44653138733,10.028805106001,99.0603835,88743.0,2290.0,2.11546
Netherlands,NL,2017,17131296.0,47670.0858101833,2.78150834679987,81.7609756097561,1.38145871407216,8.8,9.9,91.1219700676602,93.1972789115646,4.837,100.0,4365.20385335267,9.81688717537774,99.02854,86332.0,2241.0,2.14167
Netherlands,NL,2018,17231624.0,48463.0055608731,2.25873158164956,81.8121951219512,1.70349794744479,8.9,9.8,92.6062472401044,91.8918918918919,3.832,100.0,4251.16716726453,9.46486529650368,99.02854,87197.0,2111.0,2.1027
Netherlands,NL,2019,17344874.0,49254.024789064,2.3001616053659,82.1121951219512,2.63369910249591,8.8,9.8,93.8898028856479,93.2885906040269,3.379,100.0,4129.40909477343,9.10784361996519,99.02854,109003.0,2228.0,2.14036
Netherlands,NL,2020,17441500.0,47086.5674755497,-3.86799714191608,81.3585365853659,1.27246037789161,9.7,9.7,94.2532277765935,91.33333333,3.82,100.0,3975.37813564997,8.15069804775965,99.02854,67598.0,2198.0,2.26514
Netherlands,NL,2021,17533044.0,49780.8328352542,6.27683593745216,81.309756097561,2.67572008805385,9.8,10.2,94.6294783220315,92.05298013,4.209,100.0,4057.79129205731,8.32113351224123,99.02854,106416.0,2080.0,2.21542
Netherlands,NL,2022,17700982.0,51777.5314828276,5.00723453395074,81.6146341463415,10.0012078753473,9.6,9.5,94.9856177734136,92.51968504,3.526,100.0,3570.12031994399,7.52014775225465,99.02854,224472.0,2080.0,2.17529
Netherlands,NL,2023,17877117.0,50960.7810305308,-0.598061017580278,81.8634146341464,3.83839354342808,9.5,9.2,95.3221682092129,97.00680272,3.535,100.0,3418.13670132261,6.87570596534106,99.02854,144558.0,2080.0,2.26719
Netherlands,NL,2024,17993485.0,51174.8997297902,1.07383137319854,81.9658536585366,3.34754304219953,9.6,9.2,95.6396517079336,97.00679779,3.7,100.0,3415.76133096426,6.60188395966651,99.02854,121628.0,2080.0,2.26719
New Zealand,NZ,1995,3673400.0,28013.5837412609,4.73676080285628,76.7341463414634,3.75494413677554,7.57,15.69,85.392759490696,4.88,6.461,100.0,4091.52500895612,7.84382316110415,98.51207,26743.0,1284.0,1.05649
New Zealand,NZ,1996,3732000.0,28563.8412321497,3.59083953715972,76.7878048780488,2.28571305402195,7.57,15.34,85.4708430476733,8.04,6.29,100.0,4173.39684739807,7.98609324758842,98.97884,25169.0,1275.0,1.05649
New Zealand,NZ,1997,3781300.0,28776.5479198966,2.07551582422867,77.3341463414634,1.18714833105632,7.26,15.23,85.5395698424773,14.6,6.857,100.0,4305.04363779536,8.28789040806072,99.75817,12040.0,1572.0,1.05649
New Zealand,NZ,1998,3815000.0,28766.2686680046,0.855188594957326,78.0853658536585,1.26524409915406,6.87,14.51,85.6005599181034,31.6,7.718,100.0,4204.70201485772,7.981625163827,99.62437294117647,-1387.0,1181.0,1.01018
New Zealand,NZ,1999,3835100.0,30155.9191339983,5.38315295474565,77.890243902439,-0.114267129777524,7.33,14.87,85.6555096232176,41.5,7.023,100.0,4330.2348149308,8.35222028108785,99.49057588235294,-7634.0,1420.0,0.96387
New Zealand,NZ,2000,3857700.0,30839.2953866092,2.86879087314065,78.6365853658537,2.6152344624632,6.91,14.66,85.7059660456056,47.3795565432096,6.13,100.0,4467.21138613373,8.55385333229644,99.35677882352942,-6604.0,1463.0,1.03208
New Zealand,NZ,2001,3880500.0,31705.2483531253,3.41557461751114,78.6926829268293,2.62581630392903,7.16,14.36,85.7545174444303,53.2410152941279,5.433,100.0,4399.14687852578,8.99577374049736,99.22298176470589,17793.0,1768.0,1.10029
New Zealand,NZ,2002,3948500.0,32628.4322594563,4.71514593471419,78.8463414634146,2.67709257711605,7.1,13.67,85.8061578183401,59.0807532812931,5.282,100.0,4326.22295420317,8.864910725592,99.08918470588236,48195.0,1839.0,1.1246
New Zealand,NZ,2003,4027200.0,33502.6490755696,4.72587484712128,79.1463414634146,1.75357444759557,6.95,13.94,85.857962055807,60.9625398663824,4.745,100.0,4180.76991429149,8.91989471593166,98.95538764705883,42456.0,1845.0,1.14891
New Zealand,NZ,2004,4087500.0,34358.6289046143,4.09053577279863,79.5487804878049,2.29024902847571,6.95,14.2,85.9017708294597,61.8476278106481,4.005,100.0,4224.87567596318,8.69032415902141,98.8215905882353,24521.0,1631.0,1.13467
New Zealand,NZ,2005,4133900.0,35112.0769481474,3.35295444152619,79.8512195121951,3.03702332617012,6.54,13.96,85.9299325780946,62.72019958,3.807,100.0,4074.1485914825,8.75495294999879,98.68779352941176,19212.0,1893.0,1.12043
New Zealand,NZ,2006,4184600.0,35649.0258495224,2.7744428588158,80.0487804878049,3.36540196171993,6.75,14.14,85.9356841665703,69.0,3.857,100.0,4034.75821834113,8.67562013095636,98.55399647058825,14542.0,2153.0,1.139035
New Zealand,NZ,2007,4223800.0,36400.0153308952,3.06312221869514,80.1512195121951,2.37614310290659,6.75,15.15,85.9291840664852,69.76000214,3.661,100.0,4057.16268229104,8.30766134760169,98.42019941176471,3053.0,1892.0,1.15764
New Zealand,NZ,2008,4259800.0,35722.2274262581,-1.02561134479848,80.3512195121951,3.9589493731206,6.85,15.1,85.9144723093505,72.02999878,4.167,100.0,4100.75606551399,8.49532841917461,98.28640235294118,4804.0,1256.0,1.2034
New Zealand,NZ,2009,4302600.0,35352.6428453692,-0.040259885205117,80.7024390243902,2.1156511055456,6.73,14.53,85.8918345477824,79.7,6.121,100.0,4073.03697683547,7.7665829963278,98.15260529411765,12700.0,1555.0,1.24916
New Zealand,NZ,2010,4350700.0,35476.3713609154,1.47182504276788,80.9048780487805,2.30202385958572,6.53,14.68,85.8614043258228,80.45999908,6.557,100.0,4147.30616096111,7.68715379134392,98.01880823529412,6722.0,1585.0,1.239995
New Zealand,NZ,2011,4384000.0,35961.911959259,2.1445004445998,81.1560975609756,4.0279066739204,6.86,14.0,85.8233151875134,81.23000336,6.491,100.0,4108.26383266428,7.46138229927007,97.88501117647058,-2196.0,1501.0,1.23083
New Zealand,NZ,2012,4408100.0,36588.819747177,2.30256429520961,81.4073170731707,1.05991318445632,6.82,13.87,85.777700676896,81.644470179502,6.931,100.0,4280.5653723436,7.89151788752524,97.75121411764707,-1015.0,1425.0,1.1917900000000001
New Zealand,NZ,2013,4442100.0,37240.0279166822,2.5648360739867,81.4048780487805,1.13442266445817,6.65,13.2,85.7080129786455,82.77999878,5.839,100.0,4298.71533674262,7.78476396299048,97.61741705882353,26385.0,1614.0,1.15275
New Zealand,NZ,2014,4516500.0,38025.4674998632,3.81933619307242,81.4568292682927,1.227507505974,6.87,12.67,85.5076659530411,84.0,5.428,100.0,4476.80712476497,7.81374958485553,97.48362,57974.0,1636.0,1.18991
New Zealand,NZ,2015,4609400.0,38648.7302562109,3.72968312125018,81.6124390243903,0.292704628136101,6.85,13.23,85.1518763760531,85.19999695,5.415,100.0,4422.74264118048,7.67750683386124,97.73031,70870.0,1184.0,1.22707
New Zealand,NZ,2016,4714100.0,39205.0341298225,3.7435247472109,81.6585365853659,0.646240284454524,6.61,12.6,84.691365594,86.5,5.147,100.0,4265.93839527509,7.36993275492671,98.52583,75512.0,1075.0,1.2874750000000001
New Zealand,NZ,2017,4813600.0,39667.6884236272,3.31568621648204,81.8585365853659,1.85078767452536,6.92,12.38,84.1701025874108,87.69999695,4.736,100.0,4200.71262692085,7.53415323250789,99.17788,68349.0,1014.0,1.34788
New Zealand,NZ,2018,4900600.0,40257.9139260803,3.32219666491432,81.7073170731707,1.59829703801696,6.78,11.84,83.8017846685577,89.0,4.335,100.0,4109.2206852685,7.27125249969391,99.17788,59139.0,1017.0,1.40604
New Zealand,NZ,2019,4970300.0,40615.7266946543,2.32371708441623,82.0560975609756,1.61963190184048,6.88,11.98,83.804965871667,89.86370087,4.109,100.0,4170.80496267642,7.49357181659055,99.17788,69770.0,324.0,1.4642
New Zealand,NZ,2020,5072400.0,39702.3112090418,-0.240916114758988,82.2560975609756,1.71456170007245,6.43,11.36,83.8138977095908,90.92099762,4.595,100.0,3862.58510163497,6.83500906868543,99.17788,42124.0,348.0,1.47512
New Zealand,NZ,2021,5084600.0,41309.8198451344,4.29916005216614,82.2073170731707,3.94112060778728,6.87,11.54,83.8299382585905,91.99060059,3.776,100.0,3907.64776650523,6.8263580222633,99.17788,-14944.0,330.0,1.48604
New Zealand,NZ,2022,5081700.0,42716.0866783034,3.34521847792682,81.9585365853658,7.17222476016441,7.58,11.57,83.8547305017812,93.07289886,3.299,100.0,3764.50781429311,6.32162465316725,99.17788,21404.0,330.0,1.51726
New Zealand,NZ,2023,5200000.0,42501.4932044968,1.81389453412019,81.7585365853659,5.73316283034957,7.29,10.95,83.8898991461229,93.32610321,3.734,100.0,3660.60273680658,6.11076923076923,99.17788,21404.0,330.0,1.54848
New Zealand,NZ,2024,5290000.0,41415.4670639187,-0.868722371893952,82.009756097561,2.92279782301957,7.13,11.03,83.9370658833132,93.51930237,4.724,100.0,3557.46740633951,6.01410207939509,99.17788,18766.0,330.0,1.54848
Nigeria,NG,1995,110819428.0,1395.07488456803,-0.0726647640626794,45.87,72.8355022972636,18.535,44.079,39.1364103583649,0.00883,4.152,38.6872520446777,256.918214458953,0.801782698246737,63.11272,73243.0,64.0,0.13223
Nigeria,NG,1996,113754779.0,1416.10189471248,4.19592404666709,45.833,29.2682926829272,18.513,43.85,39.9503563748504,0.00883,4.043,39.5453186035156,268.073571237971,0.911020186677168,63.11272,84448.0,64.0,0.13223
Nigeria,NG,1997,116754792.0,1420.23877961219,2.93709941923106,45.96,8.52987421383633,18.358,43.509,40.7720171281134,0.0172,3.964,40.3999824523926,278.489226833014,0.863537147151956,63.11272,96885.0,64.0,0.13223
Nigeria,NG,1998,119846254.0,1419.31770917937,2.58125410190809,46.148,9.99637812386806,18.153,43.218,41.6009143497997,0.0252,3.922,41.2505683898926,269.365010804453,0.762241596637639,63.11272,145575.0,64.0,0.13223
Nigeria,NG,1999,123047320.0,1390.4692113901,0.584126892882125,46.609,6.61837339479756,17.803,43.447,42.4365697715547,0.041,3.986,44.9,272.180386890724,0.73132271389576,63.11272,97195.0,64.0,0.13223
Nigeria,NG,2000,126382494.0,1421.67987952016,5.01593475936546,47.143,6.9332921556516,17.439,43.892,43.2785051250243,0.0640808079494101,3.953,43.2,274.074132064522,0.792790969926579,66.17986,74535.0,64.0,0.13223
Nigeria,NG,2001,129862595.0,1465.45720342369,5.91768464924425,47.549,18.8736462093863,17.149,43.934,44.1262421418539,0.089901370457273,3.9,43.9,283.010546626806,0.818897081180304,66.61589500000001,64163.0,64.0,0.13223
Nigeria,NG,2002,133471989.0,1644.39518877708,15.3291557409618,48.02,12.8765792031099,16.799,43.822,44.9793025536893,0.320461975542327,3.669,44.6,283.767136886797,0.720895078592108,67.05193,69594.0,64.0,0.13223
Nigeria,NG,2003,137202644.0,1717.21451111739,7.34719496793299,48.618,14.0317836131437,16.37,43.71,45.8372080921761,0.558576244860521,3.637,52.2,296.852571416246,0.7843536892773,67.487965,33857.0,64.0,0.13223
Nigeria,NG,2004,141057045.0,1824.80269456838,9.25055822923169,49.148,14.9980338183251,15.986,43.474,46.6994804889599,1.28613764134527,3.59,46.1,286.383177568012,0.736921009510727,67.924,46370.0,64.0,0.13223
Nigeria,NG,2005,145017253.0,1889.25175325842,6.43851652535925,49.538,17.8634933661605,15.692,43.37,47.5656414756863,3.54915571796492,3.727,46.8,305.406217610864,0.710050686175941,68.36617,-17146.0,64.0,0.13223
Nigeria,NG,2006,149077334.0,1949.15856804582,6.05942803202491,49.876,8.22743678120907,15.43,43.172,48.424271994461,5.54503608300536,3.749,47.6,287.970022263625,0.621989926382773,68.82653,-12093.0,64.0,0.13223
Nigeria,NG,2007,153267261.0,2020.83316299437,6.59113036066867,50.381,5.38610421570143,15.067,42.897,49.2357987173198,6.769999981,3.794,50.1,281.735044345631,0.550572897626193,71.66882,-9162.0,64.0,0.13223
Nigeria,NG,2008,157595014.0,2098.2833922073,6.76447277784263,50.748,11.583054796681,14.801,42.803,50.0505212312351,8.0,3.792,50.3,287.532726671296,0.581139578438694,64.89473,-13646.0,64.0,0.14491416666666665
Nigeria,NG,2009,162049464.0,2204.60725603823,8.03692510100366,51.08,12.5379242951095,14.554,42.497,50.86453484762,9.300000191,3.763,50.0,260.777838499638,0.499337659024901,65.9868,-18422.0,64.0,0.15759833333333334
Nigeria,NG,2010,166642886.0,2315.46676509642,8.00565591623166,51.315,13.7400521363694,14.36,42.139,51.6778188255446,11.5,3.744,48.0,335.074608295017,0.566502430832841,65.98292,47966.0,64.0,0.1702825
Nigeria,NG,2011,171379598.0,2370.97657091881,5.30792420293915,51.49,10.8261371880018,14.203,41.793,52.490352424079,13.80000019,3.77,55.9,376.552072943772,0.606966647220167,65.98292,67808.0,64.0,0.18296666666666667
Nigeria,NG,2012,176200625.0,2403.65387896987,4.23006117492493,51.688,12.2242413020582,14.019,41.116,53.302114902293,16.10000038,3.761,53.0,357.338084625584,0.580337328542393,65.98292,71138.0,42.0,0.19565083333333333
Nigeria,NG,2013,181049443.0,2495.34106573862,6.67133539308232,51.827,8.49551838265678,13.864,40.441,54.1130855192568,19.10000038,3.711,55.6,351.718781805646,0.63302873569183,65.98292,40201.0,50.0,0.208335
Nigeria,NG,2014,185896915.0,2583.61556958171,6.30971865521856,51.94,8.04741087967907,13.736,39.892,54.9232435340404,21.0,3.9,54.2,349.237811590683,0.660183629190404,65.98292,-19376.0,61.666666666666664,0.22101916666666668
Nigeria,NG,2015,190671878.0,2585.73360671797,2.65269329541779,51.939,9.00943498007706,13.656,38.951,55.7325682057138,22.51420021,4.134,52.5,320.318542380023,0.621244733321397,65.98292,-116162.0,73.33333333333333,0.23370333333333335
Nigeria,NG,2016,195443700.0,2481.81490350403,-1.61686894903467,52.189,15.6968126387972,13.408,37.771,56.541038793347,24.13750076,4.499,59.3,331.486140542982,0.631791150085677,65.98292,75265.0,85.0,0.2463875
Nigeria,NG,2017,200254579.0,2441.71236404537,0.805886619091581,52.397,16.5022662139641,13.192,36.693,57.3486345560101,25.87789917,4.83,54.4,316.730326522651,0.579461406473008,65.98292,78685.0,100.0,0.2590716666666667
Nigeria,NG,2018,204938755.0,2431.77857832597,1.92275734199798,52.669,12.0951065173432,12.952,35.69,58.1553347527729,27.74370003,5.069,56.5,300.45746967174,0.592412108680957,65.98292,-76565.0,382.0,0.27175583333333336
Nigeria,NG,2019,209485641.0,2431.53528475874,2.20842927835211,53.009,11.3964223378115,12.679,34.685,58.9611186427056,29.74410057,5.206,55.4,331.04474710561,0.60197968413501,65.98292,-99722.0,439.0,0.28444
Nigeria,NG,2020,213996181.0,2228.68631426529,-6.36889840468527,53.072,13.2460234276598,12.586,33.732,59.7659654848781,31.88879967,5.714,55.4,324.45517224141,0.555700571123744,65.98292,-14497.0,410.0,0.28444
Nigeria,NG,2021,218529286.0,2206.66406255564,1.109252540249,53.455,16.9528457221608,12.306,33.546,60.5698545383604,35.50979996,5.404,59.5,334.476501487262,0.599006670437755,65.98292,-86115.0,410.0,0.28444
Nigeria,NG,2022,223150896.0,2254.29080414598,4.31882949157136,54.079,18.8471877843274,11.953,33.192,61.3727650622225,39.14720154,3.827,60.5,333.698006196423,0.578271036832404,65.98292,-51680.0,410.0,0.28444
Nigeria,NG,2023,227882945.0,2280.67777167162,3.31590368111438,54.462,24.659550203114,11.74,32.954,62.1746763155343,40.06399918,3.074,61.2,319.900429211784,0.552339272252252,65.98292,-57936.0,410.0,0.28444
Nigeria,NG,2024,232679478.0,2324.59702394542,4.07106650147703,54.635,33.2416590552749,11.641,32.493,62.9755675573659,41.21139908,3.045,62.5,319.900429211784,0.566917637661195,65.98292,-35202.0,410.0,0.28444
Norway,NO,1995,4359184.0,58151.5422795873,4.15289526465317,77.7365853658537,2.46036778693729,10.4,13.8,73.9197422341132,6.42,6.307,100.0,5391.36648885496,9.32481858990123,98.19121,6343.0,1128.0,1.5935
Norway,NO,1996,4381336.0,60732.7551542334,4.96949434701779,78.1504878048781,1.26253249164501,10.0,13.9,74.1999969482422,18.3,5.036,100.0,5201.94925297777,9.3449577936958,98.26481,5671.0,1291.0,1.5935
Norway,NO,1997,4405157.0,63480.1841751685,5.09208924000464,78.1426829268293,2.56692335900252,10.1,13.6,74.7024361307612,20.4,4.687,100.0,5475.16675140309,9.83031932800579,84.19146,9744.0,1256.0,1.5935
Norway,NO,1998,4431464.0,64823.4786672121,2.72590814782492,78.3292682926829,2.25241329996429,10.0,13.2,75.3306335451989,22.6,3.737,100.0,5684.74560231404,10.1779682741415,99.7356,13519.0,1213.0,1.598935
Norway,NO,1999,4461913.0,65786.3001204135,2.18261230296261,78.2829268292683,2.36596736596733,10.1,13.3,75.8399963378906,40.0,3.247,100.0,5913.28022163827,10.4707330689774,99.79454,19147.0,1335.0,1.60437
Norway,NO,2000,4490967.0,67611.3411021859,3.443416131481,78.6341463414634,3.08550609131279,9.8,13.2,76.1338922449534,52.0,3.458,100.0,5826.12232323722,9.30078087859475,99.70516,9805.0,1311.0,1.58228
Norway,NO,2001,4513751.0,68725.4043162798,2.1634350595868,78.7853658536585,3.00419703998233,9.7,12.6,76.3958619273785,64.0,3.738,100.0,5954.81911743802,9.367707700314,99.76034,7906.0,1189.0,1.56019
Norway,NO,2002,4538159.0,69352.0430510008,1.45747886087304,78.9878048780488,1.28672528415184,9.8,12.2,76.7955442460288,72.84,4.022,100.0,5502.08929908871,9.16323116929134,99.72673,17279.0,1178.0,1.62644
Norway,NO,2003,4564855.0,69702.361157641,1.09635781210122,79.390243902439,2.48782553461781,9.3,12.4,77.2600021362305,78.13,4.221,100.0,5934.59079848361,9.73649765436142,99.85574,11389.0,1079.0,1.67572
Norway,NO,2004,4591910.0,72292.1208978835,4.33015597691212,79.8414634146342,0.454498502220863,9.0,12.4,77.5684593888498,77.69,4.256,100.0,6231.94030988748,9.7760844615857,99.35243,13412.0,1142.0,1.53976
Norway,NO,2005,4623291.0,73933.7446235264,2.96973597025936,80.0414634146342,1.53213367609249,8.9,12.3,77.8260148882032,81.99,4.381,100.0,6319.92545895993,9.3683698473663,98.5115,18588.0,1143.0,1.47715
Norway,NO,2006,4660677.0,75428.8816534082,2.84726376691944,80.3439024390244,2.3293498075755,8.9,12.6,78.0877227783203,82.55,3.397,100.0,6319.15452788829,9.44326328556989,98.59501,24054.0,1119.0,1.44972
Norway,NO,2007,4709153.0,77205.7545984008,3.42030119916608,80.3951219512195,0.712589073634201,8.9,12.4,78.4072502632828,86.93,2.493,100.0,5864.30044405949,9.5358549616035,99.07673,40111.0,1225.0,1.55795
Norway,NO,2008,4768212.0,76876.8705028009,0.822805797014865,80.5926829268293,3.75393081761005,8.7,12.7,78.7541006020666,90.57,2.521,100.0,6412.35151011432,9.87892316868461,99.26473,44002.0,1150.0,1.54556
Norway,NO,2009,4828726.0,74688.7531445371,-1.61327151945869,80.7951219512195,2.19738586853568,8.6,12.8,79.0570820210427,92.08,3.1,100.0,6200.50244551882,9.34509433751263,99.15591,39316.0,1246.0,1.71678
Norway,NO,2010,4889252.0,74505.4313586335,1.00493269017117,80.9975609756098,2.41890639481003,8.5,12.6,79.245002746582,93.39,3.527,100.0,6455.3166845378,9.81436424221947,99.08012,42865.0,1117.0,1.6412
Norway,NO,2011,4953088.0,74563.8349085669,1.38505117083945,81.2951219512195,1.2849515880916,8.4,12.2,79.311620451463,93.4899826515194,3.196,100.0,5501.9559356258,9.47669413505272,99.40241,47454.0,1122.0,1.61714
Norway,NO,2012,5018573.0,75669.0612719716,2.82395673492459,81.4512195121951,0.696864111498263,8.4,12.0,79.4905925441617,94.6499780533304,3.129,100.0,5805.46758867551,9.2436037096601,99.68671,47883.0,1009.0,1.61053
Norway,NO,2013,5079623.0,75711.2410395262,1.27290177696287,81.7512195121951,2.12048620353112,8.1,11.6,79.9723980455359,95.0534,3.425,100.0,6047.18057523381,9.22857857758341,99.86067,40690.0,1101.0,1.64216
Norway,NO,2014,5137232.0,76430.7374974687,2.09521388080101,82.1,2.04170286707211,7.9,11.5,80.6117159535579,96.3005098242892,3.486,100.0,5525.57603893844,9.1470465028638,99.82749,38522.0,1106.0,1.70369
Norway,NO,2015,5188607.0,77220.9524311414,2.04428845501438,82.3048780487805,2.17113665389527,7.8,11.3,81.2378240971353,96.810325691365,4.296,100.0,4930.48137593923,9.24221086700149,99.77225,30242.0,1153.0,1.92351
Norway,NO,2016,5234519.0,77532.2750022669,1.29158732771135,82.4073170731707,3.55000000000007,7.8,11.2,81.6800003051758,97.2982036675068,4.68,100.0,5368.57647170474,9.04975223129384,99.8062,26417.0,1227.0,2.03286
Norway,NO,2017,5276968.0,78961.7757906168,2.66964474273466,82.609756097561,1.87510059552545,7.7,10.7,81.9699745912375,96.3576012951191,4.164,100.0,5673.5093152418,8.98402264330578,99.88251,21657.0,1152.0,2.08168
Norway,NO,2018,5311916.0,79313.2889434042,1.1103912365576,82.7585365853659,2.76483134528797,7.7,10.4,82.2452112401723,96.4916579887094,3.801,100.0,5539.19011908654,8.78033462878555,99.88251,18473.0,1082.0,2.03482
Norway,NO,2019,5347896.0,79937.5097885912,1.46970781954143,82.9585365853659,2.16773003305411,7.6,10.2,82.4935894878281,98.0000043853142,3.684,100.0,5220.68866140147,8.47933467666537,99.88251,25707.0,957.0,2.13599
Norway,NO,2020,5379475.0,78387.0435023102,-1.36055723261586,83.209756097561,1.28658490707996,7.5,9.8,82.7029885700532,94.60755647,4.424,100.0,5145.72221927617,8.12493784244745,99.88251,11277.0,880.0,2.24436
Norway,NO,2021,5408320.0,81199.3391492139,4.14314688769197,83.1634146341463,3.48388055266669,7.8,10.4,82.8612877226956,99.0000036,4.359,100.0,5298.87662808584,8.21471362641264,99.88251,19804.0,946.0,1.88764
Norway,NO,2022,5457127.0,83756.7383805061,4.08039770659241,82.509756097561,5.76412317852272,8.4,9.4,82.9563661816034,98.99997764,3.231,100.0,4651.48670758657,7.9798582660803,99.88251,58040.0,946.0,1.55081
Norway,NO,2023,5519601.0,83100.7944645872,0.352695581319765,83.0121951219512,5.51784987104659,7.9,9.4,83.0718560702166,99.00000258,3.574,100.0,4884.6175244586,7.53753758650308,99.88251,53806.0,946.0,1.85142
Norway,NO,2024,5572279.0,83487.1332276928,1.42372134524737,83.1609756097561,3.14530134431081,7.9,9.7,83.3293737928469,99.0,4.0,100.0,4775.00280327143,7.17830173255862,99.88251,44356.0,946.0,1.85142
Poland,PL,1995,38594998.0,5671.89573674798,7.92965956313934,71.8926829268293,27.951388563304,10.0,11.2,61.5973714804995,0.648,13.695,100.0,2578.20837982237,9.23545325744025,96.92873,-52989.0,2595.0,0.6369
Poland,PL,1996,38624370.0,6012.95806433166,6.09387747385628,72.2463414634146,19.7949669196707,10.0,11.1,61.6396786847836,1.3,12.684,100.0,2680.1080126261,9.64288349557546,96.92873,-45349.0,2411.0,0.6369
Poland,PL,1997,38649660.0,6391.13172823376,6.35890635030509,72.6463414634146,14.91315861496,9.8,10.7,61.6758780811754,2.07,10.964,100.0,2640.54587904468,9.38347969943332,96.92873,-44230.0,2399.0,0.641
Poland,PL,1998,38663481.0,6684.11477782234,4.62161133761769,72.9975609756098,11.5978554257236,9.7,10.2,61.7057783335144,4.1,9.935,100.0,2461.01864758147,8.64038341503705,96.92873,-39509.0,2407.0,0.65746
Poland,PL,1999,38660271.0,6998.79475144289,4.69918479192557,73.0439024390244,7.15407291179853,9.9,9.9,61.7291881056396,5.46,12.29,100.0,2396.67141418898,8.39754589407819,96.92873,-53035.0,2285.0,0.67786
Poland,PL,2000,38258629.0,7401.57697647848,4.65633252988236,73.7487804878049,9.90017538843065,9.6,9.9,61.7459160613903,7.2854287080601,14.928,100.0,2321.77643337011,8.18187708712719,96.72471,-15921.0,2404.0,0.63806
Poland,PL,2001,38248076.0,7494.96089503246,1.23374464400356,74.2,5.4083354556615,9.5,9.6,61.7557708646056,9.9006697073534,18.435,100.0,2338.14293839845,8.09869495134866,96.46141,-16648.0,2202.0,0.61861
Poland,PL,2002,38230364.0,7640.99307757777,1.90119437968586,74.4975609756098,1.90528215048054,9.4,9.3,61.7581534555696,21.15,20.211,100.0,2312.5947846893,7.912937998707,95.55196,-16462.0,2313.0,0.55501
Poland,PL,2003,38204570.0,7915.55424389704,3.52337117234833,74.5975609756098,0.682701375787632,9.6,9.2,61.7281374379602,24.87,19.899,99.9,2375.41153801546,8.25299957570521,94.61351,-19039.0,2268.0,0.53626
Poland,PL,2004,38182222.0,8323.38773754587,5.09079546409544,74.8463414634146,3.38264681884699,9.5,9.3,61.6555172559989,32.53,18.822,99.9,2383.78041134423,8.31504253471681,93.81738,-38216.0,2381.0,0.54999
Poland,PL,2005,38165445.0,8598.57681241557,3.26082274679216,74.9951219512195,2.18379872390251,9.6,9.5,61.5497010774856,38.81,17.592,99.8,2414.28237185953,8.30851048638369,93.20494,-41942.0,2028.0,0.56121
Poland,PL,2006,38141267.0,9137.65850849801,6.20210710934373,75.1439024390244,1.28469394366416,9.7,9.8,61.4199688499096,44.58,13.794,99.8,2538.76112384258,8.67173342720891,93.27956,-68882.0,2157.0,0.54899
Poland,PL,2007,38120560.0,9760.7042604352,6.7604478527626,75.2439024390244,2.4587431238539,9.9,10.2,61.2756005207604,48.6,9.551,99.8,2529.61907810596,8.66464448581028,93.37601,-51235.0,2392.0,0.56103
Poland,PL,2008,38125759.0,10187.2017910883,4.38377069274605,75.5439024390244,4.16497193524779,10.0,10.9,61.1258760375274,53.13,7.069,99.8,2563.58518489618,8.5133492030939,93.51897,-42288.0,2488.0,0.59719
Poland,PL,2009,38151603.0,10446.5289138524,2.61512859291683,75.6951219512195,3.79539242483399,10.1,10.9,60.9800753477,58.97,8.131,100.0,2463.27043395388,8.16161512269878,94.21491,-8283.0,2899.0,0.65932
Poland,PL,2010,38042794.0,10808.3975674238,3.16892748258036,76.2463414634146,2.58069370250548,9.9,10.9,60.8474783987677,62.32,9.578,100.0,2642.06881241023,8.65823367232175,94.71317,119623.0,3203.0,0.72252
Poland,PL,2011,38063255.0,11370.313427173,5.25546256612796,76.6951219512195,4.23940149625932,9.9,10.2,60.7357090652544,61.94999896898,9.576,100.0,2652.99080592091,8.58934161043243,94.789,45951.0,3879.0,0.74726
Poland,PL,2012,38063164.0,11542.2353368014,1.51178167644575,76.7463414634146,3.56037151702793,10.1,10.1,60.6341632788866,62.3099972714691,10.031,100.0,2563.69089214526,8.39990338165267,95.57338,4635.0,4410.0,0.88476
Poland,PL,2013,38040196.0,11628.2286809525,0.684240607051805,77.0,0.991982606332335,10.2,9.7,60.5333187465323,62.8492,10.293,100.0,2567.18208491979,8.28307772126095,96.16873,12402.0,4237.0,0.8807
Poland,PL,2014,38011735.0,12093.1622787394,3.92050862390032,77.6024390243903,0.0538213132399802,9.9,9.9,60.4340063344328,66.5987360557248,8.971,100.0,2473.79770713362,7.95991816737647,96.11359,5525.0,3941.0,0.9454
Poland,PL,2015,37986412.0,12637.5220324406,4.43176700264478,77.4512195121951,-0.874125874125862,10.4,9.7,60.3362886805635,67.9969871556415,7.475,100.0,2498.7740659386,8.05009433373176,96.46236666666667,3887.0,4676.0,0.99807
Poland,PL,2016,37970087.0,13026.1858988718,3.03117767594847,77.8512195121951,-0.664767331433962,10.2,10.1,60.2402284228997,73.3007040962669,6.141,100.0,2614.97160490538,8.34151367627891,96.81114333333333,-5675.0,4261.0,0.9616
Poland,PL,2017,37974826.0,13695.6452848724,5.15245773325907,77.7536585365854,2.07593553673859,10.6,10.6,60.145888199417,75.9853659493832,4.867,100.0,2734.42727608835,8.69581601242887,97.15992,-21535.0,3924.0,1.03055
Poland,PL,2018,37974750.0,14551.0850277089,6.2458584723942,77.6024390243903,1.81295156542689,10.9,10.2,60.0533306480907,77.5417345350006,3.835,100.0,2865.52683144763,8.68031784277711,97.15992,-223.0,4207.0,1.19426
Poland,PL,2019,37965475.0,15221.3090624454,4.58045817256199,77.9048780487805,2.22747880938291,10.8,9.9,59.9626184068963,80.4359068768673,3.267,100.0,2761.07246212926,8.21985501300853,97.15992,7696.0,3887.0,1.3088
Poland,PL,2020,37515748.0,15090.2228440113,-2.03556882399977,76.4,3.37446972618589,12.7,9.5,59.8738141138092,83.18488715,3.155,100.0,2710.95606232103,7.91347409626485,97.15992,3920.0,4010.0,1.37128
Poland,PL,2021,36981559.0,16368.6239689025,6.92718266052501,75.3512195121951,5.05502704719272,14.0,9.0,59.8096513205543,85.37490906,3.268,100.0,2920.11352538648,8.76145594619199,97.15992,2251.0,3377.0,1.41558
Poland,PL,2022,36821749.0,17303.64494323,5.25545697386036,77.1560975609756,14.4294507575758,12.2,8.3,59.8315488048321,86.94113479,2.811,100.0,2798.00774623397,8.36357881859441,97.15992,967744.0,3377.0,1.44162
Poland,PL,2023,36687353.0,17410.3830137066,0.249610834017872,78.2585365853659,11.5289127961105,11.1,7.4,59.8859561370214,86.414744,2.743,100.0,2639.20385996686,7.64977784033642,97.15992,-7824.0,3377.0,1.55525
Poland,PL,2024,36559233.0,18000.5034591285,3.02841630700273,78.409756097561,3.79060897630197,11.2,6.9,59.9705468695101,88.58496367,2.807,100.0,2646.7365667251,7.55108565871718,97.15992,-238062.0,3377.0,1.55525
Portugal,PT,1995,10026176.0,15811.7171369279,4.28278017236022,75.3121951219512,4.22281614099488,10.3,10.7,51.008291015927,1.49,7.064,100.0,2013.96965845437,5.26690335378114,99.47725,26971.0,81.0,0.5495
Portugal,PT,1996,10063945.0,16304.3794463959,3.50424653058748,75.2609756097561,3.06897732509786,10.6,11.0,51.6932632041232,2.98,7.298,100.0,1986.79149693102,5.07822727568563,99.57584,32640.0,86.0,0.5495
Portugal,PT,1997,10108977.0,16946.086865108,4.40086766458026,75.4121951219512,2.33686298314114,10.4,11.2,52.3795796967868,4.95,6.571,100.0,2083.46205659678,5.30168384001665,99.06598,36922.0,71.0,0.56374
Portugal,PT,1998,10160196.0,17671.3135082912,4.80796318953165,75.7121951219512,2.57275225909131,10.5,11.2,53.063097347651,9.87,4.64,100.0,2240.06330016631,5.71047054604065,98.55611999999999,40931.0,96.0,0.62486
Portugal,PT,1999,10217828.0,18258.0911720943,3.90657779623113,75.9634146341463,2.34009490312169,10.6,11.4,53.7396730104491,14.7,4.579,100.0,2390.35284181731,6.33573984608079,98.04626,49572.0,81.0,0.68121
Portugal,PT,2000,10289898.0,18822.0933092937,3.81617714108242,76.3146341463415,2.85303039287156,10.2,11.7,54.4051635389142,16.4304676923534,3.806,100.0,2390.18870122638,6.24348268563984,97.5364,60586.0,81.0,0.72156
Portugal,PT,2001,10362722.0,19053.089945659,1.94367213427915,76.8146341463415,4.36990330551792,10.1,10.9,55.0679833009212,18.0871365595338,3.829,100.0,2391.32113737669,6.12752132113551,97.883124,55565.0,107.0,0.76482
Portugal,PT,2002,10419631.0,19095.1102477398,0.770924781247714,77.0658536585366,3.60034658290915,10.2,11.0,55.789299869679,19.37,4.497,100.0,2477.60275830907,6.50103636107651,98.229848,42169.0,130.0,0.72184
Portugal,PT,2003,10458821.0,18846.5411893632,-0.930521045062918,77.219512195122,3.21899090682895,10.4,10.8,56.5865509520713,29.67,6.132,100.0,2400.86139844201,6.00482597417051,98.576572,24740.0,125.0,0.69802
Portugal,PT,2004,10483861.0,19137.8370898949,1.78873552917291,77.6707317073171,2.365362040973,9.7,10.4,57.4171857647664,31.78,6.319,100.0,2463.10248808928,6.15858031692713,98.92329600000001,13928.0,123.0,0.7293
Portugal,PT,2005,10503330.0,19251.71450683,0.781847569123585,78.0707317073171,2.27716394887838,10.2,10.4,58.2450763389585,34.99,7.582,100.0,2519.13901861547,6.4581042393222,99.27002,15537.0,158.0,0.75755
Portugal,PT,2006,10522288.0,19529.3122100477,1.62503532956156,78.419512195122,3.1076654587105,9.7,10.0,59.0340947058419,38.01,7.649,100.0,2390.46374599498,5.98192142241307,99.06166,16754.0,184.0,0.95448
Portugal,PT,2007,10542964.0,19979.5706280792,2.50657937751231,78.3219512195122,2.45396528138746,9.8,9.7,59.7481128966109,42.09,7.965,100.0,2402.51066519403,5.8179179972539,99.16472666666667,21064.0,250.0,1.12417
Portugal,PT,2008,10558177.0,20014.4749330004,0.319247344434558,78.5243902439025,2.58850657657956,9.9,9.9,60.3510029424595,44.13,7.553,100.0,2337.4925314705,5.61287237370618,99.26779333333333,9478.0,381.0,1.44335
Portugal,PT,2009,10568247.0,19371.1318876855,-3.12207827545093,78.7268292682927,-0.835530021504157,9.9,9.4,60.8066368745822,48.27,9.432,100.0,2304.1784841547,5.53453188594097,99.37086,14532.0,571.0,1.58002
Portugal,PT,2010,10573100.0,19698.6836791397,1.73762453640036,79.0268292682927,1.40257289895372,10.0,9.6,61.0788867241731,53.3,10.771,100.0,2222.62833547109,5.03622400242124,99.48771,-5627.0,499.0,1.53317
Portugal,PT,2011,10557560.0,19389.6395896162,-1.71352745905065,80.4707317073171,3.6530110043073,9.7,9.2,61.1410698395502,55.2499968797194,12.715,100.0,2164.03219875257,4.86833131897901,99.02747,-31513.0,571.0,1.45558
Portugal,PT,2012,10514844.0,18679.7626789594,-4.05090267621935,80.3731707317073,2.77333854051576,10.2,8.5,61.1409793914666,60.3399974868057,15.509,100.0,2039.16999711033,4.73413585593852,99.11596,-37083.0,621.0,1.37661
Portugal,PT,2013,10457295.0,18597.7214623964,-0.984106574148328,80.7219512195122,0.274416666666663,10.2,7.9,61.1405315215642,62.0956,16.237,100.0,2055.58816601984,4.60337018320703,98.97895,-36342.0,647.0,1.32325
Portugal,PT,2014,10401062.0,18836.8967978906,0.741391420706506,81.1219512195122,-0.278153367467428,10.1,7.9,61.1394537361116,64.5924200648949,13.88,100.0,2035.41142547114,4.58326274759251,98.56395,-26447.0,722.0,1.28892
Portugal,PT,2015,10358076.0,19215.7813014347,1.58979803702681,81.1243902439025,0.48793862390472,10.5,8.2,61.137469211538,68.6328614804299,12.405,100.0,2121.0872664787,4.99335011637296,97.59877,-3209.0,925.0,1.24552
Portugal,PT,2016,10325452.0,19662.82312462,2.00414129666575,81.1243902439025,0.607397074641719,10.7,8.4,61.1343011242723,70.423567088723,11.058,100.0,2111.0971132123,4.89305456071076,96.88158,-775.0,724.0,1.2815
Portugal,PT,2017,10300300.0,20364.1962735946,3.31472008175986,81.4243902439025,1.36861411643482,10.6,8.3,61.1296726507436,73.7912139515729,8.878,100.0,2209.9813508898,5.35359164296186,97.71146,13979.0,644.0,1.32224
Portugal,PT,2018,10283822.0,20997.7745987013,2.94628343449202,81.3243902439024,0.993715683468233,10.9,8.4,61.1233069673808,74.6609681487507,6.966,100.0,2140.97558921814,4.96972818082616,97.71146,22495.0,661.0,1.35078
Portugal,PT,2019,10286263.0,21569.1874752919,2.74568432648596,81.6756097560976,0.338178410046124,10.8,8.4,61.114927250613,75.3463779408712,6.422,100.0,2115.18570481977,4.51358282400518,97.71146,63031.0,703.0,1.39487
Portugal,PT,2020,10297081.0,19778.7139525722,-8.20463159324387,81.3292682926829,-0.0124383299576209,11.9,8.1,61.1042566768691,78.26166044,6.85,100.0,1957.30550192994,3.94717687468905,97.71146,54076.0,695.0,1.60979
Portugal,PT,2021,10361831.0,20747.6990734163,5.55875672070374,81.3780487804878,1.26565719069044,12.0,7.6,61.0951249296597,82.30902804,6.712,100.0,1943.29269675495,3.76014625214405,97.71146,69606.0,711.0,1.66711
Portugal,PT,2022,10434332.0,22042.8680283647,6.98584137580278,81.6317073170732,7.83269124233323,11.9,8.0,61.1259255772782,84.49690644,6.138,100.0,1949.86496103932,3.8017191709062,97.71146,68696.0,711.0,1.69051
Portugal,PT,2023,10578174.0,22417.1634060906,3.09998745904281,82.3292682926829,4.31128191898681,11.2,8.1,61.2048652633664,85.79012676,6.498,100.0,1853.15672016889,3.53665954067309,97.71146,29102.0,711.0,1.69491
Portugal,PT,2024,10694681.0,22663.993126225,2.21459232301109,82.3829268292683,2.41613187791876,11.1,7.9,61.3281907341332,88.48704454,6.5,100.0,1815.40132453961,3.32476489948602,97.71146,20648.0,711.0,1.69491
Romania,RO,1995,22684270.0,4572.25803354276,6.23351148371351,69.4560975609756,32.2424847257597,12.0,10.4,53.8985438392597,0.075,8.01,100.0,2054.45247554785,5.88105325849146,88.25397,-73779.0,1811.0,0.67472
Romania,RO,1996,22619004.0,4764.63682106299,3.90770208816159,69.1048780487805,38.8293013382852,12.7,10.2,53.677523113411,0.222,6.74,100.0,2115.50331778847,6.03747185331414,89.609,-70799.0,1831.0,0.67472
Romania,RO,1997,22553978.0,4546.66753054721,-4.8490627379703,69.0048780487805,154.763480436309,12.4,10.5,53.4454304223393,0.445,5.515,100.0,1990.18638099548,5.5121717330752,89.62818,-88734.0,1708.0,0.57451
Romania,RO,1998,22507344.0,4463.60791806212,-2.02981290571721,69.8073170731708,59.0965827541167,12.0,10.5,53.2201892003114,2.24,5.63,100.0,1825.71004452739,4.84219728458409,93.26019,-81366.0,1299.0,0.49541
Romania,RO,1999,22472040.0,4453.78126046181,-0.376660705758994,70.5121951219512,45.8037811326363,11.8,10.4,53.0197228815939,2.7,6.239,100.0,1613.96489981066,4.14686428112446,90.64489,-82590.0,1061.0,0.39832
Romania,RO,2000,22442971.0,4569.31124324524,2.4612634592269,71.1634146341463,45.6665940440238,11.4,10.4,52.8619549004535,3.61371729139783,6.969,94.4,1615.33488235312,4.34452283523425,90.57431,-92451.0,1003.0,0.36626
Romania,RO,2001,22131970.0,4875.30310600635,5.21813625673708,71.1609756097561,34.4770123493527,11.7,10.0,52.764808691157,4.53866902895312,6.561,94.6,1666.72400767413,4.71753757121485,90.88313,-91154.0,1128.0,0.39129
Romania,RO,2002,21730496.0,5248.54994632668,5.70299165043771,71.009756097561,22.5398862605386,12.4,9.7,52.7466427937759,6.58,8.112,94.9,1755.33108643191,4.75824850017229,93.7875,-106585.0,1478.0,0.37721
Romania,RO,2003,21574326.0,5410.30835796252,2.34114732919521,71.309756097561,15.2734889936255,12.4,9.8,52.8023493819682,8.9,6.95,95.1,1841.57433869048,4.99887690581852,97.4968,-107139.0,881.0,0.39708
Romania,RO,2004,21451748.0,6008.64048461485,10.4281130180976,71.5609756097561,11.8743635936399,12.1,10.1,52.9175295523808,15.0,7.719,95.3,1807.04208024679,4.92175276345778,98.9322,-117432.0,937.0,0.38942
Romania,RO,2005,21319685.0,6328.09022324183,4.6681480508487,71.9121951219512,9.01491283343835,12.3,10.4,53.074507031037,21.5,7.174,95.6,1808.18761844581,4.90116528457151,98.72153,-131176.0,916.0,0.41262
Romania,RO,2006,21193760.0,6876.77841417966,8.02881107599163,72.1634146341463,6.55851412276983,12.2,10.4,53.2566380678272,24.66,7.27,95.9,1881.71766548482,5.22993560368712,96.43218,-132777.0,814.0,0.45682
Romania,RO,2007,20882982.0,7483.97375820611,7.23380774362805,72.5658536585366,4.83732928313989,12.1,10.3,53.4472789126416,28.3,6.413,96.1,1900.48321448247,5.12802242514982,96.38199,-133089.0,827.0,0.51148
Romania,RO,2008,20537875.0,8318.00342795388,9.30746717077338,72.5658536585366,7.85080255714482,12.3,10.8,53.6297858153706,32.42,5.787,96.5,1925.09359481658,5.13050644236563,96.21719,-144368.0,995.0,0.55215
Romania,RO,2009,20367487.0,7924.87058070212,-5.51670615843011,73.309756097561,5.58742004264393,12.6,10.9,53.7875150259042,36.6,6.859,96.8,1707.81228256351,4.20729371276879,96.45166,-137953.0,1054.0,0.44393
Romania,RO,2010,20246871.0,7660.70667630517,-3.90581157302972,73.4585365853659,6.09141668601891,12.8,10.5,53.9038227941329,39.93,6.959,97.1,1724.69848692837,4.11641877898071,96.15625,-122364.0,1382.0,0.44657
Romania,RO,2011,20147528.0,8044.57194920892,4.49558909946313,74.409756097561,5.7892532881588,12.5,9.7,53.9608874244169,40.0099967810008,7.177,97.4,1771.70358553223,4.45806056206995,95.5897,-102769.0,1424.0,0.47457
Romania,RO,2012,20058035.0,8234.28553425194,1.90361696799603,74.4121951219512,3.33492267693442,12.7,10.0,53.9563092496073,45.8799942529424,6.794,97.8,1736.57620479665,4.36901221879411,94.38487,-37589.0,1022.0,0.46244
Romania,RO,2013,19983693.0,8287.95844089676,0.278771877470234,75.0634146341463,3.9847123554813,12.4,9.4,53.9101758034365,49.7645,7.096,98.1,1590.19381302075,3.9798049339529,92.76531333333334,-34910.0,993.0,0.39022
Romania,RO,2014,19908979.0,8661.47397274241,4.11600109267832,74.909756097561,1.06830987684298,12.8,10.0,53.8267187624053,54.0783206550943,6.802,98.4,1579.40659793132,3.96756659394738,91.14575666666667,-35448.0,952.0,0.38207
Romania,RO,2015,19815616.0,8977.01748158196,3.1570360543854,74.9121951219512,-0.594156437495203,13.2,10.2,53.7071839518893,55.7631556336233,6.812,98.8,1598.69179785792,4.0525613738175,89.5262,-35751.0,975.0,0.48796
Romania,RO,2016,19702267.0,9286.87678236598,2.85993252302089,75.209756097561,-1.54479666813897,13.1,10.4,53.5528171972639,59.5039512852713,5.901,99.1,1604.62335040687,3.99479410161277,87.4854,-33073.0,1005.0,0.48863
Romania,RO,2017,19588715.0,10106.2269557253,8.19547826641261,75.209756097561,1.3390212110439,13.4,10.8,53.3648643239046,63.7472821822484,4.927,100.0,1693.37364201715,4.17578692629915,85.70889,-33081.0,1098.0,0.50693
Romania,RO,2018,19473970.0,10714.1701157127,5.39452228185675,75.3585365853659,4.62548443137779,13.6,10.4,53.1445711571868,70.6812779273268,4.187,99.8,1717.11748022415,4.26219717910626,85.70889,-33018.0,1100.0,0.49698
Romania,RO,2019,19371648.0,11197.3162915853,3.96028958497598,75.6073170731707,3.82785432599438,13.4,10.3,52.8931835224862,73.6574757545465,3.912,100.0,1705.25777604649,4.18922540818417,85.70889,-27909.0,881.0,0.47491
Romania,RO,2020,19265250.0,10854.049431887,-3.59802546034757,74.2536585365854,2.63107311184743,15.5,10.3,52.611947245178,78.45526895,5.035,100.0,1669.6382293589,3.92941176470588,85.70889,-13202.0,817.0,0.46414
Romania,RO,2021,19122059.0,11546.3224998072,5.58735072538869,72.809756097561,5.05232876096582,17.5,10.1,52.2321512130811,83.5904265,5.59,100.0,1787.09564245924,4.22268857135102,85.70889,-17731.0,772.0,0.47108
Romania,RO,2022,19048502.0,12076.3033811896,4.18771305104109,75.1536585365854,13.7954887432521,14.3,9.4,52.1634832477272,85.50309124,5.614,100.0,1655.23818974845,3.97277959180202,85.70889,89076.0,772.0,0.46274
Romania,RO,2023,19061062.0,12340.8170509969,2.25773416555121,76.4048780487805,10.3971874764996,12.8,8.4,52.1645747011867,89.20335498,5.589,100.0,1600.61942333991,3.68569180458046,85.70889,-27780.0,772.0,0.51656
Romania,RO,2024,19051804.0,12459.9112061891,0.916003764382594,76.4585365853659,5.72140574354439,12.8,7.5,52.1674778928768,91.29048551,5.4,100.0,1600.61942333991,3.72055055783694,85.70889,-28466.0,772.0,0.51656
Saudi Arabia,SA,1995,13289245.0,23876.246129794,0.311708028499027,70.944,4.86843103056033,3.696,32.308,78.9202387655061,0.011,6.365,100.0,6316.7131696411,16.3409960460508,97.13673,160512.0,28.0,0.06233
Saudi Arabia,SA,1996,13831009.0,23699.1352161738,3.30468254228352,71.288,1.22206054877756,3.586,31.223,79.164642592198,0.0267,5.804,100.0,6494.45936719249,16.6669257463429,97.13673,160532.0,27.0,0.06233
Saudi Arabia,SA,1997,14374943.0,23406.0346643453,2.64731939948642,71.624,0.0571506050626489,3.491,30.276,79.3866214749866,0.0521,5.283,100.0,6019.93240274695,16.2238417223637,97.13673,160066.0,57.0,0.06233
Saudi Arabia,SA,1998,14922185.0,23179.8581162861,2.80381183998992,71.957,-0.37126675171199,3.407,29.509,79.5914231760733,0.101,4.752,100.0,6169.38088980637,16.7202591309517,97.13673,159898.0,45.0,0.06233
Saudi Arabia,SA,1999,15472075.0,22214.4256445476,-0.633393640920247,72.29,-1.33375489653896,3.328,28.542,79.7842954576591,0.494,4.346,100.0,6054.28343091785,16.4371876428986,97.13673,160263.0,72.0,0.06233
Saudi Arabia,SA,2000,16177722.0,22247.8566987439,4.71813422138024,72.607,-1.12499838517645,3.234,27.49,79.9704860819453,2.21069180908888,4.57,100.0,6516.00755562211,16.3953985610582,97.13673,468515.0,76.0,0.06233
Saudi Arabia,SA,2001,17041397.0,21193.0922894351,0.344593196175438,72.951,-1.12094804896791,3.103,25.528,80.155242811133,4.6810531658103,4.618,100.0,6348.58935367071,16.1835734476463,97.13673,484252.0,46.0,0.06233
Saudi Arabia,SA,2002,17910910.0,20025.4319998275,-0.688390130317757,73.296,0.247186492339686,2.992,23.767,80.3438134074234,6.38470501955932,5.265,100.0,6826.99573187577,16.3991276825131,97.13673,500508.0,61.0,0.06233
Saudi Arabia,SA,2003,18786767.0,20765.9387688082,8.76873381743964,73.657,0.612195358172966,2.899,22.302,80.5414456330177,8.00158289090878,5.563,100.0,6631.81585672969,16.4119297375647,97.13673,514606.0,56.0,0.06233
Saudi Arabia,SA,2004,19669480.0,21545.894988606,8.63100545880309,74.027,0.5155078977673,2.827,21.274,80.7542316538166,10.2345329969583,5.822,100.0,6375.54473048108,16.6257165924061,97.13673,523472.0,81.0,0.05315
Saudi Arabia,SA,2005,20559890.0,21838.1915349374,5.94489623934835,74.4,0.479231671630955,2.777,21.062,80.9775503092999,12.7050359882849,6.051,100.0,6447.07190249029,16.8475463633317,97.13673,518565.0,119.0,0.0423
Saudi Arabia,SA,2006,21459144.0,21616.3355772516,3.31348473625901,74.762,2.20902314069647,2.741,21.35,81.2008588083072,19.4595543513634,6.254,100.0,6605.44101687621,17.0903135744837,97.13673,504661.0,119.0,0.04245
Saudi Arabia,SA,2007,22368313.0,21196.7926036633,2.21365396372528,75.066,4.16782358431579,2.721,21.73,81.4230015549063,30.0,5.734,100.0,6696.94747279399,17.3405924711443,97.13673,489136.0,128.0,0.04521
Saudi Arabia,SA,2008,23287877.0,21629.8405734551,6.2379875365458,75.301,9.87024816760266,2.701,21.314,81.6441431042994,36.0,5.085,100.0,6980.05897029755,18.0563174565032,97.13673,491337.0,181.33333333333334,0.04902
Saudi Arabia,SA,2009,24217654.0,20577.5453445336,-1.06671711240203,75.447,5.0572227614833,2.693,20.802,81.8644480116889,38.0,5.377,100.0,7125.05300494705,18.3345628771474,97.13673,496229.0,234.66666666666669,0.07338
Saudi Arabia,SA,2010,23978487.0,21830.1424272816,5.0395150823517,75.616,5.33941733020905,2.668,20.127,82.0791668544465,41.0,5.55,100.0,7965.26121862505,20.3047423300728,97.13673,504955.0,288.0,0.884
Saudi Arabia,SA,2011,25091867.0,23314.5576023168,11.758820686671,75.808,5.8262163739404,2.642,20.324,82.2543876159947,47.5,5.77,100.0,7979.3799657336,20.2940259487267,97.12834,491253.0,347.0,0.88541
Saudi Arabia,SA,2012,26168861.0,23643.0358324647,5.76157382270968,76.09,2.86627029905053,2.593,20.387,82.4311918025358,54.0,5.622,100.0,7862.42354103658,20.6100945700312,99.85199,479206.0,419.0,0.85824
Saudi Arabia,SA,2013,27624004.0,23057.3494468535,2.94563789152025,76.517,3.51104209799866,2.506,19.712,82.6071884619102,60.5,5.6,100.0,7401.17130265584,19.8087286694572,97.8325,485794.0,491.0,0.79069
Saudi Arabia,SA,2014,28309273.0,23404.7306039825,4.02467158380668,77.116,2.24185348779063,2.392,19.822,82.7822571294871,64.713657369019,5.877,100.0,7959.81351652344,20.6973806780556,97.603985,469144.0,652.0,0.74576
Saudi Arabia,SA,2015,29816382.0,23256.1549553531,4.65512316652699,77.776,1.22269318552328,2.266,19.405,82.9562773406163,69.6162358014004,5.6,100.0,7786.91651664863,20.5071259148746,97.37547,465292.0,715.0,0.70083
Saudi Arabia,SA,2016,30954198.0,22783.0328538685,1.70404739202878,78.354,2.05347076823965,2.178,19.553,83.129128630626,74.8792746891625,5.6,99.9,7521.58911581712,19.6907023725829,97.54549,-26997.0,1070.0,0.6558999999999999
Saudi Arabia,SA,2017,30977355.0,23035.1199977707,1.18210705878283,78.721,-0.834845735027162,2.174,19.824,83.300690534822,94.1755996113911,5.89,100.0,7707.05632967392,19.4764691820848,95.77996,-920812.0,909.0,0.61097
Saudi Arabia,SA,2018,30196281.0,24393.5188306638,3.2269508901591,78.75,2.46594308994843,2.228,19.739,83.4708425884849,93.3100018480347,6.029,99.9,7650.76338796016,19.2090840590601,95.10772,-988751.0,1078.0,0.56604
Saudi Arabia,SA,2019,30063799.0,24905.6697428558,1.65158925617395,78.313,-1.19298644533328,2.295,18.075,83.6394643268678,95.7247355953812,5.636,100.0,7669.39905417665,19.2859458646594,95.10772,191582.0,1188.0,0.52111
Saudi Arabia,SA,2020,31552510.0,22827.671935548,-3.80478901996312,77.596,3.37234961012303,2.46,16.628,83.8064352851942,97.8623325,7.66,100.0,7172.00803547452,18.2902881577409,95.10772,-74725.0,1294.0,0.47618
Saudi Arabia,SA,2021,30784383.0,24922.6716948944,6.51959698325419,77.089,3.06328988941548,2.615,15.902,83.9716349986538,100.0,6.621,100.0,7467.02479068822,19.1759893319934,95.10772,-106287.0,1398.0,0.39379
Saudi Arabia,SA,2022,32175224.0,26706.917926066,12.0005874752929,77.31,2.47407371925372,2.57,15.217,84.1349430023993,100.0,5.589,100.0,7525.25321185534,19.282874301046,95.10772,977072.0,1398.0,0.41439
Saudi Arabia,SA,2023,33702731.0,25634.8237547841,0.542592439393161,78.732,2.32708518362706,2.34,16.415,84.2962388315415,100.0,4.008,100.0,7148.58725115291,18.8540744665469,95.10772,325691.0,1398.0,0.49487
Saudi Arabia,SA,2024,35300280.0,25123.0122060281,2.64893068308965,78.982,1.68792112375809,2.337,16.495,84.4554020211443,100.0,3.518,100.0,7148.58725115291,18.4845842582552,95.10772,122170.0,1398.0,0.63522
Singapore,SG,1995,3524506.0,30379.8991144598,7.17540112091071,76.2951219512195,1.72053384788524,4.8,15.6,100.0,2.87,3.3,100.0,5346.98780182868,11.7296438139132,99.98961,91947.0,145.0,1.31991
Singapore,SG,1996,3670704.0,31349.3171805131,7.47139086002002,76.5951219512195,1.38318052481876,4.7,15.2,100.0,8.35,3.57,100.0,5359.513368456,11.5838269716109,99.98961,102018.0,224.0,1.31991
Singapore,SG,1997,3796038.0,32835.2518506082,8.31620911124497,76.8975609756097,2.00358618538962,4.5,14.5,100.0,13.5,2.5,100.0,5818.45053429947,11.114667450642,99.98961,95241.0,288.0,1.41565
Singapore,SG,1998,3927213.0,31043.108180076,-2.19101500611274,77.3,-0.267502292876153,4.6,13.1,100.0,19.6,3.41,100.0,5083.35878222717,10.4558881832995,99.98961,51905.0,311.0,1.73708
Singapore,SG,1999,3958723.0,32557.0469904063,5.71837175710837,77.5512195121951,0.0167098337370727,4.5,12.8,100.0,24.2,4.85,100.0,4587.57994680042,10.4599892440062,99.98961,19681.0,374.0,1.81624
Singapore,SG,2000,4027887.0,34890.0811365168,9.03831632555163,77.9512195121951,1.36162392448456,4.5,13.7,100.0,36.0,3.7,100.0,4634.81368272521,11.3010369953278,99.98961,55218.0,516.0,1.81699
Singapore,SG,2001,4138012.0,33597.8690808226,-1.07086275100448,78.2512195121951,0.997197956155943,4.3,11.8,100.0,41.6704251756041,3.76,100.0,5146.02323865296,11.0938779297885,99.98961,45027.0,524.0,2.0093
Singapore,SG,2002,4175950.0,34598.8267483781,3.92336076702013,78.5512195121951,-0.391676866585049,4.4,11.4,100.0,47.0,5.65,100.0,5066.19603486754,10.8280032088507,99.98961,-40023.0,624.0,2.03282
Singapore,SG,2003,4114826.0,36709.7965038255,4.54825542643229,79.0390243902439,0.507905300237551,4.5,10.5,100.0,53.8379432881911,5.93,100.0,6217.05880619521,10.314555220561,99.98961,-30012.0,626.0,1.99679
Singapore,SG,2004,4166664.0,39856.6356222613,9.93998268434957,79.490243902439,1.66272719863072,4.4,10.3,100.0,62.0,5.84,100.0,7371.02793327917,10.6855268387372,99.98961,50487.0,641.0,2.07859
Singapore,SG,2005,4265762.0,41798.4880834671,7.36632239250758,79.990243902439,0.425106276569107,4.4,10.2,100.0,61.0,5.59,100.0,4925.75757554205,9.78289459186893,99.98961,92023.0,569.0,2.14806
Singapore,SG,2006,4401365.0,44159.4101820552,9.00676607871758,80.1414634146341,0.965657519018511,4.4,10.3,100.0,59.0,4.48,100.0,5128.30865666219,9.5355418148688,99.98961,135625.0,626.0,2.11656
Singapore,SG,2007,4588599.0,46178.8139470199,9.02151951268893,80.4414634146342,2.10980166714574,4.5,10.3,100.0,69.9,3.9,100.0,4537.4171693226,9.44913687162465,99.98961,192292.0,696.0,2.31986
Singapore,SG,2008,4839396.0,44601.5799302699,1.86348345462035,80.790243902439,6.63544058395309,4.4,10.2,100.0,69.0,3.96,100.0,4958.46248257993,8.86794550394306,99.98961,176182.0,793.0,2.59673
Singapore,SG,2009,4987573.0,43331.8746638962,0.127953382778088,81.2414634146342,0.589142019610516,4.3,9.9,100.0,69.0,5.86,100.0,5321.08304981114,8.77394676729544,99.98961,95841.0,750.0,2.1279
Singapore,SG,2010,5076732.0,48752.0515441859,14.5197497108994,81.5414634146342,2.82884527612958,4.4,9.3,100.0,71.0,4.12,100.0,4856.84920025022,9.62940332481604,99.98961,72571.0,895.0,1.92918
Singapore,SG,2011,5183688.0,50713.5326393594,6.21493416858989,81.7439024390244,5.25115624639373,4.5,9.5,100.0,71.0,3.89,100.0,4086.3260711538,9.90350885315629,99.98961,89856.0,1056.0,2.06955
Singapore,SG,2012,5312437.0,51679.352717333,4.43549759378537,81.9951219512195,4.58084479423094,4.5,10.1,100.0,72.0,3.72,100.0,4787.02308838074,9.44039430491129,99.98961,78501.0,1081.0,1.91833
Singapore,SG,2013,5399162.0,53298.9728558286,4.81763099120676,82.2463414634147,2.36439793742726,4.6,9.3,100.0,80.90209961,3.86,100.0,5273.75292208676,9.74704963473961,99.98961,52176.0,1143.0,1.92104
Singapore,SG,2014,5469724.0,54681.9336458253,3.93554027709007,82.4951219512195,1.03316955857629,4.7,9.8,100.0,79.0292358633435,3.74,100.0,4986.32779651842,9.84749870377372,99.98961,40154.0,1303.0,2.08228
Singapore,SG,2015,5535002.0,55645.6068614606,2.97679931634806,82.7439024390244,-0.521975611895763,4.8,9.7,100.0,79.0129570025584,3.79,100.0,5242.6504334371,9.9683071478565,99.98961,41852.0,1469.0,2.17445
Singapore,SG,2016,5607283.0,57076.5241936787,3.91095306322606,82.8463414634146,-0.529809760375464,4.8,9.4,100.0,84.4522678893074,4.08,100.0,5449.41985010808,9.44707088976961,99.98961,13737.0,1601.0,2.06892
Singapore,SG,2017,5612253.0,59493.3758595703,4.32679370770501,83.0951219512195,0.576763191179996,5.0,8.9,100.0,84.4522678893074,4.2,100.0,5799.39529471808,10.1364104576184,99.96919,-8880.0,1609.0,1.89683
Singapore,SG,2018,5638676.0,61101.5252578902,3.18660848474074,83.2975609756098,0.438784215129623,5.0,8.8,100.0,88.1656360313447,3.613,100.0,5692.66564748734,9.61426051080076,99.96919,21820.0,1575.0,1.80836
Singapore,SG,2019,5703569.0,61106.3119775351,1.15877947300108,83.5951219512195,0.567829988405447,5.0,8.8,100.0,88.9492526850762,3.1,100.0,5565.91519291042,9.79870673958709,99.96919,870.0,1727.0,1.88845
Singapore,SG,2020,5685807.0,59083.8574841572,-3.61084281729929,83.5439024390244,-0.172111865925382,5.2,8.5,100.0,92.00434653,4.1,100.0,5538.12371561154,9.4756645802434,99.96919,-145556.0,1778.0,2.15983
Singapore,SG,2021,5453566.0,67846.8565377728,10.1410845197192,83.0926829268293,2.31610315765146,5.8,8.6,100.0,96.92468156,4.64,100.0,5966.32763521289,10.2167829269876,99.96919,-44030.0,2024.0,1.93761
Singapore,SG,2022,5637022.0,68271.0897525302,4.01027884472296,82.8951219512195,6.13095418919732,6.3,7.9,100.0,95.95386476,3.591,100.0,5785.04367341681,9.99582758413928,99.96919,214842.0,2024.0,1.80821
Singapore,SG,2023,5917648.0,65976.7068036903,1.45026775889565,83.0975609756098,4.83372362825798,6.2,7.4,100.0,94.28518987,3.444,100.0,5282.7637359991,9.48033745839563,99.96919,26996.0,2024.0,1.80821
Singapore,SG,2024,6036860.0,68129.6960402288,5.3435120192366,83.3463414634146,2.38951123595017,6.0,7.4,100.0,94.37757178,2.737,100.0,5282.7637359991,9.75144363129176,99.96919,20011.0,2024.0,1.80821
South Africa,ZA,1995,44541554.0,4337.29729686998,3.10000000054411,61.603,8.68042421392631,8.92,25.612,53.2962166180026,0.677,22.705,57.6,2357.97344794861,7.30056477149405,89.7386,-98403.0,883.0,0.52694
South Africa,ZA,1996,45123018.0,4465.50649854807,4.29999999726792,61.079,7.35411972085333,9.103,24.857,53.5749191516739,0.842,22.5,57.6,2395.08882561738,7.45379442483213,89.88659,-193007.0,757.0,0.52694
South Africa,ZA,1997,45666838.0,4527.04992403877,2.60000000146347,60.538,8.59777611252274,9.282,23.909,54.0040163031993,1.63,22.549,69.4833526611328,2418.36525437478,7.69045800806266,90.03458,-98181.0,355.0,0.52694
South Africa,ZA,1998,46223880.0,4494.85711232358,0.50000000034143,59.912,6.88054521037351,9.586,23.151,54.6562438276427,2.91,22.739,64.9,2434.78353341314,7.72882761031744,90.18257,-82722.0,200.0,0.555765
South Africa,ZA,1999,46730335.0,4552.85007973031,2.39999999746338,59.19,5.18148905111697,9.975,22.7,55.4408521794673,4.12,22.884,71.331787109375,2365.70130153691,7.29218825416081,91.34268,-126011.0,138.0,0.5845899999999999
South Africa,ZA,2000,47159719.0,4700.87555500704,4.20000000067826,58.368,5.33895913599828,10.393,21.567,56.2589954883628,5.34855973203537,22.788,72.4,2269.37063464901,7.36397941641679,90.13609,-136794.0,895.0,0.613415
South Africa,ZA,2001,47566800.0,4786.482450463,2.70000000019104,57.161,5.70189483049608,11.074,21.266,57.0014339378269,6.34661931839768,22.652,70.2,2180.26593384169,7.51319828115408,91.01729,-60793.0,966.0,0.64224
South Africa,ZA,2002,48019415.0,4916.81498068625,3.70037440406668,55.58,9.494713780996,11.954,20.928,57.6723587528482,6.71032243705404,22.579,76.7,2072.05766349373,7.72131022420827,92.15813,50313.0,983.0,0.65937
South Africa,ZA,2003,48500348.0,5011.62223150169,2.94907546754213,54.245,5.67942414068799,12.831,21.388,58.3724341232066,7.00769172611251,22.679,78.8,2300.85052603256,8.11491084558816,93.51398,65604.0,922.0,0.6765
South Africa,ZA,2004,48991421.0,5187.35683424034,4.55455990721774,53.963,-0.692039437857687,13.103,22.136,59.0977390950102,8.4251186825406,22.567,80.6,2478.00378605228,8.69023374521021,94.32623,58924.0,956.0,0.72681
South Africa,ZA,2005,49490033.0,5406.07581377638,5.27705197295467,53.914,2.06285308223427,13.333,22.718,59.8241758378997,7.48854252992921,22.472,80.8,2374.43550245537,8.81501533854301,94.48742,31286.0,1003.0,0.77024
South Africa,ZA,2006,49998277.0,5650.9883176549,5.60380645895889,54.22,3.2439076541923,13.392,23.144,60.5276465215157,7.60713967477381,22.304,80.7,2397.99082240112,8.81243167639557,94.603229,33159.0,866.0,0.80291
South Africa,ZA,2007,50528584.0,5891.42069421698,5.36047405394162,54.948,6.17781214809388,13.122,23.088,61.1840533154988,8.06537517355504,22.26,82.0,2576.78503956652,9.10281000552084,94.719038,36339.0,915.0,0.79364
South Africa,ZA,2008,51114599.0,6009.71963138635,3.1910438863288,55.982,9.90998456005467,12.683,24.33,61.7692983894896,8.43,22.407,81.9,2738.08467369962,9.54569945858325,94.834847,36869.0,860.0,0.80567
South Africa,ZA,2009,51728516.0,5847.05811084505,-1.53808913525583,57.413,7.23809523809527,12.067,22.779,62.2592839131287,10.0,23.523,82.6,2735.00618529644,8.83353970564321,94.950656,41528.0,822.0,0.74993
South Africa,ZA,2010,52344051.0,5953.94506512821,3.03973288127956,58.886,4.06749555950263,11.349,22.178,62.6299120560569,24.0,24.683,82.8,2518.44190314477,8.87117430020844,95.066465,68563.0,821.0,0.66284
South Africa,ZA,2011,52995205.0,6067.12482726885,3.16855627858818,60.602,5.0008533879502,10.721,22.075,62.850627754452,33.97,24.639,83.6,2536.41417638413,8.37758623633968,95.182274,65166.0,656.0,0.66753
South Africa,ZA,2012,53782567.0,6121.55783860713,2.39623238465745,61.737,5.73797139141739,10.149,22.118,62.9616560303263,41.0,24.727,85.2,2394.39798705356,8.57667504044573,95.298083,264091.0,608.0,0.66934
South Africa,ZA,2013,54678791.0,6170.87670863373,2.48546800826588,62.388,5.78016910069176,9.962,21.894,63.0524024097034,46.5,24.561,85.2,2341.17923180198,8.68872722515024,95.413892,232230.0,638.0,0.6633
South Africa,ZA,2014,55594838.0,6155.00589462516,1.41382645223793,63.184,6.13282953059149,9.647,21.784,63.1352327065742,49.0,24.89,85.9,2438.67891656885,8.75262375978144,95.529701,272697.0,802.0,0.70987
South Africa,ZA,2015,56723537.0,6112.27382485974,1.32186223678229,64.053,4.51869094892506,9.217,21.007,63.2096349937231,51.91910172,25.149,85.3,2257.19467617813,8.14948651738695,95.64551,641150.0,889.0,0.73147
South Africa,ZA,2016,57259551.0,6095.295060428,0.664552307858116,64.749,6.60290842394872,9.069,20.27,63.2750973439347,54.0,26.536,83.9,2311.76901865151,8.03701551903542,94.04744500000001,-879235.0,704.0,0.74992
South Africa,ZA,2017,57635162.0,6125.6920507497,1.15794695181735,65.422,5.18618655524149,8.83,20.038,63.3311078299936,56.16740036,27.035,84.4,2283.45815447669,8.14751418587147,92.44938,343146.0,728.0,0.76257
South Africa,ZA,2018,58613001.0,6117.2701406047,1.55678384721676,65.726,4.50987264867388,8.789,19.85,63.3771545246841,62.40000153,26.906,84.7,2184.87777550689,8.077016906198,92.44938,318260.0,657.0,0.68586
South Africa,ZA,2019,59587885.0,6032.82972598668,0.25993557687633,66.071,4.10285075461156,8.75,19.694,63.4127255007908,69.69689941,28.468,85.0,2231.91074710296,8.01412233375962,92.44938,331124.0,567.0,0.61304
South Africa,ZA,2020,60562381.0,5569.58483319272,-6.1689177146757,65.15,3.23238831615113,9.683,19.522,63.4373088310982,72.1128006,29.217,90.0,2037.46194166103,7.4445834618028,92.44938,369901.0,542.0,0.60296
South Africa,ZA,2021,61502603.0,5750.90937479584,4.85864865060148,62.01,4.61874544887136,11.933,19.354,63.4503925883909,74.96859741,34.007,89.3,2124.62297436572,7.29340675223128,92.44938,458246.0,1804.0,0.6139
South Africa,ZA,2022,62378410.0,5786.86505344736,2.05813661692193,65.454,7.03987272546482,9.402,19.079,63.4766699210327,78.29319763,33.268,86.5,1938.30644693274,6.88263936192025,92.44938,233284.0,1804.0,0.61479
South Africa,ZA,2023,63212384.0,5756.55049453121,0.80610455095804,66.139,6.0752438457966,9.239,18.775,63.5823705163545,78.33670044,32.098,87.7,1938.50916018053,6.75922774879049,92.44938,228222.0,1804.0,0.61479
South Africa,ZA,2024,64007187.0,5715.47531469148,0.534843531905139,66.312,4.36115246518962,9.237,18.48,63.6917984858172,78.35759735,32.279,90.2,1938.50916018053,6.87684962627712,92.44938,166972.0,1804.0,0.61479
Spain,ES,1995,39724050.0,20217.9031940372,2.75749400293542,77.9807317073171,4.67380337624701,8.7,9.1,75.588297274636,0.381,22.675,100.0,2537.01654979213,6.4205210697298,99.95766,162434.0,2047.0,0.78795
Spain,ES,1996,39889852.0,20658.8402775701,2.60741117110229,78.1204878048781,3.55884559338561,8.8,9.1,75.6972244638181,1.33,22.142,100.0,2489.29122824676,6.1368590688178,99.94339,162704.0,2274.0,0.78795
Spain,ES,1997,40057389.0,21310.4311888986,3.58729972356299,78.6041463414634,1.97107395582926,8.7,9.2,75.804258976453,2.8,20.698,100.0,2634.70993203434,6.59031471072665,99.93531,165345.0,2237.0,0.77825
Spain,ES,1998,40223509.0,22135.4045018802,4.30197745333581,78.6658536585366,1.83432999908414,9.0,9.1,75.9145056905294,4.36,18.673,100.0,2756.25615027943,6.77741218450136,99.92459111111111,182926.0,2271.0,0.8487
Spain,ES,1999,40386875.0,23017.838771323,4.40886545305924,78.7170731707317,2.31034813987063,9.2,9.4,76.0330694840356,7.09,15.475,100.0,2878.01236592727,7.29748464074034,99.91387222222222,178559.0,2439.0,0.83921
Spain,ES,2000,40567864.0,24106.8818529374,5.20064125553942,78.9658536585366,3.43351563418764,8.9,9.8,76.1650552349602,13.6249608089899,13.785,100.0,2991.49306471374,7.64971752025199,99.90315333333334,176269.0,2710.0,0.88315
Spain,ES,2001,40850412.0,24878.3784543991,3.91908880808811,79.3682926829268,3.58983413338117,8.8,9.9,76.3156889510385,18.1487226902932,10.348,100.0,3048.84384472463,7.60182785916578,99.89243444444445,181307.0,2528.0,0.88838
Spain,ES,2002,41431558.0,25205.3154769045,2.75545611564098,79.5682926829268,3.06565685902211,8.8,10.1,76.4934217249538,20.39,11.146,100.0,3095.99686843763,7.93091826283723,99.88171555555556,737880.0,2763.0,0.95947
Spain,ES,2003,42187645.0,25481.1653690112,2.9392895953076,79.619512195122,3.03888839396661,9.1,10.4,76.709335590859,39.93,11.283,100.0,3145.4023925367,7.96364196200096,99.87099666666667,658428.0,2813.0,1.0232
Spain,ES,2004,42921895.0,25825.3106463315,3.1145314799161,79.8707317073171,3.03924881090924,8.6,10.6,76.9549627547133,44.01,11.09,100.0,3226.28942874321,8.21253115688392,99.86027777777778,661158.0,2871.0,1.04013
Spain,ES,2005,43653155.0,26294.447384391,3.5512255846125,80.1707317073171,3.36881409750383,8.8,10.6,77.2206801920294,47.88,9.146,100.0,3239.54436471806,8.42628442319919,99.8495588888889,629803.0,3040.0,1.09866
Spain,ES,2006,44397319.0,26899.0921497113,4.04343515605099,80.8219512195122,3.51557576832123,8.3,10.8,77.4968648783202,50.37,8.452,100.0,3190.72627710892,8.07106843546116,99.83884,659720.0,3111.0,1.17567
Spain,ES,2007,45226803.0,27338.79541774,3.53350013165972,80.8731707317073,2.7867974580495,8.5,10.9,77.7738937890987,55.11,8.232,100.0,3168.95970956596,8.21432370534791,99.80584428571429,772317.0,3267.0,1.23823
Spain,ES,2008,45954106.0,27112.526293889,0.767165748290694,81.1756097560976,4.0753433595734,8.4,11.3,78.0421438998777,59.6,11.254,100.0,3015.00798974738,7.40131034210523,99.77284857142858,434135.0,3632.0,1.32156
Spain,ES,2009,46362946.0,25860.8142592652,-3.76813306940053,81.4756097560976,-0.287813083535241,8.3,10.6,78.2919921861701,62.4,17.857,100.0,2749.85548907362,6.47936608687463,99.73985285714286,129557.0,3596.0,1.35898
Spain,ES,2010,46576897.0,25766.2515825743,0.0941223116369514,81.6268292682927,1.79986457728769,8.2,10.4,78.5138156234888,65.8,19.86,100.0,2735.18257337486,6.17799635729276,99.70685714285715,69406.0,3566.0,1.35436
Spain,ES,2011,46742697.0,25510.5579678829,-0.639920636520344,82.4756097560976,3.19610188833792,8.3,10.1,78.695397956495,67.0899993926581,21.39,100.0,2684.34318918947,6.19393014485236,99.67386142857143,60761.0,3430.0,1.32726
Spain,ES,2012,46773055.0,24763.568274484,-2.86511368637748,82.4268292682927,2.44612782366809,8.6,9.7,78.8455680301618,69.8099999420024,24.789,100.0,2677.18038552382,6.09265740713323,99.64086571428572,-153486.0,3266.0,1.29268
Spain,ES,2013,46604197.0,24498.5559507945,-1.42732224757626,83.0780487804878,1.40858109183009,8.3,9.1,78.9858086902112,71.635,26.094,100.0,2506.25540520067,5.5007234648845,99.60787,-250741.0,3026.0,1.26864
Spain,ES,2014,46460733.0,24947.8512505913,1.52048593647231,83.2292682926829,-0.151114837527235,8.5,9.2,79.1196713833488,76.1867089778712,24.441,100.0,2458.57177736167,5.49369292128904,99.52396,-97870.0,2953.0,1.23401
Spain,ES,2015,46422303.0,25982.4416197775,4.06086672473866,82.8317073170732,-0.500365709903243,9.1,9.0,79.2454892743023,78.6896318703515,22.057,100.0,2552.40125248088,5.84933711711804,99.4684,-1979.0,2799.0,1.21165
Spain,ES,2016,46458139.0,26719.2442268615,2.91515598595787,83.3292682926829,-0.202598000426358,8.8,8.8,79.3615955277997,80.5613329432179,19.635,100.0,2563.00704379932,5.66204126256542,98.85537,106474.0,2745.0,1.1808
Spain,ES,2017,46571232.0,27426.281015093,2.89604207865007,83.2829268292683,1.95607633363954,9.1,8.4,79.4663233085683,84.6022457016524,17.224,100.0,2690.49733287835,5.97761510797052,97.34257,201135.0,2167.0,1.20198
Spain,ES,2018,46782011.0,27956.7225466484,2.39541124478878,83.4317073170732,1.67498136863799,9.1,7.9,79.5580057813361,86.107235525659,15.255,100.0,2666.26079715432,5.80969253331158,97.34257,337467.0,1525.0,1.23288
Spain,ES,2019,47118501.0,28301.4393949563,1.96117850841711,83.8317073170732,0.699518994458648,8.8,7.6,79.6349761108307,90.718665325267,14.104,100.0,2573.90442450746,5.3981216422823,97.34257,464783.0,1288.0,1.24207
Spain,ES,2020,47359424.0,25077.019882928,-10.9400706350371,82.2317073170732,-0.322753017299649,10.4,7.2,79.6955674617799,93.20564892,15.532,100.0,2303.51311623486,4.52823497177668,97.34257,236854.0,1431.0,1.39637
Spain,ES,2021,47443821.0,26705.3629138959,6.68314420473001,83.1780487804878,3.09313511976402,9.5,7.1,79.7846242983598,93.89752157,14.914,100.0,2422.46704705393,4.91513320564969,97.34257,144385.0,1308.0,1.39617
Spain,ES,2022,47786102.0,28203.1093419474,6.37031712129601,83.1341463414634,8.39057634118637,9.7,6.9,79.9548794567814,94.4855432,13.033,100.0,2408.92811488939,4.99422196018416,97.34257,299779.0,1308.0,1.40684
Spain,ES,2023,48352528.0,28558.6319817501,2.46085796805582,83.9341463414634,3.53236133492433,9.0,6.6,80.128491001856,95.44564516,12.179,100.0,2293.70814634203,4.57046216901007,97.34257,119099.0,1308.0,1.49362
Spain,ES,2024,48848840.0,29245.2192451729,3.45525405630191,83.8878048780488,2.747147886618,8.9,6.5,80.315199821207,95.7574516,11.4,100.0,2303.6111637731,4.50540688376633,97.34257,111674.0,1308.0,1.49362
Sweden,SE,1995,8826939.0,35064.4138802129,4.09438992772475,78.7404878048781,2.455148578184,10.6,11.7,83.9000015258789,5.1,8.897,100.0,5701.87027966891,7.09672968171639,98.83807,11621.0,3941.0,3.27265
Sweden,SE,1996,8840998.0,35605.4537507466,1.70471985374236,78.9590243902439,0.533131978766238,10.6,10.8,83.9365712484942,9.04,9.547,100.0,5824.79922638629,7.66378411125079,99.80345,5773.0,4111.0,3.27265
Sweden,SE,1997,8846062.0,36675.7506543343,3.06499186399252,79.1975609756098,0.658410256243526,10.6,10.2,83.96246905017,23.7,10.359,100.0,5683.45838854063,6.98574122586977,99.82815,6047.0,4130.0,3.27265
Sweden,SE,1998,8850974.0,38211.7233090832,4.24583179417877,79.3390243902439,-0.267132668354971,10.5,10.1,83.9840819295031,33.5,8.941,100.0,5783.40686535687,7.11836911960198,99.79917,11325.0,3972.0,3.32545
Sweden,SE,1999,8857874.0,39786.0271902555,4.20111929805536,79.4414634146342,0.462175756339138,10.7,10.0,84.00779688509,41.4,7.607,100.0,5675.23773166234,6.9638944965801,99.77019,13940.0,4142.0,3.37825
Sweden,SE,2000,8872109.0,41561.7747635857,4.63112136551369,79.6439024390244,0.899143734041715,10.5,10.2,84.0400009155273,45.6876522122282,5.466,100.0,5375.75151158851,6.53554865027019,99.42556,24900.0,4224.0,3.6252
Sweden,SE,2001,8895960.0,42014.4022302506,1.36080642694121,79.7951219512195,2.40595834145436,10.5,10.3,84.0827152824223,51.7656649372808,4.73,100.0,5701.68206771918,6.52637826608933,99.725,28856.0,3926.0,3.87215
Sweden,SE,2002,8924958.0,42831.7584103774,2.27772867861897,79.8463414634146,2.15848213589266,10.6,10.7,84.1342508376823,70.57,4.965,100.0,5826.34189342548,6.65422739244263,99.52891,31364.0,3358.0,3.727225
Sweden,SE,2003,8958229.0,43475.3655433221,1.88102769675844,80.0951219512195,1.92565534892383,10.4,11.1,84.1954289653543,79.13,5.555,100.0,5676.54834518443,6.65964221276326,99.10242,29161.0,3025.0,3.5823
Sweden,SE,2004,8993531.0,45114.6701230708,4.17958419343711,80.4975609756098,0.373659828721824,10.1,11.2,84.2670710494849,83.89,6.693,100.0,5872.97554411383,6.45636291240893,96.88686,25842.0,2768.0,3.36628
Sweden,SE,2005,9029572.0,46189.6828420555,2.79313782840156,80.5463414634146,0.453170852576138,10.2,11.2,84.3499984741211,84.83,7.81,100.0,5711.64214196537,6.03944461597958,95.39294,27030.0,2522.0,3.3641
Sweden,SE,2006,9080505.0,48078.3520110084,4.67607488877992,80.7487804878049,1.36021468627693,10.0,11.7,84.4553200620359,87.76,7.066,100.0,5532.76265714386,6.06777926998554,95.0788,51675.0,2446.0,3.47963
Sweden,SE,2007,9148092.0,49262.152916545,3.22486814096095,80.9,2.21216883436733,10.0,11.7,84.5906875454778,82.01,6.161,100.0,5464.45613719356,5.77642857111625,96.25158,54907.0,2527.0,3.24176
Sweden,SE,2008,9219637.0,48428.6587081751,-0.923113250067971,81.1,3.43704910602875,9.9,11.9,84.7517366727063,90.0,6.235,100.0,5383.76479707233,5.60895184918886,98.43535,56452.0,2549.0,3.49083
Sweden,SE,2009,9298515.0,45974.3911151254,-4.25561384207619,81.3512195121951,-0.494460544378051,9.7,12.0,84.9341031919813,91.0,8.351,100.0,4891.39219246248,5.04604229815191,99.3342,63638.0,2186.0,3.41266
Sweden,SE,2010,9378126.0,48205.5492512742,5.75076477579255,81.4512195121951,1.15798802715626,9.6,12.3,85.1334228515625,90.0,8.61,100.0,5443.32366800687,5.63902638970728,99.38254,51175.0,2196.0,3.18756
Sweden,SE,2011,9449213.0,49356.5905257047,3.16388567406926,81.8024390243903,2.9611507382214,9.5,11.8,85.3600748880524,92.7699860554046,7.804,100.0,5281.40096330574,5.12869166987769,99.47878,46049.0,2004.0,3.20686
Sweden,SE,2012,9519374.0,48789.7906883637,-0.414397702454409,81.7048780487805,0.888377506923735,9.7,11.9,85.6250668883122,93.1799880065108,7.976,100.0,5295.92806615816,4.80375075083719,99.60119,52879.0,2288.0,3.24636
Sweden,SE,2013,9600379.0,48928.4994141291,1.13766671801426,81.9560975609756,-0.044292970148682,9.4,11.8,85.9249771259894,94.7836,8.052,100.0,5178.9349383913,4.579871273832,99.67041,66760.0,2332.0,3.27557
Sweden,SE,2014,9696110.0,49557.6183647959,2.29577238758284,82.2536585365854,-0.179638494114635,9.2,11.9,86.2563838747314,92.5236065037579,7.954,100.0,4997.87990362276,4.41199615103377,99.70495,77654.0,1984.0,3.12457
Sweden,SE,2015,9799186.0,51188.1652120493,4.38824673608589,82.2048780487805,-0.0467847449832812,9.3,11.7,86.6158654081858,90.6101966398616,7.432,100.0,4573.58907986933,4.37800649972355,99.6353,80534.0,2038.0,3.24088
Sweden,SE,2016,9923085.0,51626.3235312369,2.13117914731151,82.3073170731707,0.984269244577992,9.2,11.8,87.0,89.6509476102355,6.99,100.0,4858.89940544006,4.2819344992006,99.60466,119234.0,2032.0,3.25643
Sweden,SE,2017,10057698.0,51894.3748177808,1.88282184966646,82.409756097561,1.79449904665599,9.1,11.5,87.237373786911,93.0062669652127,6.718,100.0,4926.81117539334,4.15961982553065,99.42418,102671.0,1992.0,3.39374
Sweden,SE,2018,10175214.0,52203.0872589761,1.7702553546772,82.5585365853659,1.95353530127028,9.1,11.4,87.4737430925296,89.2469631588137,6.365,100.0,4966.26111814633,3.89655686848453,99.42418,87517.0,1838.0,3.34602
Sweden,SE,2019,10278887.0,53024.4099494317,2.60823012869524,83.109756097561,1.78415097403835,8.6,11.1,87.7088420242759,94.4934434072202,6.833,100.0,4781.87568337501,3.8423518032643,99.42418,72619.0,1802.0,3.39847
Sweden,SE,2020,10353442.0,51624.5811789573,-1.93379704032216,82.3560975609756,0.497367318853572,9.5,10.9,87.9424046895699,94.53943122,8.291,100.0,4284.99805555044,3.67402454179006,99.42418,37302.0,1764.0,3.50181
Sweden,SE,2021,10415811.0,53997.1337068799,5.2258643028773,83.0560975609756,2.16319736447143,8.8,11.0,88.1741651958315,94.6703163,8.803,100.0,4558.74420693219,3.88625523254982,99.42418,51947.0,1771.0,3.41565
Sweden,SE,2022,10486941.0,54304.1877501033,1.25543620445816,83.0585365853659,8.36929098869189,9.0,10.0,88.4038576504809,95.00970335,7.417,100.0,4323.66572139304,3.59996303974629,99.42418,58955.0,1771.0,3.47239
Sweden,SE,2023,10536632.0,53937.7967122429,-0.204061304891439,83.309756097561,8.5486248974891,9.0,9.5,88.631216160938,95.70327461,7.611,100.0,4288.83333908122,3.4800778844701,99.42418,55209.0,1771.0,3.59978
Sweden,SE,2024,10569709.0,54316.2619329718,1.01779633304398,84.0634146341463,2.83581658224034,8.6,9.3,88.8559748346228,95.52930428,8.4,100.0,4308.30881527016,3.57381645984766,99.42418,50115.0,1771.0,3.59978
United Arab Emirates,AE,1995,2434662.0,62393.299324125,6.68766930139498,71.392,12.2504202448139,2.85,18.739,78.2578079598212,0.103,1.8,100.0,11360.9014709113,31.7918873338476,88.89034,68938.0,25.0,0.47252
United Arab Emirates,AE,1996,2597564.0,61871.4211109814,5.79855087420329,71.82,12.2504202448139,2.754,17.339,78.2689693716933,0.375,1.836,100.0,11250.1691193254,31.1410228968372,86.05468,180296.0,25.0,0.47252
United Arab Emirates,AE,1997,2817410.0,61715.5311994502,8.19026264308846,72.559,12.2504202448139,2.644,16.205,78.3820753836003,3.3,1.906,100.0,10941.7465226956,29.9216656432681,82.45285,183310.0,25.0,0.47252
United Arab Emirates,AE,1998,3040421.0,57355.8965054096,0.292226494694063,73.66,12.2504202448139,2.459,16.002,78.5955507596055,6.91,2.068,100.0,10375.285992572,28.4428044668814,82.99068,183329.0,25.0,0.47252
United Arab Emirates,AE,1999,3266009.0,54943.770569469,2.90205341564509,74.982,12.2504202448139,2.233,16.378,78.9002662187301,14.9,2.195,100.0,9839.14403490257,27.2970466401042,84.18033,180469.0,25.0,0.47252
United Arab Emirates,AE,2000,3493575.0,56939.3600767998,10.852837927302,76.347,12.2504202448139,2.004,16.314,79.287092479995,23.6253008751553,2.25,100.0,8956.94929901911,25.3198800655489,85.36998,178469.0,25.0,0.47252
United Arab Emirates,AE,2001,3723590.0,54169.4135701565,1.39892161061073,77.621,12.2504202448139,1.801,15.978,79.7469002624215,26.2717542010006,2.443,100.0,11703.2751045514,27.1939982651151,86.55963,178779.0,25.0,0.47252
United Arab Emirates,AE,2002,3956826.0,52216.8318338175,2.43337487237925,78.721,12.2504202448139,1.646,15.779,80.2705602850306,28.3164853110439,2.659,100.0,10866.2518811768,26.1619793238318,87.74928,178988.0,25.0,0.47252
United Arab Emirates,AE,2003,4192457.0,53619.1662875958,8.80057809996346,79.6,12.2504202448139,1.546,15.647,80.8489432668434,29.4779534120864,2.903,100.0,10102.2168560285,25.956044391153,88.93893,177237.0,25.0,0.47252
United Arab Emirates,AE,2004,4428967.0,55611.4376344125,9.56652626277928,80.272,12.2504202448139,1.49,15.115,81.4729199268812,30.1312961695367,2.965,100.0,9441.12715739602,25.9698706267172,90.12858,176319.0,25.0,0.47252
United Arab Emirates,AE,2005,4664790.0,55363.5818196998,4.85513657996815,80.779,12.2504202448139,1.471,14.343,82.2122832763517,40.0,3.12,100.0,9535.07550578601,26.2522643034306,91.31823,174926.0,25.0,0.47252
United Arab Emirates,AE,2006,5009100.0,56629.9713117545,9.83727922860218,81.155,12.2504202448139,1.444,12.292,82.5588968646829,52.0,2.964,100.0,9239.04144595382,25.3932243317163,92.50788,399306.0,25.0,0.47252
United Arab Emirates,AE,2007,5624635.0,52038.6229393122,3.18441281459761,81.438,12.2504202448139,1.34,11.127,82.758608500318,61.0,2.934,100.0,8929.1273242532,24.382755503246,93.69753,722380.0,25.0,0.47252
United Arab Emirates,AE,2008,6302664.0,47922.6941430472,3.19181235452885,81.591,12.2504202448139,1.205,9.999,82.9658963549658,63.0,2.818,100.0,9425.05532774732,26.0607102012736,93.605446,523207.0,25.0,0.47252
United Arab Emirates,AE,2009,6707058.0,42672.1946222627,-5.2429219073683,81.679,1.5618131744907,1.165,11.083,83.1701992996163,64.0,2.932,100.0,9445.23902000287,24.6511808903397,93.513362,163643.0,25.0,0.47252
United Arab Emirates,AE,2010,6869838.0,42328.84668186,1.60285004336325,81.886,0.877983288285867,1.073,11.249,83.3714299144178,68.0,2.798,100.0,8849.86287819387,25.0301244367043,93.421278,161842.0,25.0,0.47252
United Arab Emirates,AE,2011,7104538.0,43687.7919424546,6.73651167897515,81.898,0.87734659568512,1.027,11.372,83.5695007795347,78.0,2.587,100.0,8498.19879197847,24.9498559934509,93.329194,215183.0,33.0,0.47252
United Arab Emirates,AE,2012,7391448.0,43958.5779670713,4.68325642918792,81.913,0.662268900269009,1.033,11.678,83.7643244751488,84.9999915049492,2.323,100.0,8466.34602792332,25.0303188225095,93.23711,225921.0,23.0,0.54009
United Arab Emirates,AE,2013,7693031.0,44312.6320463505,4.9184505919085,81.95,1.1011183637571,1.033,11.819,83.9558135814626,88.0,2.125,100.0,8654.48549263775,25.3545579109196,95.444765,279269.0,21.0,0.60766
United Arab Emirates,AE,2014,8059440.0,44257.6652085451,4.63291785879667,81.99,2.34626865671643,1.014,11.471,84.1438806787019,90.4000107121939,1.999,100.0,9398.40039523838,24.5815838321273,97.65242,360174.0,29.0,0.67523
United Arab Emirates,AE,2015,8505237.0,44910.3458860776,7.08766622657654,82.076,4.06996608361593,1.021,11.02,84.3284383471193,90.5,1.793,100.0,9973.9828745403,24.3205333372838,99.89207,342468.0,35.0,0.86569
United Arab Emirates,AE,2016,8935095.0,45168.4955973912,5.65790147196586,82.195,1.61748808904198,1.007,10.747,84.5093991669984,90.6000073180483,1.64,100.0,10191.6184664294,23.7748451471417,99.40189,195317.0,57.0,0.9318
United Arab Emirates,AE,2017,9223225.0,43293.0202360765,-1.06137114472548,82.388,1.96682557818842,0.97,10.661,84.686675718659,94.8199225383446,2.462,100.0,8378.97733971587,22.1639068763908,98.74312,34155.0,63.0,1.097845
United Arab Emirates,AE,2018,9346701.0,43377.802601486,1.53720634021511,82.449,3.06863379251997,0.957,10.248,84.8601805824625,98.4500017817194,2.236,100.0,8363.00928463633,20.0375833141554,98.74312,14611.0,57.0,1.26389
United Arab Emirates,AE,2019,9445785.0,43468.4534705013,1.27129120536284,82.596,-1.93108114782173,0.958,10.094,85.0298263388195,99.1499979561243,2.331,100.0,8736.63609388178,20.945786930361,98.74312,-125186.0,55.0,1.31065
United Arab Emirates,AE,2020,9401038.0,39878.4663896389,-8.69343363776639,81.936,-2.07940317940944,1.118,10.465,85.1955255681984,100.0,4.294,100.0,8105.43812949633,20.8141058466097,98.74312,92541.0,39.0,1.48831
United Arab Emirates,AE,2021,9575152.0,40935.8915482084,4.55280140106356,79.083,0.179935336174431,1.258,9.279,85.3571908511355,100.0,3.105,100.0,8500.46410586578,20.8269278649571,98.74312,421663.0,69.0,1.49469
United Arab Emirates,AE,2022,10074977.0,41828.5686923546,7.51452414254605,80.487,5.29122604376849,1.18,9.295,85.5147347682487,100.0,2.872,100.0,8303.27667116047,19.3731459635094,98.74312,322773.0,69.0,1.49469
United Arab Emirates,AE,2023,10483751.0,41926.5773498407,4.30113648499413,82.909,1.62670837213248,0.932,9.774,85.6680699002526,100.0,2.151,100.0,9139.5423044996,18.3804823292732,98.74312,300004.0,69.0,1.49469
United Arab Emirates,AE,2024,10986400.0,41605.4138706908,3.99181200361831,83.069,1.66336510224894,0.972,9.819,85.8171088279791,100.0,2.16,100.0,9139.5423044996,18.2552064370494,98.74312,278439.0,69.0,1.49469
United States,US,1995,266278000.0,41710.8207256668,2.68443073970295,75.6219512195122,2.80541968853662,8.8,14.6,77.1977052961919,9.24,5.65,100.0,7760.89035266192,19.7968469043631,99.43481,1173016.0,123962.0,2.45013
United States,US,1996,269394000.0,42783.8165724095,3.77277269047364,76.0268292682927,2.93120419993441,8.8,14.4,77.6523401060025,16.4,5.451,100.0,7841.59288605808,20.1432633985909,99.43481,1141648.0,106892.0,2.45013
United States,US,1997,272657000.0,44151.6860410035,4.44712793442667,76.4292682926829,2.33768993730735,8.7,14.2,78.0855804195199,21.6,5.0,100.0,7825.23663798017,20.9036173654078,99.43481,1116922.0,119214.0,2.47714
United States,US,1998,275854000.0,45596.4306879224,4.48313335499124,76.5804878048781,1.55227909874364,8.6,14.3,78.4785364495296,30.1,4.511,100.0,7800.439490719,20.8257864667542,99.43481,1225134.0,134733.0,2.49621
United States,US,1999,279040000.0,47234.2455290381,4.78842504836746,76.5829268292683,2.18802719697358,8.6,14.2,78.812318408817,35.8,4.219,100.0,7920.05392329598,20.6489080418578,99.43481,1156311.0,149251.0,2.54362
United States,US,2000,282162411.0,48616.2546282435,4.07758575997799,76.6365853658537,3.37685727149929,8.5,14.4,79.0740897861327,43.0791626375201,3.992,100.0,8055.14548852416,21.0118753202743,99.43481,1248392.0,164795.0,2.61982
United States,US,2001,284968955.0,48597.4246124122,0.955538337599847,76.8365853658537,2.82617111885407,8.5,14.1,79.3086223667912,49.0808315896951,4.731,100.0,7824.24393877407,20.6255077855762,99.43481,1312455.0,177513.0,2.63715
United States,US,2002,287625193.0,48967.3661217576,1.70044733078285,76.9365853658537,1.58603162650601,8.5,14.0,79.5461039768657,58.7854038836952,5.783,100.0,7840.46095949898,19.9103793387111,99.43481,1336518.0,184245.0,2.54746
United States,US,2003,290107933.0,49905.5233080788,2.79560596378604,77.0365853658537,2.27009497336115,8.4,14.1,79.7773350255284,61.6971171244207,5.989,100.0,7791.30391526846,19.9681657791826,99.43481,1331376.0,188941.0,2.55014
United States,US,2004,292805298.0,51348.3473386025,3.84777169267127,77.4878048780488,2.67723669309172,8.2,14.0,79.9960936968363,64.7582564759896,5.529,100.0,7878.53717143427,20.0815597947275,99.43481,1313467.0,189536.0,2.48685
United States,US,2005,295516599.0,52649.5713060461,3.48354993710312,77.4878048780488,3.3927468454955,8.3,14.0,80.1961581748464,67.9681015,5.084,100.0,7843.3910574627,19.9249914215479,99.43481,1369224.0,207867.0,2.50192
United States,US,2006,298379912.0,53596.315236412,2.78453963674239,77.6878048780488,3.22594410070404,8.1,14.3,80.3713066436159,68.93119812,4.623,100.0,7694.40657948116,19.4048177077015,99.07472,1347750.0,221784.0,2.54545
United States,US,2007,301231207.0,54152.8292673551,2.0038583039496,77.9878048780488,2.85267248150138,8.0,14.3,80.5153172872016,75.0,4.622,100.0,7756.0141894981,19.4956606869752,98.71463,1371353.0,241347.0,2.61516
United States,US,2008,304093966.0,53703.962897927,0.113587247501258,78.0390243902439,3.839100296651,8.1,14.0,80.6219682896606,74.0,5.784,100.0,7484.83268900712,18.7089026291301,98.35454,1416841.0,231588.0,2.74481
United States,US,2009,306771529.0,51863.6183416558,-2.5765002366652,78.390243902439,-0.355546266299747,7.9,13.5,80.6850378350499,71.0,9.254,100.0,7053.35846690965,17.1890632001903,97.99445,1387306.0,224912.0,2.7918
United States,US,2010,309378227.0,52812.6829869279,2.69519258673525,78.5414634146342,1.6400434423899,7.995,13.0,80.6997744673366,71.69,9.633,100.0,7162.55933024159,17.847084306938,97.63436,1594453.0,241977.0,2.71443
United States,US,2011,311839461.0,53215.5362314388,1.56440685205419,78.6414634146341,3.156841568622,8.073,12.7,80.6957554256024,69.7294607619268,8.949,100.0,7009.64607964907,17.0203888981196,96.38975,1624033.0,247750.0,2.73803
United States,US,2012,314339099.0,54000.8410778217,2.28911339009767,78.7414634146342,2.06933726526067,8.102,12.6,80.6837493386238,74.7,8.069,100.0,6820.46062064875,16.1854221004814,97.26517,1632007.0,268782.0,2.67272
United States,US,2013,316726282.0,54728.860179812,2.11783009443471,78.7414634146342,1.46483265562717,8.215,12.4,80.660889281215,71.4,7.375,100.0,6888.38143742637,16.495975221911,97.50924,1663885.0,287831.0,2.69591
United States,US,2014,319257560.0,55665.2411187802,2.52381981757846,78.8414634146341,1.62222297740817,8.237,12.5,80.6242231779766,73.0,6.168,100.0,6915.64165280321,16.4248953102317,97.97434,1672598.0,285096.0,2.70882
United States,US,2015,321815121.0,56849.4697923159,2.94555045227337,78.690243902439,0.118627135552451,8.44,12.4,80.5707989535091,74.5542024462761,5.28,100.0,6789.64733291075,15.9501022949136,94.60023,1722127.0,288335.0,2.77328
United States,US,2016,324353340.0,57430.8499298804,1.81945147909089,78.5390243902439,1.26158320570536,8.493,12.2,80.4976645324131,85.5444212887222,4.869,100.0,6663.4963294418,15.5045482189269,99.64003,1889129.0,295327.0,2.83677
United States,US,2017,326608609.0,58435.9707535619,2.45762230126449,78.5390243902439,2.13011000365961,8.638,11.8,80.4018678392891,87.2748891687657,4.355,100.0,6590.83509745633,15.1847127213968,95.55776,1864738.0,293904.0,2.88315
United States,US,2018,328529577.0,59817.6556798612,2.96650506701943,78.6390243902439,2.44258329692817,8.678,11.6,80.2804567987377,88.498903165152,3.896,100.0,6738.27272433986,15.5796456645972,95.55776,1764961.0,285095.0,2.98956
United States,US,2019,330226227.0,61047.9648238812,2.58382533052225,78.7878048780488,1.81221007526021,8.697,11.4,80.1304793353594,89.4302848575712,3.669,100.0,6700.93033990565,15.0439662080505,95.55776,1774500.0,285113.0,3.14297
United States,US,2020,331578104.0,59533.609024416,-2.081375977796,76.9804878048781,1.23358439630629,10.27,10.9,79.997451762548,90.34470367,8.055,100.0,6141.5241450627,13.4715665664099,95.55776,329769.0,269586.0,3.41788
United States,US,2021,332100166.0,63096.7856149746,6.15202247867526,76.3292682926829,4.69785886363742,10.4,11.0,80.0074765140272,91.2684021,5.349,100.0,6445.82621225492,14.3160979329351,95.55776,674787.0,262244.0,3.4689
United States,US,2022,333996304.0,64322.2332819139,2.52421385073222,77.4341463414634,8.00279982052121,9.8,11.0,80.0324978239707,92.72850037,3.65,100.0,6512.09816744798,14.4186221294233,95.55776,1319009.0,262244.0,3.48736
United States,US,2023,336755052.0,65667.281580468,2.93436322440155,78.3853658536585,4.11633838374488,9.2,10.7,80.071561119178,93.52559662,3.638,100.0,6364.46726343838,13.7140258849034,95.55776,1322668.0,262244.0,3.44716
United States,US,2024,340003797.0,66856.5131698371,2.79318715363841,78.890243902439,2.94952520485207,9.0,10.6,80.1247798047184,94.69380188,4.022,100.0,6361.4447017904,13.6238622652793,95.55776,1286132.0,262244.0,3.44716
