"Estimates of the components of interprovincial migration, by age and gender, annual 1 2 3 4 5 6 7"
"Frequency: Annual"
"Table: 17-10-0015-01 (formerly CANSIM 051-0012)"
"Release date: 2025-09-24"
"Geography: Canada, Province or territory"
""
""

"Geography","Newfoundland and Labrador",,,,,,,,,,,,,,,,,,,,,,,,,,,,,,,,,,,,,,,,,,,,,,,,"Prince Edward Island",,,,,,,,,,,,,,,,,,,,,,,,,,,,,,,,,,,,,,,,,,,,,,,,"Nova Scotia",,,,,,,,,,,,,,,,,,,,,,,,,,,,,,,,,,,,,,,,,,,,,,,,"New Brunswick",,,,,,,,,,,,,,,,,,,,,,,,,,,,,,,,,,,,,,,,,,,,,,,,"Quebec",,,,,,,,,,,,,,,,,,,,,,,,,,,,,,,,,,,,,,,,,,,,,,,,"Ontario",,,,,,,,,,,,,,,,,,,,,,,,,,,,,,,,,,,,,,,,,,,,,,,,"Manitoba",,,,,,,,,,,,,,,,,,,,,,,,,,,,,,,,,,,,,,,,,,,,,,,,"Saskatchewan",,,,,,,,,,,,,,,,,,,,,,,,,,,,,,,,,,,,,,,,,,,,,,,,"Alberta",,,,,,,,,,,,,,,,,,,,,,,,,,,,,,,,,,,,,,,,,,,,,,,,"British Columbia",,,,,,,,,,,,,,,,,,,,,,,,,,,,,,,,,,,,,,,,,,,,,,,,"Yukon",,,,,,,,,,,,,,,,,,,,,,,,,,,,,,,,,,,,,,,,,,,,,,,,"Northwest Territories including Nunavut (Terminated) 10",,,,,,,,,,,,,,,,,,,,,,,,,,,,,,,,,,,,,,,,,,,,,,,,"Northwest Territories 11",,,,,,,,,,,,,,,,,,,,,,,,,,,,,,,,,,,,,,,,,,,,,,,,"Nunavut 11",,,,,,,,,,,,,,,,,,,,,,,,,,,,,,,,,,,,,,,,,,,,,,,
"Gender","Men+",,,,,,,,,,,,,,,,,,,,,,,,"Women+",,,,,,,,,,,,,,,,,,,,,,,,"Men+",,,,,,,,,,,,,,,,,,,,,,,,"Women+",,,,,,,,,,,,,,,,,,,,,,,,"Men+",,,,,,,,,,,,,,,,,,,,,,,,"Women+",,,,,,,,,,,,,,,,,,,,,,,,"Men+",,,,,,,,,,,,,,,,,,,,,,,,"Women+",,,,,,,,,,,,,,,,,,,,,,,,"Men+",,,,,,,,,,,,,,,,,,,,,,,,"Women+",,,,,,,,,,,,,,,,,,,,,,,,"Men+",,,,,,,,,,,,,,,,,,,,,,,,"Women+",,,,,,,,,,,,,,,,,,,,,,,,"Men+",,,,,,,,,,,,,,,,,,,,,,,,"Women+",,,,,,,,,,,,,,,,,,,,,,,,"Men+",,,,,,,,,,,,,,,,,,,,,,,,"Women+",,,,,,,,,,,,,,,,,,,,,,,,"Men+",,,,,,,,,,,,,,,,,,,,,,,,"Women+",,,,,,,,,,,,,,,,,,,,,,,,"Men+",,,,,,,,,,,,,,,,,,,,,,,,"Women+",,,,,,,,,,,,,,,,,,,,,,,,"Men+",,,,,,,,,,,,,,,,,,,,,,,,"Women+",,,,,,,,,,,,,,,,,,,,,,,,"Men+",,,,,,,,,,,,,,,,,,,,,,,,"Women+",,,,,,,,,,,,,,,,,,,,,,,,"Men+",,,,,,,,,,,,,,,,,,,,,,,,"Women+",,,,,,,,,,,,,,,,,,,,,,,,"Men+",,,,,,,,,,,,,,,,,,,,,,,,"Women+",,,,,,,,,,,,,,,,,,,,,,,
"Migrants","In-migrants",,,,,,,,,,,,,,,,,,,,,,,,"In-migrants",,,,,,,,,,,,,,,,,,,,,,,,"In-migrants",,,,,,,,,,,,,,,,,,,,,,,,"In-migrants",,,,,,,,,,,,,,,,,,,,,,,,"In-migrants",,,,,,,,,,,,,,,,,,,,,,,,"In-migrants",,,,,,,,,,,,,,,,,,,,,,,,"In-migrants",,,,,,,,,,,,,,,,,,,,,,,,"In-migrants",,,,,,,,,,,,,,,,,,,,,,,,"In-migrants",,,,,,,,,,,,,,,,,,,,,,,,"In-migrants",,,,,,,,,,,,,,,,,,,,,,,,"In-migrants",,,,,,,,,,,,,,,,,,,,,,,,"In-migrants",,,,,,,,,,,,,,,,,,,,,,,,"In-migrants",,,,,,,,,,,,,,,,,,,,,,,,"In-migrants",,,,,,,,,,,,,,,,,,,,,,,,"In-migrants",,,,,,,,,,,,,,,,,,,,,,,,"In-migrants",,,,,,,,,,,,,,,,,,,,,,,,"In-migrants",,,,,,,,,,,,,,,,,,,,,,,,"In-migrants",,,,,,,,,,,,,,,,,,,,,,,,"In-migrants",,,,,,,,,,,,,,,,,,,,,,,,"In-migrants",,,,,,,,,,,,,,,,,,,,,,,,"In-migrants",,,,,,,,,,,,,,,,,,,,,,,,"In-migrants",,,,,,,,,,,,,,,,,,,,,,,,"In-migrants",,,,,,,,,,,,,,,,,,,,,,,,"In-migrants",,,,,,,,,,,,,,,,,,,,,,,,"In-migrants",,,,,,,,,,,,,,,,,,,,,,,,"In-migrants",,,,,,,,,,,,,,,,,,,,,,,,"In-migrants",,,,,,,,,,,,,,,,,,,,,,,,"In-migrants",,,,,,,,,,,,,,,,,,,,,,,
"Age group 4 8 9","2001 / 2002","2002 / 2003","2003 / 2004","2004 / 2005","2005 / 2006","2006 / 2007","2007 / 2008","2008 / 2009","2009 / 2010","2010 / 2011","2011 / 2012","2012 / 2013","2013 / 2014","2014 / 2015","2015 / 2016","2016 / 2017","2017 / 2018","2018 / 2019","2019 / 2020","2020 / 2021","2021 / 2022","2022 / 2023","2023 / 2024","2024 / 2025","2001 / 2002","2002 / 2003","2003 / 2004","2004 / 2005","2005 / 2006","2006 / 2007","2007 / 2008","2008 / 2009","2009 / 2010","2010 / 2011","2011 / 2012","2012 / 2013","2013 / 2014","2014 / 2015","2015 / 2016","2016 / 2017","2017 / 2018","2018 / 2019","2019 / 2020","2020 / 2021","2021 / 2022","2022 / 2023","2023 / 2024","2024 / 2025","2001 / 2002","2002 / 2003","2003 / 2004","2004 / 2005","2005 / 2006","2006 / 2007","2007 / 2008","2008 / 2009","2009 / 2010","2010 / 2011","2011 / 2012","2012 / 2013","2013 / 2014","2014 / 2015","2015 / 2016","2016 / 2017","2017 / 2018","2018 / 2019","2019 / 2020","2020 / 2021","2021 / 2022","2022 / 2023","2023 / 2024","2024 / 2025","2001 / 2002","2002 / 2003","2003 / 2004","2004 / 2005","2005 / 2006","2006 / 2007","2007 / 2008","2008 / 2009","2009 / 2010","2010 / 2011","2011 / 2012","2012 / 2013","2013 / 2014","2014 / 2015","2015 / 2016","2016 / 2017","2017 / 2018","2018 / 2019","2019 / 2020","2020 / 2021","2021 / 2022","2022 / 2023","2023 / 2024","2024 / 2025","2001 / 2002","2002 / 2003","2003 / 2004","2004 / 2005","2005 / 2006","2006 / 2007","2007 / 2008","2008 / 2009","2009 / 2010","2010 / 2011","2011 / 2012","2012 / 2013","2013 / 2014","2014 / 2015","2015 / 2016","2016 / 2017","2017 / 2018","2018 / 2019","2019 / 2020","2020 / 2021","2021 / 2022","2022 / 2023","2023 / 2024","2024 / 2025","2001 / 2002","2002 / 2003","2003 / 2004","2004 / 2005","2005 / 2006","2006 / 2007","2007 / 2008","2008 / 2009","2009 / 2010","2010 / 2011","2011 / 2012","2012 / 2013","2013 / 2014","2014 / 2015","2015 / 2016","2016 / 2017","2017 / 2018","2018 / 2019","2019 / 2020","2020 / 2021","2021 / 2022","2022 / 2023","2023 / 2024","2024 / 2025","2001 / 2002","2002 / 2003","2003 / 2004","2004 / 2005","2005 / 2006","2006 / 2007","2007 / 2008","2008 / 2009","2009 / 2010","2010 / 2011","2011 / 2012","2012 / 2013","2013 / 2014","2014 / 2015","2015 / 2016","2016 / 2017","2017 / 2018","2018 / 2019","2019 / 2020","2020 / 2021","2021 / 2022","2022 / 2023","2023 / 2024","2024 / 2025","2001 / 2002","2002 / 2003","2003 / 2004","2004 / 2005","2005 / 2006","2006 / 2007","2007 / 2008","2008 / 2009","2009 / 2010","2010 / 2011","2011 / 2012","2012 / 2013","2013 / 2014","2014 / 2015","2015 / 2016","2016 / 2017","2017 / 2018","2018 / 2019","2019 / 2020","2020 / 2021","2021 / 2022","2022 / 2023","2023 / 2024","2024 / 2025","2001 / 2002","2002 / 2003","2003 / 2004","2004 / 2005","2005 / 2006","2006 / 2007","2007 / 2008","2008 / 2009","2009 / 2010","2010 / 2011","2011 / 2012","2012 / 2013","2013 / 2014","2014 / 2015","2015 / 2016","2016 / 2017","2017 / 2018","2018 / 2019","2019 / 2020","2020 / 2021","2021 / 2022","2022 / 2023","2023 / 2024","2024 / 2025","2001 / 2002","2002 / 2003","2003 / 2004","2004 / 2005","2005 / 2006","2006 / 2007","2007 / 2008","2008 / 2009","2009 / 2010","2010 / 2011","2011 / 2012","2012 / 2013","2013 / 2014","2014 / 2015","2015 / 2016","2016 / 2017","2017 / 2018","2018 / 2019","2019 / 2020","2020 / 2021","2021 / 2022","2022 / 2023","2023 / 2024","2024 / 2025","2001 / 2002","2002 / 2003","2003 / 2004","2004 / 2005","2005 / 2006","2006 / 2007","2007 / 2008","2008 / 2009","2009 / 2010","2010 / 2011","2011 / 2012","2012 / 2013","2013 / 2014","2014 / 2015","2015 / 2016","2016 / 2017","2017 / 2018","2018 / 2019","2019 / 2020","2020 / 2021","2021 / 2022","2022 / 2023","2023 / 2024","2024 / 2025","2001 / 2002","2002 / 2003","2003 / 2004","2004 / 2005","2005 / 2006","2006 / 2007","2007 / 2008","2008 / 2009","2009 / 2010","2010 / 2011","2011 / 2012","2012 / 2013","2013 / 2014","2014 / 2015","2015 / 2016","2016 / 2017","2017 / 2018","2018 / 2019","2019 / 2020","2020 / 2021","2021 / 2022","2022 / 2023","2023 / 2024","2024 / 2025","2001 / 2002","2002 / 2003","2003 / 2004","2004 / 2005","2005 / 2006","2006 / 2007","2007 / 2008","2008 / 2009","2009 / 2010","2010 / 2011","2011 / 2012","2012 / 2013","2013 / 2014","2014 / 2015","2015 / 2016","2016 / 2017","2017 / 2018","2018 / 2019","2019 / 2020","2020 / 2021","2021 / 2022","2022 / 2023","2023 / 2024","2024 / 2025","2001 / 2002","2002 / 2003","2003 / 2004","2004 / 2005","2005 / 2006","2006 / 2007","2007 / 2008","2008 / 2009","2009 / 2010","2010 / 2011","2011 / 2012","2012 / 2013","2013 / 2014","2014 / 2015","2015 / 2016","2016 / 2017","2017 / 2018","2018 / 2019","2019 / 2020","2020 / 2021","2021 / 2022","2022 / 2023","2023 / 2024","2024 / 2025","2001 / 2002","2002 / 2003","2003 / 2004","2004 / 2005","2005 / 2006","2006 / 2007","2007 / 2008","2008 / 2009","2009 / 2010","2010 / 2011","2011 / 2012","2012 / 2013","2013 / 2014","2014 / 2015","2015 / 2016","2016 / 2017","2017 / 2018","2018 / 2019","2019 / 2020","2020 / 2021","2021 / 2022","2022 / 2023","2023 / 2024","2024 / 2025","2001 / 2002","2002 / 2003","2003 / 2004","2004 / 2005","2005 / 2006","2006 / 2007","2007 / 2008","2008 / 2009","2009 / 2010","2010 / 2011","2011 / 2012","2012 / 2013","2013 / 2014","2014 / 2015","2015 / 2016","2016 / 2017","2017 / 2018","2018 / 2019","2019 / 2020","2020 / 2021","2021 / 2022","2022 / 2023","2023 / 2024","2024 / 2025","2001 / 2002","2002 / 2003","2003 / 2004","2004 / 2005","2005 / 2006","2006 / 2007","2007 / 2008","2008 / 2009","2009 / 2010","2010 / 2011","2011 / 2012","2012 / 2013","2013 / 2014","2014 / 2015","2015 / 2016","2016 / 2017","2017 / 2018","2018 / 2019","2019 / 2020","2020 / 2021","2021 / 2022","2022 / 2023","2023 / 2024","2024 / 2025","2001 / 2002","2002 / 2003","2003 / 2004","2004 / 2005","2005 / 2006","2006 / 2007","2007 / 2008","2008 / 2009","2009 / 2010","2010 / 2011","2011 / 2012","2012 / 2013","2013 / 2014","2014 / 2015","2015 / 2016","2016 / 2017","2017 / 2018","2018 / 2019","2019 / 2020","2020 / 2021","2021 / 2022","2022 / 2023","2023 / 2024","2024 / 2025","2001 / 2002","2002 / 2003","2003 / 2004","2004 / 2005","2005 / 2006","2006 / 2007","2007 / 2008","2008 / 2009","2009 / 2010","2010 / 2011","2011 / 2012","2012 / 2013","2013 / 2014","2014 / 2015","2015 / 2016","2016 / 2017","2017 / 2018","2018 / 2019","2019 / 2020","2020 / 2021","2021 / 2022","2022 / 2023","2023 / 2024","2024 / 2025","2001 / 2002","2002 / 2003","2003 / 2004","2004 / 2005","2005 / 2006","2006 / 2007","2007 / 2008","2008 / 2009","2009 / 2010","2010 / 2011","2011 / 2012","2012 / 2013","2013 / 2014","2014 / 2015","2015 / 2016","2016 / 2017","2017 / 2018","2018 / 2019","2019 / 2020","2020 / 2021","2021 / 2022","2022 / 2023","2023 / 2024","2024 / 2025","2001 / 2002","2002 / 2003","2003 / 2004","2004 / 2005","2005 / 2006","2006 / 2007","2007 / 2008","2008 / 2009","2009 / 2010","2010 / 2011","2011 / 2012","2012 / 2013","2013 / 2014","2014 / 2015","2015 / 2016","2016 / 2017","2017 / 2018","2018 / 2019","2019 / 2020","2020 / 2021","2021 / 2022","2022 / 2023","2023 / 2024","2024 / 2025","2001 / 2002","2002 / 2003","2003 / 2004","2004 / 2005","2005 / 2006","2006 / 2007","2007 / 2008","2008 / 2009","2009 / 2010","2010 / 2011","2011 / 2012","2012 / 2013","2013 / 2014","2014 / 2015","2015 / 2016","2016 / 2017","2017 / 2018","2018 / 2019","2019 / 2020","2020 / 2021","2021 / 2022","2022 / 2023","2023 / 2024","2024 / 2025","2001 / 2002","2002 / 2003","2003 / 2004","2004 / 2005","2005 / 2006","2006 / 2007","2007 / 2008","2008 / 2009","2009 / 2010","2010 / 2011","2011 / 2012","2012 / 2013","2013 / 2014","2014 / 2015","2015 / 2016","2016 / 2017","2017 / 2018","2018 / 2019","2019 / 2020","2020 / 2021","2021 / 2022","2022 / 2023","2023 / 2024","2024 / 2025","2001 / 2002","2002 / 2003","2003 / 2004","2004 / 2005","2005 / 2006","2006 / 2007","2007 / 2008","2008 / 2009","2009 / 2010","2010 / 2011","2011 / 2012","2012 / 2013","2013 / 2014","2014 / 2015","2015 / 2016","2016 / 2017","2017 / 2018","2018 / 2019","2019 / 2020","2020 / 2021","2021 / 2022","2022 / 2023","2023 / 2024","2024 / 2025","2001 / 2002","2002 / 2003","2003 / 2004","2004 / 2005","2005 / 2006","2006 / 2007","2007 / 2008","2008 / 2009","2009 / 2010","2010 / 2011","2011 / 2012","2012 / 2013","2013 / 2014","2014 / 2015","2015 / 2016","2016 / 2017","2017 / 2018","2018 / 2019","2019 / 2020","2020 / 2021","2021 / 2022","2022 / 2023","2023 / 2024","2024 / 2025","2001 / 2002","2002 / 2003","2003 / 2004","2004 / 2005","2005 / 2006","2006 / 2007","2007 / 2008","2008 / 2009","2009 / 2010","2010 / 2011","2011 / 2012","2012 / 2013","2013 / 2014","2014 / 2015","2015 / 2016","2016 / 2017","2017 / 2018","2018 / 2019","2019 / 2020","2020 / 2021","2021 / 2022","2022 / 2023","2023 / 2024","2024 / 2025","2001 / 2002","2002 / 2003","2003 / 2004","2004 / 2005","2005 / 2006","2006 / 2007","2007 / 2008","2008 / 2009","2009 / 2010","2010 / 2011","2011 / 2012","2012 / 2013","2013 / 2014","2014 / 2015","2015 / 2016","2016 / 2017","2017 / 2018","2018 / 2019","2019 / 2020","2020 / 2021","2021 / 2022","2022 / 2023","2023 / 2024","2024 / 2025","2001 / 2002","2002 / 2003","2003 / 2004","2004 / 2005","2005 / 2006","2006 / 2007","2007 / 2008","2008 / 2009","2009 / 2010","2010 / 2011","2011 / 2012","2012 / 2013","2013 / 2014","2014 / 2015","2015 / 2016","2016 / 2017","2017 / 2018","2018 / 2019","2019 / 2020","2020 / 2021","2021 / 2022","2022 / 2023","2023 / 2024","2024 / 2025"
,"Persons",,,,,,,,,,,,,,,,,,,,,,,,,,,,,,,,,,,,,,,,,,,,,,,,,,,,,,,,,,,,,,,,,,,,,,,,,,,,,,,,,,,,,,,,,,,,,,,,,,,,,,,,,,,,,,,,,,,,,,,,,,,,,,,,,,,,,,,,,,,,,,,,,,,,,,,,,,,,,,,,,,,,,,,,,,,,,,,,,,,,,,,,,,,,,,,,,,,,,,,,,,,,,,,,,,,,,,,,,,,,,,,,,,,,,,,,,,,,,,,,,,,,,,,,,,,,,,,,,,,,,,,,,,,,,,,,,,,,,,,,,,,,,,,,,,,,,,,,,,,,,,,,,,,,,,,,,,,,,,,,,,,,,,,,,,,,,,,,,,,,,,,,,,,,,,,,,,,,,,,,,,,,,,,,,,,,,,,,,,,,,,,,,,,,,,,,,,,,,,,,,,,,,,,,,,,,,,,,,,,,,,,,,,,,,,,,,,,,,,,,,,,,,,,,,,,,,,,,,,,,,,,,,,,,,,,,,,,,,,,,,,,,,,,,,,,,,,,,,,,,,,,,,,,,,,,,,,,,,,,,,,,,,,,,,,,,,,,,,,,,,,,,,,,,,,,,,,,,,,,,,,,,,,,,,,,,,,,,,,,,,,,,,,,,,,,,,,,,,,,,,,,,,,,,,,,,,,,,,,,,,,,,,,,,,,,,,,,,,,,,,,,,,,,,,,,,,,,,,,,,,,,,,,,,,,,
"All ages","4,680","4,958","4,457","4,349","4,416","4,220","4,995","5,276","4,648","3,988","4,160","3,700","3,560","3,509","3,315","2,667","2,626","2,439","2,741","2,682","3,974","3,700","3,596","3,005","4,104","4,240","3,940","3,864","3,879","4,186","4,764","4,986","4,350","3,797","4,013","3,583","3,434","3,503","3,285","2,733","2,561","2,475","2,784","2,732","3,986","3,813","3,656","3,072","1,267","1,316","1,256","1,232","1,252","1,202","1,348","1,236","1,316","1,209","1,282","1,127","1,073","1,167","1,425","1,595","1,594","1,892","2,498","2,006","2,606","2,594","2,395","2,203","1,372","1,370","1,314","1,305","1,208","1,283","1,473","1,286","1,393","1,285","1,338","1,167","1,125","1,200","1,449","1,529","1,599","1,670","2,002","1,840","2,634","2,708","2,344","2,189","8,306","8,487","7,641","7,587","7,572","7,350","8,031","7,590","7,547","7,152","7,072","6,408","6,701","6,838","7,653","7,688","7,652","7,748","9,468","9,677","12,559","11,311","11,975","8,288","8,025","8,199","7,446","7,453","7,491","7,564","7,959","7,877","7,625","7,401","7,338","6,222","6,701","7,016","7,454","7,651","7,857","8,009","9,444","9,369","12,948","11,485","12,006","8,459","5,971","5,743","5,521","5,460","5,265","5,581","5,945","5,725","5,536","5,086","5,067","4,371","4,609","4,656","5,270","5,212","5,436","5,493","6,074","6,262","8,967","8,093","8,362","6,156","5,739","5,490","5,169","5,144","4,921","5,429","5,732","5,543","5,347","5,081","4,977","4,146","4,446","4,528","4,978","4,924","5,273","5,328","5,807","5,842","9,309","8,106","8,060","6,157","12,509","12,448","12,162","11,659","10,228","9,876","10,129","10,257","10,607","9,959","10,162","8,412","8,202","8,450","9,897","10,018","10,606","11,019","12,928","11,179","14,456","13,228","13,006","11,356","11,979","11,824","11,565","11,074","9,736","9,821","9,973","10,050","10,441","9,925","10,017","8,467","8,334","8,161","9,362","9,513","10,171","10,446","12,267","10,917","14,531","13,066","12,909","11,296","35,128","32,484","28,720","30,012","28,123","29,158","30,673","28,769","29,683","29,048","30,160","26,939","28,809","31,609","36,655","36,560","35,587","34,568","38,470","29,335","39,470","38,715","34,948","32,898","34,955","31,752","28,466","29,480","27,625","29,633","31,045","28,689","30,058","29,269","30,299","27,739","28,606","31,265","35,135","35,157","34,331","32,412","36,718","27,108","37,920","37,893","34,182","32,052","7,047","6,922","6,769","6,177","5,781","6,227","6,420","6,113","5,988","5,542","5,737","5,060","4,679","4,988","5,629","5,316","4,732","4,745","5,367","6,913","7,937","7,078","6,247","6,436","6,913","6,785","6,532","6,003","5,663","6,263","6,291","5,803","5,798","5,543","5,706","4,928","4,773","5,034","5,365","5,034","4,846","4,682","5,009","5,883","7,269","6,551","5,997","6,094","7,373","7,682","7,365","6,885","6,913","9,429","10,317","9,335","8,868","8,551","10,072","8,952","8,565","7,976","7,855","6,788","5,824","5,570","5,818","5,428","7,137","7,481","8,819","7,865","7,225","7,490","7,186","6,546","6,822","9,608","9,880","8,792","8,369","8,051","9,314","8,030","7,806","7,370","7,405","6,342","5,813","5,530","5,847","5,511","7,486","7,567","8,525","7,911","40,093","33,578","31,830","43,024","49,372","53,133","45,757","40,908","30,026","33,433","42,374","45,217","46,946","43,842","29,290","25,351","28,105","26,722","28,513","22,695","36,118","46,056","48,066","37,662","35,522","31,049","28,992","39,394","42,462","42,523","38,680","34,330","27,932","30,542","38,463","39,385","40,361","37,698","27,688","25,045","27,042","26,074","28,025","22,082","37,583","46,548","47,216","38,040","23,795","24,469","25,571","27,811","27,182","29,592","29,319","25,722","24,792","24,084","24,428","22,098","26,347","30,505","32,426","29,086","27,943","27,047","30,432","29,837","38,239","31,299","27,282","23,740","23,364","23,609","24,835","26,469","25,914","28,590","28,077","25,339","24,677","23,770","24,165","21,732","25,934","30,521","31,362","28,124","27,357","26,387","30,152","29,476","39,387","31,788","27,883","24,287","654","683","661","718","643","657","770","707","684","720","743","591","657","664","796","806","692","761","911","734","805","855","952","695","694","716","698","708","624","701","706","741","734","757","781","594","733","684","735","752","703","760","854","711","858","830","941","711","..t","..t","..t","..t","..t","..t","..t","..t","..t","..t","..t","..t","..t","..t","..t","..t","..t","..t","..t","..t","..t","..t","..t","..t","..t","..t","..t","..t","..t","..t","..t","..t","..t","..t","..t","..t","..t","..t","..t","..t","..t","..t","..t","..t","..t","..t","..t","..t","1,395","1,406","1,261","1,257","976","1,147","1,076","983","961","1,000","906","816","919","930","996","866","820","820","938","762","882","803","953","975","1,274","1,256","1,202","1,055","920","1,055","1,008","880","974","990","913","794","870","891","848","847","772","758","876","683","883","816","810","889","573","486","433","452","445","412","467","468","446","449","435","417","443","397","397","385","402","362","418","328","409","359","436","551","533","457","388","426","435","422","402","441","434","453","425","400","426","407","359","404","407","426","421","305","424","336","385","521"
"-1 year 12","31","36","31","30","29","41","47","46","40","34","38","32","33","31","27","24","20","19","21","19","13","12","17","10","28","30","26","25","23","32","43","42","30","28","35","33","32","31","27","20","19","16","20","17","17","6","10","9","8","9","7","8","6","9","10","9","9","8","11","9","6","7","8","10","11","14","13","11","10","7","10","6","9","9","7","7","5","7","10","9","7","7","12","10","9","6","11","10","9","10","10","10","10","7","9","6","53","59","53","50","48","57","65","58","52","50","56","48","53","55","58","54","53","50","57","56","50","36","38","29","47","49","43","42","39","54","57","55","51","49","52","40","49","50","52","48","48","49","54","48","46","41","36","30","45","40","37","38","34","53","53","48","44","44","44","36","38","40","46","44","45","41","45","42","31","24","28","20","40","36","33","30","26","40","44","42","36","35","46","33","36","40","45","34","39","38","39","37","33","28","33","23","83","81","79","76","64","68","73","67","70","67","73","57","53","58","67","67","68","75","87","76","91","58","60","56","72","70","67","62","51","61","66","67","63","60","67","55","56","53","61","58","61","66","80","68","89","72","61","62","223","201","177","183","162","239","249","226","233","224","232","212","222","238","286","286","283","264","294","234","171","140","153","134","218","196","172","170","151","207","221","198","204","194","230","205","216","229","272","245","249","228","253","192","151","146","129","126","57","56","53","48","43","63","58","58","54","47","56","50","47","48","53","53","46","48","49","39","23","39","36","29","52","50","50","39","35","55","55","49","48","47","54","47","49","53","48","42","41","40","40","33","31","27","27","24","64","65","61","60","57","111","109","91","88","80","98","87","88","79","77","62","58","54","53","49","34","29","39","34","55","54","51","47","46","97","99","84","80","74","100","81","76","73","69","54","52","48","47","46","34","29","34","32","246","219","198","278","304","329","306","252","204","231","342","338","331","297","214","184","205","204","216","170","191","215","229","181","224","196","179","244","267","303","283","236","190","209","322","323","315","280","191","168","191","189","199","154","169","195","220","170","147","153","155","160","153","214","210","180","176","172","188","169","208","236","242","209","197","193","202","207","131","119","93","84","130","134","135","135","127","197","186","161","157","154","173","157","188","221","220","171","163","158","176","171","132","90","86","75","3","3","4","5","3","5","6","5","4","3","6","3","6","7","7","6","4","6","6","3","2","1","2","1","3","3","3","4","2","3","4","5","4","4","6","6","6","6","6","5","5","4","6","4","6","2","5","2","..t","..t","..t","..t","..t","..t","..t","..t","..t","..t","..t","..t","..t","..t","..t","..t","..t","..t","..t","..t","..t","..t","..t","..t","..t","..t","..t","..t","..t","..t","..t","..t","..t","..t","..t","..t","..t","..t","..t","..t","..t","..t","..t","..t","..t","..t","..t","..t","8","9","7","8","4","9","7","7","7","6","6","5","7","10","7","6","7","9","7","6","2","2","4","1","7","6","6","4","4","7","7","5","6","8","8","5","9","7","7","7","5","5","5","4","4","3","4","4","2","1","0","1","1","1","2","1","1","1","2","1","2","1","1","1","4","2","3","1","3","2","2","2","2","1","0","1","0","1","2","1","2","2","2","1","1","1","0","2","2","1","2","0","3","1","2","1"
"0 to 4 years","341","350","328","326","311","369","431","441","367","316","350","288","296","282","242","230","205","171","198","185","268","218","214","188","296","311","285","259","246","343","409","402","311","280","316","301","289","269","237","194","181","152","182","167","274","213","211","185","96","108","94","94","94","88","110","96","87","91","102","95","82","87","94","104","126","116","125","107","159","134","121","114","87","91","82","76","71","87","117","105","98","95","100","92","80","82","106","102","95","102","100","88","160","140","122","114","562","600","536","520","517","532","569","531","489","439","511","413","484","493","511","526","518","508","558","521","844","686","596","490","503","532","467","418","421","517","540","532","475","455","469","362","439","453","466","480","465","471","515","465","809","694","572","483","457","423","403","408","361","493","488","426","392","397","429","333","352","383","422","416","433","414","431","415","670","609","527","443","414","379","349","321","286","408","446","424","386","353","408","307","332","348","399","345","396","372","400","364","660","617","466","429","841","833","812","789","664","628","678","623","639","614","677","517","500","550","608","647","679","725","854","748","1,122","977","918","845","733","730","695","631","524","587","637","649","610","590","621","507","505","483","565","556","600","655","755","664","1,101","928","886","820","2,478","2,223","1,951","2,049","1,814","2,116","2,184","1,997","2,035","1,971","2,177","1,970","2,077","2,224","2,625","2,632","2,606","2,404","2,693","2,128","3,018","2,684","2,355","2,354","2,294","2,061","1,791","1,769","1,555","1,998","2,110","1,878","1,941","1,850","2,040","1,832","1,915","2,021","2,385","2,378","2,408","2,197","2,466","1,862","2,699","2,560","2,208","2,176","625","610","576","513","471","560","540","521","495","453","520","456","425","440","479","498","426","432","455","358","476","470","429","426","567","552","511","429","385","524","523","483","464","462","482","407","422","458","427","401","389","385","392","315","464","442","404","404","671","683","640","614","595","969","961","817","776","707","864","776","776","693","655","559","514","491","482","454","661","580","583","616","594","594","558","498","487","916","924","780","751","690","852","699","667","628","603","508","475","447","446","419","619","597","605","616","2,640","2,318","2,119","2,973","3,177","2,995","2,786","2,314","1,878","2,121","3,093","3,047","2,983","2,663","1,918","1,762","1,974","1,932","2,050","1,613","3,260","4,110","3,713","3,199","2,456","2,161","1,959","2,665","2,860","2,854","2,641","2,197","1,762","1,953","2,875","2,868","2,821","2,508","1,678","1,588","1,799","1,783","1,882","1,444","3,025","3,889","3,551","3,022","1,502","1,559","1,575","1,634","1,539","1,858","1,818","1,574","1,518","1,492","1,637","1,467","1,829","2,047","2,112","1,858","1,753","1,724","1,815","1,839","2,295","1,765","1,421","1,343","1,311","1,363","1,371","1,362","1,278","1,834","1,715","1,509","1,440","1,417","1,476","1,356","1,632","1,902","1,874","1,595","1,541","1,466","1,622","1,611","2,225","1,693","1,343","1,294","55","62","52","63","50","48","70","58","54","52","60","42","61","59","66","60","52","58","53","35","51","69","53","46","51","50","47","48","37","52","53","59","53","57","67","45","58","64","56","46","56","56","58","46","44","58","45","39","..t","..t","..t","..t","..t","..t","..t","..t","..t","..t","..t","..t","..t","..t","..t","..t","..t","..t","..t","..t","..t","..t","..t","..t","..t","..t","..t","..t","..t","..t","..t","..t","..t","..t","..t","..t","..t","..t","..t","..t","..t","..t","..t","..t","..t","..t","..t","..t","109","108","97","93","75","93","87","81","79","83","79","69","70","92","82","75","70","61","76","60","66","54","52","61","105","91","82","73","58","90","95","79","81","86","73","63","76","76","70","77","65","52","67","46","62","64","52","66","47","42","35","46","40","47","42","45","40","38","28","39","37","31","31","27","41","34","28","20","30","30","39","43","47","36","29","28","21","36","38","33","27","38","35","39","40","38","28","21","26","42","28","18","37","27","37","44"
"5 to 9 years","274","286","267","252","254","280","328","332","278","240","250","203","211","197","172","167","152","123","137","131","231","196","182","159","266","280","254","229","215","258","308","298","223","211","213","201","192","185","156","155","139","121","142","129","214","202","163","152","76","86","75","75","74","65","76","62","63","63","68","63","55","57","63","74","94","86","87","74","149","125","96","101","71","79","71","63","57","70","82","76","66","66","60","59","47","48","63","82","73","78","80","71","152","126","90","94","457","481","430","421","412","415","438","404","378","336","355","294","328","338","349","380","376","371","415","382","769","659","462","440","443","470","415","365","367","391","408","399","359","344","331","258","306","321","325","383","371","371","406","364","711","606","449","409","376","351","332","333","295","377","372","324","299","303","320","254","271","289","315","301","318","303","307","302","593","587","486","403","368","346","321","284","258","327","350","325","298","281","276","200","220","229","266","267","303","294","304","287","622","492","431","370","667","655","641","627","522","508","539","489","504","481","495","389","368","402","436","462","488","520","618","545","884","691","681","633","638","635","610","553","455","456","495","500","463","454","448","363","360","342","396","437","473","514","591","525","767","720","672","614","2,199","1,973","1,730","1,825","1,615","1,594","1,651","1,509","1,531","1,483","1,537","1,392","1,462","1,566","1,822","1,852","1,853","1,696","1,907","1,505","2,419","2,351","2,149","2,006","2,025","1,822","1,589","1,563","1,374","1,552","1,634","1,449","1,486","1,424","1,426","1,294","1,345","1,413","1,653","1,851","1,870","1,711","1,921","1,454","2,303","2,218","2,003","1,895","537","523","486","432","394","424","408","394","378","345","358","314","293","300","332","347","293","299","317","250","414","390","334","356","505","490","456","378","344","380","378","352","335","333","331","273","277","303","283","315","296","298","298","239","395","340","340","338","553","559","527","499","493","719","710","609","582","537","572","506","512","459","426","381","346","333","331","312","579","477","494","519","553","563","521","466","441","636","646","544","524","477","578","477","454","423","401","382","352","340","340","315","502","512","494","511","2,329","2,032","1,856","2,586","2,723","2,392","2,214","1,841","1,485","1,672","2,151","2,136","2,107","1,872","1,327","1,281","1,436","1,398","1,483","1,166","2,575","3,438","3,085","2,625","2,206","1,941","1,759","2,393","2,546","2,222","2,045","1,688","1,346","1,495","1,990","2,010","1,988","1,762","1,169","1,215","1,371","1,366","1,451","1,112","2,467","3,213","2,902","2,476","1,239","1,283","1,292","1,346","1,267","1,399","1,368","1,185","1,148","1,121","1,113","1,000","1,235","1,375","1,413","1,272","1,198","1,186","1,244","1,262","2,150","1,648","1,343","1,260","1,191","1,232","1,240","1,236","1,156","1,321","1,231","1,093","1,029","1,019","999","919","1,107","1,288","1,260","1,240","1,207","1,142","1,272","1,258","1,980","1,530","1,319","1,181","39","46","43","46","32","32","43","38","32","31","27","22","36","36","34","44","38","38","39","25","42","48","42","34","41","46","38","41","28","28","30","28","28","39","32","20","30","28","26","32","39","46","36","26","41","45","46","30","..t","..t","..t","..t","..t","..t","..t","..t","..t","..t","..t","..t","..t","..t","..t","..t","..t","..t","..t","..t","..t","..t","..t","..t","..t","..t","..t","..t","..t","..t","..t","..t","..t","..t","..t","..t","..t","..t","..t","..t","..t","..t","..t","..t","..t","..t","..t","..t","96","84","72","67","52","63","62","56","49","51","47","41","48","62","49","47","56","47","49","38","70","41","57","58","89","73","72","59","41","48","46","40","42","51","44","37","41","47","40","54","49","38","45","29","55","59","48","59","37","25","19","24","19","18","20","16","17","19","13","21","9","10","12","11","32","15","18","12","42","26","27","38","30","24","21","18","17","18","19","13","10","11","14","13","13","18","8","13","13","16","19","12","39","31","36","45"
"10 to 14 years","222","232","217","207","199","259","297","303","247","220","192","159","165","154","133","107","99","86","97","92","225","222","189","166","225","236","214","188","182","218","266","249","192","182","188","174","171","164","143","105","98","88","107","94","215","196","175","157","57","70","59","64","54","64","69","61","61","65","56","54","41","36","53","45","60","52","64","50","143","86","87","85","58","66","58","50","43","54","71","61","62","56","52","54","37","38","51","62","51","60","55","53","112","105","92","85","362","386","347","327","329","392","418","381","349","320","287","235","267","277","288","265","263","261","293","267","586","550","443","363","374","389","346","304","307","349","369","360","324","316","296","227","277","279","283","280","271","271","301","268","555","525","412","343","303","286","272","278","248","352","344","299","272","285","240","195","207","225","241","205","212","202","209","197","515","508","391","342","308","289","271","238","212","280","294","279","257","242","255","193","204","212","240","197","228","225","226","218","493","449","372","317","536","525","514","498","415","462","489","446","454","443","367","294","272","309","333","309","324","352","411","354","642","601","563","509","534","529","506","459","374","400","437","435","409","399","352","285","284","274","321","326","357","386","451","399","593","551","526","469","1,699","1,528","1,341","1,402","1,243","1,512","1,562","1,421","1,433","1,390","1,211","1,087","1,131","1,217","1,432","1,427","1,435","1,313","1,466","1,158","1,975","1,859","1,759","1,614","1,673","1,500","1,316","1,291","1,144","1,374","1,447","1,286","1,318","1,261","1,310","1,183","1,229","1,292","1,522","1,378","1,396","1,278","1,442","1,076","1,803","1,724","1,693","1,512","414","400","384","335","308","378","358","344","338","310","275","244","235","232","258","246","210","209","222","178","305","324","307","293","416","402","376","310","285","330","323","305","292","292","296","245","257","271","258","223","224","214","216","174","323","293","276","280","453","462","432","408","401","626","629","540","515","473","468","417","409","371","357","290","284","264","252","239","398","407","446","425","456","459","427","380","371","549","549","467","456","421","492","410","387","363","346","289","275","251","251","237","420","405","437","428","1,821","1,591","1,464","2,050","2,163","2,211","2,042","1,698","1,369","1,543","1,700","1,671","1,636","1,455","1,044","968","1,093","1,070","1,131","894","2,078","2,735","2,481","2,104","1,723","1,523","1,386","1,910","2,052","2,065","1,897","1,579","1,269","1,411","1,738","1,733","1,719","1,535","1,044","952","1,083","1,070","1,132","875","2,025","2,622","2,382","2,034","999","1,026","1,043","1,090","1,022","1,235","1,206","1,048","1,003","980","875","782","972","1,089","1,114","924","877","860","906","928","1,738","1,404","1,203","1,060","1,039","1,075","1,078","1,071","1,011","1,112","1,028","911","869","857","881","809","971","1,140","1,120","902","873","833","925","912","1,655","1,265","1,036","969","30","32","35","31","25","27","34","32","25","27","31","20","29","24","32","28","20","34","28","18","48","30","23","27","24","27","29","28","21","22","29","27","24","30","31","22","23","31","23","25","22","28","26","20","33","30","31","22","..t","..t","..t","..t","..t","..t","..t","..t","..t","..t","..t","..t","..t","..t","..t","..t","..t","..t","..t","..t","..t","..t","..t","..t","..t","..t","..t","..t","..t","..t","..t","..t","..t","..t","..t","..t","..t","..t","..t","..t","..t","..t","..t","..t","..t","..t","..t","..t","72","64","56","59","38","52","45","39","37","41","34","27","34","47","38","31","39","40","33","31","34","46","40","47","71","61","56","50","34","50","43","33","37","40","39","34","42","43","36","38","29","22","26","17","52","52","33","47","18","15","12","15","12","11","13","9","13","15","10","9","14","10","10","10","14","7","12","2","25","18","23","29","18","16","8","11","7","17","14","14","12","10","9","10","9","9","2","13","9","7","13","3","24","29","23","31"
"15 to 19 years","334","334","309","288","270","245","278","289","247","220","219","192","188","178","164","121","112","97","119","124","142","150","134","113","331","318","299","282","255","282","319","331","278","242","209","191","185","168","165","137","120","115","138","133","119","171","158","116","91","93","90","88","88","79","76","70","81","71","68","69","60","64","78","86","93","134","207","143","102","92","81","71","108","113","103","97","93","86","97","87","96","83","76","66","57","66","72","83","84","102","131","112","100","94","83","76","627","649","576","563","548","446","489","455","448","422","419","372","412","398","416","380","373","396","550","592","465","389","409","295","654","671","597","567","545","524","564","571","524","503","451","371","427","441","438","407","407","413","519","543","495","393","429","307","459","424","411","377","358","358","382","352","335","333","306","259","275","284","301","264","262","263","301","344","405","352","332","262","461","428","411","381","345","370","394","384","357","335","275","222","230","249","269","254","268","277","303","322","405","349","292","251","836","821","788","763","653","563","588","578","580","542","549","446","437","433","503","472","507","524","622","502","506","457","447","387","922","873","837","777","677","653","677","699","676","650","555","463","458","430","514","499","533","562","675","565","556","485","507","429","2,562","2,361","2,047","2,094","1,890","1,799","1,898","1,743","1,806","1,730","1,714","1,568","1,650","1,793","2,053","1,768","1,786","1,739","1,941","1,418","1,445","1,499","1,472","1,275","2,718","2,450","2,127","2,153","1,960","2,016","2,120","1,952","2,058","1,922","1,619","1,503","1,522","1,639","1,887","1,839","1,864","1,755","1,993","1,440","1,482","1,538","1,413","1,287","601","592","557","508","474","437","433","419","421","382","372","330","288","316","349","312","266","278","322","581","284","183","220","211","616","603","575","505","469","495","496","472","468","440","366","321","307","330","326","307","297","293","316","478","316","238","288","261","676","680","662","586","578","651","672","625","575","569","674","601","589","523","491","368","345","345","337","334","301","313","384","337","686","692","663","584","572","765","776","707","671","610","608","542","512","467","445","400","384","376","382","375","341","384","374","370","3,727","3,053","2,935","3,836","4,401","4,091","3,513","3,091","2,257","2,535","2,944","3,048","3,118","2,814","1,782","1,473","1,717","1,582","1,611","1,245","1,559","1,848","1,981","1,553","3,476","3,015","2,814","3,744","4,018","3,741","3,444","3,013","2,401","2,595","2,745","2,749","2,765","2,478","1,730","1,524","1,647","1,580","1,666","1,292","1,528","1,911","1,932","1,551","1,676","1,757","1,757","1,868","1,787","1,688","1,670","1,470","1,424","1,346","1,335","1,187","1,364","1,548","1,621","1,276","1,216","1,216","1,314","1,248","1,311","1,045","983","820","1,695","1,704","1,767","1,814","1,738","1,893","1,840","1,700","1,629","1,541","1,333","1,146","1,348","1,570","1,572","1,427","1,384","1,377","1,549","1,435","1,393","1,097","1,070","879","49","51","45","47","39","45","46","46","43","40","39","29","34","36","43","48","31","36","53","40","31","18","29","20","61","63","52","50","49","52","58","53","48","64","42","32","34","38","37","40","32","38","47","43","31","18","25","19","..t","..t","..t","..t","..t","..t","..t","..t","..t","..t","..t","..t","..t","..t","..t","..t","..t","..t","..t","..t","..t","..t","..t","..t","..t","..t","..t","..t","..t","..t","..t","..t","..t","..t","..t","..t","..t","..t","..t","..t","..t","..t","..t","..t","..t","..t","..t","..t","111","116","99","97","70","79","69","69","63","65","55","45","54","60","49","48","47","48","49","38","23","36","28","34","110","118","111","94","89","80","85","76","81","80","60","51","51","52","41","50","38","41","44","37","29","32","29","27","34","29","34","23","26","23","23","25","24","19","14","11","10","12","10","10","12","12","17","9","17","28","25","31","44","32","34","36","35","33","28","27","30","28","19","14","17","15","16","13","10","22","13","6","19","22","15","22"
"20 to 24 years","685","652","587","530","520","297","343","378","322","315","307","297","263","242","258","193","165","188","249","262","244","251","349","226","632","535","493","492","429","386","402","488","433","343","374","340","303","302","313","237","202","219","249","280","266","245","448","257","185","174","189","171","161","139","114","120","142","107","112","103","110","122","166","247","221","447","772","500","461","710","617","586","206","226","203","199","185","147","160","139","152","136","164","132","140","139","158","193","213","275","446","361","374","680","635","511","1,203","1,239","1,080","1,087","1,061","826","884","852","894","885","834","808","855","746","811","816","769","864","1,480","1,835","1,471","1,507","2,890","1,315","1,268","1,285","1,128","1,170","1,086","927","1,001","1,055","1,014","981","977","879","907","943","917","874","934","927","1,341","1,574","1,405","1,397","2,844","1,289","927","842","837","698","728","534","642","653","624","572","491","473","505","496","515","544","500","538","690","960","790","632","1,366","658","872","841","815","784","726","626","644","676","637","597","538","477","505","514","509","526","496","545","634","788","818","608","1,262","643","1,673","1,634","1,564","1,502","1,315","1,130","1,133","1,232","1,223","1,073","1,106","961","962","857","1,067","1,043","1,140","1,128","1,356","1,035","1,221","1,306","1,379","1,119","1,878","1,725","1,689","1,573","1,437","1,312","1,267","1,365","1,363","1,246","1,329","1,129","1,147","1,032","1,223","1,110","1,167","1,211","1,484","1,203","1,488","1,410","1,486","1,238","4,637","4,394","3,753","3,763","3,534","3,005","3,207","3,007","3,171","2,991","2,909","2,703","2,911","3,272","3,675","3,543","3,525","3,740","4,173","2,885","4,494","4,917","3,941","3,848","5,073","4,548","3,966","4,149","3,914","3,396","3,516","3,408","3,609","3,296","3,406","3,324","3,262","3,663","3,961","3,729","3,735","3,637","4,234","2,908","4,217","4,837","3,826","3,736","962","955","931","861","809","652","676","671","684","613","642","585","471","535","619","587","514","541","726","2,102","2,326","1,862","1,154","1,511","975","942","956","880","834","705","723","703","734","610","669","610","518","551","602","552","513","507","623","1,593","1,786","1,454","959","1,215","1,136","1,140","1,180","970","953","916","1,013","1,063","968","1,001","1,314","1,171","1,116","978","921","743","666","714","705","752","775","1,128","2,029","1,281","1,148","1,195","1,174","1,017","989","1,041","1,041","1,089","1,018","904","1,114","1,101","1,013","922","855","703","673","694","748","778","847","990","1,828","1,202","8,035","6,282","6,335","7,858","9,862","10,115","8,323","7,483","4,772","5,224","6,550","7,202","7,788","7,147","3,999","3,039","3,657","3,126","3,034","2,335","3,088","4,035","5,577","3,660","6,455","5,577","5,386","7,022","7,806","7,442","6,859","6,105","4,652","4,829","6,058","6,230","6,439","5,937","4,154","3,256","3,277","3,014","3,134","2,475","3,464","4,140","5,724","3,853","3,402","3,615","3,587","3,902","3,816","3,733","3,718","3,370","3,241","2,991","2,918","2,585","2,770","3,174","3,346","3,118","2,996","3,016","3,324","3,027","3,651","3,262","2,913","2,415","3,454","3,385","3,602","3,799","3,727","3,595","3,695","3,578","3,415","3,090","3,197","2,645","3,016","3,440","3,528","3,167","3,070","3,204","3,637","3,192","4,042","3,607","3,362","2,695","103","81","77","74","82","82","76","81","84","74","78","66","62","70","90","98","65","68","128","119","87","126","227","111","114","107","89","93","93","93","86","95","115","90","80","76","84","73","83","94","79","76","106","103","115","105","217","116","..t","..t","..t","..t","..t","..t","..t","..t","..t","..t","..t","..t","..t","..t","..t","..t","..t","..t","..t","..t","..t","..t","..t","..t","..t","..t","..t","..t","..t","..t","..t","..t","..t","..t","..t","..t","..t","..t","..t","..t","..t","..t","..t","..t","..t","..t","..t","..t","200","235","196","180","143","143","123","117","116","104","106","104","113","87","104","111","96","109","126","90","117","129","214","167","173","200","200","180","165","128","129","117","112","103","136","106","100","107","83","99","71","81","100","94","80","85","170","115","61","59","60","49","50","47","40","42","49","44","37","26","37","35","29","30","21","37","33","24","27","23","33","38","69","53","63","66","74","50","36","46","47","48","40","45","49","43","41","32","36","51","36","18","34","24","20","39"
"25 to 29 years","727","776","674","662","689","607","748","769","653","554","644","563","526","539","503","385","362","340","396","369","347","322","413","293","611","656","595","597","633","639","747","740","639","565","637","539","519","554","501","421","366","362","414","402","399","346","394","308","175","192","171","173","175","155","193","184","172","174","189","151","154","161","215","246","213","242","311","264","296","332","430","314","207","197","188","194","181","179","201","174","185","174","191","164","163","170","212","233","230","231","275","258","282","340","330","281","1,305","1,301","1,140","1,158","1,146","1,115","1,194","1,132","1,117","1,045","1,133","1,053","1,065","1,109","1,310","1,289","1,248","1,196","1,442","1,499","1,517","1,350","1,959","1,125","1,204","1,240","1,132","1,154","1,190","1,180","1,221","1,196","1,163","1,114","1,208","1,004","1,081","1,138","1,293","1,280","1,259","1,288","1,533","1,538","1,577","1,442","1,843","1,146","900","857","817","842","789","845","866","865","836","716","775","643","667","660","782","780","807","808","912","904","880","752","1,145","678","842","803","746","783","746","875","868","825","787","760","779","624","657","684","764","763","792","813","880","898","927","851","1,054","689","2,124","2,085","2,003","1,863","1,700","1,566","1,561","1,645","1,702","1,621","1,920","1,555","1,503","1,583","1,867","1,939","2,015","2,126","2,519","2,228","2,135","2,058","2,137","1,775","1,929","1,905","1,874","1,785","1,596","1,564","1,583","1,578","1,696","1,621","1,799","1,509","1,475","1,477","1,696","1,858","1,953","1,988","2,369","2,154","2,186","2,072","2,058","1,748","5,479","5,033","4,468","4,685","4,476","4,785","4,976","4,619","4,787","4,751","5,258","4,559","4,880","5,487","6,562","6,634","6,315","6,222","7,032","5,393","6,503","6,777","5,790","5,523","5,192","4,724","4,251","4,472","4,214","5,200","5,368","4,903","5,107","5,139","5,610","5,025","5,236","5,885","6,729","6,430","6,156","5,829","6,720","5,025","6,232","6,389","5,701","5,335","1,007","993","970","882","819","904","936","888","853","797","942","813","764","817","949","890","769","770","895","966","1,176","1,050","994","959","959","949","912","850","814","962","929","867","874","828","940","809","794","829","915","858","789","769","830","851","999","910","919","847","974","1,012","962","920","913","1,256","1,430","1,326","1,277","1,243","1,639","1,465","1,364","1,300","1,313","1,192","905","829","929","864","826","903","1,286","1,001","926","955","908","841","920","1,432","1,441","1,290","1,279","1,279","1,552","1,307","1,281","1,233","1,310","1,078","917","870","935","855","907","950","1,162","1,013","5,587","4,733","4,375","6,096","7,088","8,018","6,744","6,117","4,394","4,998","7,263","7,923","8,281","7,917","5,182","4,406","4,863","4,636","5,123","4,011","4,775","6,193","7,672","5,373","4,701","4,144","3,811","5,418","5,905","6,303","5,654","5,003","4,084","4,604","6,525","6,806","7,086","6,670","4,795","4,323","4,631","4,451","4,933","3,790","5,080","6,236","7,359","5,386","3,414","3,389","3,605","3,990","3,942","4,410","4,427","3,859","3,634","3,593","3,868","3,474","4,087","4,798","5,348","4,900","4,819","4,606","5,453","5,481","5,689","4,923","4,574","3,711","3,225","3,210","3,363","3,664","3,679","4,372","4,306","3,862","3,754","3,639","3,751","3,415","4,018","4,785","5,165","4,744","4,604","4,395","5,258","5,304","6,333","5,278","4,832","4,006","97","110","108","111","106","108","118","113","118","120","138","115","122","130","144","151","135","151","181","144","152","154","177","126","106","105","121","114","96","116","117","131","132","131","150","118","147","137","144","162","140","152","170","142","159","171","209","148","..t","..t","..t","..t","..t","..t","..t","..t","..t","..t","..t","..t","..t","..t","..t","..t","..t","..t","..t","..t","..t","..t","..t","..t","..t","..t","..t","..t","..t","..t","..t","..t","..t","..t","..t","..t","..t","..t","..t","..t","..t","..t","..t","..t","..t","..t","..t","..t","218","199","188","191","145","182","161","152","166","164","163","140","159","163","187","157","151","147","165","142","124","125","184","157","200","189","183","158","140","185","166","143","173","178","173","145","165","168","169","165","156","150","176","148","160","153","138","163","91","78","69","73","77","62","74","70","69","77","88","81","85","76","83","77","79","68","78","64","47","38","71","69","87","73","68","82","80","73","65","72","79","80","93","82","87","82","78","83","92","91","99","70","40","37","72","67"
"30 to 34 years","515","542","467","469","479","421","508","525","450","383","399","353","326","339","319","268","254","234","271","255","369","296","331","264","407","435","394","398","426","430","497","490","430","376","406","350","336","359","325","286","248","243","269","271","385","317","340","285","122","127","115","117","110","99","125","113","118","112","104","89","92","96","126","166","144","164","208","177","207","214","217","183","126","124","116","121","111","122","140","123","125","113","118","102","100","109","131","149","155","151","180","168","225","236","205","189","941","932","818","832","823","813","871","821","817","764","690","643","653","675","802","892","864","824","986","1,014","1,261","1,173","1,270","856","807","838","756","778","801","796","818","799","787","751","747","618","667","701","803","864","857","866","1,030","1,028","1,446","1,260","1,238","923","641","606","580","604","564","553","578","577","554","476","495","409","429","426","508","545","559","561","627","619","807","805","814","598","562","541","501","519","504","556","548","524","499","489","486","395","417","431","480","512","536","548","583","597","887","842","773","617","1,527","1,492","1,439","1,336","1,220","1,212","1,204","1,251","1,297","1,247","1,198","962","932","983","1,166","1,291","1,328","1,411","1,661","1,455","2,093","2,017","1,974","1,687","1,277","1,255","1,232","1,176","1,053","1,099","1,111","1,095","1,182","1,135","1,176","994","971","968","1,111","1,203","1,251","1,284","1,518","1,385","2,060","1,899","1,975","1,638","3,989","3,665","3,247","3,413","3,270","3,331","3,462","3,218","3,337","3,333","3,609","3,138","3,375","3,799","4,497","4,873","4,623","4,546","5,148","3,966","5,240","5,021","4,699","4,364","3,790","3,445","3,092","3,254","3,083","3,152","3,252","2,982","3,098","3,120","3,423","3,070","3,221","3,648","4,173","4,446","4,223","3,993","4,602","3,456","5,304","5,160","4,635","4,406","715","702","684","624","581","650","671","642","621","573","604","525","492","526","612","608","521","523","610","654","706","718","704","656","650","642","621","576","549","610","591","550","559","530","595","511","505","526","579","573","524","505","546","557","681","694","705","648","682","714","671","643","640","885","1,009","949","914","899","1,071","962","905","860","868","852","645","592","663","611","752","797","825","799","663","681","653","603","658","877","886","816","802","806","1,007","861","846","812","851","733","622","588","623","576","822","756","778","796","3,985","3,387","3,133","4,342","5,072","5,884","5,014","4,555","3,291","3,728","4,714","5,134","5,398","5,177","3,408","2,986","3,287","3,136","3,462","2,700","4,579","5,978","6,527","4,922","3,291","2,891","2,650","3,718","4,031","4,192","3,764","3,337","2,707","3,046","3,994","4,221","4,438","4,183","3,001","2,726","2,918","2,796","3,098","2,373","4,685","6,138","6,283","4,936","2,399","2,378","2,534","2,809","2,786","3,139","3,133","2,743","2,579","2,543","2,536","2,277","2,686","3,167","3,531","3,467","3,395","3,245","3,827","3,844","5,103","4,239","3,784","3,199","2,188","2,173","2,292","2,487","2,507","2,751","2,702","2,427","2,360","2,290","2,511","2,290","2,695","3,217","3,463","3,270","3,157","3,009","3,582","3,622","5,040","4,278","3,735","3,185","67","76","74","74","69","68","80","75","74","87","82","66","73","75","87","109","99","109","126","105","117","115","133","99","81","80","80","83","69","81","79","93","86","87","90","65","90","83","92","112","97","108","124","100","141","125","116","105","..t","..t","..t","..t","..t","..t","..t","..t","..t","..t","..t","..t","..t","..t","..t","..t","..t","..t","..t","..t","..t","..t","..t","..t","..t","..t","..t","..t","..t","..t","..t","..t","..t","..t","..t","..t","..t","..t","..t","..t","..t","..t","..t","..t","..t","..t","..t","..t","159","146","141","145","110","126","114","108","107","115","110","91","104","104","114","114","104","102","121","100","141","136","115","149","141","136","126","110","96","123","115","95","118","121","113","99","100","108","111","117","115","107","117","104","144","114","105","132","64","57","52","52","55","36","46","52","50","50","52","51","54","49","54","53","52","50","61","43","46","39","56","66","59","48","45","50","55","49","46","53","57","60","65","55","56","54","54","54","65","65","62","43","65","36","44","67"
"35 to 39 years","460","493","434","425","438","345","416","420","368","311","308","273","259","258","247","177","166","164","186","169","325","293","270","242","356","377","342","348","368","327","378","374","322","286","304","259","251","263","241","190","169","168","190","182","336","311","251","239","107","116","112","106","106","81","99","87","92","85","82","72","69","74","95","110","98","106","144","125","168","172","131","131","106","96","102","98","93","89","101","89","96","88","87","74","78","77","95","100","103","107","120","112","211","166","156","152","835","833","726","744","739","663","706","664","664","619","537","506","506","529","626","618","606","581","694","716","1,112","1,001","832","693","704","726","657","674","697","633","648","632","621","591","551","449","485","514","585","590","584","600","703","695","1,132","978","815","681","581","549","520","541","505","465","482","479","459","396","393","325","341","334","400","375","387","389","436","432","756","660","610","502","479","467","429","450","426","443","432","416","394","388","373","295","311","317","356","348","366","368","406","408","742","716","612","513","1,350","1,320","1,270","1,178","1,080","985","974","1,006","1,048","1,002","886","717","689","729","867","909","941","1,002","1,177","1,037","1,493","1,334","1,376","1,158","1,118","1,103","1,079","1,029","924","868","874","861","935","891","835","702","683","694","792","816","854","865","1,032","939","1,463","1,228","1,271","1,100","3,558","3,264","2,895","3,050","2,933","2,744","2,832","2,622","2,703","2,700","2,718","2,366","2,552","2,862","3,404","3,428","3,260","3,210","3,651","2,814","4,018","3,813","3,498","3,307","3,182","2,892","2,599","2,726","2,586","2,401","2,475","2,263","2,359","2,365","2,461","2,208","2,297","2,600","2,981","3,158","3,013","2,849","3,292","2,474","3,729","3,604","3,466","3,143","614","602","588","537","502","510","525","503","487","451","449","389","364","385","446","401","351","354","405","443","537","494","562","495","581","564","548","501","476","473","462","432","434","412","426","361","350","371","403","388","352","337","370","376","478","475","473","447","614","633","596","571","565","687","786","745","719","699","799","717","682","648","656","569","437","399","443","409","626","570","649","623","567","581","564","520","562","660","666","623","608","618","724","616","602","578","622","503","427","404","433","398","642","614","647","644","3,506","2,982","2,763","3,850","4,498","4,747","4,043","3,666","2,605","2,934","3,442","3,758","3,965","3,811","2,496","2,094","2,297","2,184","2,411","1,886","3,467","4,671","4,692","3,699","2,862","2,521","2,304","3,236","3,505","3,331","2,980","2,640","2,137","2,398","2,839","2,984","3,113","2,926","2,087","1,911","2,046","1,963","2,174","1,669","3,330","4,312","4,423","3,478","2,105","2,087","2,222","2,472","2,450","2,514","2,511","2,194","2,055","2,033","1,927","1,734","2,043","2,398","2,685","2,295","2,256","2,156","2,551","2,570","3,790","3,151","2,635","2,342","1,893","1,888","1,975","2,149","2,163","2,137","2,089","1,885","1,829","1,780","1,766","1,605","1,888","2,247","2,433","2,203","2,127","2,036","2,428","2,450","3,617","2,825","2,444","2,178","60","60","58","71","57","48","58","53","58","59","60","47","50","51","66","72","69","71","79","67","98","73","77","67","66","67","64","74","54","53","49","53","56","60","64","50","64","58","65","67","66","66","82","64","85","73","76","63","..t","..t","..t","..t","..t","..t","..t","..t","..t","..t","..t","..t","..t","..t","..t","..t","..t","..t","..t","..t","..t","..t","..t","..t","..t","..t","..t","..t","..t","..t","..t","..t","..t","..t","..t","..t","..t","..t","..t","..t","..t","..t","..t","..t","..t","..t","..t","..t","144","135","122","128","100","105","87","82","90","89","77","71","78","79","88","75","71","68","78","70","85","68","72","85","126","121","116","94","85","89","74","67","81","76","81","61","73","78","83","79","78","75","83","64","89","59","72","78","60","52","42","46","53","29","28","36","33","38","38","35","47","34","35","32","38","32","36","28","44","33","36","52","52","45","29","40","40","34","30","35","38","42","42","37","30","35","32","40","45","39","40","27","37","40","32","48"
"40 to 44 years","307","330","290","279","287","300","375","387","328","276","274","237","222","226","209","143","137","129","145","132","245","215","234","186","246","272","242","246","259","285","333","328","285","256","217","191","184","196","167","140","122","114","136","129","261","242","258","204","65","74","69","65","68","80","98","87","86","86","73","61","66","65","86","88","79","82","111","95","155","114","104","105","76","70","68","74","69","73","91","76","82","77","62","50","53","52","67","74","72","79","82","76","166","141","107","119","583","571","500","508","503","568","617","576","572","535","476","445","444","463","546","487","475","451","540","557","760","747","593","490","502","511","468","476","496","527","540","533","521","492","411","341","366","383","439","439","445","454","528","517","773","752","601","490","375","361","343","350","334","395","414","412","399","337","325","266","283","277","327","306","306","301","350","343","566","567","537","408","353","340","318","334","316","374","372","356","335","322","270","212","222","238","252","247","260","266","288","294","602","564","485","403","888","874","836","773","711","789","791","836","860","820","805","649","628","664","778","707","735","775","908","803","1,049","968","908","817","773","761","745","711","635","708","720","710","762","733","633","534","517","519","593","593","620","632","750","677","955","837","841","731","2,509","2,304","2,048","2,145","2,065","2,327","2,426","2,263","2,351","2,321","2,088","1,819","1,955","2,192","2,622","2,583","2,464","2,429","2,760","2,118","2,768","2,668","2,524","2,309","2,318","2,107","1,898","2,006","1,889","2,117","2,186","2,014","2,103","2,108","1,731","1,541","1,597","1,804","2,073","2,306","2,217","2,103","2,441","1,830","2,420","2,470","2,344","2,100","436","437","426","384","360","444","458","441","416","393","371","320","304","324","376","316","271","277","316","348","395","359","344","339","398","395","377","349","337","411","403","369","376","357","298","259","251","264","293","280","250","242","263","268","368","358","315","327","453","476","451","427","425","633","718","673","648","629","667","606","563","534","544","433","336","308","339","317","455","468","487","477","384","398","373","348","380","606","609","553","548","549","530","452","440","427","449","357","304","288","314","285","447","434","499","464","2,407","2,039","1,888","2,608","3,034","3,977","3,336","3,038","2,179","2,467","2,809","3,100","3,264","3,116","2,021","1,654","1,821","1,730","1,915","1,496","2,268","3,153","3,208","2,497","2,040","1,798","1,653","2,336","2,535","2,829","2,526","2,240","1,834","2,071","2,108","2,222","2,322","2,181","1,554","1,452","1,559","1,505","1,670","1,277","2,224","3,037","3,019","2,396","1,538","1,544","1,637","1,812","1,784","2,203","2,206","1,917","1,817","1,792","1,629","1,464","1,719","2,016","2,246","1,817","1,791","1,716","2,030","2,030","2,648","2,148","1,811","1,617","1,340","1,331","1,393","1,520","1,531","1,865","1,835","1,648","1,608","1,561","1,294","1,175","1,377","1,639","1,773","1,600","1,550","1,492","1,778","1,786","2,429","2,046","1,731","1,523","35","45","39","42","39","43","49","50","48","57","45","36","39","42","42","58","50","55","65","49","52","46","59","43","36","40","43","43","35","38","49","55","46","55","43","31","44","38","43","49","48","47","59","46","50","44","48","41","..t","..t","..t","..t","..t","..t","..t","..t","..t","..t","..t","..t","..t","..t","..t","..t","..t","..t","..t","..t","..t","..t","..t","..t","..t","..t","..t","..t","..t","..t","..t","..t","..t","..t","..t","..t","..t","..t","..t","..t","..t","..t","..t","..t","..t","..t","..t","..t","90","81","82","85","63","90","85","85","81","78","60","47","61","58","69","54","58","59","64","46","62","32","42","51","79","82","69","66","53","74","64","62","71","72","46","38","46","47","50","51","56","60","61","46","51","66","39","60","37","29","20","21","24","35","29","35","36","35","31","28","31","26","31","30","27","21","30","24","38","42","31","53","38","28","14","22","23","26","19","28","27","33","27","21","19","19","8","24","30","30","33","13","39","26","32","47"
"45 to 49 years","249","304","279","287","304","309","367","411","390","317","334","316","311","298","289","194","213","205","206","215","235","220","194","176","205","237","234","235","251","276","304","354","342","289","312","282","275","275","261","175","182","171","184","175","230","205","190","167","93","86","86","100","104","102","117","110","119","101","121","94","88","113","122","101","103","108","104","104","120","96","76","84","91","88","86","95","87","99","109","94","108","98","117","96","91","108","121","90","94","93","104","99","115","113","79","91","414","429","433","396","430","437","504","490","502","486","480","427","426","453","499","438","459","484","529","472","634","545","463","388","409","412","398","419","421","437","478","451","475","463","456","405","403","426","441","372","417","433","472","430","608","548","522","391","294","310","299","307","327","327","381","368","372","351","356","317","334","332","366","325","368","377","392","367","454","431","390","313","284","283","270","287","300","291","369","347","357","335","314","285","310","303","325","282","313","299","326","297","492","417","423","323","552","600","638","634","523","547","589","580","631","585","598","520","503","519","591","472","514","522","595","532","695","614","625","539","497","542","543","557","492","496","501","497","558","499","510","438","417","414","467","359","396","401","454","416","655","614","563","510","1,763","1,694","1,558","1,674","1,552","1,557","1,689","1,650","1,708","1,677","1,900","1,685","1,783","1,892","2,126","1,784","1,713","1,645","1,746","1,312","1,950","1,783","1,712","1,574","1,718","1,593","1,489","1,582","1,514","1,461","1,618","1,521","1,602","1,565","1,607","1,461","1,478","1,565","1,686","1,403","1,338","1,262","1,366","1,002","1,672","1,648","1,532","1,410","315","310","310","297","283","297","351","327","320","299","307","285","265","281","288","224","217","216","222","210","257","230","262","237","280","288","289","293","278","313","341","294","280","300","275","246","227","227","262","180","192","181","176","160","229","206","263","223","320","397","349","351","388","484","595","517","488","472","527","472","436","413","397","291","273","265","261","221","319","367","338","353","287","328","329","318","350","492","601","483","423","428","438","370","370","342","339","241","234","212","228","206","319","343","328","326","1,699","1,444","1,382","1,912","2,129","2,537","2,269","2,058","1,597","1,693","2,309","2,511","2,532","2,340","1,698","1,182","1,201","1,201","1,254","1,037","1,595","2,090","2,117","1,677","1,584","1,349","1,301","1,787","1,902","1,975","1,782","1,663","1,418","1,501","1,837","1,849","1,827","1,761","1,385","990","1,050","1,018","1,063","861","1,545","1,903","1,839","1,533","1,495","1,580","1,722","1,924","1,903","1,858","1,811","1,599","1,540","1,515","1,568","1,399","1,702","1,985","2,085","1,623","1,531","1,472","1,598","1,487","1,897","1,526","1,341","1,165","1,398","1,478","1,603","1,791","1,742","1,810","1,807","1,567","1,526","1,489","1,489","1,341","1,626","1,942","1,945","1,423","1,397","1,310","1,416","1,367","1,832","1,379","1,261","1,101","44","50","50","58","54","56","64","51","53","62","64","51","52","45","60","39","36","35","49","39","29","51","32","34","36","48","45","49","49","53","54","50","51","51","59","40","50","39","45","31","24","29","30","22","30","40","29","27","..t","..t","..t","..t","..t","..t","..t","..t","..t","..t","..t","..t","..t","..t","..t","..t","..t","..t","..t","..t","..t","..t","..t","..t","..t","..t","..t","..t","..t","..t","..t","..t","..t","..t","..t","..t","..t","..t","..t","..t","..t","..t","..t","..t","..t","..t","..t","..t","72","92","81","80","67","67","81","64","63","70","66","65","70","68","71","45","34","46","54","37","46","43","43","51","70","76","71","65","65","67","60","56","59","56","48","51","54","54","55","27","20","34","36","25","40","35","43","42","52","52","50","54","48","48","56","49","49","43","48","47","46","45","42","42","32","29","42","32","21","24","26","34","44","46","41","36","44","41","49","48","45","42","33","36","43","35","40","32","17","17","21","27","18","11","16","27"
"50 to 54 years","190","236","207","217","228","239","295","333","319","253","261","244","242","236","229","176","187","183","182","190","276","263","215","204","181","204","204","206","215","229","261","307","290","242","250","220","215","220","204","194","207","191","207","195","275","292","209","207","62","61","62","64","71","71","86","74","86","73","90","70","68","79","85","85","89","88","90","86","112","103","75","83","76","71","72","79","72","73","82","71","92","78","87","75","75","81","93","100","102","102","105","105","130","106","95","96","328","340","345","322","342","335","396","372","388","376","380","338","332","359","395","401","409","437","474","418","613","506","414","358","344","340","317","342","339","347","385","366","389","369","370","339","335","354","364","418","460","475","507","473","695","583","500","412","214","231","224","228","243","251","288","284","292","268","278","250","263","265","293","286","324","335","342","316","450","400","326","285","236","238","228","233","250","224","288","265","279","257","271","240","267","255","280","297","333","321","351","327","524","410","374","309","455","497","528","528","429","411","434","426","469","433","461","399","391","400","457","418","446","456","516","464","604","513","491","443","444","487","497","509","446","393","399","395","443","396","399","343","330","325","363","388","433","446","506","456","530","491","428","400","1,287","1,238","1,129","1,206","1,122","1,177","1,319","1,283","1,341","1,308","1,457","1,304","1,373","1,469","1,662","1,605","1,547","1,479","1,560","1,188","1,453","1,402","1,294","1,206","1,269","1,183","1,112","1,176","1,123","1,200","1,326","1,253","1,313","1,283","1,417","1,291","1,319","1,400","1,497","1,430","1,367","1,286","1,387","1,023","1,261","1,255","1,193","1,083","251","235","242","232","225","261","303","274","271","259","231","208","188","207","217","208","187","192","202","188","202","193","189","181","230","242","239","242","234","268","283","254","241","253","229","196","187","192","217","209","220","206","197","181","194","198","180","180","231","285","253","257","285","419","515","429","409","394","429","379","350","341","323","267","260","252","245","208","294","279","273","287","238","272","276","267","292","430","517","412","357","361","372","313","312","289","288","265","260","237","260","224","279","291","279","297","1,317","1,121","1,077","1,483","1,661","2,042","1,815","1,636","1,309","1,380","1,639","1,790","1,822","1,671","1,206","1,051","1,081","1,079","1,129","928","1,230","1,531","1,509","1,242","1,245","1,066","1,034","1,430","1,513","1,587","1,425","1,339","1,147","1,210","1,489","1,498","1,496","1,446","1,150","1,071","1,148","1,118","1,164","945","1,287","1,493","1,374","1,212","1,125","1,181","1,285","1,437","1,432","1,530","1,514","1,319","1,287","1,259","1,303","1,162","1,409","1,641","1,736","1,525","1,437","1,384","1,490","1,389","1,550","1,285","1,157","987","1,190","1,264","1,379","1,538","1,484","1,576","1,578","1,362","1,328","1,300","1,322","1,200","1,439","1,710","1,725","1,594","1,569","1,478","1,587","1,539","1,716","1,351","1,157","1,045","27","28","30","35","30","34","55","41","35","42","42","32","29","26","36","33","31","30","39","32","24","32","21","22","28","30","32","31","30","37","29","26","29","34","42","31","33","28","30","31","27","31","30","22","31","34","13","25","..t","..t","..t","..t","..t","..t","..t","..t","..t","..t","..t","..t","..t","..t","..t","..t","..t","..t","..t","..t","..t","..t","..t","..t","..t","..t","..t","..t","..t","..t","..t","..t","..t","..t","..t","..t","..t","..t","..t","..t","..t","..t","..t","..t","..t","..t","..t","..t","55","66","60","57","51","56","57","52","46","57","34","34","50","36","51","34","32","32","43","35","39","34","42","44","49","50","50","44","36","45","50","42","48","48","39","47","47","48","46","30","37","36","41","22","29","31","30","30","38","27","29","25","21","33","47","45","32","42","35","29","32","30","28","33","23","20","28","30","32","26","22","39","29","37","24","17","27","22","25","36","31","22","25","24","34","30","29","34","22","21","22","28","32","25","28","37"
"55 to 59 years","136","171","148","159","168","203","253","286","267","220","215","206","201","191","189","170","185","178","179","189","326","305","262","237","118","146","146","142","150","203","229","266","252","212","205","188","185","189","178","176","182","169","182","176","323","347","271","254","41","42","40","42","46","59","64","61","66","52","72","58","57","66","79","75","82","82","80","79","162","109","99","104","44","43","45","43","41","61","71","63","70","68","66","54","50","61","70","88","88","86","93","84","171","120","93","102","235","245","249","226","245","275","326","308","323","312","314","280","278","305","332","382","390","411","438","397","736","664","430","421","230","226","215","224","233","303","326","312","333","320","306","270","273","289","296","363","413","422","458","415","809","696","440","443","145","155","145","148","157","207","233","229","238","218","214","187","200","199","229","265","298","309","319","302","600","509","406","362","153","149","145","156","164","199","250","236","246","231","210","191","208","203","222","270","296","294","318","290","634","534","409","376","341","378","403","408","331","358","380","377","406","380","373","320","313","325","372","411","445","441","509","464","586","460","440","407","301","328","330","345","304","359","367","360","411","367","355","295","281","284","319","359","391","398","456","411","563","446","424","400","854","824","749","800","748","933","1,043","1,013","1,065","1,036","1,099","975","1,029","1,125","1,280","1,433","1,361","1,302","1,365","1,039","1,138","1,101","966","942","839","777","733","779","740","950","1,058","1,000","1,052","1,021","1,064","965","982","1,052","1,126","1,324","1,260","1,185","1,272","936","1,181","1,044","918","925","190","176","183","176","166","213","247","229","226","212","199","180","175","185","190","205","188","189","193","179","193","174","153","165","163","165","166","170","164","229","247","222","207","215","197","166","154","158","180","192","204","199","183","173","226","209","198","205","161","206","183","187","205","347","429","360","343","328","359","317","296","290","271","264","257","246","242","205","313","296","249","290","173","199","198","188","209","338","407","324","292","298","306","261","256","240","232","255","252","225","243","221","330","291","205","279","992","846","806","1,104","1,215","1,609","1,441","1,306","1,042","1,099","1,341","1,435","1,471","1,363","995","926","941","944","993","819","1,165","1,374","1,224","1,101","812","700","676","945","980","1,318","1,197","1,127","961","1,005","1,220","1,233","1,220","1,180","930","1,018","1,089","1,061","1,101","900","1,393","1,623","1,312","1,269","827","869","944","1,055","1,047","1,312","1,295","1,130","1,103","1,080","1,174","1,046","1,269","1,482","1,558","1,541","1,450","1,402","1,500","1,408","1,740","1,285","1,039","1,007","892","957","1,037","1,162","1,122","1,350","1,345","1,158","1,136","1,110","1,096","990","1,190","1,428","1,426","1,459","1,431","1,350","1,446","1,408","1,900","1,382","1,082","1,079","21","17","17","23","21","26","30","20","22","26","35","25","25","25","30","30","26","30","26","23","23","27","29","22","18","16","19","18","21","28","28","19","28","27","28","23","22","21","24","30","28","36","32","23","26","26","16","20","..t","..t","..t","..t","..t","..t","..t","..t","..t","..t","..t","..t","..t","..t","..t","..t","..t","..t","..t","..t","..t","..t","..t","..t","..t","..t","..t","..t","..t","..t","..t","..t","..t","..t","..t","..t","..t","..t","..t","..t","..t","..t","..t","..t","..t","..t","..t","..t","31","39","32","35","25","46","49","38","32","43","33","39","36","33","47","38","28","28","35","35","37","14","23","32","29","30","29","27","27","36","34","35","41","35","21","21","31","22","23","26","23","22","40","20","41","19","16","30","22","12","6","11","9","11","29","25","19","16","19","16","23","20","17","18","14","20","20","24","22","14","28","27","13","11","10","9","9","16","20","25","19","23","11","10","13","12","7","21","24","16","19","23","17","16","12","20"
"60 to 64 years","88","104","90","97","103","135","167","193","180","152","149","145","144","142","134","126","156","138","150","148","299","304","255","228","76","85","89","89","96","121","139","161","159","136","167","152","147","152","140","149","148","139","155","152","283","286","211","213","27","24","19","23","29","33","40","39","44","34","45","39","31","41","46","58","66","72","61","62","146","120","101","93","21","22","25","30","24","38","43","38","42","42","56","52","39","52","60","77","78","77","76","79","181","121","95","107","149","153","156","149","157","184","216","210","217","202","221","201","198","213","240","298","312","342","358","329","730","628","453","418","147","142","137","141","146","188","203","193","212","201","257","226","227","243","252","310","349","364","392","358","792","617","476","435","94","103","98","98","106","145","165","165","170","158","144","132","139","137","159","218","245","256","267","250","559","539","429","362","100","100","98","104","113","123","165","147","155","149","172","149","172","160","183","234","263","252","274","246","582","478","423","349","213","232","247","249","207","236","247","248","268","255","242","214","205","217","253","335","362","360","426","382","478","394","354","337","202","220","227","229","207","218","218","216","250","222","298","250","245","243","272","300","333","338","379","348","499","396","338","348","563","539","492","529","488","669","741","722","760","729","806","715","756","823","939","1,117","1,076","1,029","1,077","820","917","838","870","775","556","513","478","513","487","702","760","721","742","731","813","742","763","808","864","1,151","1,103","1,040","1,127","824","940","900","904","812","109","105","104","102","95","145","166","155","149","141","138","123","117","123","132","164","152","156","153","147","214","195","149","176","103","103","95","109","96","146","149","130","124","134","152","132","131","132","152","156","168","159","154","142","219","210","179","198","109","134","116","117","132","237","296","251","235","222","233","209","195","190","187","210","202","185","182","155","247","264","244","260","95","113","111","112","124","222","270","213","187","188","230","197","193","186","173","205","202","171","190","170","304","320","266","296","609","516","500","686","771","1,096","988","899","710","751","855","928","947","877","630","796","815","814","858","704","1,303","1,469","1,264","1,186","562","482","462","652","684","853","775","723","612","643","950","960","964","939","730","849","904","882","920","758","1,614","1,735","1,493","1,421","537","566","614","688","682","897","887","772","750","739","788","706","852","990","1,045","1,207","1,133","1,100","1,171","1,104","1,692","1,270","1,058","993","546","577","629","703","684","830","831","717","707","684","901","811","982","1,176","1,179","1,191","1,166","1,101","1,191","1,147","1,801","1,326","1,154","1,064","11","9","11","11","12","18","22","18","16","19","17","18","17","16","22","23","24","25","24","20","14","30","18","14","7","8","10","8","10","18","13","14","12","9","16","12","16","15","15","23","18","23","22","22","41","17","28","26","..t","..t","..t","..t","..t","..t","..t","..t","..t","..t","..t","..t","..t","..t","..t","..t","..t","..t","..t","..t","..t","..t","..t","..t","..t","..t","..t","..t","..t","..t","..t","..t","..t","..t","..t","..t","..t","..t","..t","..t","..t","..t","..t","..t","..t","..t","..t","..t","20","23","20","20","21","23","28","23","21","25","17","25","22","16","25","26","19","21","26","25","18","19","22","20","12","13","15","12","13","11","18","14","16","16","15","16","19","15","16","19","20","27","32","19","24","17","19","20","7","6","3","9","8","8","15","13","6","8","12","12","12","12","7","9","12","15","11","15","12","9","10","15","0","4","0","5","2","3","8","5","5","7","4","7","12","7","7","20","16","8","13","17","16","9","13","20"
"65 to 69 years","50","49","55","51","59","78","68","75","87","82","107","90","85","95","94","95","108","92","108","102","237","243","171","171","43","39","44","45","41","58","48","55","60","60","68","58","53","62","83","74","91","103","103","117","202","226","164","156","30","30","35","21","36","42","38","33","47","47","47","55","48","50","56","50","56","52","61","66","98","83","68","68","31","31","29","25","30","37","37","31","40","42","36","40","41","43","51","47","76","62","76","83","105","86","71","73","94","100","94","107","102","122","134","134","139","148","171","154","176","180","206","227","263","270","322","294","511","437","337","298","125","120","125","124","135","128","131","141","131","149","146","141","144","151","160","255","274","281","322","304","531","416","361","305","63","87","81","85","86","93","106","103","100","97","115","125","131","129","154","158","176","185","206","218","418","359","289","254","81","80","72","72","79","94","89","97","107","101","98","101","114","109","124","169","186","199","228","219","436","343","279","252","158","161","154","165","151","178","196","197","196","170","201","204","220","201","257","254","300","283","323","268","378","335","290","281","206","203","203","209","177","222","215","219","214","229","203","191","188","192","210","311","355","334","365","335","384","334","281","280","495","466","425","440","447","487","521","538","518","511","525","525","610","601","613","725","789","703","756","619","781","731","690","657","588","550","525","533","537","520","535","512","567","548","714","706","754","754","780","921","940","911","978","719","863","803","750","716","86","90","111","97","96","113","108","93","105","102","131","114","124","133","162","127","159","126","140","132","191","149","144","157","127","122","109","112","114","116","123","100","115","104","138","120","117","125","141","167","179","170","193","160","202","185","161","179","111","103","116","111","121","190","179","135","134","121","149","109","120","122","153","151","148","147","177","150","235","241","211","233","131","132","123","113","137","173","142","132","124","114","145","122","139","136","148","177","184","188","198","197","248","236","221","238","438","372","364","500","470","386","330","341","334","376","528","524","563","581","587","710","790","774","841","775","1,183","1,296","1,120","1,056","539","479","463","545","531","454","422","435","422","461","586","561","609","632","685","861","1,001","979","1,057","931","1,416","1,575","1,305","1,261","591","632","681","686","667","659","630","551","615","578","705","734","970","1,132","1,038","1,025","951","895","1,003","1,005","1,362","990","821","783","585","591","630","647","625","627","609","568","606","588","698","658","865","978","930","1,078","1,066","1,021","1,152","1,144","1,402","1,056","873","823","9","9","11","16","15","11","11","18","8","12","15","12","14","14","22","7","12","10","10","12","18","16","17","17","10","16","15","14","12","13","17","19","13","11","18","11","15","15","23","5","11","11","13","17","7","17","17","13","..t","..t","..t","..t","..t","..t","..t","..t","..t","..t","..t","..t","..t","..t","..t","..t","..t","..t","..t","..t","..t","..t","..t","..t","..t","..t","..t","..t","..t","..t","..t","..t","..t","..t","..t","..t","..t","..t","..t","..t","..t","..t","..t","..t","..t","..t","..t","..t","9","8","8","11","11","9","16","9","3","7","14","13","11","15","12","5","6","3","9","8","8","10","10","9","8","9","12","15","11","16","15","11","7","15","7","12","12","13","12","6","9","8","3","8","9","10","7","7","3","2","2","3","2","3","3","5","8","4","8","11","2","6","5","2","1","0","1","0","2","6","6","12","1","3","2","4","1","3","3","5","5","7","6","6","3","7","3","2","0","0","1","0","3","2","2","5"
"70 to 74 years","39","39","41","39","43","51","37","45","50","51","47","41","38","41","43","48","58","52","54","53","127","103","98","85","39","38","36","34","39","32","29","37","36","31","43","39","36","43","53","37","41","49","51","55","113","122","104","94","19","17","20","13","19","21","17","19","28","26","17","21","19","19","22","32","34","28","37","38","64","56","39","43","23","21","24","24","20","25","24","23","28","26","28","25","28","29","39","20","41","27","33","40","66","63","45","47","78","86","82","85","84","80","90","94","95","95","89","75","87","98","106","123","138","153","171","171","271","223","190","159","112","106","102","107","110","88","94","95","90","103","112","108","118","124","128","132","140","147","162","155","312","237","190","175","48","62","64","65","67","64","74","72","70","67","61","69","73","72","82","87","99","100","116","120","271","197","147","147","74","65","64","66","66","63","54","63","65","62","70","70","76","76","83","88","92","97","113","114","229","187","170","140","128","128","121","130","117","104","111","118","120","102","89","89","94","94","114","146","161","159","173","147","221","180","147","155","178","180","171","189","155","143","135","138","133","142","162","151","157","157","174","147","170","160","175","164","266","206","227","197","338","318","302","315","312","377","395","410","398","394","349","350","397","397","397","418","453","402","429","350","521","495","469","442","548","496","482","486","488","413","419","396","441","427","491","476","502","505","527","500","506","493","525","386","651","618","534","531","55","62","72","67","67","75","78","66","70","70","55","50","52","54","71","64","79","64","67","68","116","120","139","120","104","102","89","96","89","80","90","73","83","71","98","85","84","91","105","80","87","73","91","78","145","125","122","131","70","54","74","71","67","131","112","88","86","78","85","62","67","69","90","80","76","77","89","78","152","173","129","156","96","100","92","90","104","132","108","95","87","79","96","83","95","92","103","80","84","84","89","88","193","184","141","174","317","266","266","360","337","287","245","252","245","277","267","258","283","283","300","387","425","417","463","425","873","924","767","755","459","410","393","459","455","324","302","308","307","341","458","438","478","494","544","447","529","515","552","486","1,033","1,062","826","857","378","404","435","443","432","411","399","357","390","372","351","368","493","570","525","532","489","461","522","527","795","607","514","475","468","463","498","518","498","430","423","386","422","406","445","420","549","635","602","499","489","466","522","525","857","670","526","504","1","1","3","7","5","6","6","7","5","8","2","4","5","4","8","0","0","5","5","3","5","10","6","7","5","7","6","6","5","9","5","11","5","5","9","5","13","10","11","0","7","5","7","5","5","10","6","6","..t","..t","..t","..t","..t","..t","..t","..t","..t","..t","..t","..t","..t","..t","..t","..t","..t","..t","..t","..t","..t","..t","..t","..t","..t","..t","..t","..t","..t","..t","..t","..t","..t","..t","..t","..t","..t","..t","..t","..t","..t","..t","..t","..t","..t","..t","..t","..t","1","1","0","1","1","4","4","0","0","2","5","0","2","0","1","0","2","0","3","1","6","10","2","7","5","1","1","3","3","5","6","4","1","5","8","7","4","6","6","2","1","0","0","0","10","7","2","6","0","0","0","0","0","0","0","0","0","0","0","0","2","0","2","0","0","0","0","0","0","1","0","1","0","0","0","0","0","0","0","0","0","0","0","0","0","2","3","0","0","0","0","0","1","0","0","0"
"75 to 79 years","23","15","22","21","24","23","20","24","29","26","38","36","34","34","38","28","31","25","27","30","43","60","43","40","30","26","25","30","33","34","27","32","32","30","38","35","30","37","46","28","28","37","37","36","43","47","53","39","11","6","10","6","8","7","12","9","8","8","16","19","18","20","20","11","15","12","15","16","30","27","26","20","20","16","21","20","17","20","22","17","25","20","16","15","25","24","30","14","21","16","24","26","37","33","11","25","50","55","49","58","52","46","60","61","57","61","63","63","71","78","87","70","80","92","96","91","135","114","101","86","87","79","77","78","86","70","72","76","64","84","94","84","95","99","102","87","88","94","106","103","120","145","118","88","35","37","39","41","41","34","35","35","38","34","46","59","58","55","71","54","57","65","71","76","115","87","80","66","70","65","58","62","60","63","60","65","73","70","73","76","79","83","88","47","54","60","68","66","101","118","105","78","83","80","74","82","76","70","76","75","76","65","71","69","76","72","90","77","85","90","98","81","135","141","112","111","149","144","135","148","123","122","116","117","116","122","128","120","119","126","134","102","119","105","118","111","158","159","145","128","289","269","242","260","263","218","230","230","222","220","291","295","333","333","343","252","278","249","263","215","328","315","271","273","542","505","480","480","494","439","451","422","474","458","415","408","425","433","458","319","333","314","334","247","431","401","392","360","43","42","53","47","51","50","52","44","49","46","43","37","38","44","50","37","45","40","43","38","56","59","71","62","96","89","82","82","79","73","78","64","72","69","66","61","61","67","75","52","60","50","58","50","97","90","90","86","51","46","52","50","52","84","76","59","56","49","67","49","53","58","66","42","42","41","48","41","82","96","87","93","95","96","88","85","99","109","94","83","74","73","75","61","72","70","72","57","57","53","59","59","116","113","126","119","226","199","194","263","245","197","170","173","171","193","189","183","198","207","214","249","273","268","292","271","486","563","470","448","420","379","367","427","419","324","299","302","299","332","310","296","324","341","373","330","376","371","391","354","572","657","571","528","239","254","277","281","269","261","252","220","251","231","272","277","383","448","407","279","253","229","269","267","343","332","306","245","430","410","439","456","438","360","344","322","347","337","345","328","429","501","482","264","267","258","286","287","447","384","382","294","3","3","4","4","4","0","2","1","5","1","2","3","3","4","6","0","0","0","0","0","7","4","3","4","5","3","5","4","6","5","6","3","4","3","4","6","4","0","9","0","4","4","5","5","6","8","7","6","..t","..t","..t","..t","..t","..t","..t","..t","..t","..t","..t","..t","..t","..t","..t","..t","..t","..t","..t","..t","..t","..t","..t","..t","..t","..t","..t","..t","..t","..t","..t","..t","..t","..t","..t","..t","..t","..t","..t","..t","..t","..t","..t","..t","..t","..t","..t","..t","0","0","0","0","0","0","0","0","0","0","0","0","0","0","2","0","0","0","0","0","3","2","3","2","0","0","3","1","0","1","1","0","0","0","2","1","0","0","0","0","0","0","0","0","2","4","0","1","0","0","0","0","0","0","0","0","0","0","0","0","0","0","0","0","0","0","0","0","1","0","0","1","0","0","0","1","0","0","0","0","0","0","0","0","0","0","3","0","0","0","0","0","0","0","1","1"
"80 to 84 years","5","5","6","5","6","15","14","16","22","14","20","21","15","20","20","10","11","10","11","11","12","17","12","12","9","10","12","13","12","20","12","18","22","17","24","20","21","24","30","7","9","9","9","12","18","24","25","19","2","1","3","2","3","7","4","2","6","5","8","5","8","8","10","5","7","5","5","5","18","5","9","6","10","6","10","9","8","10","9","6","12","11","8","5","10","12","16","5","6","5","6","8","24","13","23","15","19","18","20","25","25","33","38","34","32","41","40","35","46","47","50","30","38","39","43","44","54","62","65","43","44","42","46","47","50","60","61","62","46","62","70","65","65","66","69","39","42","46","52","49","74","89","78","61","10","14","14","14","17","30","37","29","36","27","30","33","36","41","46","25","28","26","32","34","53","47","44","38","26","27","25","26","29","38","35","37","39","41","45","50","55","50","60","24","29","32","34","38","68","52","56","45","31","30","29","33","28","47","50","48","50","46","34","32","36","37","47","38","44","45","47","37","64","72","47","50","80","84","80","82","67","80","77","76","76","85","100","95","94","100","101","47","53","52","54","49","93","113","115","90","144","132","120","128","135","188","183","191","181","178","173","170","192","197","195","118","132","115","124","106","185","179","178","164","253","237","224","226","227","291","293","279","314","299","281","276","297","301","307","176","178","174","185","135","266","308","269","249","20","23","27","25","27","34","34","29","32","32","28","24","26","25","29","23","27","23","23","24","33","47","28","35","55","53","49","50","49","50","54","45","51","47","50","43","46","49","53","29","29","28","31","25","46","49","56","51","29","24","28","30","27","59","55","40","40","36","33","28","27","29","38","24","22","21","27","23","50","54","43","50","46","46","45","41","46","84","67","62","57","54","58","46","54","51","59","29","31","29","31","31","54","75","54","61","139","116","115","154","144","130","105","110","107","126","149","149","167","162","171","132","151","146","160","141","250","251","252","223","273","242","231","270","264","211","201","201","199","229","222","216","235","236","262","178","206","200","215","189","378","422","399","354","119","126","133","139","134","197","192","168","189","177","158","172","231","265","245","138","130","121","137","138","196","168","169","133","229","223","241","249","237","304","298","276","299","293","283","272","349","406","388","149","149","148","163","157","294","278","232","195","0","0","0","0","0","0","0","0","0","0","0","0","0","0","1","0","0","0","0","0","1","4","4","1","2","0","0","0","5","0","0","0","0","0","0","1","0","0","3","0","0","0","1","1","1","4","3","2","..t","..t","..t","..t","..t","..t","..t","..t","..t","..t","..t","..t","..t","..t","..t","..t","..t","..t","..t","..t","..t","..t","..t","..t","..t","..t","..t","..t","..t","..t","..t","..t","..t","..t","..t","..t","..t","..t","..t","..t","..t","..t","..t","..t","..t","..t","..t","..t","0","0","0","0","0","0","1","1","1","0","0","0","0","0","0","0","0","0","0","0","1","2","0","0","0","0","0","0","0","0","0","0","0","0","0","0","0","0","0","0","0","0","0","0","1","2","1","0","0","0","0","0","0","0","0","0","0","0","0","0","0","0","0","0","0","0","0","0","0","0","1","1","0","0","0","0","0","0","0","0","0","0","0","0","0","0","0","0","0","0","0","0","0","0","0","0"
"85 to 89 years","4","4","5","5","5","3","3","3","4","4","8","4","1","6","5","5","5","5","5","5","8","6","10","5","5","5","5","5","5","11","11","12","12","9","7","10","10","10","12","5","5","5","5","5","10","7","19","10","0","0","0","0","0","1","0","0","1","1","1","0","1","2","1","2","3","2","3","4","6","5","4","5","2","1","4","1","1","6","5","4","6","5","2","2","2","3","3","0","5","5","5","5","11","12","1","4","10","9","6","8","8","11","13","12","13","15","16","17","20","21","20","10","14","13","18","19","32","28","22","18","19","18","17","20","20","36","35","40","37","43","25","28","27","28","31","20","23","26","29","27","36","40","45","31","4","5","5","5","5","5","5","5","6","7","5","6","7","12","13","13","11","18","18","18","24","21","15","13","15","12","14","13","14","31","26","31","35","29","16","18","22","21","24","15","18","22","24","23","33","38","31","24","20","19","20","22","20","12","14","13","12","12","16","17","19","17","22","16","19","19","22","16","42","36","28","29","40","40","37","41","31","62","60","56","63","63","39","33","37","37","41","28","31","30","33","28","71","57","63","53","41","42","32","35","35","60","64","66","62","61","83","83","90","91","93","54","58","52","54","45","89","98","107","90","128","122","112","119","115","199","207","203","220","206","157","151","167","166","166","126","132","124","131","91","195","139","175","150","10","9","11","10","10","13","14","11","14","13","15","12","11","13","16","5","8","7","6","5","24","14","21","20","29","26","26","26","26","33","31","27","29","28","36","29","28","29","37","20","23","19","21","20","44","31","28","33","14","9","11","12","15","13","11","11","9","8","18","15","12","13","16","7","5","4","8","5","28","27","20","24","23","23","24","22","25","42","32","30","26","26","30","25","30","30","32","22","24","21","26","27","36","27","37","32","60","51","50","72","65","61","51","55","54","61","80","75","82","80","89","39","41","46","50","47","144","133","121","115","149","135","126","148","145","134","123","130","125","137","144","140","149","156","166","126","149","147","151","134","217","259","173","191","50","52","58","60","56","50","49","45","49","48","55","66","85","100","90","66","58","55","62","62","115","91","75","70","127","118","128","132","132","157","149","141","149","149","162","153","205","229","212","98","95","92","106","104","175","151","142","115","0","0","0","0","0","0","0","0","0","0","0","0","0","0","0","0","0","0","0","0","2","0","0","0","0","0","0","0","2","0","0","0","0","0","0","0","0","0","0","0","0","0","0","0","3","2","3","1","..t","..t","..t","..t","..t","..t","..t","..t","..t","..t","..t","..t","..t","..t","..t","..t","..t","..t","..t","..t","..t","..t","..t","..t","..t","..t","..t","..t","..t","..t","..t","..t","..t","..t","..t","..t","..t","..t","..t","..t","..t","..t","..t","..t","..t","..t","..t","..t","0","0","0","0","0","0","0","0","0","0","0","0","0","0","0","0","0","0","0","0","0","0","0","0","0","0","0","0","0","0","0","1","0","0","0","0","0","0","0","0","0","0","0","0","1","3","1","1","0","0","0","0","0","0","0","0","0","0","0","0","0","0","0","0","0","0","0","0","0","0","0","0","0","0","0","0","0","0","0","0","0","0","0","0","0","0","0","0","0","0","0","0","0","0","0","0"
"90 to 94 years","0","0","0","0","0","0","0","0","0","0","0","0","0","0","0","0","0","0","0","1","2","2","3","0","0","0","1","1","1","2","2","2","2","2","0","0","0","0","3","3","4","4","4","5","1","6","0","1","0","0","0","0","0","0","0","0","0","0","0","0","0","0","0","0","0","0","0","0","0","4","4","1","0","0","0","0","0","0","1","0","1","0","0","0","0","0","0","0","3","2","1","2","2","4","1","2","1","1","1","1","1","0","3","1","1","1","0","1","0","1","1","2","4","5","4","3","7","5","7","3","2","3","3","3","2","9","8","9","9","11","9","7","9","12","9","9","9","10","12","13","17","20","31","16","0","0","0","0","0","0","0","0","0","0","0","0","0","0","0","1","1","2","3","3","9","7","0","2","1","1","1","1","1","4","4","4","5","4","2","8","9","6","9","5","5","5","7","8","15","8","7","4","3","3","2","3","2","2","2","2","2","1","1","1","1","0","2","5","5","6","6","5","17","15","25","17","8","10","8","9","8","16","16","16","16","19","8","10","10","11","9","14","19","17","19","18","43","36","33","31","19","15","13","14","17","26","29","29","27","27","19","21","26","26","25","26","28","27","29","20","44","38","43","37","27","27","26","28","26","36","37","39","40","41","62","57","59","63","65","35","33","33","37","23","87","97","72","75","0","0","1","0","0","4","4","4","5","4","1","1","0","0","1","1","3","1","1","3","9","8","7","8","7","6","6","6","6","9","11","11","11","10","8","7","8","8","9","10","9","7","11","10","21","10","11","14","1","0","1","1","1","9","9","7","6","6","5","4","5","5","5","3","3","3","5","1","9","10","3","7","9","9","8","6","10","6","5","5","5","2","7","6","7","8","8","4","4","4","4","4","22","10","8","11","13","11","10","13","13","26","20","21","21","21","8","7","8","8","7","28","31","30","32","28","43","38","51","39","42","37","35","42","41","49","49","52","48","59","45","41","45","46","51","54","62","60","65","57","105","101","100","90","13","14","15","15","14","17","16","15","16","16","20","21","29","33","28","13","13","10","13","13","38","34","32","28","32","32","33","34","33","54","51","53","52","51","37","36","50","56","56","44","45","44","47","49","92","83","91","64","0","0","0","0","0","0","0","0","0","0","0","0","0","0","0","0","0","0","0","0","2","1","0","0","0","0","0","0","0","0","0","0","0","0","0","0","0","0","0","0","0","0","0","0","2","1","0","0","..t","..t","..t","..t","..t","..t","..t","..t","..t","..t","..t","..t","..t","..t","..t","..t","..t","..t","..t","..t","..t","..t","..t","..t","..t","..t","..t","..t","..t","..t","..t","..t","..t","..t","..t","..t","..t","..t","..t","..t","..t","..t","..t","..t","..t","..t","..t","..t","0","0","0","0","0","0","0","0","0","0","0","0","0","0","0","0","0","0","0","0","0","0","0","0","0","0","0","0","0","0","0","0","0","0","0","0","0","0","0","0","0","0","0","0","0","1","0","0","0","0","0","0","0","0","0","0","0","0","0","0","0","0","0","0","0","0","0","0","0","0","0","0","0","0","0","0","0","0","0","0","0","0","0","0","0","0","0","0","0","0","0","0","0","0","0","0"
"95 to 99 years","0","0","0","0","0","0","0","0","0","0","0","0","0","0","0","0","0","0","0","0","0","2","0","0","0","0","0","0","0","0","0","0","0","0","0","0","0","0","0","0","0","0","0","0","2","2","2","0","0","0","0","0","0","0","0","0","0","0","0","0","0","0","0","0","0","0","0","0","0","0","0","0","0","0","0","0","0","0","0","0","0","0","0","0","0","0","0","0","0","0","0","0","0","2","1","0","0","0","0","0","0","0","0","0","0","0","0","0","0","0","0","0","0","0","0","0","1","1","1","0","0","0","0","0","0","0","0","0","0","0","0","0","1","1","1","1","1","1","2","2","4","6","6","1","0","0","0","0","0","0","0","0","0","0","0","0","0","0","0","0","0","0","0","0","1","0","0","0","0","0","0","0","0","0","0","0","0","0","0","0","0","0","0","0","0","1","1","1","6","5","2","2","0","0","0","0","0","0","0","0","0","0","0","0","0","0","0","0","0","0","0","0","0","1","4","1","0","0","0","0","0","2","2","1","2","2","0","0","0","0","0","2","2","2","3","2","10","12","7","10","2","1","1","2","2","14","12","12","14","13","4","1","4","4","3","2","2","2","2","2","10","5","8","4","4","4","4","5","4","9","12","10","10","11","22","21","20","24","23","12","10","10","12","5","32","31","22","24","0","0","0","0","0","0","0","0","0","0","0","0","0","0","0","0","0","0","0","0","0","0","0","0","0","0","0","0","0","1","1","1","1","1","0","0","0","0","0","0","0","0","0","0","5","6","2","3","0","0","0","0","0","3","3","0","0","0","0","0","0","0","0","0","0","0","0","0","1","2","0","0","0","0","0","0","0","1","0","0","0","0","0","0","0","0","0","0","0","0","0","0","4","5","2","2","0","0","0","0","0","3","2","2","2","3","1","0","2","1","2","4","6","5","5","4","6","10","6","7","3","3","3","3","3","12","12","12","12","13","8","7","8","7","9","6","6","6","7","6","23","21","27","20","0","0","0","0","0","7","7","6","7","6","5","5","7","7","7","1","0","0","1","1","5","7","9","3","1","1","2","2","2","15","15","15","15","15","6","6","10","11","9","6","7","7","9","8","19","17","22","16","0","0","0","0","0","0","0","0","0","0","0","0","0","0","0","0","0","0","0","0","0","0","0","0","0","0","0","0","0","0","0","0","0","0","0","0","0","0","0","0","0","0","0","0","1","0","1","0","..t","..t","..t","..t","..t","..t","..t","..t","..t","..t","..t","..t","..t","..t","..t","..t","..t","..t","..t","..t","..t","..t","..t","..t","..t","..t","..t","..t","..t","..t","..t","..t","..t","..t","..t","..t","..t","..t","..t","..t","..t","..t","..t","..t","..t","..t","..t","..t","0","0","0","0","0","0","0","0","0","0","0","0","0","0","0","0","0","0","0","0","0","0","0","0","0","0","0","0","0","0","0","0","0","0","0","0","0","0","0","0","0","0","0","0","0","0","1","1","0","0","0","0","0","0","0","0","0","0","0","0","0","0","0","0","0","0","0","0","0","0","0","0","0","0","0","0","0","0","0","0","0","0","0","0","0","0","0","0","0","0","0","0","0","0","0","0"
"100 years and older","0","0","0","0","0","0","0","0","0","0","0","0","0","0","0","0","0","0","0","0","0","0","0","0","0","0","0","0","0","0","0","0","0","0","0","0","0","0","0","0","0","0","0","0","0","0","0","0","0","0","0","0","0","0","0","0","0","0","0","0","0","0","0","0","0","0","0","0","0","0","0","0","0","0","0","0","0","0","0","0","0","0","0","0","0","0","0","0","0","0","0","0","0","0","0","0","0","0","0","0","0","0","0","0","0","0","0","0","0","0","0","0","0","0","0","0","0","0","0","0","0","0","0","0","0","0","0","0","0","0","0","0","0","0","0","0","0","0","0","0","1","0","0","0","0","0","0","0","0","0","0","0","0","0","0","0","0","0","0","0","0","0","0","0","0","0","0","0","0","0","0","0","0","0","0","0","0","0","0","0","0","0","0","0","0","0","0","0","0","0","1","0","0","0","0","0","0","0","0","0","0","0","0","0","0","0","0","0","0","0","0","0","0","0","0","0","0","0","0","0","0","0","0","0","0","0","0","0","0","0","0","0","0","0","0","0","1","0","2","0","0","0","0","0","0","0","0","0","0","0","1","1","1","1","1","0","0","0","0","0","3","1","0","0","0","0","0","0","0","0","0","0","0","0","0","0","0","0","0","0","0","0","0","0","1","3","3","1","0","0","0","0","0","0","0","0","0","0","0","0","0","0","0","0","0","0","0","0","0","0","0","0","0","0","0","0","0","0","0","0","0","0","0","0","0","0","0","0","0","0","0","0","0","1","1","0","0","0","0","0","0","0","0","0","0","0","1","0","0","1","1","0","0","0","0","0","0","0","0","0","0","0","0","0","0","0","0","0","0","0","0","0","0","0","0","0","0","0","0","0","0","1","0","0","0","0","0","0","0","0","0","0","0","0","0","0","0","0","0","0","0","0","0","0","0","1","0","0","0","0","0","0","0","0","0","0","0","0","0","0","0","0","0","0","0","0","0","0","3","4","2","2","0","0","0","0","0","0","0","0","0","0","3","3","4","4","4","0","0","0","0","0","0","0","1","0","0","0","0","0","0","0","0","0","0","0","0","0","0","0","0","0","0","0","0","0","6","2","3","2","0","0","0","0","0","0","0","0","0","0","0","0","0","0","0","0","0","0","0","0","0","0","0","0","0","0","0","0","0","0","0","0","0","0","0","0","0","0","0","0","0","0","0","0","0","0","0","0","..t","..t","..t","..t","..t","..t","..t","..t","..t","..t","..t","..t","..t","..t","..t","..t","..t","..t","..t","..t","..t","..t","..t","..t","..t","..t","..t","..t","..t","..t","..t","..t","..t","..t","..t","..t","..t","..t","..t","..t","..t","..t","..t","..t","..t","..t","..t","..t","0","0","0","0","0","0","0","0","0","0","0","0","0","0","0","0","0","0","0","0","0","0","0","0","0","0","0","0","0","0","0","0","0","0","0","0","0","0","0","0","0","0","0","0","0","0","0","0","0","0","0","0","0","0","0","0","0","0","0","0","0","0","0","0","0","0","0","0","0","0","0","0","0","0","0","0","0","0","0","0","0","0","0","0","0","0","0","0","0","0","0","0","0","0","0","0"

Symbol legend:
.., not available for a specific reference period




Footnotes:
1,"Interprovincial migration represents movements from one province or territory to another, involving a change in usual place of residence. A person who takes up residence in another province or territory is an out-migrant with reference to the province or territory of origin, and an in-migrant with reference to the province or territory of destination. Net interprovincial migration is the difference between the number of in-migrants and the number of out-migrants."
2,"Period from July 1 to June 30."
3,"The number of interprovincial migrants is final up to 2023/2024 and preliminary for 2024/2025."
4,"Data for persons aged 90 to 100 years and older will be available from 2001/2002."
5,"From 1971/1972 to 1975/1976, estimates are based on Family Allowance data. From 1976/1977 to 2023/2024, estimates are based on Canada Revenue Agency (CRA) tax data. For 2024/2025, estimates are based on Canada child benefit data from CRA."
6,"The population growth, which is used to calculate population estimates, is comprised of natural increase (Tables 17100006 and 17100016), international migration (Table 17100014) and interprovincial migration (Table 17100015)."
7,"The demographic estimates now incorporate the concept of gender, which was first introduced in the 2021 Census of Population. Gender refers to an individual's personal and social identity as a man, woman or non-binary person (a person who is not exclusively a man or a woman). Demographic estimates are available for the gender category "Men+", which includes men (and/or boys), as well as some non-binary persons, and for the gender category “Women+" category, which includes women (and/or girls), as well as some non-binary persons. For the sake of uniformity, all data products from the Demographic Estimates Program now adopt the term ‘gender’ for all years and periods. Prior to 2021, the demographic estimates are based on the concept of sex at birth. Although gender and sex at birth are two different concepts, this change does not cause a significant break in the trend because the two concepts produce very similar distributions. Population estimates by age and sex at birth are available upon request (please contact statcan.demography-demographie.statcan@statcan.gc.ca)."
8,"Age at July 1."
9,"Prior to 2021/2022, the distribution by age and gender is based partly on the mobility question from the most recent census that was available during the production of estimates. From 2021/2022, the distribution by age and gender is based solely on the T1 Family File (T1FF). For preliminary data, the distribution by age and gender is based on 3 years of the most recent T1 Family File data available."
10,"Data for Northwest Territories and Nunavut are presented separately from 1991/1992."
11,"Prior to 1991/1992, only data for Northwest Territories and Nunavut combined are available."
12,"Age -1 represents persons born after July 1 and not included in age group 0 to 4 years."



"How to cite: Statistics Canada. Table 17-10-0015-01  Estimates of the components of interprovincial migration, by age and gender, annual"
https://www150.statcan.gc.ca/t1/tbl1/en/tv.action?pid=1710001501