"REF_DATE","GEO","DGUID","Interprovincial migration","UOM","UOM_ID","SCALAR_FACTOR","SCALAR_ID","VECTOR","COORDINATE","VALUE","STATUS","SYMBOL","TERMINATED","DECIMALS"
"1961-07","Canada","2021A000011124","In-migrants","Persons","249","units","0","v509037","1.1","95570","","","","0"
"1961-07","Canada","2021A000011124","Out-migrants","Persons","249","units","0","v509052","1.2","95570","","","","0"
"1961-07","Newfoundland and Labrador","2021A000210","In-migrants","Persons","249","units","0","v509038","2.1","2189","","","","0"
"1961-07","Newfoundland and Labrador","2021A000210","Out-migrants","Persons","249","units","0","v509053","2.2","2160","","","","0"
"1961-07","Prince Edward Island","2021A000211","In-migrants","Persons","249","units","0","v509044","3.1","1558","","","","0"
"1961-07","Prince Edward Island","2021A000211","Out-migrants","Persons","249","units","0","v509059","3.2","862","","","","0"
"1961-07","Nova Scotia","2021A000212","In-migrants","Persons","249","units","0","v509045","4.1","7281","","","","0"
"1961-07","Nova Scotia","2021A000212","Out-migrants","Persons","249","units","0","v509060","4.2","7792","","","","0"
"1961-07","New Brunswick","2021A000213","In-migrants","Persons","249","units","0","v509046","5.1","4828","","","","0"
"1961-07","New Brunswick","2021A000213","Out-migrants","Persons","249","units","0","v509061","5.2","6408","","","","0"
"1961-07","Quebec","2021A000224","In-migrants","Persons","249","units","0","v509047","6.1","13955","","","","0"
"1961-07","Quebec","2021A000224","Out-migrants","Persons","249","units","0","v509062","6.2","11694","","","","0"
"1961-07","Ontario","2021A000235","In-migrants","Persons","249","units","0","v509048","7.1","23682","","","","0"
"1961-07","Ontario","2021A000235","Out-migrants","Persons","249","units","0","v509063","7.2","24819","","","","0"
"1961-07","Manitoba","2021A000246","In-migrants","Persons","249","units","0","v509049","8.1","8640","","","","0"
"1961-07","Manitoba","2021A000246","Out-migrants","Persons","249","units","0","v509064","8.2","8650","","","","0"
"1961-07","Saskatchewan","2021A000247","In-migrants","Persons","249","units","0","v509050","9.1","6564","","","","0"
"1961-07","Saskatchewan","2021A000247","Out-migrants","Persons","249","units","0","v509065","9.2","7957","","","","0"
"1961-07","Alberta","2021A000248","In-migrants","Persons","249","units","0","v509051","10.1","13124","","","","0"
"1961-07","Alberta","2021A000248","Out-migrants","Persons","249","units","0","v509066","10.2","11779","","","","0"
"1961-07","British Columbia","2021A000259","In-migrants","Persons","249","units","0","v509039","11.1","12341","","","","0"
"1961-07","British Columbia","2021A000259","Out-migrants","Persons","249","units","0","v509054","11.2","12224","","","","0"
"1961-10","Canada","2021A000011124","In-migrants","Persons","249","units","0","v509037","1.1","86590","","","","0"
"1961-10","Canada","2021A000011124","Out-migrants","Persons","249","units","0","v509052","1.2","86590","","","","0"
"1961-10","Newfoundland and Labrador","2021A000210","In-migrants","Persons","249","units","0","v509038","2.1","1559","","","","0"
"1961-10","Newfoundland and Labrador","2021A000210","Out-migrants","Persons","249","units","0","v509053","2.2","1799","","","","0"
"1961-10","Prince Edward Island","2021A000211","In-migrants","Persons","249","units","0","v509044","3.1","1117","","","","0"
"1961-10","Prince Edward Island","2021A000211","Out-migrants","Persons","249","units","0","v509059","3.2","989","","","","0"
"1961-10","Nova Scotia","2021A000212","In-migrants","Persons","249","units","0","v509045","4.1","6012","","","","0"
"1961-10","Nova Scotia","2021A000212","Out-migrants","Persons","249","units","0","v509060","4.2","6766","","","","0"
"1961-10","New Brunswick","2021A000213","In-migrants","Persons","249","units","0","v509046","5.1","4735","","","","0"
"1961-10","New Brunswick","2021A000213","Out-migrants","Persons","249","units","0","v509061","5.2","5949","","","","0"
"1961-10","Quebec","2021A000224","In-migrants","Persons","249","units","0","v509047","6.1","11973","","","","0"
"1961-10","Quebec","2021A000224","Out-migrants","Persons","249","units","0","v509062","6.2","13074","","","","0"
"1961-10","Ontario","2021A000235","In-migrants","Persons","249","units","0","v509048","7.1","23012","","","","0"
"1961-10","Ontario","2021A000235","Out-migrants","Persons","249","units","0","v509063","7.2","20448","","","","0"
"1961-10","Manitoba","2021A000246","In-migrants","Persons","249","units","0","v509049","8.1","7651","","","","0"
"1961-10","Manitoba","2021A000246","Out-migrants","Persons","249","units","0","v509064","8.2","7681","","","","0"
"1961-10","Saskatchewan","2021A000247","In-migrants","Persons","249","units","0","v509050","9.1","4852","","","","0"
"1961-10","Saskatchewan","2021A000247","Out-migrants","Persons","249","units","0","v509065","9.2","9673","","","","0"
"1961-10","Alberta","2021A000248","In-migrants","Persons","249","units","0","v509051","10.1","13919","","","","0"
"1961-10","Alberta","2021A000248","Out-migrants","Persons","249","units","0","v509066","10.2","9807","","","","0"
"1961-10","British Columbia","2021A000259","In-migrants","Persons","249","units","0","v509039","11.1","10804","","","","0"
"1961-10","British Columbia","2021A000259","Out-migrants","Persons","249","units","0","v509054","11.2","9435","","","","0"
"1962-01","Canada","2021A000011124","In-migrants","Persons","249","units","0","v509037","1.1","60693","","","","0"
"1962-01","Canada","2021A000011124","Out-migrants","Persons","249","units","0","v509052","1.2","60693","","","","0"
"1962-01","Newfoundland and Labrador","2021A000210","In-migrants","Persons","249","units","0","v509038","2.1","1015","","","","0"
"1962-01","Newfoundland and Labrador","2021A000210","Out-migrants","Persons","249","units","0","v509053","2.2","1229","","","","0"
"1962-01","Prince Edward Island","2021A000211","In-migrants","Persons","249","units","0","v509044","3.1","690","","","","0"
"1962-01","Prince Edward Island","2021A000211","Out-migrants","Persons","249","units","0","v509059","3.2","758","","","","0"
"1962-01","Nova Scotia","2021A000212","In-migrants","Persons","249","units","0","v509045","4.1","3909","","","","0"
"1962-01","Nova Scotia","2021A000212","Out-migrants","Persons","249","units","0","v509060","4.2","4169","","","","0"
"1962-01","New Brunswick","2021A000213","In-migrants","Persons","249","units","0","v509046","5.1","3476","","","","0"
"1962-01","New Brunswick","2021A000213","Out-migrants","Persons","249","units","0","v509061","5.2","3713","","","","0"
"1962-01","Quebec","2021A000224","In-migrants","Persons","249","units","0","v509047","6.1","9586","","","","0"
"1962-01","Quebec","2021A000224","Out-migrants","Persons","249","units","0","v509062","6.2","8316","","","","0"
"1962-01","Ontario","2021A000235","In-migrants","Persons","249","units","0","v509048","7.1","15489","","","","0"
"1962-01","Ontario","2021A000235","Out-migrants","Persons","249","units","0","v509063","7.2","14123","","","","0"
"1962-01","Manitoba","2021A000246","In-migrants","Persons","249","units","0","v509049","8.1","5007","","","","0"
"1962-01","Manitoba","2021A000246","Out-migrants","Persons","249","units","0","v509064","8.2","5310","","","","0"
"1962-01","Saskatchewan","2021A000247","In-migrants","Persons","249","units","0","v509050","9.1","3908","","","","0"
"1962-01","Saskatchewan","2021A000247","Out-migrants","Persons","249","units","0","v509065","9.2","6138","","","","0"
"1962-01","Alberta","2021A000248","In-migrants","Persons","249","units","0","v509051","10.1","8785","","","","0"
"1962-01","Alberta","2021A000248","Out-migrants","Persons","249","units","0","v509066","10.2","8679","","","","0"
"1962-01","British Columbia","2021A000259","In-migrants","Persons","249","units","0","v509039","11.1","8055","","","","0"
"1962-01","British Columbia","2021A000259","Out-migrants","Persons","249","units","0","v509054","11.2","7452","","","","0"
"1962-04","Canada","2021A000011124","In-migrants","Persons","249","units","0","v509037","1.1","59098","","","","0"
"1962-04","Canada","2021A000011124","Out-migrants","Persons","249","units","0","v509052","1.2","59098","","","","0"
"1962-04","Newfoundland and Labrador","2021A000210","In-migrants","Persons","249","units","0","v509038","2.1","1015","","","","0"
"1962-04","Newfoundland and Labrador","2021A000210","Out-migrants","Persons","249","units","0","v509053","2.2","1134","","","","0"
"1962-04","Prince Edward Island","2021A000211","In-migrants","Persons","249","units","0","v509044","3.1","855","","","","0"
"1962-04","Prince Edward Island","2021A000211","Out-migrants","Persons","249","units","0","v509059","3.2","607","","","","0"
"1962-04","Nova Scotia","2021A000212","In-migrants","Persons","249","units","0","v509045","4.1","3715","","","","0"
"1962-04","Nova Scotia","2021A000212","Out-migrants","Persons","249","units","0","v509060","4.2","4347","","","","0"
"1962-04","New Brunswick","2021A000213","In-migrants","Persons","249","units","0","v509046","5.1","2895","","","","0"
"1962-04","New Brunswick","2021A000213","Out-migrants","Persons","249","units","0","v509061","5.2","3499","","","","0"
"1962-04","Quebec","2021A000224","In-migrants","Persons","249","units","0","v509047","6.1","8506","","","","0"
"1962-04","Quebec","2021A000224","Out-migrants","Persons","249","units","0","v509062","6.2","8358","","","","0"
"1962-04","Ontario","2021A000235","In-migrants","Persons","249","units","0","v509048","7.1","15080","","","","0"
"1962-04","Ontario","2021A000235","Out-migrants","Persons","249","units","0","v509063","7.2","13785","","","","0"
"1962-04","Manitoba","2021A000246","In-migrants","Persons","249","units","0","v509049","8.1","4824","","","","0"
"1962-04","Manitoba","2021A000246","Out-migrants","Persons","249","units","0","v509064","8.2","5080","","","","0"
"1962-04","Saskatchewan","2021A000247","In-migrants","Persons","249","units","0","v509050","9.1","4257","","","","0"
"1962-04","Saskatchewan","2021A000247","Out-migrants","Persons","249","units","0","v509065","9.2","5896","","","","0"
"1962-04","Alberta","2021A000248","In-migrants","Persons","249","units","0","v509051","10.1","9268","","","","0"
"1962-04","Alberta","2021A000248","Out-migrants","Persons","249","units","0","v509066","10.2","7815","","","","0"
"1962-04","British Columbia","2021A000259","In-migrants","Persons","249","units","0","v509039","11.1","8048","","","","0"
"1962-04","British Columbia","2021A000259","Out-migrants","Persons","249","units","0","v509054","11.2","7792","","","","0"
"1962-07","Canada","2021A000011124","In-migrants","Persons","249","units","0","v509037","1.1","99614","","","","0"
"1962-07","Canada","2021A000011124","Out-migrants","Persons","249","units","0","v509052","1.2","99614","","","","0"
"1962-07","Newfoundland and Labrador","2021A000210","In-migrants","Persons","249","units","0","v509038","2.1","2036","","","","0"
"1962-07","Newfoundland and Labrador","2021A000210","Out-migrants","Persons","249","units","0","v509053","2.2","2794","","","","0"
"1962-07","Prince Edward Island","2021A000211","In-migrants","Persons","249","units","0","v509044","3.1","1140","","","","0"
"1962-07","Prince Edward Island","2021A000211","Out-migrants","Persons","249","units","0","v509059","3.2","1658","","","","0"
"1962-07","Nova Scotia","2021A000212","In-migrants","Persons","249","units","0","v509045","4.1","7197","","","","0"
"1962-07","Nova Scotia","2021A000212","Out-migrants","Persons","249","units","0","v509060","4.2","8010","","","","0"
"1962-07","New Brunswick","2021A000213","In-migrants","Persons","249","units","0","v509046","5.1","4861","","","","0"
"1962-07","New Brunswick","2021A000213","Out-migrants","Persons","249","units","0","v509061","5.2","6633","","","","0"
"1962-07","Quebec","2021A000224","In-migrants","Persons","249","units","0","v509047","6.1","14393","","","","0"
"1962-07","Quebec","2021A000224","Out-migrants","Persons","249","units","0","v509062","6.2","12274","","","","0"
"1962-07","Ontario","2021A000235","In-migrants","Persons","249","units","0","v509048","7.1","25772","","","","0"
"1962-07","Ontario","2021A000235","Out-migrants","Persons","249","units","0","v509063","7.2","23818","","","","0"
"1962-07","Manitoba","2021A000246","In-migrants","Persons","249","units","0","v509049","8.1","7993","","","","0"
"1962-07","Manitoba","2021A000246","Out-migrants","Persons","249","units","0","v509064","8.2","9089","","","","0"
"1962-07","Saskatchewan","2021A000247","In-migrants","Persons","249","units","0","v509050","9.1","5834","","","","0"
"1962-07","Saskatchewan","2021A000247","Out-migrants","Persons","249","units","0","v509065","9.2","9395","","","","0"
"1962-07","Alberta","2021A000248","In-migrants","Persons","249","units","0","v509051","10.1","14727","","","","0"
"1962-07","Alberta","2021A000248","Out-migrants","Persons","249","units","0","v509066","10.2","12840","","","","0"
"1962-07","British Columbia","2021A000259","In-migrants","Persons","249","units","0","v509039","11.1","14083","","","","0"
"1962-07","British Columbia","2021A000259","Out-migrants","Persons","249","units","0","v509054","11.2","11571","","","","0"
"1962-10","Canada","2021A000011124","In-migrants","Persons","249","units","0","v509037","1.1","98271","","","","0"
"1962-10","Canada","2021A000011124","Out-migrants","Persons","249","units","0","v509052","1.2","98271","","","","0"
"1962-10","Newfoundland and Labrador","2021A000210","In-migrants","Persons","249","units","0","v509038","2.1","1816","","","","0"
"1962-10","Newfoundland and Labrador","2021A000210","Out-migrants","Persons","249","units","0","v509053","2.2","2345","","","","0"
"1962-10","Prince Edward Island","2021A000211","In-migrants","Persons","249","units","0","v509044","3.1","1080","","","","0"
"1962-10","Prince Edward Island","2021A000211","Out-migrants","Persons","249","units","0","v509059","3.2","1365","","","","0"
"1962-10","Nova Scotia","2021A000212","In-migrants","Persons","249","units","0","v509045","4.1","5870","","","","0"
"1962-10","Nova Scotia","2021A000212","Out-migrants","Persons","249","units","0","v509060","4.2","8614","","","","0"
"1962-10","New Brunswick","2021A000213","In-migrants","Persons","249","units","0","v509046","5.1","5288","","","","0"
"1962-10","New Brunswick","2021A000213","Out-migrants","Persons","249","units","0","v509061","5.2","7231","","","","0"
"1962-10","Quebec","2021A000224","In-migrants","Persons","249","units","0","v509047","6.1","14022","","","","0"
"1962-10","Quebec","2021A000224","Out-migrants","Persons","249","units","0","v509062","6.2","14400","","","","0"
"1962-10","Ontario","2021A000235","In-migrants","Persons","249","units","0","v509048","7.1","27316","","","","0"
"1962-10","Ontario","2021A000235","Out-migrants","Persons","249","units","0","v509063","7.2","22506","","","","0"
"1962-10","Manitoba","2021A000246","In-migrants","Persons","249","units","0","v509049","8.1","8309","","","","0"
"1962-10","Manitoba","2021A000246","Out-migrants","Persons","249","units","0","v509064","8.2","7831","","","","0"
"1962-10","Saskatchewan","2021A000247","In-migrants","Persons","249","units","0","v509050","9.1","6035","","","","0"
"1962-10","Saskatchewan","2021A000247","Out-migrants","Persons","249","units","0","v509065","9.2","11579","","","","0"
"1962-10","Alberta","2021A000248","In-migrants","Persons","249","units","0","v509051","10.1","14241","","","","0"
"1962-10","Alberta","2021A000248","Out-migrants","Persons","249","units","0","v509066","10.2","11839","","","","0"
"1962-10","British Columbia","2021A000259","In-migrants","Persons","249","units","0","v509039","11.1","13268","","","","0"
"1962-10","British Columbia","2021A000259","Out-migrants","Persons","249","units","0","v509054","11.2","9134","","","","0"
"1963-01","Canada","2021A000011124","In-migrants","Persons","249","units","0","v509037","1.1","59716","","","","0"
"1963-01","Canada","2021A000011124","Out-migrants","Persons","249","units","0","v509052","1.2","59716","","","","0"
"1963-01","Newfoundland and Labrador","2021A000210","In-migrants","Persons","249","units","0","v509038","2.1","1075","","","","0"
"1963-01","Newfoundland and Labrador","2021A000210","Out-migrants","Persons","249","units","0","v509053","2.2","1365","","","","0"
"1963-01","Prince Edward Island","2021A000211","In-migrants","Persons","249","units","0","v509044","3.1","643","","","","0"
"1963-01","Prince Edward Island","2021A000211","Out-migrants","Persons","249","units","0","v509059","3.2","699","","","","0"
"1963-01","Nova Scotia","2021A000212","In-migrants","Persons","249","units","0","v509045","4.1","3771","","","","0"
"1963-01","Nova Scotia","2021A000212","Out-migrants","Persons","249","units","0","v509060","4.2","4562","","","","0"
"1963-01","New Brunswick","2021A000213","In-migrants","Persons","249","units","0","v509046","5.1","3101","","","","0"
"1963-01","New Brunswick","2021A000213","Out-migrants","Persons","249","units","0","v509061","5.2","3730","","","","0"
"1963-01","Quebec","2021A000224","In-migrants","Persons","249","units","0","v509047","6.1","7863","","","","0"
"1963-01","Quebec","2021A000224","Out-migrants","Persons","249","units","0","v509062","6.2","9194","","","","0"
"1963-01","Ontario","2021A000235","In-migrants","Persons","249","units","0","v509048","7.1","16321","","","","0"
"1963-01","Ontario","2021A000235","Out-migrants","Persons","249","units","0","v509063","7.2","12721","","","","0"
"1963-01","Manitoba","2021A000246","In-migrants","Persons","249","units","0","v509049","8.1","4883","","","","0"
"1963-01","Manitoba","2021A000246","Out-migrants","Persons","249","units","0","v509064","8.2","4805","","","","0"
"1963-01","Saskatchewan","2021A000247","In-migrants","Persons","249","units","0","v509050","9.1","4793","","","","0"
"1963-01","Saskatchewan","2021A000247","Out-migrants","Persons","249","units","0","v509065","9.2","6247","","","","0"
"1963-01","Alberta","2021A000248","In-migrants","Persons","249","units","0","v509051","10.1","8678","","","","0"
"1963-01","Alberta","2021A000248","Out-migrants","Persons","249","units","0","v509066","10.2","8907","","","","0"
"1963-01","British Columbia","2021A000259","In-migrants","Persons","249","units","0","v509039","11.1","8023","","","","0"
"1963-01","British Columbia","2021A000259","Out-migrants","Persons","249","units","0","v509054","11.2","6633","","","","0"
"1963-04","Canada","2021A000011124","In-migrants","Persons","249","units","0","v509037","1.1","65918","","","","0"
"1963-04","Canada","2021A000011124","Out-migrants","Persons","249","units","0","v509052","1.2","65918","","","","0"
"1963-04","Newfoundland and Labrador","2021A000210","In-migrants","Persons","249","units","0","v509038","2.1","1268","","","","0"
"1963-04","Newfoundland and Labrador","2021A000210","Out-migrants","Persons","249","units","0","v509053","2.2","1355","","","","0"
"1963-04","Prince Edward Island","2021A000211","In-migrants","Persons","249","units","0","v509044","3.1","802","","","","0"
"1963-04","Prince Edward Island","2021A000211","Out-migrants","Persons","249","units","0","v509059","3.2","623","","","","0"
"1963-04","Nova Scotia","2021A000212","In-migrants","Persons","249","units","0","v509045","4.1","4015","","","","0"
"1963-04","Nova Scotia","2021A000212","Out-migrants","Persons","249","units","0","v509060","4.2","5102","","","","0"
"1963-04","New Brunswick","2021A000213","In-migrants","Persons","249","units","0","v509046","5.1","2954","","","","0"
"1963-04","New Brunswick","2021A000213","Out-migrants","Persons","249","units","0","v509061","5.2","4666","","","","0"
"1963-04","Quebec","2021A000224","In-migrants","Persons","249","units","0","v509047","6.1","8006","","","","0"
"1963-04","Quebec","2021A000224","Out-migrants","Persons","249","units","0","v509062","6.2","10891","","","","0"
"1963-04","Ontario","2021A000235","In-migrants","Persons","249","units","0","v509048","7.1","18922","","","","0"
"1963-04","Ontario","2021A000235","Out-migrants","Persons","249","units","0","v509063","7.2","13386","","","","0"
"1963-04","Manitoba","2021A000246","In-migrants","Persons","249","units","0","v509049","8.1","5614","","","","0"
"1963-04","Manitoba","2021A000246","Out-migrants","Persons","249","units","0","v509064","8.2","6094","","","","0"
"1963-04","Saskatchewan","2021A000247","In-migrants","Persons","249","units","0","v509050","9.1","5144","","","","0"
"1963-04","Saskatchewan","2021A000247","Out-migrants","Persons","249","units","0","v509065","9.2","6143","","","","0"
"1963-04","Alberta","2021A000248","In-migrants","Persons","249","units","0","v509051","10.1","9416","","","","0"
"1963-04","Alberta","2021A000248","Out-migrants","Persons","249","units","0","v509066","10.2","8554","","","","0"
"1963-04","British Columbia","2021A000259","In-migrants","Persons","249","units","0","v509039","11.1","9041","","","","0"
"1963-04","British Columbia","2021A000259","Out-migrants","Persons","249","units","0","v509054","11.2","8286","","","","0"
"1963-07","Canada","2021A000011124","In-migrants","Persons","249","units","0","v509037","1.1","106090","","","","0"
"1963-07","Canada","2021A000011124","Out-migrants","Persons","249","units","0","v509052","1.2","106090","","","","0"
"1963-07","Newfoundland and Labrador","2021A000210","In-migrants","Persons","249","units","0","v509038","2.1","2583","","","","0"
"1963-07","Newfoundland and Labrador","2021A000210","Out-migrants","Persons","249","units","0","v509053","2.2","3565","","","","0"
"1963-07","Prince Edward Island","2021A000211","In-migrants","Persons","249","units","0","v509044","3.1","1282","","","","0"
"1963-07","Prince Edward Island","2021A000211","Out-migrants","Persons","249","units","0","v509059","3.2","1344","","","","0"
"1963-07","Nova Scotia","2021A000212","In-migrants","Persons","249","units","0","v509045","4.1","7193","","","","0"
"1963-07","Nova Scotia","2021A000212","Out-migrants","Persons","249","units","0","v509060","4.2","8610","","","","0"
"1963-07","New Brunswick","2021A000213","In-migrants","Persons","249","units","0","v509046","5.1","5411","","","","0"
"1963-07","New Brunswick","2021A000213","Out-migrants","Persons","249","units","0","v509061","5.2","7574","","","","0"
"1963-07","Quebec","2021A000224","In-migrants","Persons","249","units","0","v509047","6.1","13530","","","","0"
"1963-07","Quebec","2021A000224","Out-migrants","Persons","249","units","0","v509062","6.2","14384","","","","0"
"1963-07","Ontario","2021A000235","In-migrants","Persons","249","units","0","v509048","7.1","30157","","","","0"
"1963-07","Ontario","2021A000235","Out-migrants","Persons","249","units","0","v509063","7.2","25910","","","","0"
"1963-07","Manitoba","2021A000246","In-migrants","Persons","249","units","0","v509049","8.1","8544","","","","0"
"1963-07","Manitoba","2021A000246","Out-migrants","Persons","249","units","0","v509064","8.2","9909","","","","0"
"1963-07","Saskatchewan","2021A000247","In-migrants","Persons","249","units","0","v509050","9.1","6777","","","","0"
"1963-07","Saskatchewan","2021A000247","Out-migrants","Persons","249","units","0","v509065","9.2","8748","","","","0"
"1963-07","Alberta","2021A000248","In-migrants","Persons","249","units","0","v509051","10.1","13393","","","","0"
"1963-07","Alberta","2021A000248","Out-migrants","Persons","249","units","0","v509066","10.2","12890","","","","0"
"1963-07","British Columbia","2021A000259","In-migrants","Persons","249","units","0","v509039","11.1","15706","","","","0"
"1963-07","British Columbia","2021A000259","Out-migrants","Persons","249","units","0","v509054","11.2","11651","","","","0"
"1963-10","Canada","2021A000011124","In-migrants","Persons","249","units","0","v509037","1.1","95012","","","","0"
"1963-10","Canada","2021A000011124","Out-migrants","Persons","249","units","0","v509052","1.2","95012","","","","0"
"1963-10","Newfoundland and Labrador","2021A000210","In-migrants","Persons","249","units","0","v509038","2.1","1691","","","","0"
"1963-10","Newfoundland and Labrador","2021A000210","Out-migrants","Persons","249","units","0","v509053","2.2","3018","","","","0"
"1963-10","Prince Edward Island","2021A000211","In-migrants","Persons","249","units","0","v509044","3.1","962","","","","0"
"1963-10","Prince Edward Island","2021A000211","Out-migrants","Persons","249","units","0","v509059","3.2","1409","","","","0"
"1963-10","Nova Scotia","2021A000212","In-migrants","Persons","249","units","0","v509045","4.1","5913","","","","0"
"1963-10","Nova Scotia","2021A000212","Out-migrants","Persons","249","units","0","v509060","4.2","7898","","","","0"
"1963-10","New Brunswick","2021A000213","In-migrants","Persons","249","units","0","v509046","5.1","5411","","","","0"
"1963-10","New Brunswick","2021A000213","Out-migrants","Persons","249","units","0","v509061","5.2","8006","","","","0"
"1963-10","Quebec","2021A000224","In-migrants","Persons","249","units","0","v509047","6.1","12250","","","","0"
"1963-10","Quebec","2021A000224","Out-migrants","Persons","249","units","0","v509062","6.2","13757","","","","0"
"1963-10","Ontario","2021A000235","In-migrants","Persons","249","units","0","v509048","7.1","27299","","","","0"
"1963-10","Ontario","2021A000235","Out-migrants","Persons","249","units","0","v509063","7.2","20321","","","","0"
"1963-10","Manitoba","2021A000246","In-migrants","Persons","249","units","0","v509049","8.1","7010","","","","0"
"1963-10","Manitoba","2021A000246","Out-migrants","Persons","249","units","0","v509064","8.2","7863","","","","0"
"1963-10","Saskatchewan","2021A000247","In-migrants","Persons","249","units","0","v509050","9.1","6484","","","","0"
"1963-10","Saskatchewan","2021A000247","Out-migrants","Persons","249","units","0","v509065","9.2","8961","","","","0"
"1963-10","Alberta","2021A000248","In-migrants","Persons","249","units","0","v509051","10.1","12400","","","","0"
"1963-10","Alberta","2021A000248","Out-migrants","Persons","249","units","0","v509066","10.2","13369","","","","0"
"1963-10","British Columbia","2021A000259","In-migrants","Persons","249","units","0","v509039","11.1","14690","","","","0"
"1963-10","British Columbia","2021A000259","Out-migrants","Persons","249","units","0","v509054","11.2","9027","","","","0"
"1964-01","Canada","2021A000011124","In-migrants","Persons","249","units","0","v509037","1.1","63652","","","","0"
"1964-01","Canada","2021A000011124","Out-migrants","Persons","249","units","0","v509052","1.2","63652","","","","0"
"1964-01","Newfoundland and Labrador","2021A000210","In-migrants","Persons","249","units","0","v509038","2.1","1218","","","","0"
"1964-01","Newfoundland and Labrador","2021A000210","Out-migrants","Persons","249","units","0","v509053","2.2","1630","","","","0"
"1964-01","Prince Edward Island","2021A000211","In-migrants","Persons","249","units","0","v509044","3.1","615","","","","0"
"1964-01","Prince Edward Island","2021A000211","Out-migrants","Persons","249","units","0","v509059","3.2","766","","","","0"
"1964-01","Nova Scotia","2021A000212","In-migrants","Persons","249","units","0","v509045","4.1","3671","","","","0"
"1964-01","Nova Scotia","2021A000212","Out-migrants","Persons","249","units","0","v509060","4.2","4454","","","","0"
"1964-01","New Brunswick","2021A000213","In-migrants","Persons","249","units","0","v509046","5.1","3507","","","","0"
"1964-01","New Brunswick","2021A000213","Out-migrants","Persons","249","units","0","v509061","5.2","4153","","","","0"
"1964-01","Quebec","2021A000224","In-migrants","Persons","249","units","0","v509047","6.1","7683","","","","0"
"1964-01","Quebec","2021A000224","Out-migrants","Persons","249","units","0","v509062","6.2","8235","","","","0"
"1964-01","Ontario","2021A000235","In-migrants","Persons","249","units","0","v509048","7.1","17141","","","","0"
"1964-01","Ontario","2021A000235","Out-migrants","Persons","249","units","0","v509063","7.2","14464","","","","0"
"1964-01","Manitoba","2021A000246","In-migrants","Persons","249","units","0","v509049","8.1","5148","","","","0"
"1964-01","Manitoba","2021A000246","Out-migrants","Persons","249","units","0","v509064","8.2","6050","","","","0"
"1964-01","Saskatchewan","2021A000247","In-migrants","Persons","249","units","0","v509050","9.1","4974","","","","0"
"1964-01","Saskatchewan","2021A000247","Out-migrants","Persons","249","units","0","v509065","9.2","5569","","","","0"
"1964-01","Alberta","2021A000248","In-migrants","Persons","249","units","0","v509051","10.1","8989","","","","0"
"1964-01","Alberta","2021A000248","Out-migrants","Persons","249","units","0","v509066","10.2","9929","","","","0"
"1964-01","British Columbia","2021A000259","In-migrants","Persons","249","units","0","v509039","11.1","9863","","","","0"
"1964-01","British Columbia","2021A000259","Out-migrants","Persons","249","units","0","v509054","11.2","7400","","","","0"
"1964-04","Canada","2021A000011124","In-migrants","Persons","249","units","0","v509037","1.1","63155","","","","0"
"1964-04","Canada","2021A000011124","Out-migrants","Persons","249","units","0","v509052","1.2","63155","","","","0"
"1964-04","Newfoundland and Labrador","2021A000210","In-migrants","Persons","249","units","0","v509038","2.1","1238","","","","0"
"1964-04","Newfoundland and Labrador","2021A000210","Out-migrants","Persons","249","units","0","v509053","2.2","1945","","","","0"
"1964-04","Prince Edward Island","2021A000211","In-migrants","Persons","249","units","0","v509044","3.1","641","","","","0"
"1964-04","Prince Edward Island","2021A000211","Out-migrants","Persons","249","units","0","v509059","3.2","666","","","","0"
"1964-04","Nova Scotia","2021A000212","In-migrants","Persons","249","units","0","v509045","4.1","3840","","","","0"
"1964-04","Nova Scotia","2021A000212","Out-migrants","Persons","249","units","0","v509060","4.2","4627","","","","0"
"1964-04","New Brunswick","2021A000213","In-migrants","Persons","249","units","0","v509046","5.1","3013","","","","0"
"1964-04","New Brunswick","2021A000213","Out-migrants","Persons","249","units","0","v509061","5.2","3825","","","","0"
"1964-04","Quebec","2021A000224","In-migrants","Persons","249","units","0","v509047","6.1","7140","","","","0"
"1964-04","Quebec","2021A000224","Out-migrants","Persons","249","units","0","v509062","6.2","10053","","","","0"
"1964-04","Ontario","2021A000235","In-migrants","Persons","249","units","0","v509048","7.1","17499","","","","0"
"1964-04","Ontario","2021A000235","Out-migrants","Persons","249","units","0","v509063","7.2","13529","","","","0"
"1964-04","Manitoba","2021A000246","In-migrants","Persons","249","units","0","v509049","8.1","5023","","","","0"
"1964-04","Manitoba","2021A000246","Out-migrants","Persons","249","units","0","v509064","8.2","5444","","","","0"
"1964-04","Saskatchewan","2021A000247","In-migrants","Persons","249","units","0","v509050","9.1","5247","","","","0"
"1964-04","Saskatchewan","2021A000247","Out-migrants","Persons","249","units","0","v509065","9.2","5538","","","","0"
"1964-04","Alberta","2021A000248","In-migrants","Persons","249","units","0","v509051","10.1","8556","","","","0"
"1964-04","Alberta","2021A000248","Out-migrants","Persons","249","units","0","v509066","10.2","9840","","","","0"
"1964-04","British Columbia","2021A000259","In-migrants","Persons","249","units","0","v509039","11.1","10247","","","","0"
"1964-04","British Columbia","2021A000259","Out-migrants","Persons","249","units","0","v509054","11.2","6774","","","","0"
"1964-07","Canada","2021A000011124","In-migrants","Persons","249","units","0","v509037","1.1","111505","","","","0"
"1964-07","Canada","2021A000011124","Out-migrants","Persons","249","units","0","v509052","1.2","111505","","","","0"
"1964-07","Newfoundland and Labrador","2021A000210","In-migrants","Persons","249","units","0","v509038","2.1","2202","","","","0"
"1964-07","Newfoundland and Labrador","2021A000210","Out-migrants","Persons","249","units","0","v509053","2.2","3905","","","","0"
"1964-07","Prince Edward Island","2021A000211","In-migrants","Persons","249","units","0","v509044","3.1","1129","","","","0"
"1964-07","Prince Edward Island","2021A000211","Out-migrants","Persons","249","units","0","v509059","3.2","1446","","","","0"
"1964-07","Nova Scotia","2021A000212","In-migrants","Persons","249","units","0","v509045","4.1","6959","","","","0"
"1964-07","Nova Scotia","2021A000212","Out-migrants","Persons","249","units","0","v509060","4.2","8610","","","","0"
"1964-07","New Brunswick","2021A000213","In-migrants","Persons","249","units","0","v509046","5.1","5549","","","","0"
"1964-07","New Brunswick","2021A000213","Out-migrants","Persons","249","units","0","v509061","5.2","7417","","","","0"
"1964-07","Quebec","2021A000224","In-migrants","Persons","249","units","0","v509047","6.1","13791","","","","0"
"1964-07","Quebec","2021A000224","Out-migrants","Persons","249","units","0","v509062","6.2","15674","","","","0"
"1964-07","Ontario","2021A000235","In-migrants","Persons","249","units","0","v509048","7.1","32553","","","","0"
"1964-07","Ontario","2021A000235","Out-migrants","Persons","249","units","0","v509063","7.2","26167","","","","0"
"1964-07","Manitoba","2021A000246","In-migrants","Persons","249","units","0","v509049","8.1","8991","","","","0"
"1964-07","Manitoba","2021A000246","Out-migrants","Persons","249","units","0","v509064","8.2","10866","","","","0"
"1964-07","Saskatchewan","2021A000247","In-migrants","Persons","249","units","0","v509050","9.1","7744","","","","0"
"1964-07","Saskatchewan","2021A000247","Out-migrants","Persons","249","units","0","v509065","9.2","8839","","","","0"
"1964-07","Alberta","2021A000248","In-migrants","Persons","249","units","0","v509051","10.1","13753","","","","0"
"1964-07","Alberta","2021A000248","Out-migrants","Persons","249","units","0","v509066","10.2","14648","","","","0"
"1964-07","British Columbia","2021A000259","In-migrants","Persons","249","units","0","v509039","11.1","17442","","","","0"
"1964-07","British Columbia","2021A000259","Out-migrants","Persons","249","units","0","v509054","11.2","11810","","","","0"
"1964-10","Canada","2021A000011124","In-migrants","Persons","249","units","0","v509037","1.1","99486","","","","0"
"1964-10","Canada","2021A000011124","Out-migrants","Persons","249","units","0","v509052","1.2","99486","","","","0"
"1964-10","Newfoundland and Labrador","2021A000210","In-migrants","Persons","249","units","0","v509038","2.1","1732","","","","0"
"1964-10","Newfoundland and Labrador","2021A000210","Out-migrants","Persons","249","units","0","v509053","2.2","3407","","","","0"
"1964-10","Prince Edward Island","2021A000211","In-migrants","Persons","249","units","0","v509044","3.1","739","","","","0"
"1964-10","Prince Edward Island","2021A000211","Out-migrants","Persons","249","units","0","v509059","3.2","1464","","","","0"
"1964-10","Nova Scotia","2021A000212","In-migrants","Persons","249","units","0","v509045","4.1","5764","","","","0"
"1964-10","Nova Scotia","2021A000212","Out-migrants","Persons","249","units","0","v509060","4.2","8314","","","","0"
"1964-10","New Brunswick","2021A000213","In-migrants","Persons","249","units","0","v509046","5.1","5542","","","","0"
"1964-10","New Brunswick","2021A000213","Out-migrants","Persons","249","units","0","v509061","5.2","7193","","","","0"
"1964-10","Quebec","2021A000224","In-migrants","Persons","249","units","0","v509047","6.1","12620","","","","0"
"1964-10","Quebec","2021A000224","Out-migrants","Persons","249","units","0","v509062","6.2","13491","","","","0"
"1964-10","Ontario","2021A000235","In-migrants","Persons","249","units","0","v509048","7.1","27227","","","","0"
"1964-10","Ontario","2021A000235","Out-migrants","Persons","249","units","0","v509063","7.2","22312","","","","0"
"1964-10","Manitoba","2021A000246","In-migrants","Persons","249","units","0","v509049","8.1","7237","","","","0"
"1964-10","Manitoba","2021A000246","Out-migrants","Persons","249","units","0","v509064","8.2","9049","","","","0"
"1964-10","Saskatchewan","2021A000247","In-migrants","Persons","249","units","0","v509050","9.1","6594","","","","0"
"1964-10","Saskatchewan","2021A000247","Out-migrants","Persons","249","units","0","v509065","9.2","9815","","","","0"
"1964-10","Alberta","2021A000248","In-migrants","Persons","249","units","0","v509051","10.1","13430","","","","0"
"1964-10","Alberta","2021A000248","Out-migrants","Persons","249","units","0","v509066","10.2","12530","","","","0"
"1964-10","British Columbia","2021A000259","In-migrants","Persons","249","units","0","v509039","11.1","17409","","","","0"
"1964-10","British Columbia","2021A000259","Out-migrants","Persons","249","units","0","v509054","11.2","10366","","","","0"
"1965-01","Canada","2021A000011124","In-migrants","Persons","249","units","0","v509037","1.1","73576","","","","0"
"1965-01","Canada","2021A000011124","Out-migrants","Persons","249","units","0","v509052","1.2","73576","","","","0"
"1965-01","Newfoundland and Labrador","2021A000210","In-migrants","Persons","249","units","0","v509038","2.1","1295","","","","0"
"1965-01","Newfoundland and Labrador","2021A000210","Out-migrants","Persons","249","units","0","v509053","2.2","2572","","","","0"
"1965-01","Prince Edward Island","2021A000211","In-migrants","Persons","249","units","0","v509044","3.1","605","","","","0"
"1965-01","Prince Edward Island","2021A000211","Out-migrants","Persons","249","units","0","v509059","3.2","1030","","","","0"
"1965-01","Nova Scotia","2021A000212","In-migrants","Persons","249","units","0","v509045","4.1","3883","","","","0"
"1965-01","Nova Scotia","2021A000212","Out-migrants","Persons","249","units","0","v509060","4.2","6588","","","","0"
"1965-01","New Brunswick","2021A000213","In-migrants","Persons","249","units","0","v509046","5.1","4012","","","","0"
"1965-01","New Brunswick","2021A000213","Out-migrants","Persons","249","units","0","v509061","5.2","4651","","","","0"
"1965-01","Quebec","2021A000224","In-migrants","Persons","249","units","0","v509047","6.1","8753","","","","0"
"1965-01","Quebec","2021A000224","Out-migrants","Persons","249","units","0","v509062","6.2","9339","","","","0"
"1965-01","Ontario","2021A000235","In-migrants","Persons","249","units","0","v509048","7.1","22836","","","","0"
"1965-01","Ontario","2021A000235","Out-migrants","Persons","249","units","0","v509063","7.2","15747","","","","0"
"1965-01","Manitoba","2021A000246","In-migrants","Persons","249","units","0","v509049","8.1","5290","","","","0"
"1965-01","Manitoba","2021A000246","Out-migrants","Persons","249","units","0","v509064","8.2","6629","","","","0"
"1965-01","Saskatchewan","2021A000247","In-migrants","Persons","249","units","0","v509050","9.1","5246","","","","0"
"1965-01","Saskatchewan","2021A000247","Out-migrants","Persons","249","units","0","v509065","9.2","5727","","","","0"
"1965-01","Alberta","2021A000248","In-migrants","Persons","249","units","0","v509051","10.1","8920","","","","0"
"1965-01","Alberta","2021A000248","Out-migrants","Persons","249","units","0","v509066","10.2","12371","","","","0"
"1965-01","British Columbia","2021A000259","In-migrants","Persons","249","units","0","v509039","11.1","12070","","","","0"
"1965-01","British Columbia","2021A000259","Out-migrants","Persons","249","units","0","v509054","11.2","8012","","","","0"
"1965-04","Canada","2021A000011124","In-migrants","Persons","249","units","0","v509037","1.1","67225","","","","0"
"1965-04","Canada","2021A000011124","Out-migrants","Persons","249","units","0","v509052","1.2","67225","","","","0"
"1965-04","Newfoundland and Labrador","2021A000210","In-migrants","Persons","249","units","0","v509038","2.1","1342","","","","0"
"1965-04","Newfoundland and Labrador","2021A000210","Out-migrants","Persons","249","units","0","v509053","2.2","1841","","","","0"
"1965-04","Prince Edward Island","2021A000211","In-migrants","Persons","249","units","0","v509044","3.1","564","","","","0"
"1965-04","Prince Edward Island","2021A000211","Out-migrants","Persons","249","units","0","v509059","3.2","756","","","","0"
"1965-04","Nova Scotia","2021A000212","In-migrants","Persons","249","units","0","v509045","4.1","3748","","","","0"
"1965-04","Nova Scotia","2021A000212","Out-migrants","Persons","249","units","0","v509060","4.2","4839","","","","0"
"1965-04","New Brunswick","2021A000213","In-migrants","Persons","249","units","0","v509046","5.1","3529","","","","0"
"1965-04","New Brunswick","2021A000213","Out-migrants","Persons","249","units","0","v509061","5.2","3968","","","","0"
"1965-04","Quebec","2021A000224","In-migrants","Persons","249","units","0","v509047","6.1","7898","","","","0"
"1965-04","Quebec","2021A000224","Out-migrants","Persons","249","units","0","v509062","6.2","10372","","","","0"
"1965-04","Ontario","2021A000235","In-migrants","Persons","249","units","0","v509048","7.1","19164","","","","0"
"1965-04","Ontario","2021A000235","Out-migrants","Persons","249","units","0","v509063","7.2","14069","","","","0"
"1965-04","Manitoba","2021A000246","In-migrants","Persons","249","units","0","v509049","8.1","4519","","","","0"
"1965-04","Manitoba","2021A000246","Out-migrants","Persons","249","units","0","v509064","8.2","6430","","","","0"
"1965-04","Saskatchewan","2021A000247","In-migrants","Persons","249","units","0","v509050","9.1","5121","","","","0"
"1965-04","Saskatchewan","2021A000247","Out-migrants","Persons","249","units","0","v509065","9.2","5808","","","","0"
"1965-04","Alberta","2021A000248","In-migrants","Persons","249","units","0","v509051","10.1","9155","","","","0"
"1965-04","Alberta","2021A000248","Out-migrants","Persons","249","units","0","v509066","10.2","10530","","","","0"
"1965-04","British Columbia","2021A000259","In-migrants","Persons","249","units","0","v509039","11.1","11466","","","","0"
"1965-04","British Columbia","2021A000259","Out-migrants","Persons","249","units","0","v509054","11.2","7846","","","","0"
"1965-07","Canada","2021A000011124","In-migrants","Persons","249","units","0","v509037","1.1","119748","","","","0"
"1965-07","Canada","2021A000011124","Out-migrants","Persons","249","units","0","v509052","1.2","119748","","","","0"
"1965-07","Newfoundland and Labrador","2021A000210","In-migrants","Persons","249","units","0","v509038","2.1","2631","","","","0"
"1965-07","Newfoundland and Labrador","2021A000210","Out-migrants","Persons","249","units","0","v509053","2.2","4225","","","","0"
"1965-07","Prince Edward Island","2021A000211","In-migrants","Persons","249","units","0","v509044","3.1","1240","","","","0"
"1965-07","Prince Edward Island","2021A000211","Out-migrants","Persons","249","units","0","v509059","3.2","1586","","","","0"
"1965-07","Nova Scotia","2021A000212","In-migrants","Persons","249","units","0","v509045","4.1","6877","","","","0"
"1965-07","Nova Scotia","2021A000212","Out-migrants","Persons","249","units","0","v509060","4.2","9345","","","","0"
"1965-07","New Brunswick","2021A000213","In-migrants","Persons","249","units","0","v509046","5.1","6396","","","","0"
"1965-07","New Brunswick","2021A000213","Out-migrants","Persons","249","units","0","v509061","5.2","7960","","","","0"
"1965-07","Quebec","2021A000224","In-migrants","Persons","249","units","0","v509047","6.1","14278","","","","0"
"1965-07","Quebec","2021A000224","Out-migrants","Persons","249","units","0","v509062","6.2","16152","","","","0"
"1965-07","Ontario","2021A000235","In-migrants","Persons","249","units","0","v509048","7.1","33427","","","","0"
"1965-07","Ontario","2021A000235","Out-migrants","Persons","249","units","0","v509063","7.2","25864","","","","0"
"1965-07","Manitoba","2021A000246","In-migrants","Persons","249","units","0","v509049","8.1","9014","","","","0"
"1965-07","Manitoba","2021A000246","Out-migrants","Persons","249","units","0","v509064","8.2","13788","","","","0"
"1965-07","Saskatchewan","2021A000247","In-migrants","Persons","249","units","0","v509050","9.1","7869","","","","0"
"1965-07","Saskatchewan","2021A000247","Out-migrants","Persons","249","units","0","v509065","9.2","9694","","","","0"
"1965-07","Alberta","2021A000248","In-migrants","Persons","249","units","0","v509051","10.1","14203","","","","0"
"1965-07","Alberta","2021A000248","Out-migrants","Persons","249","units","0","v509066","10.2","17871","","","","0"
"1965-07","British Columbia","2021A000259","In-migrants","Persons","249","units","0","v509039","11.1","22397","","","","0"
"1965-07","British Columbia","2021A000259","Out-migrants","Persons","249","units","0","v509054","11.2","11884","","","","0"
"1965-10","Canada","2021A000011124","In-migrants","Persons","249","units","0","v509037","1.1","119031","","","","0"
"1965-10","Canada","2021A000011124","Out-migrants","Persons","249","units","0","v509052","1.2","119031","","","","0"
"1965-10","Newfoundland and Labrador","2021A000210","In-migrants","Persons","249","units","0","v509038","2.1","2207","","","","0"
"1965-10","Newfoundland and Labrador","2021A000210","Out-migrants","Persons","249","units","0","v509053","2.2","3763","","","","0"
"1965-10","Prince Edward Island","2021A000211","In-migrants","Persons","249","units","0","v509044","3.1","1139","","","","0"
"1965-10","Prince Edward Island","2021A000211","Out-migrants","Persons","249","units","0","v509059","3.2","1571","","","","0"
"1965-10","Nova Scotia","2021A000212","In-migrants","Persons","249","units","0","v509045","4.1","6829","","","","0"
"1965-10","Nova Scotia","2021A000212","Out-migrants","Persons","249","units","0","v509060","4.2","9692","","","","0"
"1965-10","New Brunswick","2021A000213","In-migrants","Persons","249","units","0","v509046","5.1","6254","","","","0"
"1965-10","New Brunswick","2021A000213","Out-migrants","Persons","249","units","0","v509061","5.2","8243","","","","0"
"1965-10","Quebec","2021A000224","In-migrants","Persons","249","units","0","v509047","6.1","14132","","","","0"
"1965-10","Quebec","2021A000224","Out-migrants","Persons","249","units","0","v509062","6.2","16872","","","","0"
"1965-10","Ontario","2021A000235","In-migrants","Persons","249","units","0","v509048","7.1","33587","","","","0"
"1965-10","Ontario","2021A000235","Out-migrants","Persons","249","units","0","v509063","7.2","27205","","","","0"
"1965-10","Manitoba","2021A000246","In-migrants","Persons","249","units","0","v509049","8.1","8598","","","","0"
"1965-10","Manitoba","2021A000246","Out-migrants","Persons","249","units","0","v509064","8.2","11537","","","","0"
"1965-10","Saskatchewan","2021A000247","In-migrants","Persons","249","units","0","v509050","9.1","7030","","","","0"
"1965-10","Saskatchewan","2021A000247","Out-migrants","Persons","249","units","0","v509065","9.2","10919","","","","0"
"1965-10","Alberta","2021A000248","In-migrants","Persons","249","units","0","v509051","10.1","14115","","","","0"
"1965-10","Alberta","2021A000248","Out-migrants","Persons","249","units","0","v509066","10.2","16636","","","","0"
"1965-10","British Columbia","2021A000259","In-migrants","Persons","249","units","0","v509039","11.1","23991","","","","0"
"1965-10","British Columbia","2021A000259","Out-migrants","Persons","249","units","0","v509054","11.2","11227","","","","0"
"1966-01","Canada","2021A000011124","In-migrants","Persons","249","units","0","v509037","1.1","75404","","","","0"
"1966-01","Canada","2021A000011124","Out-migrants","Persons","249","units","0","v509052","1.2","75404","","","","0"
"1966-01","Newfoundland and Labrador","2021A000210","In-migrants","Persons","249","units","0","v509038","2.1","1467","","","","0"
"1966-01","Newfoundland and Labrador","2021A000210","Out-migrants","Persons","249","units","0","v509053","2.2","2540","","","","0"
"1966-01","Prince Edward Island","2021A000211","In-migrants","Persons","249","units","0","v509044","3.1","566","","","","0"
"1966-01","Prince Edward Island","2021A000211","Out-migrants","Persons","249","units","0","v509059","3.2","902","","","","0"
"1966-01","Nova Scotia","2021A000212","In-migrants","Persons","249","units","0","v509045","4.1","4155","","","","0"
"1966-01","Nova Scotia","2021A000212","Out-migrants","Persons","249","units","0","v509060","4.2","5141","","","","0"
"1966-01","New Brunswick","2021A000213","In-migrants","Persons","249","units","0","v509046","5.1","3517","","","","0"
"1966-01","New Brunswick","2021A000213","Out-migrants","Persons","249","units","0","v509061","5.2","5148","","","","0"
"1966-01","Quebec","2021A000224","In-migrants","Persons","249","units","0","v509047","6.1","8663","","","","0"
"1966-01","Quebec","2021A000224","Out-migrants","Persons","249","units","0","v509062","6.2","10464","","","","0"
"1966-01","Ontario","2021A000235","In-migrants","Persons","249","units","0","v509048","7.1","22094","","","","0"
"1966-01","Ontario","2021A000235","Out-migrants","Persons","249","units","0","v509063","7.2","15855","","","","0"
"1966-01","Manitoba","2021A000246","In-migrants","Persons","249","units","0","v509049","8.1","5071","","","","0"
"1966-01","Manitoba","2021A000246","Out-migrants","Persons","249","units","0","v509064","8.2","7112","","","","0"
"1966-01","Saskatchewan","2021A000247","In-migrants","Persons","249","units","0","v509050","9.1","5048","","","","0"
"1966-01","Saskatchewan","2021A000247","Out-migrants","Persons","249","units","0","v509065","9.2","6613","","","","0"
"1966-01","Alberta","2021A000248","In-migrants","Persons","249","units","0","v509051","10.1","9803","","","","0"
"1966-01","Alberta","2021A000248","Out-migrants","Persons","249","units","0","v509066","10.2","11927","","","","0"
"1966-01","British Columbia","2021A000259","In-migrants","Persons","249","units","0","v509039","11.1","14279","","","","0"
"1966-01","British Columbia","2021A000259","Out-migrants","Persons","249","units","0","v509054","11.2","8603","","","","0"
"1966-04","Canada","2021A000011124","In-migrants","Persons","249","units","0","v509037","1.1","72355","","","","0"
"1966-04","Canada","2021A000011124","Out-migrants","Persons","249","units","0","v509052","1.2","72355","","","","0"
"1966-04","Newfoundland and Labrador","2021A000210","In-migrants","Persons","249","units","0","v509038","2.1","1420","","","","0"
"1966-04","Newfoundland and Labrador","2021A000210","Out-migrants","Persons","249","units","0","v509053","2.2","1749","","","","0"
"1966-04","Prince Edward Island","2021A000211","In-migrants","Persons","249","units","0","v509044","3.1","681","","","","0"
"1966-04","Prince Edward Island","2021A000211","Out-migrants","Persons","249","units","0","v509059","3.2","667","","","","0"
"1966-04","Nova Scotia","2021A000212","In-migrants","Persons","249","units","0","v509045","4.1","4087","","","","0"
"1966-04","Nova Scotia","2021A000212","Out-migrants","Persons","249","units","0","v509060","4.2","4695","","","","0"
"1966-04","New Brunswick","2021A000213","In-migrants","Persons","249","units","0","v509046","5.1","3767","","","","0"
"1966-04","New Brunswick","2021A000213","Out-migrants","Persons","249","units","0","v509061","5.2","4809","","","","0"
"1966-04","Quebec","2021A000224","In-migrants","Persons","249","units","0","v509047","6.1","8014","","","","0"
"1966-04","Quebec","2021A000224","Out-migrants","Persons","249","units","0","v509062","6.2","13347","","","","0"
"1966-04","Ontario","2021A000235","In-migrants","Persons","249","units","0","v509048","7.1","21572","","","","0"
"1966-04","Ontario","2021A000235","Out-migrants","Persons","249","units","0","v509063","7.2","15111","","","","0"
"1966-04","Manitoba","2021A000246","In-migrants","Persons","249","units","0","v509049","8.1","4628","","","","0"
"1966-04","Manitoba","2021A000246","Out-migrants","Persons","249","units","0","v509064","8.2","7308","","","","0"
"1966-04","Saskatchewan","2021A000247","In-migrants","Persons","249","units","0","v509050","9.1","5015","","","","0"
"1966-04","Saskatchewan","2021A000247","Out-migrants","Persons","249","units","0","v509065","9.2","6150","","","","0"
"1966-04","Alberta","2021A000248","In-migrants","Persons","249","units","0","v509051","10.1","8970","","","","0"
"1966-04","Alberta","2021A000248","Out-migrants","Persons","249","units","0","v509066","10.2","10173","","","","0"
"1966-04","British Columbia","2021A000259","In-migrants","Persons","249","units","0","v509039","11.1","13393","","","","0"
"1966-04","British Columbia","2021A000259","Out-migrants","Persons","249","units","0","v509054","11.2","7568","","","","0"
"1966-07","Canada","2021A000011124","In-migrants","Persons","249","units","0","v509037","1.1","134900","","","","0"
"1966-07","Canada","2021A000011124","Out-migrants","Persons","249","units","0","v509052","1.2","134900","","","","0"
"1966-07","Newfoundland and Labrador","2021A000210","In-migrants","Persons","249","units","0","v509038","2.1","2939","","","","0"
"1966-07","Newfoundland and Labrador","2021A000210","Out-migrants","Persons","249","units","0","v509053","2.2","4030","","","","0"
"1966-07","Prince Edward Island","2021A000211","In-migrants","Persons","249","units","0","v509044","3.1","1424","","","","0"
"1966-07","Prince Edward Island","2021A000211","Out-migrants","Persons","249","units","0","v509059","3.2","1668","","","","0"
"1966-07","Nova Scotia","2021A000212","In-migrants","Persons","249","units","0","v509045","4.1","8089","","","","0"
"1966-07","Nova Scotia","2021A000212","Out-migrants","Persons","249","units","0","v509060","4.2","11343","","","","0"
"1966-07","New Brunswick","2021A000213","In-migrants","Persons","249","units","0","v509046","5.1","6482","","","","0"
"1966-07","New Brunswick","2021A000213","Out-migrants","Persons","249","units","0","v509061","5.2","8782","","","","0"
"1966-07","Quebec","2021A000224","In-migrants","Persons","249","units","0","v509047","6.1","14505","","","","0"
"1966-07","Quebec","2021A000224","Out-migrants","Persons","249","units","0","v509062","6.2","18895","","","","0"
"1966-07","Ontario","2021A000235","In-migrants","Persons","249","units","0","v509048","7.1","38357","","","","0"
"1966-07","Ontario","2021A000235","Out-migrants","Persons","249","units","0","v509063","7.2","28366","","","","0"
"1966-07","Manitoba","2021A000246","In-migrants","Persons","249","units","0","v509049","8.1","8995","","","","0"
"1966-07","Manitoba","2021A000246","Out-migrants","Persons","249","units","0","v509064","8.2","15667","","","","0"
"1966-07","Saskatchewan","2021A000247","In-migrants","Persons","249","units","0","v509050","9.1","8306","","","","0"
"1966-07","Saskatchewan","2021A000247","Out-migrants","Persons","249","units","0","v509065","9.2","11364","","","","0"
"1966-07","Alberta","2021A000248","In-migrants","Persons","249","units","0","v509051","10.1","16976","","","","0"
"1966-07","Alberta","2021A000248","Out-migrants","Persons","249","units","0","v509066","10.2","19140","","","","0"
"1966-07","British Columbia","2021A000259","In-migrants","Persons","249","units","0","v509039","11.1","27169","","","","0"
"1966-07","British Columbia","2021A000259","Out-migrants","Persons","249","units","0","v509054","11.2","14057","","","","0"
"1966-10","Canada","2021A000011124","In-migrants","Persons","249","units","0","v509037","1.1","125910","","","","0"
"1966-10","Canada","2021A000011124","Out-migrants","Persons","249","units","0","v509052","1.2","125910","","","","0"
"1966-10","Newfoundland and Labrador","2021A000210","In-migrants","Persons","249","units","0","v509038","2.1","2342","","","","0"
"1966-10","Newfoundland and Labrador","2021A000210","Out-migrants","Persons","249","units","0","v509053","2.2","4637","","","","0"
"1966-10","Prince Edward Island","2021A000211","In-migrants","Persons","249","units","0","v509044","3.1","1061","","","","0"
"1966-10","Prince Edward Island","2021A000211","Out-migrants","Persons","249","units","0","v509059","3.2","1482","","","","0"
"1966-10","Nova Scotia","2021A000212","In-migrants","Persons","249","units","0","v509045","4.1","7050","","","","0"
"1966-10","Nova Scotia","2021A000212","Out-migrants","Persons","249","units","0","v509060","4.2","8696","","","","0"
"1966-10","New Brunswick","2021A000213","In-migrants","Persons","249","units","0","v509046","5.1","6131","","","","0"
"1966-10","New Brunswick","2021A000213","Out-migrants","Persons","249","units","0","v509061","5.2","7953","","","","0"
"1966-10","Quebec","2021A000224","In-migrants","Persons","249","units","0","v509047","6.1","14199","","","","0"
"1966-10","Quebec","2021A000224","Out-migrants","Persons","249","units","0","v509062","6.2","17784","","","","0"
"1966-10","Ontario","2021A000235","In-migrants","Persons","249","units","0","v509048","7.1","35093","","","","0"
"1966-10","Ontario","2021A000235","Out-migrants","Persons","249","units","0","v509063","7.2","30235","","","","0"
"1966-10","Manitoba","2021A000246","In-migrants","Persons","249","units","0","v509049","8.1","9063","","","","0"
"1966-10","Manitoba","2021A000246","Out-migrants","Persons","249","units","0","v509064","8.2","12240","","","","0"
"1966-10","Saskatchewan","2021A000247","In-migrants","Persons","249","units","0","v509050","9.1","7308","","","","0"
"1966-10","Saskatchewan","2021A000247","Out-migrants","Persons","249","units","0","v509065","9.2","11554","","","","0"
"1966-10","Alberta","2021A000248","In-migrants","Persons","249","units","0","v509051","10.1","16881","","","","0"
"1966-10","Alberta","2021A000248","Out-migrants","Persons","249","units","0","v509066","10.2","16307","","","","0"
"1966-10","British Columbia","2021A000259","In-migrants","Persons","249","units","0","v509039","11.1","25427","","","","0"
"1966-10","British Columbia","2021A000259","Out-migrants","Persons","249","units","0","v509054","11.2","13645","","","","0"
"1967-01","Canada","2021A000011124","In-migrants","Persons","249","units","0","v509037","1.1","72315","","","","0"
"1967-01","Canada","2021A000011124","Out-migrants","Persons","249","units","0","v509052","1.2","72315","","","","0"
"1967-01","Newfoundland and Labrador","2021A000210","In-migrants","Persons","249","units","0","v509038","2.1","1624","","","","0"
"1967-01","Newfoundland and Labrador","2021A000210","Out-migrants","Persons","249","units","0","v509053","2.2","2221","","","","0"
"1967-01","Prince Edward Island","2021A000211","In-migrants","Persons","249","units","0","v509044","3.1","598","","","","0"
"1967-01","Prince Edward Island","2021A000211","Out-migrants","Persons","249","units","0","v509059","3.2","741","","","","0"
"1967-01","Nova Scotia","2021A000212","In-migrants","Persons","249","units","0","v509045","4.1","4096","","","","0"
"1967-01","Nova Scotia","2021A000212","Out-migrants","Persons","249","units","0","v509060","4.2","4821","","","","0"
"1967-01","New Brunswick","2021A000213","In-migrants","Persons","249","units","0","v509046","5.1","3566","","","","0"
"1967-01","New Brunswick","2021A000213","Out-migrants","Persons","249","units","0","v509061","5.2","4174","","","","0"
"1967-01","Quebec","2021A000224","In-migrants","Persons","249","units","0","v509047","6.1","7950","","","","0"
"1967-01","Quebec","2021A000224","Out-migrants","Persons","249","units","0","v509062","6.2","9634","","","","0"
"1967-01","Ontario","2021A000235","In-migrants","Persons","249","units","0","v509048","7.1","19718","","","","0"
"1967-01","Ontario","2021A000235","Out-migrants","Persons","249","units","0","v509063","7.2","16348","","","","0"
"1967-01","Manitoba","2021A000246","In-migrants","Persons","249","units","0","v509049","8.1","5887","","","","0"
"1967-01","Manitoba","2021A000246","Out-migrants","Persons","249","units","0","v509064","8.2","5874","","","","0"
"1967-01","Saskatchewan","2021A000247","In-migrants","Persons","249","units","0","v509050","9.1","4659","","","","0"
"1967-01","Saskatchewan","2021A000247","Out-migrants","Persons","249","units","0","v509065","9.2","7120","","","","0"
"1967-01","Alberta","2021A000248","In-migrants","Persons","249","units","0","v509051","10.1","11021","","","","0"
"1967-01","Alberta","2021A000248","Out-migrants","Persons","249","units","0","v509066","10.2","10085","","","","0"
"1967-01","British Columbia","2021A000259","In-migrants","Persons","249","units","0","v509039","11.1","12408","","","","0"
"1967-01","British Columbia","2021A000259","Out-migrants","Persons","249","units","0","v509054","11.2","10213","","","","0"
"1967-04","Canada","2021A000011124","In-migrants","Persons","249","units","0","v509037","1.1","72313","","","","0"
"1967-04","Canada","2021A000011124","Out-migrants","Persons","249","units","0","v509052","1.2","72313","","","","0"
"1967-04","Newfoundland and Labrador","2021A000210","In-migrants","Persons","249","units","0","v509038","2.1","1590","","","","0"
"1967-04","Newfoundland and Labrador","2021A000210","Out-migrants","Persons","249","units","0","v509053","2.2","1731","","","","0"
"1967-04","Prince Edward Island","2021A000211","In-migrants","Persons","249","units","0","v509044","3.1","638","","","","0"
"1967-04","Prince Edward Island","2021A000211","Out-migrants","Persons","249","units","0","v509059","3.2","619","","","","0"
"1967-04","Nova Scotia","2021A000212","In-migrants","Persons","249","units","0","v509045","4.1","4499","","","","0"
"1967-04","Nova Scotia","2021A000212","Out-migrants","Persons","249","units","0","v509060","4.2","4217","","","","0"
"1967-04","New Brunswick","2021A000213","In-migrants","Persons","249","units","0","v509046","5.1","3952","","","","0"
"1967-04","New Brunswick","2021A000213","Out-migrants","Persons","249","units","0","v509061","5.2","3795","","","","0"
"1967-04","Quebec","2021A000224","In-migrants","Persons","249","units","0","v509047","6.1","7757","","","","0"
"1967-04","Quebec","2021A000224","Out-migrants","Persons","249","units","0","v509062","6.2","12483","","","","0"
"1967-04","Ontario","2021A000235","In-migrants","Persons","249","units","0","v509048","7.1","19893","","","","0"
"1967-04","Ontario","2021A000235","Out-migrants","Persons","249","units","0","v509063","7.2","16159","","","","0"
"1967-04","Manitoba","2021A000246","In-migrants","Persons","249","units","0","v509049","8.1","5389","","","","0"
"1967-04","Manitoba","2021A000246","Out-migrants","Persons","249","units","0","v509064","8.2","6156","","","","0"
"1967-04","Saskatchewan","2021A000247","In-migrants","Persons","249","units","0","v509050","9.1","5191","","","","0"
"1967-04","Saskatchewan","2021A000247","Out-migrants","Persons","249","units","0","v509065","9.2","5968","","","","0"
"1967-04","Alberta","2021A000248","In-migrants","Persons","249","units","0","v509051","10.1","10844","","","","0"
"1967-04","Alberta","2021A000248","Out-migrants","Persons","249","units","0","v509066","10.2","9536","","","","0"
"1967-04","British Columbia","2021A000259","In-migrants","Persons","249","units","0","v509039","11.1","11650","","","","0"
"1967-04","British Columbia","2021A000259","Out-migrants","Persons","249","units","0","v509054","11.2","10720","","","","0"
"1967-07","Canada","2021A000011124","In-migrants","Persons","249","units","0","v509037","1.1","122815","","","","0"
"1967-07","Canada","2021A000011124","Out-migrants","Persons","249","units","0","v509052","1.2","122815","","","","0"
"1967-07","Newfoundland and Labrador","2021A000210","In-migrants","Persons","249","units","0","v509038","2.1","3022","","","","0"
"1967-07","Newfoundland and Labrador","2021A000210","Out-migrants","Persons","249","units","0","v509053","2.2","4157","","","","0"
"1967-07","Prince Edward Island","2021A000211","In-migrants","Persons","249","units","0","v509044","3.1","1265","","","","0"
"1967-07","Prince Edward Island","2021A000211","Out-migrants","Persons","249","units","0","v509059","3.2","1322","","","","0"
"1967-07","Nova Scotia","2021A000212","In-migrants","Persons","249","units","0","v509045","4.1","8317","","","","0"
"1967-07","Nova Scotia","2021A000212","Out-migrants","Persons","249","units","0","v509060","4.2","9518","","","","0"
"1967-07","New Brunswick","2021A000213","In-migrants","Persons","249","units","0","v509046","5.1","6707","","","","0"
"1967-07","New Brunswick","2021A000213","Out-migrants","Persons","249","units","0","v509061","5.2","6846","","","","0"
"1967-07","Quebec","2021A000224","In-migrants","Persons","249","units","0","v509047","6.1","12717","","","","0"
"1967-07","Quebec","2021A000224","Out-migrants","Persons","249","units","0","v509062","6.2","17897","","","","0"
"1967-07","Ontario","2021A000235","In-migrants","Persons","249","units","0","v509048","7.1","32719","","","","0"
"1967-07","Ontario","2021A000235","Out-migrants","Persons","249","units","0","v509063","7.2","27063","","","","0"
"1967-07","Manitoba","2021A000246","In-migrants","Persons","249","units","0","v509049","8.1","9352","","","","0"
"1967-07","Manitoba","2021A000246","Out-migrants","Persons","249","units","0","v509064","8.2","12254","","","","0"
"1967-07","Saskatchewan","2021A000247","In-migrants","Persons","249","units","0","v509050","9.1","7907","","","","0"
"1967-07","Saskatchewan","2021A000247","Out-migrants","Persons","249","units","0","v509065","9.2","10616","","","","0"
"1967-07","Alberta","2021A000248","In-migrants","Persons","249","units","0","v509051","10.1","17061","","","","0"
"1967-07","Alberta","2021A000248","Out-migrants","Persons","249","units","0","v509066","10.2","16717","","","","0"
"1967-07","British Columbia","2021A000259","In-migrants","Persons","249","units","0","v509039","11.1","22327","","","","0"
"1967-07","British Columbia","2021A000259","Out-migrants","Persons","249","units","0","v509054","11.2","15233","","","","0"
"1967-10","Canada","2021A000011124","In-migrants","Persons","249","units","0","v509037","1.1","117604","","","","0"
"1967-10","Canada","2021A000011124","Out-migrants","Persons","249","units","0","v509052","1.2","117604","","","","0"
"1967-10","Newfoundland and Labrador","2021A000210","In-migrants","Persons","249","units","0","v509038","2.1","2740","","","","0"
"1967-10","Newfoundland and Labrador","2021A000210","Out-migrants","Persons","249","units","0","v509053","2.2","3520","","","","0"
"1967-10","Prince Edward Island","2021A000211","In-migrants","Persons","249","units","0","v509044","3.1","1218","","","","0"
"1967-10","Prince Edward Island","2021A000211","Out-migrants","Persons","249","units","0","v509059","3.2","1195","","","","0"
"1967-10","Nova Scotia","2021A000212","In-migrants","Persons","249","units","0","v509045","4.1","7675","","","","0"
"1967-10","Nova Scotia","2021A000212","Out-migrants","Persons","249","units","0","v509060","4.2","7933","","","","0"
"1967-10","New Brunswick","2021A000213","In-migrants","Persons","249","units","0","v509046","5.1","6281","","","","0"
"1967-10","New Brunswick","2021A000213","Out-migrants","Persons","249","units","0","v509061","5.2","7292","","","","0"
"1967-10","Quebec","2021A000224","In-migrants","Persons","249","units","0","v509047","6.1","12797","","","","0"
"1967-10","Quebec","2021A000224","Out-migrants","Persons","249","units","0","v509062","6.2","16335","","","","0"
"1967-10","Ontario","2021A000235","In-migrants","Persons","249","units","0","v509048","7.1","30056","","","","0"
"1967-10","Ontario","2021A000235","Out-migrants","Persons","249","units","0","v509063","7.2","30380","","","","0"
"1967-10","Manitoba","2021A000246","In-migrants","Persons","249","units","0","v509049","8.1","8506","","","","0"
"1967-10","Manitoba","2021A000246","Out-migrants","Persons","249","units","0","v509064","8.2","11094","","","","0"
"1967-10","Saskatchewan","2021A000247","In-migrants","Persons","249","units","0","v509050","9.1","7473","","","","0"
"1967-10","Saskatchewan","2021A000247","Out-migrants","Persons","249","units","0","v509065","9.2","11157","","","","0"
"1967-10","Alberta","2021A000248","In-migrants","Persons","249","units","0","v509051","10.1","16672","","","","0"
"1967-10","Alberta","2021A000248","Out-migrants","Persons","249","units","0","v509066","10.2","13664","","","","0"
"1967-10","British Columbia","2021A000259","In-migrants","Persons","249","units","0","v509039","11.1","22466","","","","0"
"1967-10","British Columbia","2021A000259","Out-migrants","Persons","249","units","0","v509054","11.2","13716","","","","0"
"1968-01","Canada","2021A000011124","In-migrants","Persons","249","units","0","v509037","1.1","70473","","","","0"
"1968-01","Canada","2021A000011124","Out-migrants","Persons","249","units","0","v509052","1.2","70473","","","","0"
"1968-01","Newfoundland and Labrador","2021A000210","In-migrants","Persons","249","units","0","v509038","2.1","1910","","","","0"
"1968-01","Newfoundland and Labrador","2021A000210","Out-migrants","Persons","249","units","0","v509053","2.2","2175","","","","0"
"1968-01","Prince Edward Island","2021A000211","In-migrants","Persons","249","units","0","v509044","3.1","511","","","","0"
"1968-01","Prince Edward Island","2021A000211","Out-migrants","Persons","249","units","0","v509059","3.2","639","","","","0"
"1968-01","Nova Scotia","2021A000212","In-migrants","Persons","249","units","0","v509045","4.1","3834","","","","0"
"1968-01","Nova Scotia","2021A000212","Out-migrants","Persons","249","units","0","v509060","4.2","4479","","","","0"
"1968-01","New Brunswick","2021A000213","In-migrants","Persons","249","units","0","v509046","5.1","3597","","","","0"
"1968-01","New Brunswick","2021A000213","Out-migrants","Persons","249","units","0","v509061","5.2","3722","","","","0"
"1968-01","Quebec","2021A000224","In-migrants","Persons","249","units","0","v509047","6.1","7465","","","","0"
"1968-01","Quebec","2021A000224","Out-migrants","Persons","249","units","0","v509062","6.2","10025","","","","0"
"1968-01","Ontario","2021A000235","In-migrants","Persons","249","units","0","v509048","7.1","18592","","","","0"
"1968-01","Ontario","2021A000235","Out-migrants","Persons","249","units","0","v509063","7.2","15888","","","","0"
"1968-01","Manitoba","2021A000246","In-migrants","Persons","249","units","0","v509049","8.1","5644","","","","0"
"1968-01","Manitoba","2021A000246","Out-migrants","Persons","249","units","0","v509064","8.2","6766","","","","0"
"1968-01","Saskatchewan","2021A000247","In-migrants","Persons","249","units","0","v509050","9.1","5398","","","","0"
"1968-01","Saskatchewan","2021A000247","Out-migrants","Persons","249","units","0","v509065","9.2","6301","","","","0"
"1968-01","Alberta","2021A000248","In-migrants","Persons","249","units","0","v509051","10.1","10948","","","","0"
"1968-01","Alberta","2021A000248","Out-migrants","Persons","249","units","0","v509066","10.2","9037","","","","0"
"1968-01","British Columbia","2021A000259","In-migrants","Persons","249","units","0","v509039","11.1","11663","","","","0"
"1968-01","British Columbia","2021A000259","Out-migrants","Persons","249","units","0","v509054","11.2","10711","","","","0"
"1968-04","Canada","2021A000011124","In-migrants","Persons","249","units","0","v509037","1.1","71092","","","","0"
"1968-04","Canada","2021A000011124","Out-migrants","Persons","249","units","0","v509052","1.2","71092","","","","0"
"1968-04","Newfoundland and Labrador","2021A000210","In-migrants","Persons","249","units","0","v509038","2.1","1776","","","","0"
"1968-04","Newfoundland and Labrador","2021A000210","Out-migrants","Persons","249","units","0","v509053","2.2","1964","","","","0"
"1968-04","Prince Edward Island","2021A000211","In-migrants","Persons","249","units","0","v509044","3.1","753","","","","0"
"1968-04","Prince Edward Island","2021A000211","Out-migrants","Persons","249","units","0","v509059","3.2","771","","","","0"
"1968-04","Nova Scotia","2021A000212","In-migrants","Persons","249","units","0","v509045","4.1","4388","","","","0"
"1968-04","Nova Scotia","2021A000212","Out-migrants","Persons","249","units","0","v509060","4.2","4463","","","","0"
"1968-04","New Brunswick","2021A000213","In-migrants","Persons","249","units","0","v509046","5.1","3928","","","","0"
"1968-04","New Brunswick","2021A000213","Out-migrants","Persons","249","units","0","v509061","5.2","3752","","","","0"
"1968-04","Quebec","2021A000224","In-migrants","Persons","249","units","0","v509047","6.1","6521","","","","0"
"1968-04","Quebec","2021A000224","Out-migrants","Persons","249","units","0","v509062","6.2","13988","","","","0"
"1968-04","Ontario","2021A000235","In-migrants","Persons","249","units","0","v509048","7.1","20309","","","","0"
"1968-04","Ontario","2021A000235","Out-migrants","Persons","249","units","0","v509063","7.2","15034","","","","0"
"1968-04","Manitoba","2021A000246","In-migrants","Persons","249","units","0","v509049","8.1","5447","","","","0"
"1968-04","Manitoba","2021A000246","Out-migrants","Persons","249","units","0","v509064","8.2","5574","","","","0"
"1968-04","Saskatchewan","2021A000247","In-migrants","Persons","249","units","0","v509050","9.1","5258","","","","0"
"1968-04","Saskatchewan","2021A000247","Out-migrants","Persons","249","units","0","v509065","9.2","5910","","","","0"
"1968-04","Alberta","2021A000248","In-migrants","Persons","249","units","0","v509051","10.1","10477","","","","0"
"1968-04","Alberta","2021A000248","Out-migrants","Persons","249","units","0","v509066","10.2","8567","","","","0"
"1968-04","British Columbia","2021A000259","In-migrants","Persons","249","units","0","v509039","11.1","11276","","","","0"
"1968-04","British Columbia","2021A000259","Out-migrants","Persons","249","units","0","v509054","11.2","10304","","","","0"
"1968-07","Canada","2021A000011124","In-migrants","Persons","249","units","0","v509037","1.1","93378","","","","0"
"1968-07","Canada","2021A000011124","Out-migrants","Persons","249","units","0","v509052","1.2","93378","","","","0"
"1968-07","Newfoundland and Labrador","2021A000210","In-migrants","Persons","249","units","0","v509038","2.1","2325","","","","0"
"1968-07","Newfoundland and Labrador","2021A000210","Out-migrants","Persons","249","units","0","v509053","2.2","2227","","","","0"
"1968-07","Prince Edward Island","2021A000211","In-migrants","Persons","249","units","0","v509044","3.1","1355","","","","0"
"1968-07","Prince Edward Island","2021A000211","Out-migrants","Persons","249","units","0","v509059","3.2","1421","","","","0"
"1968-07","Nova Scotia","2021A000212","In-migrants","Persons","249","units","0","v509045","4.1","6817","","","","0"
"1968-07","Nova Scotia","2021A000212","Out-migrants","Persons","249","units","0","v509060","4.2","6572","","","","0"
"1968-07","New Brunswick","2021A000213","In-migrants","Persons","249","units","0","v509046","5.1","5064","","","","0"
"1968-07","New Brunswick","2021A000213","Out-migrants","Persons","249","units","0","v509061","5.2","4830","","","","0"
"1968-07","Quebec","2021A000224","In-migrants","Persons","249","units","0","v509047","6.1","9756","","","","0"
"1968-07","Quebec","2021A000224","Out-migrants","Persons","249","units","0","v509062","6.2","13685","","","","0"
"1968-07","Ontario","2021A000235","In-migrants","Persons","249","units","0","v509048","7.1","22852","","","","0"
"1968-07","Ontario","2021A000235","Out-migrants","Persons","249","units","0","v509063","7.2","23313","","","","0"
"1968-07","Manitoba","2021A000246","In-migrants","Persons","249","units","0","v509049","8.1","6737","","","","0"
"1968-07","Manitoba","2021A000246","Out-migrants","Persons","249","units","0","v509064","8.2","8353","","","","0"
"1968-07","Saskatchewan","2021A000247","In-migrants","Persons","249","units","0","v509050","9.1","5851","","","","0"
"1968-07","Saskatchewan","2021A000247","Out-migrants","Persons","249","units","0","v509065","9.2","8273","","","","0"
"1968-07","Alberta","2021A000248","In-migrants","Persons","249","units","0","v509051","10.1","13697","","","","0"
"1968-07","Alberta","2021A000248","Out-migrants","Persons","249","units","0","v509066","10.2","11973","","","","0"
"1968-07","British Columbia","2021A000259","In-migrants","Persons","249","units","0","v509039","11.1","17705","","","","0"
"1968-07","British Columbia","2021A000259","Out-migrants","Persons","249","units","0","v509054","11.2","11573","","","","0"
"1968-10","Canada","2021A000011124","In-migrants","Persons","249","units","0","v509037","1.1","126460","","","","0"
"1968-10","Canada","2021A000011124","Out-migrants","Persons","249","units","0","v509052","1.2","126460","","","","0"
"1968-10","Newfoundland and Labrador","2021A000210","In-migrants","Persons","249","units","0","v509038","2.1","3136","","","","0"
"1968-10","Newfoundland and Labrador","2021A000210","Out-migrants","Persons","249","units","0","v509053","2.2","3648","","","","0"
"1968-10","Prince Edward Island","2021A000211","In-migrants","Persons","249","units","0","v509044","3.1","1194","","","","0"
"1968-10","Prince Edward Island","2021A000211","Out-migrants","Persons","249","units","0","v509059","3.2","1469","","","","0"
"1968-10","Nova Scotia","2021A000212","In-migrants","Persons","249","units","0","v509045","4.1","7860","","","","0"
"1968-10","Nova Scotia","2021A000212","Out-migrants","Persons","249","units","0","v509060","4.2","8871","","","","0"
"1968-10","New Brunswick","2021A000213","In-migrants","Persons","249","units","0","v509046","5.1","6257","","","","0"
"1968-10","New Brunswick","2021A000213","Out-migrants","Persons","249","units","0","v509061","5.2","8746","","","","0"
"1968-10","Quebec","2021A000224","In-migrants","Persons","249","units","0","v509047","6.1","13546","","","","0"
"1968-10","Quebec","2021A000224","Out-migrants","Persons","249","units","0","v509062","6.2","18070","","","","0"
"1968-10","Ontario","2021A000235","In-migrants","Persons","249","units","0","v509048","7.1","32979","","","","0"
"1968-10","Ontario","2021A000235","Out-migrants","Persons","249","units","0","v509063","7.2","28978","","","","0"
"1968-10","Manitoba","2021A000246","In-migrants","Persons","249","units","0","v509049","8.1","9086","","","","0"
"1968-10","Manitoba","2021A000246","Out-migrants","Persons","249","units","0","v509064","8.2","11651","","","","0"
"1968-10","Saskatchewan","2021A000247","In-migrants","Persons","249","units","0","v509050","9.1","7270","","","","0"
"1968-10","Saskatchewan","2021A000247","Out-migrants","Persons","249","units","0","v509065","9.2","12845","","","","0"
"1968-10","Alberta","2021A000248","In-migrants","Persons","249","units","0","v509051","10.1","20058","","","","0"
"1968-10","Alberta","2021A000248","Out-migrants","Persons","249","units","0","v509066","10.2","16290","","","","0"
"1968-10","British Columbia","2021A000259","In-migrants","Persons","249","units","0","v509039","11.1","23150","","","","0"
"1968-10","British Columbia","2021A000259","Out-migrants","Persons","249","units","0","v509054","11.2","14202","","","","0"
"1969-01","Canada","2021A000011124","In-migrants","Persons","249","units","0","v509037","1.1","73010","","","","0"
"1969-01","Canada","2021A000011124","Out-migrants","Persons","249","units","0","v509052","1.2","73010","","","","0"
"1969-01","Newfoundland and Labrador","2021A000210","In-migrants","Persons","249","units","0","v509038","2.1","1916","","","","0"
"1969-01","Newfoundland and Labrador","2021A000210","Out-migrants","Persons","249","units","0","v509053","2.2","2548","","","","0"
"1969-01","Prince Edward Island","2021A000211","In-migrants","Persons","249","units","0","v509044","3.1","637","","","","0"
"1969-01","Prince Edward Island","2021A000211","Out-migrants","Persons","249","units","0","v509059","3.2","816","","","","0"
"1969-01","Nova Scotia","2021A000212","In-migrants","Persons","249","units","0","v509045","4.1","4472","","","","0"
"1969-01","Nova Scotia","2021A000212","Out-migrants","Persons","249","units","0","v509060","4.2","4599","","","","0"
"1969-01","New Brunswick","2021A000213","In-migrants","Persons","249","units","0","v509046","5.1","3138","","","","0"
"1969-01","New Brunswick","2021A000213","Out-migrants","Persons","249","units","0","v509061","5.2","4254","","","","0"
"1969-01","Quebec","2021A000224","In-migrants","Persons","249","units","0","v509047","6.1","8575","","","","0"
"1969-01","Quebec","2021A000224","Out-migrants","Persons","249","units","0","v509062","6.2","11366","","","","0"
"1969-01","Ontario","2021A000235","In-migrants","Persons","249","units","0","v509048","7.1","20984","","","","0"
"1969-01","Ontario","2021A000235","Out-migrants","Persons","249","units","0","v509063","7.2","16207","","","","0"
"1969-01","Manitoba","2021A000246","In-migrants","Persons","249","units","0","v509049","8.1","5823","","","","0"
"1969-01","Manitoba","2021A000246","Out-migrants","Persons","249","units","0","v509064","8.2","6793","","","","0"
"1969-01","Saskatchewan","2021A000247","In-migrants","Persons","249","units","0","v509050","9.1","4244","","","","0"
"1969-01","Saskatchewan","2021A000247","Out-migrants","Persons","249","units","0","v509065","9.2","6944","","","","0"
"1969-01","Alberta","2021A000248","In-migrants","Persons","249","units","0","v509051","10.1","10473","","","","0"
"1969-01","Alberta","2021A000248","Out-migrants","Persons","249","units","0","v509066","10.2","9447","","","","0"
"1969-01","British Columbia","2021A000259","In-migrants","Persons","249","units","0","v509039","11.1","11705","","","","0"
"1969-01","British Columbia","2021A000259","Out-migrants","Persons","249","units","0","v509054","11.2","9301","","","","0"
"1969-04","Canada","2021A000011124","In-migrants","Persons","249","units","0","v509037","1.1","71408","","","","0"
"1969-04","Canada","2021A000011124","Out-migrants","Persons","249","units","0","v509052","1.2","71408","","","","0"
"1969-04","Newfoundland and Labrador","2021A000210","In-migrants","Persons","249","units","0","v509038","2.1","1374","","","","0"
"1969-04","Newfoundland and Labrador","2021A000210","Out-migrants","Persons","249","units","0","v509053","2.2","1611","","","","0"
"1969-04","Prince Edward Island","2021A000211","In-migrants","Persons","249","units","0","v509044","3.1","691","","","","0"
"1969-04","Prince Edward Island","2021A000211","Out-migrants","Persons","249","units","0","v509059","3.2","813","","","","0"
"1969-04","Nova Scotia","2021A000212","In-migrants","Persons","249","units","0","v509045","4.1","3742","","","","0"
"1969-04","Nova Scotia","2021A000212","Out-migrants","Persons","249","units","0","v509060","4.2","3852","","","","0"
"1969-04","New Brunswick","2021A000213","In-migrants","Persons","249","units","0","v509046","5.1","3213","","","","0"
"1969-04","New Brunswick","2021A000213","Out-migrants","Persons","249","units","0","v509061","5.2","4066","","","","0"
"1969-04","Quebec","2021A000224","In-migrants","Persons","249","units","0","v509047","6.1","7075","","","","0"
"1969-04","Quebec","2021A000224","Out-migrants","Persons","249","units","0","v509062","6.2","14294","","","","0"
"1969-04","Ontario","2021A000235","In-migrants","Persons","249","units","0","v509048","7.1","21426","","","","0"
"1969-04","Ontario","2021A000235","Out-migrants","Persons","249","units","0","v509063","7.2","13758","","","","0"
"1969-04","Manitoba","2021A000246","In-migrants","Persons","249","units","0","v509049","8.1","5105","","","","0"
"1969-04","Manitoba","2021A000246","Out-migrants","Persons","249","units","0","v509064","8.2","6346","","","","0"
"1969-04","Saskatchewan","2021A000247","In-migrants","Persons","249","units","0","v509050","9.1","4150","","","","0"
"1969-04","Saskatchewan","2021A000247","Out-migrants","Persons","249","units","0","v509065","9.2","7377","","","","0"
"1969-04","Alberta","2021A000248","In-migrants","Persons","249","units","0","v509051","10.1","11122","","","","0"
"1969-04","Alberta","2021A000248","Out-migrants","Persons","249","units","0","v509066","10.2","9654","","","","0"
"1969-04","British Columbia","2021A000259","In-migrants","Persons","249","units","0","v509039","11.1","12413","","","","0"
"1969-04","British Columbia","2021A000259","Out-migrants","Persons","249","units","0","v509054","11.2","9030","","","","0"
"1969-07","Canada","2021A000011124","In-migrants","Persons","249","units","0","v509037","1.1","117787","","","","0"
"1969-07","Canada","2021A000011124","Out-migrants","Persons","249","units","0","v509052","1.2","117787","","","","0"
"1969-07","Newfoundland and Labrador","2021A000210","In-migrants","Persons","249","units","0","v509038","2.1","2119","","","","0"
"1969-07","Newfoundland and Labrador","2021A000210","Out-migrants","Persons","249","units","0","v509053","2.2","4212","","","","0"
"1969-07","Prince Edward Island","2021A000211","In-migrants","Persons","249","units","0","v509044","3.1","1083","","","","0"
"1969-07","Prince Edward Island","2021A000211","Out-migrants","Persons","249","units","0","v509059","3.2","1551","","","","0"
"1969-07","Nova Scotia","2021A000212","In-migrants","Persons","249","units","0","v509045","4.1","7078","","","","0"
"1969-07","Nova Scotia","2021A000212","Out-migrants","Persons","249","units","0","v509060","4.2","8811","","","","0"
"1969-07","New Brunswick","2021A000213","In-migrants","Persons","249","units","0","v509046","5.1","5136","","","","0"
"1969-07","New Brunswick","2021A000213","Out-migrants","Persons","249","units","0","v509061","5.2","7380","","","","0"
"1969-07","Quebec","2021A000224","In-migrants","Persons","249","units","0","v509047","6.1","11226","","","","0"
"1969-07","Quebec","2021A000224","Out-migrants","Persons","249","units","0","v509062","6.2","16872","","","","0"
"1969-07","Ontario","2021A000235","In-migrants","Persons","249","units","0","v509048","7.1","35566","","","","0"
"1969-07","Ontario","2021A000235","Out-migrants","Persons","249","units","0","v509063","7.2","21789","","","","0"
"1969-07","Manitoba","2021A000246","In-migrants","Persons","249","units","0","v509049","8.1","8034","","","","0"
"1969-07","Manitoba","2021A000246","Out-migrants","Persons","249","units","0","v509064","8.2","12019","","","","0"
"1969-07","Saskatchewan","2021A000247","In-migrants","Persons","249","units","0","v509050","9.1","6242","","","","0"
"1969-07","Saskatchewan","2021A000247","Out-migrants","Persons","249","units","0","v509065","9.2","12990","","","","0"
"1969-07","Alberta","2021A000248","In-migrants","Persons","249","units","0","v509051","10.1","18481","","","","0"
"1969-07","Alberta","2021A000248","Out-migrants","Persons","249","units","0","v509066","10.2","15987","","","","0"
"1969-07","British Columbia","2021A000259","In-migrants","Persons","249","units","0","v509039","11.1","21742","","","","0"
"1969-07","British Columbia","2021A000259","Out-migrants","Persons","249","units","0","v509054","11.2","15175","","","","0"
"1969-10","Canada","2021A000011124","In-migrants","Persons","249","units","0","v509037","1.1","129449","","","","0"
"1969-10","Canada","2021A000011124","Out-migrants","Persons","249","units","0","v509052","1.2","129449","","","","0"
"1969-10","Newfoundland and Labrador","2021A000210","In-migrants","Persons","249","units","0","v509038","2.1","2234","","","","0"
"1969-10","Newfoundland and Labrador","2021A000210","Out-migrants","Persons","249","units","0","v509053","2.2","5234","","","","0"
"1969-10","Prince Edward Island","2021A000211","In-migrants","Persons","249","units","0","v509044","3.1","934","","","","0"
"1969-10","Prince Edward Island","2021A000211","Out-migrants","Persons","249","units","0","v509059","3.2","1569","","","","0"
"1969-10","Nova Scotia","2021A000212","In-migrants","Persons","249","units","0","v509045","4.1","7297","","","","0"
"1969-10","Nova Scotia","2021A000212","Out-migrants","Persons","249","units","0","v509060","4.2","8477","","","","0"
"1969-10","New Brunswick","2021A000213","In-migrants","Persons","249","units","0","v509046","5.1","5088","","","","0"
"1969-10","New Brunswick","2021A000213","Out-migrants","Persons","249","units","0","v509061","5.2","9466","","","","0"
"1969-10","Quebec","2021A000224","In-migrants","Persons","249","units","0","v509047","6.1","11406","","","","0"
"1969-10","Quebec","2021A000224","Out-migrants","Persons","249","units","0","v509062","6.2","24118","","","","0"
"1969-10","Ontario","2021A000235","In-migrants","Persons","249","units","0","v509048","7.1","44182","","","","0"
"1969-10","Ontario","2021A000235","Out-migrants","Persons","249","units","0","v509063","7.2","25593","","","","0"
"1969-10","Manitoba","2021A000246","In-migrants","Persons","249","units","0","v509049","8.1","8123","","","","0"
"1969-10","Manitoba","2021A000246","Out-migrants","Persons","249","units","0","v509064","8.2","11454","","","","0"
"1969-10","Saskatchewan","2021A000247","In-migrants","Persons","249","units","0","v509050","9.1","5684","","","","0"
"1969-10","Saskatchewan","2021A000247","Out-migrants","Persons","249","units","0","v509065","9.2","14968","","","","0"
"1969-10","Alberta","2021A000248","In-migrants","Persons","249","units","0","v509051","10.1","18091","","","","0"
"1969-10","Alberta","2021A000248","Out-migrants","Persons","249","units","0","v509066","10.2","16147","","","","0"
"1969-10","British Columbia","2021A000259","In-migrants","Persons","249","units","0","v509039","11.1","24787","","","","0"
"1969-10","British Columbia","2021A000259","Out-migrants","Persons","249","units","0","v509054","11.2","11238","","","","0"
"1970-01","Canada","2021A000011124","In-migrants","Persons","249","units","0","v509037","1.1","90827","","","","0"
"1970-01","Canada","2021A000011124","Out-migrants","Persons","249","units","0","v509052","1.2","90827","","","","0"
"1970-01","Newfoundland and Labrador","2021A000210","In-migrants","Persons","249","units","0","v509038","2.1","1674","","","","0"
"1970-01","Newfoundland and Labrador","2021A000210","Out-migrants","Persons","249","units","0","v509053","2.2","3525","","","","0"
"1970-01","Prince Edward Island","2021A000211","In-migrants","Persons","249","units","0","v509044","3.1","589","","","","0"
"1970-01","Prince Edward Island","2021A000211","Out-migrants","Persons","249","units","0","v509059","3.2","931","","","","0"
"1970-01","Nova Scotia","2021A000212","In-migrants","Persons","249","units","0","v509045","4.1","4203","","","","0"
"1970-01","Nova Scotia","2021A000212","Out-migrants","Persons","249","units","0","v509060","4.2","5466","","","","0"
"1970-01","New Brunswick","2021A000213","In-migrants","Persons","249","units","0","v509046","5.1","3662","","","","0"
"1970-01","New Brunswick","2021A000213","Out-migrants","Persons","249","units","0","v509061","5.2","4791","","","","0"
"1970-01","Quebec","2021A000224","In-migrants","Persons","249","units","0","v509047","6.1","7021","","","","0"
"1970-01","Quebec","2021A000224","Out-migrants","Persons","249","units","0","v509062","6.2","16998","","","","0"
"1970-01","Ontario","2021A000235","In-migrants","Persons","249","units","0","v509048","7.1","30132","","","","0"
"1970-01","Ontario","2021A000235","Out-migrants","Persons","249","units","0","v509063","7.2","16149","","","","0"
"1970-01","Manitoba","2021A000246","In-migrants","Persons","249","units","0","v509049","8.1","6523","","","","0"
"1970-01","Manitoba","2021A000246","Out-migrants","Persons","249","units","0","v509064","8.2","6772","","","","0"
"1970-01","Saskatchewan","2021A000247","In-migrants","Persons","249","units","0","v509050","9.1","4280","","","","0"
"1970-01","Saskatchewan","2021A000247","Out-migrants","Persons","249","units","0","v509065","9.2","10391","","","","0"
"1970-01","Alberta","2021A000248","In-migrants","Persons","249","units","0","v509051","10.1","15101","","","","0"
"1970-01","Alberta","2021A000248","Out-migrants","Persons","249","units","0","v509066","10.2","11684","","","","0"
"1970-01","British Columbia","2021A000259","In-migrants","Persons","249","units","0","v509039","11.1","16148","","","","0"
"1970-01","British Columbia","2021A000259","Out-migrants","Persons","249","units","0","v509054","11.2","13085","","","","0"
"1970-04","Canada","2021A000011124","In-migrants","Persons","249","units","0","v509037","1.1","75508","","","","0"
"1970-04","Canada","2021A000011124","Out-migrants","Persons","249","units","0","v509052","1.2","75508","","","","0"
"1970-04","Newfoundland and Labrador","2021A000210","In-migrants","Persons","249","units","0","v509038","2.1","1741","","","","0"
"1970-04","Newfoundland and Labrador","2021A000210","Out-migrants","Persons","249","units","0","v509053","2.2","2667","","","","0"
"1970-04","Prince Edward Island","2021A000211","In-migrants","Persons","249","units","0","v509044","3.1","595","","","","0"
"1970-04","Prince Edward Island","2021A000211","Out-migrants","Persons","249","units","0","v509059","3.2","694","","","","0"
"1970-04","Nova Scotia","2021A000212","In-migrants","Persons","249","units","0","v509045","4.1","4354","","","","0"
"1970-04","Nova Scotia","2021A000212","Out-migrants","Persons","249","units","0","v509060","4.2","4128","","","","0"
"1970-04","New Brunswick","2021A000213","In-migrants","Persons","249","units","0","v509046","5.1","4317","","","","0"
"1970-04","New Brunswick","2021A000213","Out-migrants","Persons","249","units","0","v509061","5.2","4055","","","","0"
"1970-04","Quebec","2021A000224","In-migrants","Persons","249","units","0","v509047","6.1","6801","","","","0"
"1970-04","Quebec","2021A000224","Out-migrants","Persons","249","units","0","v509062","6.2","13449","","","","0"
"1970-04","Ontario","2021A000235","In-migrants","Persons","249","units","0","v509048","7.1","23579","","","","0"
"1970-04","Ontario","2021A000235","Out-migrants","Persons","249","units","0","v509063","7.2","16412","","","","0"
"1970-04","Manitoba","2021A000246","In-migrants","Persons","249","units","0","v509049","8.1","4991","","","","0"
"1970-04","Manitoba","2021A000246","Out-migrants","Persons","249","units","0","v509064","8.2","7354","","","","0"
"1970-04","Saskatchewan","2021A000247","In-migrants","Persons","249","units","0","v509050","9.1","3736","","","","0"
"1970-04","Saskatchewan","2021A000247","Out-migrants","Persons","249","units","0","v509065","9.2","8203","","","","0"
"1970-04","Alberta","2021A000248","In-migrants","Persons","249","units","0","v509051","10.1","10218","","","","0"
"1970-04","Alberta","2021A000248","Out-migrants","Persons","249","units","0","v509066","10.2","9645","","","","0"
"1970-04","British Columbia","2021A000259","In-migrants","Persons","249","units","0","v509039","11.1","14219","","","","0"
"1970-04","British Columbia","2021A000259","Out-migrants","Persons","249","units","0","v509054","11.2","8242","","","","0"
"1970-07","Canada","2021A000011124","In-migrants","Persons","249","units","0","v509037","1.1","101610","","","","0"
"1970-07","Canada","2021A000011124","Out-migrants","Persons","249","units","0","v509052","1.2","101610","","","","0"
"1970-07","Newfoundland and Labrador","2021A000210","In-migrants","Persons","249","units","0","v509038","2.1","1924","","","","0"
"1970-07","Newfoundland and Labrador","2021A000210","Out-migrants","Persons","249","units","0","v509053","2.2","2807","","","","0"
"1970-07","Prince Edward Island","2021A000211","In-migrants","Persons","249","units","0","v509044","3.1","1250","","","","0"
"1970-07","Prince Edward Island","2021A000211","Out-migrants","Persons","249","units","0","v509059","3.2","1088","","","","0"
"1970-07","Nova Scotia","2021A000212","In-migrants","Persons","249","units","0","v509045","4.1","6116","","","","0"
"1970-07","Nova Scotia","2021A000212","Out-migrants","Persons","249","units","0","v509060","4.2","7759","","","","0"
"1970-07","New Brunswick","2021A000213","In-migrants","Persons","249","units","0","v509046","5.1","4854","","","","0"
"1970-07","New Brunswick","2021A000213","Out-migrants","Persons","249","units","0","v509061","5.2","6864","","","","0"
"1970-07","Quebec","2021A000224","In-migrants","Persons","249","units","0","v509047","6.1","5564","","","","0"
"1970-07","Quebec","2021A000224","Out-migrants","Persons","249","units","0","v509062","6.2","14063","","","","0"
"1970-07","Ontario","2021A000235","In-migrants","Persons","249","units","0","v509048","7.1","30976","","","","0"
"1970-07","Ontario","2021A000235","Out-migrants","Persons","249","units","0","v509063","7.2","15050","","","","0"
"1970-07","Manitoba","2021A000246","In-migrants","Persons","249","units","0","v509049","8.1","7029","","","","0"
"1970-07","Manitoba","2021A000246","Out-migrants","Persons","249","units","0","v509064","8.2","11218","","","","0"
"1970-07","Saskatchewan","2021A000247","In-migrants","Persons","249","units","0","v509050","9.1","5053","","","","0"
"1970-07","Saskatchewan","2021A000247","Out-migrants","Persons","249","units","0","v509065","9.2","14229","","","","0"
"1970-07","Alberta","2021A000248","In-migrants","Persons","249","units","0","v509051","10.1","17013","","","","0"
"1970-07","Alberta","2021A000248","Out-migrants","Persons","249","units","0","v509066","10.2","14170","","","","0"
"1970-07","British Columbia","2021A000259","In-migrants","Persons","249","units","0","v509039","11.1","20155","","","","0"
"1970-07","British Columbia","2021A000259","Out-migrants","Persons","249","units","0","v509054","11.2","13475","","","","0"
"1970-10","Canada","2021A000011124","In-migrants","Persons","249","units","0","v509037","1.1","144614","","","","0"
"1970-10","Canada","2021A000011124","Out-migrants","Persons","249","units","0","v509052","1.2","144614","","","","0"
"1970-10","Newfoundland and Labrador","2021A000210","In-migrants","Persons","249","units","0","v509038","2.1","3178","","","","0"
"1970-10","Newfoundland and Labrador","2021A000210","Out-migrants","Persons","249","units","0","v509053","2.2","5468","","","","0"
"1970-10","Prince Edward Island","2021A000211","In-migrants","Persons","249","units","0","v509044","3.1","1373","","","","0"
"1970-10","Prince Edward Island","2021A000211","Out-migrants","Persons","249","units","0","v509059","3.2","1123","","","","0"
"1970-10","Nova Scotia","2021A000212","In-migrants","Persons","249","units","0","v509045","4.1","7535","","","","0"
"1970-10","Nova Scotia","2021A000212","Out-migrants","Persons","249","units","0","v509060","4.2","8822","","","","0"
"1970-10","New Brunswick","2021A000213","In-migrants","Persons","249","units","0","v509046","5.1","7353","","","","0"
"1970-10","New Brunswick","2021A000213","Out-migrants","Persons","249","units","0","v509061","5.2","6849","","","","0"
"1970-10","Quebec","2021A000224","In-migrants","Persons","249","units","0","v509047","6.1","13269","","","","0"
"1970-10","Quebec","2021A000224","Out-migrants","Persons","249","units","0","v509062","6.2","29301","","","","0"
"1970-10","Ontario","2021A000235","In-migrants","Persons","249","units","0","v509048","7.1","49178","","","","0"
"1970-10","Ontario","2021A000235","Out-migrants","Persons","249","units","0","v509063","7.2","31664","","","","0"
"1970-10","Manitoba","2021A000246","In-migrants","Persons","249","units","0","v509049","8.1","10006","","","","0"
"1970-10","Manitoba","2021A000246","Out-migrants","Persons","249","units","0","v509064","8.2","10912","","","","0"
"1970-10","Saskatchewan","2021A000247","In-migrants","Persons","249","units","0","v509050","9.1","6236","","","","0"
"1970-10","Saskatchewan","2021A000247","Out-migrants","Persons","249","units","0","v509065","9.2","14840","","","","0"
"1970-10","Alberta","2021A000248","In-migrants","Persons","249","units","0","v509051","10.1","20215","","","","0"
"1970-10","Alberta","2021A000248","Out-migrants","Persons","249","units","0","v509066","10.2","17150","","","","0"
"1970-10","British Columbia","2021A000259","In-migrants","Persons","249","units","0","v509039","11.1","23936","","","","0"
"1970-10","British Columbia","2021A000259","Out-migrants","Persons","249","units","0","v509054","11.2","17077","","","","0"
"1971-01","Canada","2021A000011124","In-migrants","Persons","249","units","0","v509037","1.1","85045","","","","0"
"1971-01","Canada","2021A000011124","Out-migrants","Persons","249","units","0","v509052","1.2","85045","","","","0"
"1971-01","Newfoundland and Labrador","2021A000210","In-migrants","Persons","249","units","0","v509038","2.1","2250","","","","0"
"1971-01","Newfoundland and Labrador","2021A000210","Out-migrants","Persons","249","units","0","v509053","2.2","2358","","","","0"
"1971-01","Prince Edward Island","2021A000211","In-migrants","Persons","249","units","0","v509044","3.1","693","","","","0"
"1971-01","Prince Edward Island","2021A000211","Out-migrants","Persons","249","units","0","v509059","3.2","864","","","","0"
"1971-01","Nova Scotia","2021A000212","In-migrants","Persons","249","units","0","v509045","4.1","4395","","","","0"
"1971-01","Nova Scotia","2021A000212","Out-migrants","Persons","249","units","0","v509060","4.2","4908","","","","0"
"1971-01","New Brunswick","2021A000213","In-migrants","Persons","249","units","0","v509046","5.1","4527","","","","0"
"1971-01","New Brunswick","2021A000213","Out-migrants","Persons","249","units","0","v509061","5.2","4013","","","","0"
"1971-01","Quebec","2021A000224","In-migrants","Persons","249","units","0","v509047","6.1","8074","","","","0"
"1971-01","Quebec","2021A000224","Out-migrants","Persons","249","units","0","v509062","6.2","14842","","","","0"
"1971-01","Ontario","2021A000235","In-migrants","Persons","249","units","0","v509048","7.1","25703","","","","0"
"1971-01","Ontario","2021A000235","Out-migrants","Persons","249","units","0","v509063","7.2","19270","","","","0"
"1971-01","Manitoba","2021A000246","In-migrants","Persons","249","units","0","v509049","8.1","6092","","","","0"
"1971-01","Manitoba","2021A000246","Out-migrants","Persons","249","units","0","v509064","8.2","6855","","","","0"
"1971-01","Saskatchewan","2021A000247","In-migrants","Persons","249","units","0","v509050","9.1","4567","","","","0"
"1971-01","Saskatchewan","2021A000247","Out-migrants","Persons","249","units","0","v509065","9.2","8083","","","","0"
"1971-01","Alberta","2021A000248","In-migrants","Persons","249","units","0","v509051","10.1","12690","","","","0"
"1971-01","Alberta","2021A000248","Out-migrants","Persons","249","units","0","v509066","10.2","11487","","","","0"
"1971-01","British Columbia","2021A000259","In-migrants","Persons","249","units","0","v509039","11.1","14323","","","","0"
"1971-01","British Columbia","2021A000259","Out-migrants","Persons","249","units","0","v509054","11.2","11265","","","","0"
"1971-04","Canada","2021A000011124","In-migrants","Persons","249","units","0","v509037","1.1","71661","","","","0"
"1971-04","Canada","2021A000011124","Out-migrants","Persons","249","units","0","v509052","1.2","71661","","","","0"
"1971-04","Newfoundland and Labrador","2021A000210","In-migrants","Persons","249","units","0","v509038","2.1","1904","","","","0"
"1971-04","Newfoundland and Labrador","2021A000210","Out-migrants","Persons","249","units","0","v509053","2.2","2097","","","","0"
"1971-04","Prince Edward Island","2021A000211","In-migrants","Persons","249","units","0","v509044","3.1","700","","","","0"
"1971-04","Prince Edward Island","2021A000211","Out-migrants","Persons","249","units","0","v509059","3.2","736","","","","0"
"1971-04","Nova Scotia","2021A000212","In-migrants","Persons","249","units","0","v509045","4.1","3483","","","","0"
"1971-04","Nova Scotia","2021A000212","Out-migrants","Persons","249","units","0","v509060","4.2","3884","","","","0"
"1971-04","New Brunswick","2021A000213","In-migrants","Persons","249","units","0","v509046","5.1","3625","","","","0"
"1971-04","New Brunswick","2021A000213","Out-migrants","Persons","249","units","0","v509061","5.2","3054","","","","0"
"1971-04","Quebec","2021A000224","In-migrants","Persons","249","units","0","v509047","6.1","7638","","","","0"
"1971-04","Quebec","2021A000224","Out-migrants","Persons","249","units","0","v509062","6.2","12359","","","","0"
"1971-04","Ontario","2021A000235","In-migrants","Persons","249","units","0","v509048","7.1","21424","","","","0"
"1971-04","Ontario","2021A000235","Out-migrants","Persons","249","units","0","v509063","7.2","15529","","","","0"
"1971-04","Manitoba","2021A000246","In-migrants","Persons","249","units","0","v509049","8.1","5175","","","","0"
"1971-04","Manitoba","2021A000246","Out-migrants","Persons","249","units","0","v509064","8.2","5881","","","","0"
"1971-04","Saskatchewan","2021A000247","In-migrants","Persons","249","units","0","v509050","9.1","4614","","","","0"
"1971-04","Saskatchewan","2021A000247","Out-migrants","Persons","249","units","0","v509065","9.2","6403","","","","0"
"1971-04","Alberta","2021A000248","In-migrants","Persons","249","units","0","v509051","10.1","9703","","","","0"
"1971-04","Alberta","2021A000248","Out-migrants","Persons","249","units","0","v509066","10.2","10608","","","","0"
"1971-04","British Columbia","2021A000259","In-migrants","Persons","249","units","0","v509039","11.1","12097","","","","0"
"1971-04","British Columbia","2021A000259","Out-migrants","Persons","249","units","0","v509054","11.2","10414","","","","0"
"1971-07","Canada","2021A000011124","In-migrants","Persons","249","units","0","v509037","1.1","129047","","","","0"
"1971-07","Canada","2021A000011124","Out-migrants","Persons","249","units","0","v509052","1.2","129047","","","","0"
"1971-07","Newfoundland and Labrador","2021A000210","In-migrants","Persons","249","units","0","v509038","2.1","4377","","","","0"
"1971-07","Newfoundland and Labrador","2021A000210","Out-migrants","Persons","249","units","0","v509053","2.2","2914","","","","0"
"1971-07","Prince Edward Island","2021A000211","In-migrants","Persons","249","units","0","v509044","3.1","1576","","","","0"
"1971-07","Prince Edward Island","2021A000211","Out-migrants","Persons","249","units","0","v509059","3.2","1481","","","","0"
"1971-07","Nova Scotia","2021A000212","In-migrants","Persons","249","units","0","v509045","4.1","7847","","","","0"
"1971-07","Nova Scotia","2021A000212","Out-migrants","Persons","249","units","0","v509060","4.2","8237","","","","0"
"1971-07","New Brunswick","2021A000213","In-migrants","Persons","249","units","0","v509046","5.1","7032","","","","0"
"1971-07","New Brunswick","2021A000213","Out-migrants","Persons","249","units","0","v509061","5.2","6538","","","","0"
"1971-07","Quebec","2021A000224","In-migrants","Persons","249","units","0","v509047","6.1","10629","","","","0"
"1971-07","Quebec","2021A000224","Out-migrants","Persons","249","units","0","v509062","6.2","17050","","","","0"
"1971-07","Ontario","2021A000235","In-migrants","Persons","249","units","0","v509048","7.1","34028","","","","0"
"1971-07","Ontario","2021A000235","Out-migrants","Persons","249","units","0","v509063","7.2","32150","","","","0"
"1971-07","Manitoba","2021A000246","In-migrants","Persons","249","units","0","v509049","8.1","8794","","","","0"
"1971-07","Manitoba","2021A000246","Out-migrants","Persons","249","units","0","v509064","8.2","12008","","","","0"
"1971-07","Saskatchewan","2021A000247","In-migrants","Persons","249","units","0","v509050","9.1","6787","","","","0"
"1971-07","Saskatchewan","2021A000247","Out-migrants","Persons","249","units","0","v509065","9.2","13110","","","","0"
"1971-07","Alberta","2021A000248","In-migrants","Persons","249","units","0","v509051","10.1","21430","","","","0"
"1971-07","Alberta","2021A000248","Out-migrants","Persons","249","units","0","v509066","10.2","18618","","","","0"
"1971-07","British Columbia","2021A000259","In-migrants","Persons","249","units","0","v509039","11.1","24085","","","","0"
"1971-07","British Columbia","2021A000259","Out-migrants","Persons","249","units","0","v509054","11.2","15354","","","","0"
"1971-07","Yukon","2021A000260","In-migrants","Persons","249","units","0","v509040","12.1","960","","","","0"
"1971-07","Yukon","2021A000260","Out-migrants","Persons","249","units","0","v509055","12.2","619","","","","0"
"1971-07","Northwest Territories including Nunavut","","In-migrants","Persons","249","units","0","v509041","13.1","1502","","","t","0"
"1971-07","Northwest Territories including Nunavut","","Out-migrants","Persons","249","units","0","v509056","13.2","968","","","t","0"
"1971-10","Canada","2021A000011124","In-migrants","Persons","249","units","0","v509037","1.1","119546","","","","0"
"1971-10","Canada","2021A000011124","Out-migrants","Persons","249","units","0","v509052","1.2","119546","","","","0"
"1971-10","Newfoundland and Labrador","2021A000210","In-migrants","Persons","249","units","0","v509038","2.1","3828","","","","0"
"1971-10","Newfoundland and Labrador","2021A000210","Out-migrants","Persons","249","units","0","v509053","2.2","4257","","","","0"
"1971-10","Prince Edward Island","2021A000211","In-migrants","Persons","249","units","0","v509044","3.1","1236","","","","0"
"1971-10","Prince Edward Island","2021A000211","Out-migrants","Persons","249","units","0","v509059","3.2","1253","","","","0"
"1971-10","Nova Scotia","2021A000212","In-migrants","Persons","249","units","0","v509045","4.1","7461","","","","0"
"1971-10","Nova Scotia","2021A000212","Out-migrants","Persons","249","units","0","v509060","4.2","6912","","","","0"
"1971-10","New Brunswick","2021A000213","In-migrants","Persons","249","units","0","v509046","5.1","6452","","","","0"
"1971-10","New Brunswick","2021A000213","Out-migrants","Persons","249","units","0","v509061","5.2","6233","","","","0"
"1971-10","Quebec","2021A000224","In-migrants","Persons","249","units","0","v509047","6.1","12397","","","","0"
"1971-10","Quebec","2021A000224","Out-migrants","Persons","249","units","0","v509062","6.2","19492","","","","0"
"1971-10","Ontario","2021A000235","In-migrants","Persons","249","units","0","v509048","7.1","32910","","","","0"
"1971-10","Ontario","2021A000235","Out-migrants","Persons","249","units","0","v509063","7.2","28536","","","","0"
"1971-10","Manitoba","2021A000246","In-migrants","Persons","249","units","0","v509049","8.1","7354","","","","0"
"1971-10","Manitoba","2021A000246","Out-migrants","Persons","249","units","0","v509064","8.2","9922","","","","0"
"1971-10","Saskatchewan","2021A000247","In-migrants","Persons","249","units","0","v509050","9.1","5257","","","","0"
"1971-10","Saskatchewan","2021A000247","Out-migrants","Persons","249","units","0","v509065","9.2","11615","","","","0"
"1971-10","Alberta","2021A000248","In-migrants","Persons","249","units","0","v509051","10.1","16438","","","","0"
"1971-10","Alberta","2021A000248","Out-migrants","Persons","249","units","0","v509066","10.2","17140","","","","0"
"1971-10","British Columbia","2021A000259","In-migrants","Persons","249","units","0","v509039","11.1","24367","","","","0"
"1971-10","British Columbia","2021A000259","Out-migrants","Persons","249","units","0","v509054","11.2","12805","","","","0"
"1971-10","Yukon","2021A000260","In-migrants","Persons","249","units","0","v509040","12.1","720","","","","0"
"1971-10","Yukon","2021A000260","Out-migrants","Persons","249","units","0","v509055","12.2","539","","","","0"
"1971-10","Northwest Territories including Nunavut","","In-migrants","Persons","249","units","0","v509041","13.1","1126","","","t","0"
"1971-10","Northwest Territories including Nunavut","","Out-migrants","Persons","249","units","0","v509056","13.2","842","","","t","0"
"1972-01","Canada","2021A000011124","In-migrants","Persons","249","units","0","v509037","1.1","75510","","","","0"
"1972-01","Canada","2021A000011124","Out-migrants","Persons","249","units","0","v509052","1.2","75510","","","","0"
"1972-01","Newfoundland and Labrador","2021A000210","In-migrants","Persons","249","units","0","v509038","2.1","2243","","","","0"
"1972-01","Newfoundland and Labrador","2021A000210","Out-migrants","Persons","249","units","0","v509053","2.2","2342","","","","0"
"1972-01","Prince Edward Island","2021A000211","In-migrants","Persons","249","units","0","v509044","3.1","815","","","","0"
"1972-01","Prince Edward Island","2021A000211","Out-migrants","Persons","249","units","0","v509059","3.2","548","","","","0"
"1972-01","Nova Scotia","2021A000212","In-migrants","Persons","249","units","0","v509045","4.1","3603","","","","0"
"1972-01","Nova Scotia","2021A000212","Out-migrants","Persons","249","units","0","v509060","4.2","4732","","","","0"
"1972-01","New Brunswick","2021A000213","In-migrants","Persons","249","units","0","v509046","5.1","3718","","","","0"
"1972-01","New Brunswick","2021A000213","Out-migrants","Persons","249","units","0","v509061","5.2","3246","","","","0"
"1972-01","Quebec","2021A000224","In-migrants","Persons","249","units","0","v509047","6.1","8996","","","","0"
"1972-01","Quebec","2021A000224","Out-migrants","Persons","249","units","0","v509062","6.2","10202","","","","0"
"1972-01","Ontario","2021A000235","In-migrants","Persons","249","units","0","v509048","7.1","18740","","","","0"
"1972-01","Ontario","2021A000235","Out-migrants","Persons","249","units","0","v509063","7.2","18585","","","","0"
"1972-01","Manitoba","2021A000246","In-migrants","Persons","249","units","0","v509049","8.1","5350","","","","0"
"1972-01","Manitoba","2021A000246","Out-migrants","Persons","249","units","0","v509064","8.2","6711","","","","0"
"1972-01","Saskatchewan","2021A000247","In-migrants","Persons","249","units","0","v509050","9.1","4012","","","","0"
"1972-01","Saskatchewan","2021A000247","Out-migrants","Persons","249","units","0","v509065","9.2","7634","","","","0"
"1972-01","Alberta","2021A000248","In-migrants","Persons","249","units","0","v509051","10.1","12484","","","","0"
"1972-01","Alberta","2021A000248","Out-migrants","Persons","249","units","0","v509066","10.2","11255","","","","0"
"1972-01","British Columbia","2021A000259","In-migrants","Persons","249","units","0","v509039","11.1","14202","","","","0"
"1972-01","British Columbia","2021A000259","Out-migrants","Persons","249","units","0","v509054","11.2","9023","","","","0"
"1972-01","Yukon","2021A000260","In-migrants","Persons","249","units","0","v509040","12.1","525","","","","0"
"1972-01","Yukon","2021A000260","Out-migrants","Persons","249","units","0","v509055","12.2","480","","","","0"
"1972-01","Northwest Territories including Nunavut","","In-migrants","Persons","249","units","0","v509041","13.1","822","","","t","0"
"1972-01","Northwest Territories including Nunavut","","Out-migrants","Persons","249","units","0","v509056","13.2","752","","","t","0"
"1972-04","Canada","2021A000011124","In-migrants","Persons","249","units","0","v509037","1.1","71329","","","","0"
"1972-04","Canada","2021A000011124","Out-migrants","Persons","249","units","0","v509052","1.2","71329","","","","0"
"1972-04","Newfoundland and Labrador","2021A000210","In-migrants","Persons","249","units","0","v509038","2.1","1943","","","","0"
"1972-04","Newfoundland and Labrador","2021A000210","Out-migrants","Persons","249","units","0","v509053","2.2","2014","","","","0"
"1972-04","Prince Edward Island","2021A000211","In-migrants","Persons","249","units","0","v509044","3.1","689","","","","0"
"1972-04","Prince Edward Island","2021A000211","Out-migrants","Persons","249","units","0","v509059","3.2","685","","","","0"
"1972-04","Nova Scotia","2021A000212","In-migrants","Persons","249","units","0","v509045","4.1","3800","","","","0"
"1972-04","Nova Scotia","2021A000212","Out-migrants","Persons","249","units","0","v509060","4.2","3416","","","","0"
"1972-04","New Brunswick","2021A000213","In-migrants","Persons","249","units","0","v509046","5.1","2988","","","","0"
"1972-04","New Brunswick","2021A000213","Out-migrants","Persons","249","units","0","v509061","5.2","3789","","","","0"
"1972-04","Quebec","2021A000224","In-migrants","Persons","249","units","0","v509047","6.1","5989","","","","0"
"1972-04","Quebec","2021A000224","Out-migrants","Persons","249","units","0","v509062","6.2","12904","","","","0"
"1972-04","Ontario","2021A000235","In-migrants","Persons","249","units","0","v509048","7.1","22490","","","","0"
"1972-04","Ontario","2021A000235","Out-migrants","Persons","249","units","0","v509063","7.2","14435","","","","0"
"1972-04","Manitoba","2021A000246","In-migrants","Persons","249","units","0","v509049","8.1","4519","","","","0"
"1972-04","Manitoba","2021A000246","Out-migrants","Persons","249","units","0","v509064","8.2","6256","","","","0"
"1972-04","Saskatchewan","2021A000247","In-migrants","Persons","249","units","0","v509050","9.1","3775","","","","0"
"1972-04","Saskatchewan","2021A000247","Out-migrants","Persons","249","units","0","v509065","9.2","6467","","","","0"
"1972-04","Alberta","2021A000248","In-migrants","Persons","249","units","0","v509051","10.1","10979","","","","0"
"1972-04","Alberta","2021A000248","Out-migrants","Persons","249","units","0","v509066","10.2","10128","","","","0"
"1972-04","British Columbia","2021A000259","In-migrants","Persons","249","units","0","v509039","11.1","12770","","","","0"
"1972-04","British Columbia","2021A000259","Out-migrants","Persons","249","units","0","v509054","11.2","10154","","","","0"
"1972-04","Yukon","2021A000260","In-migrants","Persons","249","units","0","v509040","12.1","541","","","","0"
"1972-04","Yukon","2021A000260","Out-migrants","Persons","249","units","0","v509055","12.2","422","","","","0"
"1972-04","Northwest Territories including Nunavut","","In-migrants","Persons","249","units","0","v509041","13.1","846","","","t","0"
"1972-04","Northwest Territories including Nunavut","","Out-migrants","Persons","249","units","0","v509056","13.2","659","","","t","0"
"1972-07","Canada","2021A000011124","In-migrants","Persons","249","units","0","v509037","1.1","118236","","","","0"
"1972-07","Canada","2021A000011124","Out-migrants","Persons","249","units","0","v509052","1.2","118236","","","","0"
"1972-07","Newfoundland and Labrador","2021A000210","In-migrants","Persons","249","units","0","v509038","2.1","3785","","","","0"
"1972-07","Newfoundland and Labrador","2021A000210","Out-migrants","Persons","249","units","0","v509053","2.2","3477","","","","0"
"1972-07","Prince Edward Island","2021A000211","In-migrants","Persons","249","units","0","v509044","3.1","1535","","","","0"
"1972-07","Prince Edward Island","2021A000211","Out-migrants","Persons","249","units","0","v509059","3.2","1173","","","","0"
"1972-07","Nova Scotia","2021A000212","In-migrants","Persons","249","units","0","v509045","4.1","8070","","","","0"
"1972-07","Nova Scotia","2021A000212","Out-migrants","Persons","249","units","0","v509060","4.2","6542","","","","0"
"1972-07","New Brunswick","2021A000213","In-migrants","Persons","249","units","0","v509046","5.1","6429","","","","0"
"1972-07","New Brunswick","2021A000213","Out-migrants","Persons","249","units","0","v509061","5.2","5796","","","","0"
"1972-07","Quebec","2021A000224","In-migrants","Persons","249","units","0","v509047","6.1","9660","","","","0"
"1972-07","Quebec","2021A000224","Out-migrants","Persons","249","units","0","v509062","6.2","17107","","","","0"
"1972-07","Ontario","2021A000235","In-migrants","Persons","249","units","0","v509048","7.1","30800","","","","0"
"1972-07","Ontario","2021A000235","Out-migrants","Persons","249","units","0","v509063","7.2","29135","","","","0"
"1972-07","Manitoba","2021A000246","In-migrants","Persons","249","units","0","v509049","8.1","8205","","","","0"
"1972-07","Manitoba","2021A000246","Out-migrants","Persons","249","units","0","v509064","8.2","11198","","","","0"
"1972-07","Saskatchewan","2021A000247","In-migrants","Persons","249","units","0","v509050","9.1","6192","","","","0"
"1972-07","Saskatchewan","2021A000247","Out-migrants","Persons","249","units","0","v509065","9.2","12419","","","","0"
"1972-07","Alberta","2021A000248","In-migrants","Persons","249","units","0","v509051","10.1","19606","","","","0"
"1972-07","Alberta","2021A000248","Out-migrants","Persons","249","units","0","v509066","10.2","14891","","","","0"
"1972-07","British Columbia","2021A000259","In-migrants","Persons","249","units","0","v509039","11.1","21607","","","","0"
"1972-07","British Columbia","2021A000259","Out-migrants","Persons","249","units","0","v509054","11.2","14883","","","","0"
"1972-07","Yukon","2021A000260","In-migrants","Persons","249","units","0","v509040","12.1","915","","","","0"
"1972-07","Yukon","2021A000260","Out-migrants","Persons","249","units","0","v509055","12.2","630","","","","0"
"1972-07","Northwest Territories including Nunavut","","In-migrants","Persons","249","units","0","v509041","13.1","1432","","","t","0"
"1972-07","Northwest Territories including Nunavut","","Out-migrants","Persons","249","units","0","v509056","13.2","985","","","t","0"
"1972-10","Canada","2021A000011124","In-migrants","Persons","249","units","0","v509037","1.1","110109","","","","0"
"1972-10","Canada","2021A000011124","Out-migrants","Persons","249","units","0","v509052","1.2","110109","","","","0"
"1972-10","Newfoundland and Labrador","2021A000210","In-migrants","Persons","249","units","0","v509038","2.1","3209","","","","0"
"1972-10","Newfoundland and Labrador","2021A000210","Out-migrants","Persons","249","units","0","v509053","2.2","3536","","","","0"
"1972-10","Prince Edward Island","2021A000211","In-migrants","Persons","249","units","0","v509044","3.1","1206","","","","0"
"1972-10","Prince Edward Island","2021A000211","Out-migrants","Persons","249","units","0","v509059","3.2","981","","","","0"
"1972-10","Nova Scotia","2021A000212","In-migrants","Persons","249","units","0","v509045","4.1","7222","","","","0"
"1972-10","Nova Scotia","2021A000212","Out-migrants","Persons","249","units","0","v509060","4.2","5160","","","","0"
"1972-10","New Brunswick","2021A000213","In-migrants","Persons","249","units","0","v509046","5.1","5051","","","","0"
"1972-10","New Brunswick","2021A000213","Out-migrants","Persons","249","units","0","v509061","5.2","5114","","","","0"
"1972-10","Quebec","2021A000224","In-migrants","Persons","249","units","0","v509047","6.1","11505","","","","0"
"1972-10","Quebec","2021A000224","Out-migrants","Persons","249","units","0","v509062","6.2","15828","","","","0"
"1972-10","Ontario","2021A000235","In-migrants","Persons","249","units","0","v509048","7.1","25012","","","","0"
"1972-10","Ontario","2021A000235","Out-migrants","Persons","249","units","0","v509063","7.2","26660","","","","0"
"1972-10","Manitoba","2021A000246","In-migrants","Persons","249","units","0","v509049","8.1","8035","","","","0"
"1972-10","Manitoba","2021A000246","Out-migrants","Persons","249","units","0","v509064","8.2","9679","","","","0"
"1972-10","Saskatchewan","2021A000247","In-migrants","Persons","249","units","0","v509050","9.1","5509","","","","0"
"1972-10","Saskatchewan","2021A000247","Out-migrants","Persons","249","units","0","v509065","9.2","10264","","","","0"
"1972-10","Alberta","2021A000248","In-migrants","Persons","249","units","0","v509051","10.1","17460","","","","0"
"1972-10","Alberta","2021A000248","Out-migrants","Persons","249","units","0","v509066","10.2","17717","","","","0"
"1972-10","British Columbia","2021A000259","In-migrants","Persons","249","units","0","v509039","11.1","23759","","","","0"
"1972-10","British Columbia","2021A000259","Out-migrants","Persons","249","units","0","v509054","11.2","13351","","","","0"
"1972-10","Yukon","2021A000260","In-migrants","Persons","249","units","0","v509040","12.1","835","","","","0"
"1972-10","Yukon","2021A000260","Out-migrants","Persons","249","units","0","v509055","12.2","709","","","","0"
"1972-10","Northwest Territories including Nunavut","","In-migrants","Persons","249","units","0","v509041","13.1","1306","","","t","0"
"1972-10","Northwest Territories including Nunavut","","Out-migrants","Persons","249","units","0","v509056","13.2","1110","","","t","0"
"1973-01","Canada","2021A000011124","In-migrants","Persons","249","units","0","v509037","1.1","87092","","","","0"
"1973-01","Canada","2021A000011124","Out-migrants","Persons","249","units","0","v509052","1.2","87092","","","","0"
"1973-01","Newfoundland and Labrador","2021A000210","In-migrants","Persons","249","units","0","v509038","2.1","2318","","","","0"
"1973-01","Newfoundland and Labrador","2021A000210","Out-migrants","Persons","249","units","0","v509053","2.2","2841","","","","0"
"1973-01","Prince Edward Island","2021A000211","In-migrants","Persons","249","units","0","v509044","3.1","829","","","","0"
"1973-01","Prince Edward Island","2021A000211","Out-migrants","Persons","249","units","0","v509059","3.2","683","","","","0"
"1973-01","Nova Scotia","2021A000212","In-migrants","Persons","249","units","0","v509045","4.1","4622","","","","0"
"1973-01","Nova Scotia","2021A000212","Out-migrants","Persons","249","units","0","v509060","4.2","4625","","","","0"
"1973-01","New Brunswick","2021A000213","In-migrants","Persons","249","units","0","v509046","5.1","5906","","","","0"
"1973-01","New Brunswick","2021A000213","Out-migrants","Persons","249","units","0","v509061","5.2","3895","","","","0"
"1973-01","Quebec","2021A000224","In-migrants","Persons","249","units","0","v509047","6.1","7726","","","","0"
"1973-01","Quebec","2021A000224","Out-migrants","Persons","249","units","0","v509062","6.2","11358","","","","0"
"1973-01","Ontario","2021A000235","In-migrants","Persons","249","units","0","v509048","7.1","20169","","","","0"
"1973-01","Ontario","2021A000235","Out-migrants","Persons","249","units","0","v509063","7.2","21383","","","","0"
"1973-01","Manitoba","2021A000246","In-migrants","Persons","249","units","0","v509049","8.1","7529","","","","0"
"1973-01","Manitoba","2021A000246","Out-migrants","Persons","249","units","0","v509064","8.2","7438","","","","0"
"1973-01","Saskatchewan","2021A000247","In-migrants","Persons","249","units","0","v509050","9.1","4851","","","","0"
"1973-01","Saskatchewan","2021A000247","Out-migrants","Persons","249","units","0","v509065","9.2","7979","","","","0"
"1973-01","Alberta","2021A000248","In-migrants","Persons","249","units","0","v509051","10.1","14508","","","","0"
"1973-01","Alberta","2021A000248","Out-migrants","Persons","249","units","0","v509066","10.2","13159","","","","0"
"1973-01","British Columbia","2021A000259","In-migrants","Persons","249","units","0","v509039","11.1","17054","","","","0"
"1973-01","British Columbia","2021A000259","Out-migrants","Persons","249","units","0","v509054","11.2","12227","","","","0"
"1973-01","Yukon","2021A000260","In-migrants","Persons","249","units","0","v509040","12.1","616","","","","0"
"1973-01","Yukon","2021A000260","Out-migrants","Persons","249","units","0","v509055","12.2","587","","","","0"
"1973-01","Northwest Territories including Nunavut","","In-migrants","Persons","249","units","0","v509041","13.1","964","","","t","0"
"1973-01","Northwest Territories including Nunavut","","Out-migrants","Persons","249","units","0","v509056","13.2","917","","","t","0"
"1973-04","Canada","2021A000011124","In-migrants","Persons","249","units","0","v509037","1.1","80701","","","","0"
"1973-04","Canada","2021A000011124","Out-migrants","Persons","249","units","0","v509052","1.2","80701","","","","0"
"1973-04","Newfoundland and Labrador","2021A000210","In-migrants","Persons","249","units","0","v509038","2.1","2510","","","","0"
"1973-04","Newfoundland and Labrador","2021A000210","Out-migrants","Persons","249","units","0","v509053","2.2","2745","","","","0"
"1973-04","Prince Edward Island","2021A000211","In-migrants","Persons","249","units","0","v509044","3.1","757","","","","0"
"1973-04","Prince Edward Island","2021A000211","Out-migrants","Persons","249","units","0","v509059","3.2","708","","","","0"
"1973-04","Nova Scotia","2021A000212","In-migrants","Persons","249","units","0","v509045","4.1","5311","","","","0"
"1973-04","Nova Scotia","2021A000212","Out-migrants","Persons","249","units","0","v509060","4.2","4047","","","","0"
"1973-04","New Brunswick","2021A000213","In-migrants","Persons","249","units","0","v509046","5.1","3303","","","","0"
"1973-04","New Brunswick","2021A000213","Out-migrants","Persons","249","units","0","v509061","5.2","3782","","","","0"
"1973-04","Quebec","2021A000224","In-migrants","Persons","249","units","0","v509047","6.1","7251","","","","0"
"1973-04","Quebec","2021A000224","Out-migrants","Persons","249","units","0","v509062","6.2","11603","","","","0"
"1973-04","Ontario","2021A000235","In-migrants","Persons","249","units","0","v509048","7.1","21685","","","","0"
"1973-04","Ontario","2021A000235","Out-migrants","Persons","249","units","0","v509063","7.2","19548","","","","0"
"1973-04","Manitoba","2021A000246","In-migrants","Persons","249","units","0","v509049","8.1","5672","","","","0"
"1973-04","Manitoba","2021A000246","Out-migrants","Persons","249","units","0","v509064","8.2","6615","","","","0"
"1973-04","Saskatchewan","2021A000247","In-migrants","Persons","249","units","0","v509050","9.1","4615","","","","0"
"1973-04","Saskatchewan","2021A000247","Out-migrants","Persons","249","units","0","v509065","9.2","7029","","","","0"
"1973-04","Alberta","2021A000248","In-migrants","Persons","249","units","0","v509051","10.1","11955","","","","0"
"1973-04","Alberta","2021A000248","Out-migrants","Persons","249","units","0","v509066","10.2","12264","","","","0"
"1973-04","British Columbia","2021A000259","In-migrants","Persons","249","units","0","v509039","11.1","16454","","","","0"
"1973-04","British Columbia","2021A000259","Out-migrants","Persons","249","units","0","v509054","11.2","11220","","","","0"
"1973-04","Yukon","2021A000260","In-migrants","Persons","249","units","0","v509040","12.1","463","","","","0"
"1973-04","Yukon","2021A000260","Out-migrants","Persons","249","units","0","v509055","12.2","445","","","","0"
"1973-04","Northwest Territories including Nunavut","","In-migrants","Persons","249","units","0","v509041","13.1","725","","","t","0"
"1973-04","Northwest Territories including Nunavut","","Out-migrants","Persons","249","units","0","v509056","13.2","695","","","t","0"
"1973-07","Canada","2021A000011124","In-migrants","Persons","249","units","0","v509037","1.1","131102","","","","0"
"1973-07","Canada","2021A000011124","Out-migrants","Persons","249","units","0","v509052","1.2","131102","","","","0"
"1973-07","Newfoundland and Labrador","2021A000210","In-migrants","Persons","249","units","0","v509038","2.1","3922","","","","0"
"1973-07","Newfoundland and Labrador","2021A000210","Out-migrants","Persons","249","units","0","v509053","2.2","4463","","","","0"
"1973-07","Prince Edward Island","2021A000211","In-migrants","Persons","249","units","0","v509044","3.1","1770","","","","0"
"1973-07","Prince Edward Island","2021A000211","Out-migrants","Persons","249","units","0","v509059","3.2","1576","","","","0"
"1973-07","Nova Scotia","2021A000212","In-migrants","Persons","249","units","0","v509045","4.1","7861","","","","0"
"1973-07","Nova Scotia","2021A000212","Out-migrants","Persons","249","units","0","v509060","4.2","7372","","","","0"
"1973-07","New Brunswick","2021A000213","In-migrants","Persons","249","units","0","v509046","5.1","6636","","","","0"
"1973-07","New Brunswick","2021A000213","Out-migrants","Persons","249","units","0","v509061","5.2","6078","","","","0"
"1973-07","Quebec","2021A000224","In-migrants","Persons","249","units","0","v509047","6.1","11481","","","","0"
"1973-07","Quebec","2021A000224","Out-migrants","Persons","249","units","0","v509062","6.2","14860","","","","0"
"1973-07","Ontario","2021A000235","In-migrants","Persons","249","units","0","v509048","7.1","30887","","","","0"
"1973-07","Ontario","2021A000235","Out-migrants","Persons","249","units","0","v509063","7.2","33816","","","","0"
"1973-07","Manitoba","2021A000246","In-migrants","Persons","249","units","0","v509049","8.1","9931","","","","0"
"1973-07","Manitoba","2021A000246","Out-migrants","Persons","249","units","0","v509064","8.2","11309","","","","0"
"1973-07","Saskatchewan","2021A000247","In-migrants","Persons","249","units","0","v509050","9.1","7718","","","","0"
"1973-07","Saskatchewan","2021A000247","Out-migrants","Persons","249","units","0","v509065","9.2","12593","","","","0"
"1973-07","Alberta","2021A000248","In-migrants","Persons","249","units","0","v509051","10.1","23865","","","","0"
"1973-07","Alberta","2021A000248","Out-migrants","Persons","249","units","0","v509066","10.2","20160","","","","0"
"1973-07","British Columbia","2021A000259","In-migrants","Persons","249","units","0","v509039","11.1","25830","","","","0"
"1973-07","British Columbia","2021A000259","Out-migrants","Persons","249","units","0","v509054","11.2","16777","","","","0"
"1973-07","Yukon","2021A000260","In-migrants","Persons","249","units","0","v509040","12.1","468","","","","0"
"1973-07","Yukon","2021A000260","Out-migrants","Persons","249","units","0","v509055","12.2","818","","","","0"
"1973-07","Northwest Territories including Nunavut","","In-migrants","Persons","249","units","0","v509041","13.1","733","","","t","0"
"1973-07","Northwest Territories including Nunavut","","Out-migrants","Persons","249","units","0","v509056","13.2","1280","","","t","0"
"1973-10","Canada","2021A000011124","In-migrants","Persons","249","units","0","v509037","1.1","135097","","","","0"
"1973-10","Canada","2021A000011124","Out-migrants","Persons","249","units","0","v509052","1.2","135097","","","","0"
"1973-10","Newfoundland and Labrador","2021A000210","In-migrants","Persons","249","units","0","v509038","2.1","4261","","","","0"
"1973-10","Newfoundland and Labrador","2021A000210","Out-migrants","Persons","249","units","0","v509053","2.2","5472","","","","0"
"1973-10","Prince Edward Island","2021A000211","In-migrants","Persons","249","units","0","v509044","3.1","1458","","","","0"
"1973-10","Prince Edward Island","2021A000211","Out-migrants","Persons","249","units","0","v509059","3.2","1369","","","","0"
"1973-10","Nova Scotia","2021A000212","In-migrants","Persons","249","units","0","v509045","4.1","8458","","","","0"
"1973-10","Nova Scotia","2021A000212","Out-migrants","Persons","249","units","0","v509060","4.2","8101","","","","0"
"1973-10","New Brunswick","2021A000213","In-migrants","Persons","249","units","0","v509046","5.1","6853","","","","0"
"1973-10","New Brunswick","2021A000213","Out-migrants","Persons","249","units","0","v509061","5.2","6102","","","","0"
"1973-10","Quebec","2021A000224","In-migrants","Persons","249","units","0","v509047","6.1","13174","","","","0"
"1973-10","Quebec","2021A000224","Out-migrants","Persons","249","units","0","v509062","6.2","16541","","","","0"
"1973-10","Ontario","2021A000235","In-migrants","Persons","249","units","0","v509048","7.1","31430","","","","0"
"1973-10","Ontario","2021A000235","Out-migrants","Persons","249","units","0","v509063","7.2","34699","","","","0"
"1973-10","Manitoba","2021A000246","In-migrants","Persons","249","units","0","v509049","8.1","10648","","","","0"
"1973-10","Manitoba","2021A000246","Out-migrants","Persons","249","units","0","v509064","8.2","10618","","","","0"
"1973-10","Saskatchewan","2021A000247","In-migrants","Persons","249","units","0","v509050","9.1","8996","","","","0"
"1973-10","Saskatchewan","2021A000247","Out-migrants","Persons","249","units","0","v509065","9.2","11840","","","","0"
"1973-10","Alberta","2021A000248","In-migrants","Persons","249","units","0","v509051","10.1","20169","","","","0"
"1973-10","Alberta","2021A000248","Out-migrants","Persons","249","units","0","v509066","10.2","22216","","","","0"
"1973-10","British Columbia","2021A000259","In-migrants","Persons","249","units","0","v509039","11.1","27754","","","","0"
"1973-10","British Columbia","2021A000259","Out-migrants","Persons","249","units","0","v509054","11.2","16331","","","","0"
"1973-10","Yukon","2021A000260","In-migrants","Persons","249","units","0","v509040","12.1","739","","","","0"
"1973-10","Yukon","2021A000260","Out-migrants","Persons","249","units","0","v509055","12.2","705","","","","0"
"1973-10","Northwest Territories including Nunavut","","In-migrants","Persons","249","units","0","v509041","13.1","1157","","","t","0"
"1973-10","Northwest Territories including Nunavut","","Out-migrants","Persons","249","units","0","v509056","13.2","1103","","","t","0"
"1974-01","Canada","2021A000011124","In-migrants","Persons","249","units","0","v509037","1.1","87587","","","","0"
"1974-01","Canada","2021A000011124","Out-migrants","Persons","249","units","0","v509052","1.2","87587","","","","0"
"1974-01","Newfoundland and Labrador","2021A000210","In-migrants","Persons","249","units","0","v509038","2.1","2345","","","","0"
"1974-01","Newfoundland and Labrador","2021A000210","Out-migrants","Persons","249","units","0","v509053","2.2","3723","","","","0"
"1974-01","Prince Edward Island","2021A000211","In-migrants","Persons","249","units","0","v509044","3.1","847","","","","0"
"1974-01","Prince Edward Island","2021A000211","Out-migrants","Persons","249","units","0","v509059","3.2","593","","","","0"
"1974-01","Nova Scotia","2021A000212","In-migrants","Persons","249","units","0","v509045","4.1","4911","","","","0"
"1974-01","Nova Scotia","2021A000212","Out-migrants","Persons","249","units","0","v509060","4.2","5748","","","","0"
"1974-01","New Brunswick","2021A000213","In-migrants","Persons","249","units","0","v509046","5.1","4254","","","","0"
"1974-01","New Brunswick","2021A000213","Out-migrants","Persons","249","units","0","v509061","5.2","4113","","","","0"
"1974-01","Quebec","2021A000224","In-migrants","Persons","249","units","0","v509047","6.1","8658","","","","0"
"1974-01","Quebec","2021A000224","Out-migrants","Persons","249","units","0","v509062","6.2","12493","","","","0"
"1974-01","Ontario","2021A000235","In-migrants","Persons","249","units","0","v509048","7.1","21554","","","","0"
"1974-01","Ontario","2021A000235","Out-migrants","Persons","249","units","0","v509063","7.2","19864","","","","0"
"1974-01","Manitoba","2021A000246","In-migrants","Persons","249","units","0","v509049","8.1","6658","","","","0"
"1974-01","Manitoba","2021A000246","Out-migrants","Persons","249","units","0","v509064","8.2","6450","","","","0"
"1974-01","Saskatchewan","2021A000247","In-migrants","Persons","249","units","0","v509050","9.1","5286","","","","0"
"1974-01","Saskatchewan","2021A000247","Out-migrants","Persons","249","units","0","v509065","9.2","6943","","","","0"
"1974-01","Alberta","2021A000248","In-migrants","Persons","249","units","0","v509051","10.1","14382","","","","0"
"1974-01","Alberta","2021A000248","Out-migrants","Persons","249","units","0","v509066","10.2","13662","","","","0"
"1974-01","British Columbia","2021A000259","In-migrants","Persons","249","units","0","v509039","11.1","17457","","","","0"
"1974-01","British Columbia","2021A000259","Out-migrants","Persons","249","units","0","v509054","11.2","12239","","","","0"
"1974-01","Yukon","2021A000260","In-migrants","Persons","249","units","0","v509040","12.1","482","","","","0"
"1974-01","Yukon","2021A000260","Out-migrants","Persons","249","units","0","v509055","12.2","686","","","","0"
"1974-01","Northwest Territories including Nunavut","","In-migrants","Persons","249","units","0","v509041","13.1","753","","","t","0"
"1974-01","Northwest Territories including Nunavut","","Out-migrants","Persons","249","units","0","v509056","13.2","1073","","","t","0"
"1974-04","Canada","2021A000011124","In-migrants","Persons","249","units","0","v509037","1.1","83763","","","","0"
"1974-04","Canada","2021A000011124","Out-migrants","Persons","249","units","0","v509052","1.2","83763","","","","0"
"1974-04","Newfoundland and Labrador","2021A000210","In-migrants","Persons","249","units","0","v509038","2.1","2605","","","","0"
"1974-04","Newfoundland and Labrador","2021A000210","Out-migrants","Persons","249","units","0","v509053","2.2","2194","","","","0"
"1974-04","Prince Edward Island","2021A000211","In-migrants","Persons","249","units","0","v509044","3.1","872","","","","0"
"1974-04","Prince Edward Island","2021A000211","Out-migrants","Persons","249","units","0","v509059","3.2","588","","","","0"
"1974-04","Nova Scotia","2021A000212","In-migrants","Persons","249","units","0","v509045","4.1","5015","","","","0"
"1974-04","Nova Scotia","2021A000212","Out-migrants","Persons","249","units","0","v509060","4.2","4010","","","","0"
"1974-04","New Brunswick","2021A000213","In-migrants","Persons","249","units","0","v509046","5.1","4068","","","","0"
"1974-04","New Brunswick","2021A000213","Out-migrants","Persons","249","units","0","v509061","5.2","3249","","","","0"
"1974-04","Quebec","2021A000224","In-migrants","Persons","249","units","0","v509047","6.1","7862","","","","0"
"1974-04","Quebec","2021A000224","Out-migrants","Persons","249","units","0","v509062","6.2","9862","","","","0"
"1974-04","Ontario","2021A000235","In-migrants","Persons","249","units","0","v509048","7.1","16813","","","","0"
"1974-04","Ontario","2021A000235","Out-migrants","Persons","249","units","0","v509063","7.2","22107","","","","0"
"1974-04","Manitoba","2021A000246","In-migrants","Persons","249","units","0","v509049","8.1","6250","","","","0"
"1974-04","Manitoba","2021A000246","Out-migrants","Persons","249","units","0","v509064","8.2","6766","","","","0"
"1974-04","Saskatchewan","2021A000247","In-migrants","Persons","249","units","0","v509050","9.1","5887","","","","0"
"1974-04","Saskatchewan","2021A000247","Out-migrants","Persons","249","units","0","v509065","9.2","6983","","","","0"
"1974-04","Alberta","2021A000248","In-migrants","Persons","249","units","0","v509051","10.1","14667","","","","0"
"1974-04","Alberta","2021A000248","Out-migrants","Persons","249","units","0","v509066","10.2","14134","","","","0"
"1974-04","British Columbia","2021A000259","In-migrants","Persons","249","units","0","v509039","11.1","18141","","","","0"
"1974-04","British Columbia","2021A000259","Out-migrants","Persons","249","units","0","v509054","11.2","12330","","","","0"
"1974-04","Yukon","2021A000260","In-migrants","Persons","249","units","0","v509040","12.1","617","","","","0"
"1974-04","Yukon","2021A000260","Out-migrants","Persons","249","units","0","v509055","12.2","601","","","","0"
"1974-04","Northwest Territories including Nunavut","","In-migrants","Persons","249","units","0","v509041","13.1","966","","","t","0"
"1974-04","Northwest Territories including Nunavut","","Out-migrants","Persons","249","units","0","v509056","13.2","939","","","t","0"
"1974-07","Canada","2021A000011124","In-migrants","Persons","249","units","0","v509037","1.1","130185","","","","0"
"1974-07","Canada","2021A000011124","Out-migrants","Persons","249","units","0","v509052","1.2","130185","","","","0"
"1974-07","Newfoundland and Labrador","2021A000210","In-migrants","Persons","249","units","0","v509038","2.1","3823","","","","0"
"1974-07","Newfoundland and Labrador","2021A000210","Out-migrants","Persons","249","units","0","v509053","2.2","3771","","","","0"
"1974-07","Prince Edward Island","2021A000211","In-migrants","Persons","249","units","0","v509044","3.1","1862","","","","0"
"1974-07","Prince Edward Island","2021A000211","Out-migrants","Persons","249","units","0","v509059","3.2","1578","","","","0"
"1974-07","Nova Scotia","2021A000212","In-migrants","Persons","249","units","0","v509045","4.1","9257","","","","0"
"1974-07","Nova Scotia","2021A000212","Out-migrants","Persons","249","units","0","v509060","4.2","8476","","","","0"
"1974-07","New Brunswick","2021A000213","In-migrants","Persons","249","units","0","v509046","5.1","7467","","","","0"
"1974-07","New Brunswick","2021A000213","Out-migrants","Persons","249","units","0","v509061","5.2","4582","","","","0"
"1974-07","Quebec","2021A000224","In-migrants","Persons","249","units","0","v509047","6.1","11413","","","","0"
"1974-07","Quebec","2021A000224","Out-migrants","Persons","249","units","0","v509062","6.2","15278","","","","0"
"1974-07","Ontario","2021A000235","In-migrants","Persons","249","units","0","v509048","7.1","27231","","","","0"
"1974-07","Ontario","2021A000235","Out-migrants","Persons","249","units","0","v509063","7.2","35075","","","","0"
"1974-07","Manitoba","2021A000246","In-migrants","Persons","249","units","0","v509049","8.1","9262","","","","0"
"1974-07","Manitoba","2021A000246","Out-migrants","Persons","249","units","0","v509064","8.2","12049","","","","0"
"1974-07","Saskatchewan","2021A000247","In-migrants","Persons","249","units","0","v509050","9.1","8536","","","","0"
"1974-07","Saskatchewan","2021A000247","Out-migrants","Persons","249","units","0","v509065","9.2","10466","","","","0"
"1974-07","Alberta","2021A000248","In-migrants","Persons","249","units","0","v509051","10.1","24041","","","","0"
"1974-07","Alberta","2021A000248","Out-migrants","Persons","249","units","0","v509066","10.2","17059","","","","0"
"1974-07","British Columbia","2021A000259","In-migrants","Persons","249","units","0","v509039","11.1","25001","","","","0"
"1974-07","British Columbia","2021A000259","Out-migrants","Persons","249","units","0","v509054","11.2","19894","","","","0"
"1974-07","Yukon","2021A000260","In-migrants","Persons","249","units","0","v509040","12.1","894","","","","0"
"1974-07","Yukon","2021A000260","Out-migrants","Persons","249","units","0","v509055","12.2","763","","","","0"
"1974-07","Northwest Territories including Nunavut","","In-migrants","Persons","249","units","0","v509041","13.1","1398","","","t","0"
"1974-07","Northwest Territories including Nunavut","","Out-migrants","Persons","249","units","0","v509056","13.2","1194","","","t","0"
"1974-10","Canada","2021A000011124","In-migrants","Persons","249","units","0","v509037","1.1","119801","","","","0"
"1974-10","Canada","2021A000011124","Out-migrants","Persons","249","units","0","v509052","1.2","119801","","","","0"
"1974-10","Newfoundland and Labrador","2021A000210","In-migrants","Persons","249","units","0","v509038","2.1","3605","","","","0"
"1974-10","Newfoundland and Labrador","2021A000210","Out-migrants","Persons","249","units","0","v509053","2.2","3308","","","","0"
"1974-10","Prince Edward Island","2021A000211","In-migrants","Persons","249","units","0","v509044","3.1","1581","","","","0"
"1974-10","Prince Edward Island","2021A000211","Out-migrants","Persons","249","units","0","v509059","3.2","1017","","","","0"
"1974-10","Nova Scotia","2021A000212","In-migrants","Persons","249","units","0","v509045","4.1","7992","","","","0"
"1974-10","Nova Scotia","2021A000212","Out-migrants","Persons","249","units","0","v509060","4.2","7365","","","","0"
"1974-10","New Brunswick","2021A000213","In-migrants","Persons","249","units","0","v509046","5.1","7102","","","","0"
"1974-10","New Brunswick","2021A000213","Out-migrants","Persons","249","units","0","v509061","5.2","6755","","","","0"
"1974-10","Quebec","2021A000224","In-migrants","Persons","249","units","0","v509047","6.1","11377","","","","0"
"1974-10","Quebec","2021A000224","Out-migrants","Persons","249","units","0","v509062","6.2","13529","","","","0"
"1974-10","Ontario","2021A000235","In-migrants","Persons","249","units","0","v509048","7.1","23902","","","","0"
"1974-10","Ontario","2021A000235","Out-migrants","Persons","249","units","0","v509063","7.2","34617","","","","0"
"1974-10","Manitoba","2021A000246","In-migrants","Persons","249","units","0","v509049","8.1","8026","","","","0"
"1974-10","Manitoba","2021A000246","Out-migrants","Persons","249","units","0","v509064","8.2","10331","","","","0"
"1974-10","Saskatchewan","2021A000247","In-migrants","Persons","249","units","0","v509050","9.1","8292","","","","0"
"1974-10","Saskatchewan","2021A000247","Out-migrants","Persons","249","units","0","v509065","9.2","8444","","","","0"
"1974-10","Alberta","2021A000248","In-migrants","Persons","249","units","0","v509051","10.1","22331","","","","0"
"1974-10","Alberta","2021A000248","Out-migrants","Persons","249","units","0","v509066","10.2","15756","","","","0"
"1974-10","British Columbia","2021A000259","In-migrants","Persons","249","units","0","v509039","11.1","23574","","","","0"
"1974-10","British Columbia","2021A000259","Out-migrants","Persons","249","units","0","v509054","11.2","17055","","","","0"
"1974-10","Yukon","2021A000260","In-migrants","Persons","249","units","0","v509040","12.1","787","","","","0"
"1974-10","Yukon","2021A000260","Out-migrants","Persons","249","units","0","v509055","12.2","633","","","","0"
"1974-10","Northwest Territories including Nunavut","","In-migrants","Persons","249","units","0","v509041","13.1","1232","","","t","0"
"1974-10","Northwest Territories including Nunavut","","Out-migrants","Persons","249","units","0","v509056","13.2","991","","","t","0"
"1975-01","Canada","2021A000011124","In-migrants","Persons","249","units","0","v509037","1.1","90332","","","","0"
"1975-01","Canada","2021A000011124","Out-migrants","Persons","249","units","0","v509052","1.2","90332","","","","0"
"1975-01","Newfoundland and Labrador","2021A000210","In-migrants","Persons","249","units","0","v509038","2.1","2476","","","","0"
"1975-01","Newfoundland and Labrador","2021A000210","Out-migrants","Persons","249","units","0","v509053","2.2","2701","","","","0"
"1975-01","Prince Edward Island","2021A000211","In-migrants","Persons","249","units","0","v509044","3.1","1062","","","","0"
"1975-01","Prince Edward Island","2021A000211","Out-migrants","Persons","249","units","0","v509059","3.2","815","","","","0"
"1975-01","Nova Scotia","2021A000212","In-migrants","Persons","249","units","0","v509045","4.1","5286","","","","0"
"1975-01","Nova Scotia","2021A000212","Out-migrants","Persons","249","units","0","v509060","4.2","4669","","","","0"
"1975-01","New Brunswick","2021A000213","In-migrants","Persons","249","units","0","v509046","5.1","5309","","","","0"
"1975-01","New Brunswick","2021A000213","Out-migrants","Persons","249","units","0","v509061","5.2","3862","","","","0"
"1975-01","Quebec","2021A000224","In-migrants","Persons","249","units","0","v509047","6.1","8255","","","","0"
"1975-01","Quebec","2021A000224","Out-migrants","Persons","249","units","0","v509062","6.2","11257","","","","0"
"1975-01","Ontario","2021A000235","In-migrants","Persons","249","units","0","v509048","7.1","19251","","","","0"
"1975-01","Ontario","2021A000235","Out-migrants","Persons","249","units","0","v509063","7.2","24792","","","","0"
"1975-01","Manitoba","2021A000246","In-migrants","Persons","249","units","0","v509049","8.1","6859","","","","0"
"1975-01","Manitoba","2021A000246","Out-migrants","Persons","249","units","0","v509064","8.2","7270","","","","0"
"1975-01","Saskatchewan","2021A000247","In-migrants","Persons","249","units","0","v509050","9.1","6490","","","","0"
"1975-01","Saskatchewan","2021A000247","Out-migrants","Persons","249","units","0","v509065","9.2","5547","","","","0"
"1975-01","Alberta","2021A000248","In-migrants","Persons","249","units","0","v509051","10.1","18200","","","","0"
"1975-01","Alberta","2021A000248","Out-migrants","Persons","249","units","0","v509066","10.2","12461","","","","0"
"1975-01","British Columbia","2021A000259","In-migrants","Persons","249","units","0","v509039","11.1","15353","","","","0"
"1975-01","British Columbia","2021A000259","Out-migrants","Persons","249","units","0","v509054","11.2","15208","","","","0"
"1975-01","Yukon","2021A000260","In-migrants","Persons","249","units","0","v509040","12.1","698","","","","0"
"1975-01","Yukon","2021A000260","Out-migrants","Persons","249","units","0","v509055","12.2","683","","","","0"
"1975-01","Northwest Territories including Nunavut","","In-migrants","Persons","249","units","0","v509041","13.1","1093","","","t","0"
"1975-01","Northwest Territories including Nunavut","","Out-migrants","Persons","249","units","0","v509056","13.2","1067","","","t","0"
"1975-04","Canada","2021A000011124","In-migrants","Persons","249","units","0","v509037","1.1","71391","","","","0"
"1975-04","Canada","2021A000011124","Out-migrants","Persons","249","units","0","v509052","1.2","71391","","","","0"
"1975-04","Newfoundland and Labrador","2021A000210","In-migrants","Persons","249","units","0","v509038","2.1","2429","","","","0"
"1975-04","Newfoundland and Labrador","2021A000210","Out-migrants","Persons","249","units","0","v509053","2.2","2010","","","","0"
"1975-04","Prince Edward Island","2021A000211","In-migrants","Persons","249","units","0","v509044","3.1","832","","","","0"
"1975-04","Prince Edward Island","2021A000211","Out-migrants","Persons","249","units","0","v509059","3.2","593","","","","0"
"1975-04","Nova Scotia","2021A000212","In-migrants","Persons","249","units","0","v509045","4.1","4247","","","","0"
"1975-04","Nova Scotia","2021A000212","Out-migrants","Persons","249","units","0","v509060","4.2","3850","","","","0"
"1975-04","New Brunswick","2021A000213","In-migrants","Persons","249","units","0","v509046","5.1","4194","","","","0"
"1975-04","New Brunswick","2021A000213","Out-migrants","Persons","249","units","0","v509061","5.2","2836","","","","0"
"1975-04","Quebec","2021A000224","In-migrants","Persons","249","units","0","v509047","6.1","6180","","","","0"
"1975-04","Quebec","2021A000224","Out-migrants","Persons","249","units","0","v509062","6.2","7522","","","","0"
"1975-04","Ontario","2021A000235","In-migrants","Persons","249","units","0","v509048","7.1","14791","","","","0"
"1975-04","Ontario","2021A000235","Out-migrants","Persons","249","units","0","v509063","7.2","18885","","","","0"
"1975-04","Manitoba","2021A000246","In-migrants","Persons","249","units","0","v509049","8.1","5461","","","","0"
"1975-04","Manitoba","2021A000246","Out-migrants","Persons","249","units","0","v509064","8.2","6077","","","","0"
"1975-04","Saskatchewan","2021A000247","In-migrants","Persons","249","units","0","v509050","9.1","6379","","","","0"
"1975-04","Saskatchewan","2021A000247","Out-migrants","Persons","249","units","0","v509065","9.2","4543","","","","0"
"1975-04","Alberta","2021A000248","In-migrants","Persons","249","units","0","v509051","10.1","14503","","","","0"
"1975-04","Alberta","2021A000248","Out-migrants","Persons","249","units","0","v509066","10.2","10644","","","","0"
"1975-04","British Columbia","2021A000259","In-migrants","Persons","249","units","0","v509039","11.1","11048","","","","0"
"1975-04","British Columbia","2021A000259","Out-migrants","Persons","249","units","0","v509054","11.2","13204","","","","0"
"1975-04","Yukon","2021A000260","In-migrants","Persons","249","units","0","v509040","12.1","518","","","","0"
"1975-04","Yukon","2021A000260","Out-migrants","Persons","249","units","0","v509055","12.2","479","","","","0"
"1975-04","Northwest Territories including Nunavut","","In-migrants","Persons","249","units","0","v509041","13.1","809","","","t","0"
"1975-04","Northwest Territories including Nunavut","","Out-migrants","Persons","249","units","0","v509056","13.2","748","","","t","0"
"1975-07","Canada","2021A000011124","In-migrants","Persons","249","units","0","v509037","1.1","116408","","","","0"
"1975-07","Canada","2021A000011124","Out-migrants","Persons","249","units","0","v509052","1.2","116408","","","","0"
"1975-07","Newfoundland and Labrador","2021A000210","In-migrants","Persons","249","units","0","v509038","2.1","4185","","","","0"
"1975-07","Newfoundland and Labrador","2021A000210","Out-migrants","Persons","249","units","0","v509053","2.2","3679","","","","0"
"1975-07","Prince Edward Island","2021A000211","In-migrants","Persons","249","units","0","v509044","3.1","1470","","","","0"
"1975-07","Prince Edward Island","2021A000211","Out-migrants","Persons","249","units","0","v509059","3.2","1328","","","","0"
"1975-07","Nova Scotia","2021A000212","In-migrants","Persons","249","units","0","v509045","4.1","8800","","","","0"
"1975-07","Nova Scotia","2021A000212","Out-migrants","Persons","249","units","0","v509060","4.2","6714","","","","0"
"1975-07","New Brunswick","2021A000213","In-migrants","Persons","249","units","0","v509046","5.1","7452","","","","0"
"1975-07","New Brunswick","2021A000213","Out-migrants","Persons","249","units","0","v509061","5.2","4376","","","","0"
"1975-07","Quebec","2021A000224","In-migrants","Persons","249","units","0","v509047","6.1","9314","","","","0"
"1975-07","Quebec","2021A000224","Out-migrants","Persons","249","units","0","v509062","6.2","14825","","","","0"
"1975-07","Ontario","2021A000235","In-migrants","Persons","249","units","0","v509048","7.1","25109","","","","0"
"1975-07","Ontario","2021A000235","Out-migrants","Persons","249","units","0","v509063","7.2","30603","","","","0"
"1975-07","Manitoba","2021A000246","In-migrants","Persons","249","units","0","v509049","8.1","8240","","","","0"
"1975-07","Manitoba","2021A000246","Out-migrants","Persons","249","units","0","v509064","8.2","10805","","","","0"
"1975-07","Saskatchewan","2021A000247","In-migrants","Persons","249","units","0","v509050","9.1","8798","","","","0"
"1975-07","Saskatchewan","2021A000247","Out-migrants","Persons","249","units","0","v509065","9.2","6452","","","","0"
"1975-07","Alberta","2021A000248","In-migrants","Persons","249","units","0","v509051","10.1","22628","","","","0"
"1975-07","Alberta","2021A000248","Out-migrants","Persons","249","units","0","v509066","10.2","16136","","","","0"
"1975-07","British Columbia","2021A000259","In-migrants","Persons","249","units","0","v509039","11.1","18083","","","","0"
"1975-07","British Columbia","2021A000259","Out-migrants","Persons","249","units","0","v509054","11.2","19676","","","","0"
"1975-07","Yukon","2021A000260","In-migrants","Persons","249","units","0","v509040","12.1","908","","","","0"
"1975-07","Yukon","2021A000260","Out-migrants","Persons","249","units","0","v509055","12.2","707","","","","0"
"1975-07","Northwest Territories including Nunavut","","In-migrants","Persons","249","units","0","v509041","13.1","1421","","","t","0"
"1975-07","Northwest Territories including Nunavut","","Out-migrants","Persons","249","units","0","v509056","13.2","1107","","","t","0"
"1975-10","Canada","2021A000011124","In-migrants","Persons","249","units","0","v509037","1.1","107199","","","","0"
"1975-10","Canada","2021A000011124","Out-migrants","Persons","249","units","0","v509052","1.2","107199","","","","0"
"1975-10","Newfoundland and Labrador","2021A000210","In-migrants","Persons","249","units","0","v509038","2.1","3259","","","","0"
"1975-10","Newfoundland and Labrador","2021A000210","Out-migrants","Persons","249","units","0","v509053","2.2","3044","","","","0"
"1975-10","Prince Edward Island","2021A000211","In-migrants","Persons","249","units","0","v509044","3.1","1247","","","","0"
"1975-10","Prince Edward Island","2021A000211","Out-migrants","Persons","249","units","0","v509059","3.2","1061","","","","0"
"1975-10","Nova Scotia","2021A000212","In-migrants","Persons","249","units","0","v509045","4.1","7234","","","","0"
"1975-10","Nova Scotia","2021A000212","Out-migrants","Persons","249","units","0","v509060","4.2","5880","","","","0"
"1975-10","New Brunswick","2021A000213","In-migrants","Persons","249","units","0","v509046","5.1","7206","","","","0"
"1975-10","New Brunswick","2021A000213","Out-migrants","Persons","249","units","0","v509061","5.2","5515","","","","0"
"1975-10","Quebec","2021A000224","In-migrants","Persons","249","units","0","v509047","6.1","10708","","","","0"
"1975-10","Quebec","2021A000224","Out-migrants","Persons","249","units","0","v509062","6.2","13193","","","","0"
"1975-10","Ontario","2021A000235","In-migrants","Persons","249","units","0","v509048","7.1","21786","","","","0"
"1975-10","Ontario","2021A000235","Out-migrants","Persons","249","units","0","v509063","7.2","31714","","","","0"
"1975-10","Manitoba","2021A000246","In-migrants","Persons","249","units","0","v509049","8.1","7822","","","","0"
"1975-10","Manitoba","2021A000246","Out-migrants","Persons","249","units","0","v509064","8.2","8364","","","","0"
"1975-10","Saskatchewan","2021A000247","In-migrants","Persons","249","units","0","v509050","9.1","8316","","","","0"
"1975-10","Saskatchewan","2021A000247","Out-migrants","Persons","249","units","0","v509065","9.2","6886","","","","0"
"1975-10","Alberta","2021A000248","In-migrants","Persons","249","units","0","v509051","10.1","21364","","","","0"
"1975-10","Alberta","2021A000248","Out-migrants","Persons","249","units","0","v509066","10.2","13991","","","","0"
"1975-10","British Columbia","2021A000259","In-migrants","Persons","249","units","0","v509039","11.1","16652","","","","0"
"1975-10","British Columbia","2021A000259","Out-migrants","Persons","249","units","0","v509054","11.2","15912","","","","0"
"1975-10","Yukon","2021A000260","In-migrants","Persons","249","units","0","v509040","12.1","626","","","","0"
"1975-10","Yukon","2021A000260","Out-migrants","Persons","249","units","0","v509055","12.2","639","","","","0"
"1975-10","Northwest Territories including Nunavut","","In-migrants","Persons","249","units","0","v509041","13.1","979","","","t","0"
"1975-10","Northwest Territories including Nunavut","","Out-migrants","Persons","249","units","0","v509056","13.2","1000","","","t","0"
"1976-01","Canada","2021A000011124","In-migrants","Persons","249","units","0","v509037","1.1","77438","","","","0"
"1976-01","Canada","2021A000011124","Out-migrants","Persons","249","units","0","v509052","1.2","77438","","","","0"
"1976-01","Newfoundland and Labrador","2021A000210","In-migrants","Persons","249","units","0","v509038","2.1","2124","","","","0"
"1976-01","Newfoundland and Labrador","2021A000210","Out-migrants","Persons","249","units","0","v509053","2.2","2785","","","","0"
"1976-01","Prince Edward Island","2021A000211","In-migrants","Persons","249","units","0","v509044","3.1","831","","","","0"
"1976-01","Prince Edward Island","2021A000211","Out-migrants","Persons","249","units","0","v509059","3.2","867","","","","0"
"1976-01","Nova Scotia","2021A000212","In-migrants","Persons","249","units","0","v509045","4.1","4428","","","","0"
"1976-01","Nova Scotia","2021A000212","Out-migrants","Persons","249","units","0","v509060","4.2","4472","","","","0"
"1976-01","New Brunswick","2021A000213","In-migrants","Persons","249","units","0","v509046","5.1","4430","","","","0"
"1976-01","New Brunswick","2021A000213","Out-migrants","Persons","249","units","0","v509061","5.2","3442","","","","0"
"1976-01","Quebec","2021A000224","In-migrants","Persons","249","units","0","v509047","6.1","6449","","","","0"
"1976-01","Quebec","2021A000224","Out-migrants","Persons","249","units","0","v509062","6.2","9195","","","","0"
"1976-01","Ontario","2021A000235","In-migrants","Persons","249","units","0","v509048","7.1","18113","","","","0"
"1976-01","Ontario","2021A000235","Out-migrants","Persons","249","units","0","v509063","7.2","18970","","","","0"
"1976-01","Manitoba","2021A000246","In-migrants","Persons","249","units","0","v509049","8.1","5402","","","","0"
"1976-01","Manitoba","2021A000246","Out-migrants","Persons","249","units","0","v509064","8.2","6079","","","","0"
"1976-01","Saskatchewan","2021A000247","In-migrants","Persons","249","units","0","v509050","9.1","5769","","","","0"
"1976-01","Saskatchewan","2021A000247","Out-migrants","Persons","249","units","0","v509065","9.2","4689","","","","0"
"1976-01","Alberta","2021A000248","In-migrants","Persons","249","units","0","v509051","10.1","16895","","","","0"
"1976-01","Alberta","2021A000248","Out-migrants","Persons","249","units","0","v509066","10.2","11001","","","","0"
"1976-01","British Columbia","2021A000259","In-migrants","Persons","249","units","0","v509039","11.1","11814","","","","0"
"1976-01","British Columbia","2021A000259","Out-migrants","Persons","249","units","0","v509054","11.2","14523","","","","0"
"1976-01","Yukon","2021A000260","In-migrants","Persons","249","units","0","v509040","12.1","461","","","","0"
"1976-01","Yukon","2021A000260","Out-migrants","Persons","249","units","0","v509055","12.2","552","","","","0"
"1976-01","Northwest Territories including Nunavut","","In-migrants","Persons","249","units","0","v509041","13.1","722","","","t","0"
"1976-01","Northwest Territories including Nunavut","","Out-migrants","Persons","249","units","0","v509056","13.2","863","","","t","0"
"1976-04","Canada","2021A000011124","In-migrants","Persons","249","units","0","v509037","1.1","74306","","","","0"
"1976-04","Canada","2021A000011124","Out-migrants","Persons","249","units","0","v509052","1.2","74306","","","","0"
"1976-04","Newfoundland and Labrador","2021A000210","In-migrants","Persons","249","units","0","v509038","2.1","2131","","","","0"
"1976-04","Newfoundland and Labrador","2021A000210","Out-migrants","Persons","249","units","0","v509053","2.2","2059","","","","0"
"1976-04","Prince Edward Island","2021A000211","In-migrants","Persons","249","units","0","v509044","3.1","720","","","","0"
"1976-04","Prince Edward Island","2021A000211","Out-migrants","Persons","249","units","0","v509059","3.2","556","","","","0"
"1976-04","Nova Scotia","2021A000212","In-migrants","Persons","249","units","0","v509045","4.1","4050","","","","0"
"1976-04","Nova Scotia","2021A000212","Out-migrants","Persons","249","units","0","v509060","4.2","3807","","","","0"
"1976-04","New Brunswick","2021A000213","In-migrants","Persons","249","units","0","v509046","5.1","3810","","","","0"
"1976-04","New Brunswick","2021A000213","Out-migrants","Persons","249","units","0","v509061","5.2","3658","","","","0"
"1976-04","Quebec","2021A000224","In-migrants","Persons","249","units","0","v509047","6.1","6091","","","","0"
"1976-04","Quebec","2021A000224","Out-migrants","Persons","249","units","0","v509062","6.2","8703","","","","0"
"1976-04","Ontario","2021A000235","In-migrants","Persons","249","units","0","v509048","7.1","16709","","","","0"
"1976-04","Ontario","2021A000235","Out-migrants","Persons","249","units","0","v509063","7.2","19362","","","","0"
"1976-04","Manitoba","2021A000246","In-migrants","Persons","249","units","0","v509049","8.1","4892","","","","0"
"1976-04","Manitoba","2021A000246","Out-migrants","Persons","249","units","0","v509064","8.2","6090","","","","0"
"1976-04","Saskatchewan","2021A000247","In-migrants","Persons","249","units","0","v509050","9.1","5416","","","","0"
"1976-04","Saskatchewan","2021A000247","Out-migrants","Persons","249","units","0","v509065","9.2","4976","","","","0"
"1976-04","Alberta","2021A000248","In-migrants","Persons","249","units","0","v509051","10.1","16934","","","","0"
"1976-04","Alberta","2021A000248","Out-migrants","Persons","249","units","0","v509066","10.2","10114","","","","0"
"1976-04","British Columbia","2021A000259","In-migrants","Persons","249","units","0","v509039","11.1","12018","","","","0"
"1976-04","British Columbia","2021A000259","Out-migrants","Persons","249","units","0","v509054","11.2","13491","","","","0"
"1976-04","Yukon","2021A000260","In-migrants","Persons","249","units","0","v509040","12.1","599","","","","0"
"1976-04","Yukon","2021A000260","Out-migrants","Persons","249","units","0","v509055","12.2","581","","","","0"
"1976-04","Northwest Territories including Nunavut","","In-migrants","Persons","249","units","0","v509041","13.1","936","","","t","0"
"1976-04","Northwest Territories including Nunavut","","Out-migrants","Persons","249","units","0","v509056","13.2","909","","","t","0"
"1976-07","Canada","2021A000011124","In-migrants","Persons","249","units","0","v509037","1.1","139499","","","","0"
"1976-07","Canada","2021A000011124","Out-migrants","Persons","249","units","0","v509052","1.2","139499","","","","0"
"1976-07","Newfoundland and Labrador","2021A000210","In-migrants","Persons","249","units","0","v509038","2.1","3570","","","","0"
"1976-07","Newfoundland and Labrador","2021A000210","Out-migrants","Persons","249","units","0","v509053","2.2","4591","","","","0"
"1976-07","Prince Edward Island","2021A000211","In-migrants","Persons","249","units","0","v509044","3.1","1694","","","","0"
"1976-07","Prince Edward Island","2021A000211","Out-migrants","Persons","249","units","0","v509059","3.2","1709","","","","0"
"1976-07","Nova Scotia","2021A000212","In-migrants","Persons","249","units","0","v509045","4.1","9121","","","","0"
"1976-07","Nova Scotia","2021A000212","Out-migrants","Persons","249","units","0","v509060","4.2","8799","","","","0"
"1976-07","New Brunswick","2021A000213","In-migrants","Persons","249","units","0","v509046","5.1","6313","","","","0"
"1976-07","New Brunswick","2021A000213","Out-migrants","Persons","249","units","0","v509061","5.2","6838","","","","0"
"1976-07","Quebec","2021A000224","In-migrants","Persons","249","units","0","v509047","6.1","11677","","","","0"
"1976-07","Quebec","2021A000224","Out-migrants","Persons","249","units","0","v509062","6.2","21884","","","","0"
"1976-07","Ontario","2021A000235","In-migrants","Persons","249","units","0","v509048","7.1","30923","","","","0"
"1976-07","Ontario","2021A000235","Out-migrants","Persons","249","units","0","v509063","7.2","38317","","","","0"
"1976-07","Manitoba","2021A000246","In-migrants","Persons","249","units","0","v509049","8.1","9477","","","","0"
"1976-07","Manitoba","2021A000246","Out-migrants","Persons","249","units","0","v509064","8.2","10720","","","","0"
"1976-07","Saskatchewan","2021A000247","In-migrants","Persons","249","units","0","v509050","9.1","9948","","","","0"
"1976-07","Saskatchewan","2021A000247","Out-migrants","Persons","249","units","0","v509065","9.2","8045","","","","0"
"1976-07","Alberta","2021A000248","In-migrants","Persons","249","units","0","v509051","10.1","31566","","","","0"
"1976-07","Alberta","2021A000248","Out-migrants","Persons","249","units","0","v509066","10.2","16505","","","","0"
"1976-07","British Columbia","2021A000259","In-migrants","Persons","249","units","0","v509039","11.1","22427","","","","0"
"1976-07","British Columbia","2021A000259","Out-migrants","Persons","249","units","0","v509054","11.2","18962","","","","0"
"1976-07","Yukon","2021A000260","In-migrants","Persons","249","units","0","v509040","12.1","1019","","","","0"
"1976-07","Yukon","2021A000260","Out-migrants","Persons","249","units","0","v509055","12.2","1075","","","","0"
"1976-07","Northwest Territories including Nunavut","","In-migrants","Persons","249","units","0","v509041","13.1","1764","","","t","0"
"1976-07","Northwest Territories including Nunavut","","Out-migrants","Persons","249","units","0","v509056","13.2","2054","","","t","0"
"1976-10","Canada","2021A000011124","In-migrants","Persons","249","units","0","v509037","1.1","75039","","","","0"
"1976-10","Canada","2021A000011124","Out-migrants","Persons","249","units","0","v509052","1.2","75039","","","","0"
"1976-10","Newfoundland and Labrador","2021A000210","In-migrants","Persons","249","units","0","v509038","2.1","1552","","","","0"
"1976-10","Newfoundland and Labrador","2021A000210","Out-migrants","Persons","249","units","0","v509053","2.2","2974","","","","0"
"1976-10","Prince Edward Island","2021A000211","In-migrants","Persons","249","units","0","v509044","3.1","728","","","","0"
"1976-10","Prince Edward Island","2021A000211","Out-migrants","Persons","249","units","0","v509059","3.2","788","","","","0"
"1976-10","Nova Scotia","2021A000212","In-migrants","Persons","249","units","0","v509045","4.1","4287","","","","0"
"1976-10","Nova Scotia","2021A000212","Out-migrants","Persons","249","units","0","v509060","4.2","4554","","","","0"
"1976-10","New Brunswick","2021A000213","In-migrants","Persons","249","units","0","v509046","5.1","2875","","","","0"
"1976-10","New Brunswick","2021A000213","Out-migrants","Persons","249","units","0","v509061","5.2","3311","","","","0"
"1976-10","Quebec","2021A000224","In-migrants","Persons","249","units","0","v509047","6.1","5286","","","","0"
"1976-10","Quebec","2021A000224","Out-migrants","Persons","249","units","0","v509062","6.2","11952","","","","0"
"1976-10","Ontario","2021A000235","In-migrants","Persons","249","units","0","v509048","7.1","19713","","","","0"
"1976-10","Ontario","2021A000235","Out-migrants","Persons","249","units","0","v509063","7.2","18205","","","","0"
"1976-10","Manitoba","2021A000246","In-migrants","Persons","249","units","0","v509049","8.1","4610","","","","0"
"1976-10","Manitoba","2021A000246","Out-migrants","Persons","249","units","0","v509064","8.2","5435","","","","0"
"1976-10","Saskatchewan","2021A000247","In-migrants","Persons","249","units","0","v509050","9.1","4661","","","","0"
"1976-10","Saskatchewan","2021A000247","Out-migrants","Persons","249","units","0","v509065","9.2","4295","","","","0"
"1976-10","Alberta","2021A000248","In-migrants","Persons","249","units","0","v509051","10.1","17987","","","","0"
"1976-10","Alberta","2021A000248","Out-migrants","Persons","249","units","0","v509066","10.2","9717","","","","0"
"1976-10","British Columbia","2021A000259","In-migrants","Persons","249","units","0","v509039","11.1","12089","","","","0"
"1976-10","British Columbia","2021A000259","Out-migrants","Persons","249","units","0","v509054","11.2","11836","","","","0"
"1976-10","Yukon","2021A000260","In-migrants","Persons","249","units","0","v509040","12.1","506","","","","0"
"1976-10","Yukon","2021A000260","Out-migrants","Persons","249","units","0","v509055","12.2","809","","","","0"
"1976-10","Northwest Territories including Nunavut","","In-migrants","Persons","249","units","0","v509041","13.1","745","","","t","0"
"1976-10","Northwest Territories including Nunavut","","Out-migrants","Persons","249","units","0","v509056","13.2","1163","","","t","0"
"1977-01","Canada","2021A000011124","In-migrants","Persons","249","units","0","v509037","1.1","63347","","","","0"
"1977-01","Canada","2021A000011124","Out-migrants","Persons","249","units","0","v509052","1.2","63347","","","","0"
"1977-01","Newfoundland and Labrador","2021A000210","In-migrants","Persons","249","units","0","v509038","2.1","1411","","","","0"
"1977-01","Newfoundland and Labrador","2021A000210","Out-migrants","Persons","249","units","0","v509053","2.2","2408","","","","0"
"1977-01","Prince Edward Island","2021A000211","In-migrants","Persons","249","units","0","v509044","3.1","548","","","","0"
"1977-01","Prince Edward Island","2021A000211","Out-migrants","Persons","249","units","0","v509059","3.2","609","","","","0"
"1977-01","Nova Scotia","2021A000212","In-migrants","Persons","249","units","0","v509045","4.1","3298","","","","0"
"1977-01","Nova Scotia","2021A000212","Out-migrants","Persons","249","units","0","v509060","4.2","3755","","","","0"
"1977-01","New Brunswick","2021A000213","In-migrants","Persons","249","units","0","v509046","5.1","2802","","","","0"
"1977-01","New Brunswick","2021A000213","Out-migrants","Persons","249","units","0","v509061","5.2","2662","","","","0"
"1977-01","Quebec","2021A000224","In-migrants","Persons","249","units","0","v509047","6.1","5184","","","","0"
"1977-01","Quebec","2021A000224","Out-migrants","Persons","249","units","0","v509062","6.2","9271","","","","0"
"1977-01","Ontario","2021A000235","In-migrants","Persons","249","units","0","v509048","7.1","16684","","","","0"
"1977-01","Ontario","2021A000235","Out-migrants","Persons","249","units","0","v509063","7.2","15679","","","","0"
"1977-01","Manitoba","2021A000246","In-migrants","Persons","249","units","0","v509049","8.1","3800","","","","0"
"1977-01","Manitoba","2021A000246","Out-migrants","Persons","249","units","0","v509064","8.2","4330","","","","0"
"1977-01","Saskatchewan","2021A000247","In-migrants","Persons","249","units","0","v509050","9.1","4065","","","","0"
"1977-01","Saskatchewan","2021A000247","Out-migrants","Persons","249","units","0","v509065","9.2","3815","","","","0"
"1977-01","Alberta","2021A000248","In-migrants","Persons","249","units","0","v509051","10.1","14667","","","","0"
"1977-01","Alberta","2021A000248","Out-migrants","Persons","249","units","0","v509066","10.2","8952","","","","0"
"1977-01","British Columbia","2021A000259","In-migrants","Persons","249","units","0","v509039","11.1","9676","","","","0"
"1977-01","British Columbia","2021A000259","Out-migrants","Persons","249","units","0","v509054","11.2","10277","","","","0"
"1977-01","Yukon","2021A000260","In-migrants","Persons","249","units","0","v509040","12.1","493","","","","0"
"1977-01","Yukon","2021A000260","Out-migrants","Persons","249","units","0","v509055","12.2","532","","","","0"
"1977-01","Northwest Territories including Nunavut","","In-migrants","Persons","249","units","0","v509041","13.1","719","","","t","0"
"1977-01","Northwest Territories including Nunavut","","Out-migrants","Persons","249","units","0","v509056","13.2","1057","","","t","0"
"1977-04","Canada","2021A000011124","In-migrants","Persons","249","units","0","v509037","1.1","79504","","","","0"
"1977-04","Canada","2021A000011124","Out-migrants","Persons","249","units","0","v509052","1.2","79504","","","","0"
"1977-04","Newfoundland and Labrador","2021A000210","In-migrants","Persons","249","units","0","v509038","2.1","1771","","","","0"
"1977-04","Newfoundland and Labrador","2021A000210","Out-migrants","Persons","249","units","0","v509053","2.2","2480","","","","0"
"1977-04","Prince Edward Island","2021A000211","In-migrants","Persons","249","units","0","v509044","3.1","867","","","","0"
"1977-04","Prince Edward Island","2021A000211","Out-migrants","Persons","249","units","0","v509059","3.2","577","","","","0"
"1977-04","Nova Scotia","2021A000212","In-migrants","Persons","249","units","0","v509045","4.1","4143","","","","0"
"1977-04","Nova Scotia","2021A000212","Out-migrants","Persons","249","units","0","v509060","4.2","4540","","","","0"
"1977-04","New Brunswick","2021A000213","In-migrants","Persons","249","units","0","v509046","5.1","3975","","","","0"
"1977-04","New Brunswick","2021A000213","Out-migrants","Persons","249","units","0","v509061","5.2","3236","","","","0"
"1977-04","Quebec","2021A000224","In-migrants","Persons","249","units","0","v509047","6.1","6720","","","","0"
"1977-04","Quebec","2021A000224","Out-migrants","Persons","249","units","0","v509062","6.2","12126","","","","0"
"1977-04","Ontario","2021A000235","In-migrants","Persons","249","units","0","v509048","7.1","18867","","","","0"
"1977-04","Ontario","2021A000235","Out-migrants","Persons","249","units","0","v509063","7.2","20388","","","","0"
"1977-04","Manitoba","2021A000246","In-migrants","Persons","249","units","0","v509049","8.1","4977","","","","0"
"1977-04","Manitoba","2021A000246","Out-migrants","Persons","249","units","0","v509064","8.2","5910","","","","0"
"1977-04","Saskatchewan","2021A000247","In-migrants","Persons","249","units","0","v509050","9.1","5384","","","","0"
"1977-04","Saskatchewan","2021A000247","Out-migrants","Persons","249","units","0","v509065","9.2","4721","","","","0"
"1977-04","Alberta","2021A000248","In-migrants","Persons","249","units","0","v509051","10.1","17112","","","","0"
"1977-04","Alberta","2021A000248","Out-migrants","Persons","249","units","0","v509066","10.2","11448","","","","0"
"1977-04","British Columbia","2021A000259","In-migrants","Persons","249","units","0","v509039","11.1","14007","","","","0"
"1977-04","British Columbia","2021A000259","Out-migrants","Persons","249","units","0","v509054","11.2","12108","","","","0"
"1977-04","Yukon","2021A000260","In-migrants","Persons","249","units","0","v509040","12.1","684","","","","0"
"1977-04","Yukon","2021A000260","Out-migrants","Persons","249","units","0","v509055","12.2","686","","","","0"
"1977-04","Northwest Territories including Nunavut","","In-migrants","Persons","249","units","0","v509041","13.1","997","","","t","0"
"1977-04","Northwest Territories including Nunavut","","Out-migrants","Persons","249","units","0","v509056","13.2","1284","","","t","0"
"1977-07","Canada","2021A000011124","In-migrants","Persons","249","units","0","v509037","1.1","142032","","","","0"
"1977-07","Canada","2021A000011124","Out-migrants","Persons","249","units","0","v509052","1.2","142032","","","","0"
"1977-07","Newfoundland and Labrador","2021A000210","In-migrants","Persons","249","units","0","v509038","2.1","3517","","","","0"
"1977-07","Newfoundland and Labrador","2021A000210","Out-migrants","Persons","249","units","0","v509053","2.2","4667","","","","0"
"1977-07","Prince Edward Island","2021A000211","In-migrants","Persons","249","units","0","v509044","3.1","1742","","","","0"
"1977-07","Prince Edward Island","2021A000211","Out-migrants","Persons","249","units","0","v509059","3.2","1500","","","","0"
"1977-07","Nova Scotia","2021A000212","In-migrants","Persons","249","units","0","v509045","4.1","8697","","","","0"
"1977-07","Nova Scotia","2021A000212","Out-migrants","Persons","249","units","0","v509060","4.2","8328","","","","0"
"1977-07","New Brunswick","2021A000213","In-migrants","Persons","249","units","0","v509046","5.1","6001","","","","0"
"1977-07","New Brunswick","2021A000213","Out-migrants","Persons","249","units","0","v509061","5.2","7031","","","","0"
"1977-07","Quebec","2021A000224","In-migrants","Persons","249","units","0","v509047","6.1","9675","","","","0"
"1977-07","Quebec","2021A000224","Out-migrants","Persons","249","units","0","v509062","6.2","27749","","","","0"
"1977-07","Ontario","2021A000235","In-migrants","Persons","249","units","0","v509048","7.1","35172","","","","0"
"1977-07","Ontario","2021A000235","Out-migrants","Persons","249","units","0","v509063","7.2","36912","","","","0"
"1977-07","Manitoba","2021A000246","In-migrants","Persons","249","units","0","v509049","8.1","8627","","","","0"
"1977-07","Manitoba","2021A000246","Out-migrants","Persons","249","units","0","v509064","8.2","10313","","","","0"
"1977-07","Saskatchewan","2021A000247","In-migrants","Persons","249","units","0","v509050","9.1","8645","","","","0"
"1977-07","Saskatchewan","2021A000247","Out-migrants","Persons","249","units","0","v509065","9.2","8707","","","","0"
"1977-07","Alberta","2021A000248","In-migrants","Persons","249","units","0","v509051","10.1","32660","","","","0"
"1977-07","Alberta","2021A000248","Out-migrants","Persons","249","units","0","v509066","10.2","17861","","","","0"
"1977-07","British Columbia","2021A000259","In-migrants","Persons","249","units","0","v509039","11.1","24430","","","","0"
"1977-07","British Columbia","2021A000259","Out-migrants","Persons","249","units","0","v509054","11.2","16233","","","","0"
"1977-07","Yukon","2021A000260","In-migrants","Persons","249","units","0","v509040","12.1","1069","","","","0"
"1977-07","Yukon","2021A000260","Out-migrants","Persons","249","units","0","v509055","12.2","888","","","","0"
"1977-07","Northwest Territories including Nunavut","","In-migrants","Persons","249","units","0","v509041","13.1","1797","","","t","0"
"1977-07","Northwest Territories including Nunavut","","Out-migrants","Persons","249","units","0","v509056","13.2","1843","","","t","0"
"1977-10","Canada","2021A000011124","In-migrants","Persons","249","units","0","v509037","1.1","76881","","","","0"
"1977-10","Canada","2021A000011124","Out-migrants","Persons","249","units","0","v509052","1.2","76881","","","","0"
"1977-10","Newfoundland and Labrador","2021A000210","In-migrants","Persons","249","units","0","v509038","2.1","1530","","","","0"
"1977-10","Newfoundland and Labrador","2021A000210","Out-migrants","Persons","249","units","0","v509053","2.2","3020","","","","0"
"1977-10","Prince Edward Island","2021A000211","In-migrants","Persons","249","units","0","v509044","3.1","738","","","","0"
"1977-10","Prince Edward Island","2021A000211","Out-migrants","Persons","249","units","0","v509059","3.2","694","","","","0"
"1977-10","Nova Scotia","2021A000212","In-migrants","Persons","249","units","0","v509045","4.1","4124","","","","0"
"1977-10","Nova Scotia","2021A000212","Out-migrants","Persons","249","units","0","v509060","4.2","4311","","","","0"
"1977-10","New Brunswick","2021A000213","In-migrants","Persons","249","units","0","v509046","5.1","2733","","","","0"
"1977-10","New Brunswick","2021A000213","Out-migrants","Persons","249","units","0","v509061","5.2","3433","","","","0"
"1977-10","Quebec","2021A000224","In-migrants","Persons","249","units","0","v509047","6.1","4376","","","","0"
"1977-10","Quebec","2021A000224","Out-migrants","Persons","249","units","0","v509062","6.2","15307","","","","0"
"1977-10","Ontario","2021A000235","In-migrants","Persons","249","units","0","v509048","7.1","22332","","","","0"
"1977-10","Ontario","2021A000235","Out-migrants","Persons","249","units","0","v509063","7.2","17657","","","","0"
"1977-10","Manitoba","2021A000246","In-migrants","Persons","249","units","0","v509049","8.1","4164","","","","0"
"1977-10","Manitoba","2021A000246","Out-migrants","Persons","249","units","0","v509064","8.2","5265","","","","0"
"1977-10","Saskatchewan","2021A000247","In-migrants","Persons","249","units","0","v509050","9.1","4033","","","","0"
"1977-10","Saskatchewan","2021A000247","Out-migrants","Persons","249","units","0","v509065","9.2","4648","","","","0"
"1977-10","Alberta","2021A000248","In-migrants","Persons","249","units","0","v509051","10.1","18404","","","","0"
"1977-10","Alberta","2021A000248","Out-migrants","Persons","249","units","0","v509066","10.2","10617","","","","0"
"1977-10","British Columbia","2021A000259","In-migrants","Persons","249","units","0","v509039","11.1","13165","","","","0"
"1977-10","British Columbia","2021A000259","Out-migrants","Persons","249","units","0","v509054","11.2","10208","","","","0"
"1977-10","Yukon","2021A000260","In-migrants","Persons","249","units","0","v509040","12.1","524","","","","0"
"1977-10","Yukon","2021A000260","Out-migrants","Persons","249","units","0","v509055","12.2","665","","","","0"
"1977-10","Northwest Territories including Nunavut","","In-migrants","Persons","249","units","0","v509041","13.1","758","","","t","0"
"1977-10","Northwest Territories including Nunavut","","Out-migrants","Persons","249","units","0","v509056","13.2","1056","","","t","0"
"1978-01","Canada","2021A000011124","In-migrants","Persons","249","units","0","v509037","1.1","64467","","","","0"
"1978-01","Canada","2021A000011124","Out-migrants","Persons","249","units","0","v509052","1.2","64467","","","","0"
"1978-01","Newfoundland and Labrador","2021A000210","In-migrants","Persons","249","units","0","v509038","2.1","1391","","","","0"
"1978-01","Newfoundland and Labrador","2021A000210","Out-migrants","Persons","249","units","0","v509053","2.2","2361","","","","0"
"1978-01","Prince Edward Island","2021A000211","In-migrants","Persons","249","units","0","v509044","3.1","566","","","","0"
"1978-01","Prince Edward Island","2021A000211","Out-migrants","Persons","249","units","0","v509059","3.2","528","","","","0"
"1978-01","Nova Scotia","2021A000212","In-migrants","Persons","249","units","0","v509045","4.1","3168","","","","0"
"1978-01","Nova Scotia","2021A000212","Out-migrants","Persons","249","units","0","v509060","4.2","3538","","","","0"
"1978-01","New Brunswick","2021A000213","In-migrants","Persons","249","units","0","v509046","5.1","2607","","","","0"
"1978-01","New Brunswick","2021A000213","Out-migrants","Persons","249","units","0","v509061","5.2","2717","","","","0"
"1978-01","Quebec","2021A000224","In-migrants","Persons","249","units","0","v509047","6.1","4298","","","","0"
"1978-01","Quebec","2021A000224","Out-migrants","Persons","249","units","0","v509062","6.2","11935","","","","0"
"1978-01","Ontario","2021A000235","In-migrants","Persons","249","units","0","v509048","7.1","18908","","","","0"
"1978-01","Ontario","2021A000235","Out-migrants","Persons","249","units","0","v509063","7.2","15079","","","","0"
"1978-01","Manitoba","2021A000246","In-migrants","Persons","249","units","0","v509049","8.1","3455","","","","0"
"1978-01","Manitoba","2021A000246","Out-migrants","Persons","249","units","0","v509064","8.2","4155","","","","0"
"1978-01","Saskatchewan","2021A000247","In-migrants","Persons","249","units","0","v509050","9.1","3533","","","","0"
"1978-01","Saskatchewan","2021A000247","Out-migrants","Persons","249","units","0","v509065","9.2","4128","","","","0"
"1978-01","Alberta","2021A000248","In-migrants","Persons","249","units","0","v509051","10.1","14801","","","","0"
"1978-01","Alberta","2021A000248","Out-migrants","Persons","249","units","0","v509066","10.2","9763","","","","0"
"1978-01","British Columbia","2021A000259","In-migrants","Persons","249","units","0","v509039","11.1","10519","","","","0"
"1978-01","British Columbia","2021A000259","Out-migrants","Persons","249","units","0","v509054","11.2","8897","","","","0"
"1978-01","Yukon","2021A000260","In-migrants","Persons","249","units","0","v509040","12.1","502","","","","0"
"1978-01","Yukon","2021A000260","Out-migrants","Persons","249","units","0","v509055","12.2","435","","","","0"
"1978-01","Northwest Territories including Nunavut","","In-migrants","Persons","249","units","0","v509041","13.1","719","","","t","0"
"1978-01","Northwest Territories including Nunavut","","Out-migrants","Persons","249","units","0","v509056","13.2","931","","","t","0"
"1978-04","Canada","2021A000011124","In-migrants","Persons","249","units","0","v509037","1.1","81041","","","","0"
"1978-04","Canada","2021A000011124","Out-migrants","Persons","249","units","0","v509052","1.2","81041","","","","0"
"1978-04","Newfoundland and Labrador","2021A000210","In-migrants","Persons","249","units","0","v509038","2.1","1743","","","","0"
"1978-04","Newfoundland and Labrador","2021A000210","Out-migrants","Persons","249","units","0","v509053","2.2","2444","","","","0"
"1978-04","Prince Edward Island","2021A000211","In-migrants","Persons","249","units","0","v509044","3.1","887","","","","0"
"1978-04","Prince Edward Island","2021A000211","Out-migrants","Persons","249","units","0","v509059","3.2","511","","","","0"
"1978-04","Nova Scotia","2021A000212","In-migrants","Persons","249","units","0","v509045","4.1","4066","","","","0"
"1978-04","Nova Scotia","2021A000212","Out-migrants","Persons","249","units","0","v509060","4.2","4294","","","","0"
"1978-04","New Brunswick","2021A000213","In-migrants","Persons","249","units","0","v509046","5.1","3794","","","","0"
"1978-04","New Brunswick","2021A000213","Out-migrants","Persons","249","units","0","v509061","5.2","3302","","","","0"
"1978-04","Quebec","2021A000224","In-migrants","Persons","249","units","0","v509047","6.1","5596","","","","0"
"1978-04","Quebec","2021A000224","Out-migrants","Persons","249","units","0","v509062","6.2","15383","","","","0"
"1978-04","Ontario","2021A000235","In-migrants","Persons","249","units","0","v509048","7.1","21413","","","","0"
"1978-04","Ontario","2021A000235","Out-migrants","Persons","249","units","0","v509063","7.2","19667","","","","0"
"1978-04","Manitoba","2021A000246","In-migrants","Persons","249","units","0","v509049","8.1","4515","","","","0"
"1978-04","Manitoba","2021A000246","Out-migrants","Persons","249","units","0","v509064","8.2","5702","","","","0"
"1978-04","Saskatchewan","2021A000247","In-migrants","Persons","249","units","0","v509050","9.1","4664","","","","0"
"1978-04","Saskatchewan","2021A000247","Out-migrants","Persons","249","units","0","v509065","9.2","5111","","","","0"
"1978-04","Alberta","2021A000248","In-migrants","Persons","249","units","0","v509051","10.1","17405","","","","0"
"1978-04","Alberta","2021A000248","Out-migrants","Persons","249","units","0","v509066","10.2","12486","","","","0"
"1978-04","British Columbia","2021A000259","In-migrants","Persons","249","units","0","v509039","11.1","15257","","","","0"
"1978-04","British Columbia","2021A000259","Out-migrants","Persons","249","units","0","v509054","11.2","10457","","","","0"
"1978-04","Yukon","2021A000260","In-migrants","Persons","249","units","0","v509040","12.1","705","","","","0"
"1978-04","Yukon","2021A000260","Out-migrants","Persons","249","units","0","v509055","12.2","551","","","","0"
"1978-04","Northwest Territories including Nunavut","","In-migrants","Persons","249","units","0","v509041","13.1","996","","","t","0"
"1978-04","Northwest Territories including Nunavut","","Out-migrants","Persons","249","units","0","v509056","13.2","1133","","","t","0"
"1978-07","Canada","2021A000011124","In-migrants","Persons","249","units","0","v509037","1.1","139861","","","","0"
"1978-07","Canada","2021A000011124","Out-migrants","Persons","249","units","0","v509052","1.2","139861","","","","0"
"1978-07","Newfoundland and Labrador","2021A000210","In-migrants","Persons","249","units","0","v509038","2.1","3611","","","","0"
"1978-07","Newfoundland and Labrador","2021A000210","Out-migrants","Persons","249","units","0","v509053","2.2","4422","","","","0"
"1978-07","Prince Edward Island","2021A000211","In-migrants","Persons","249","units","0","v509044","3.1","1599","","","","0"
"1978-07","Prince Edward Island","2021A000211","Out-migrants","Persons","249","units","0","v509059","3.2","1694","","","","0"
"1978-07","Nova Scotia","2021A000212","In-migrants","Persons","249","units","0","v509045","4.1","8662","","","","0"
"1978-07","Nova Scotia","2021A000212","Out-migrants","Persons","249","units","0","v509060","4.2","8242","","","","0"
"1978-07","New Brunswick","2021A000213","In-migrants","Persons","249","units","0","v509046","5.1","5882","","","","0"
"1978-07","New Brunswick","2021A000213","Out-migrants","Persons","249","units","0","v509061","5.2","6889","","","","0"
"1978-07","Quebec","2021A000224","In-migrants","Persons","249","units","0","v509047","6.1","10331","","","","0"
"1978-07","Quebec","2021A000224","Out-migrants","Persons","249","units","0","v509062","6.2","22259","","","","0"
"1978-07","Ontario","2021A000235","In-migrants","Persons","249","units","0","v509048","7.1","31181","","","","0"
"1978-07","Ontario","2021A000235","Out-migrants","Persons","249","units","0","v509063","7.2","37801","","","","0"
"1978-07","Manitoba","2021A000246","In-migrants","Persons","249","units","0","v509049","8.1","7811","","","","0"
"1978-07","Manitoba","2021A000246","Out-migrants","Persons","249","units","0","v509064","8.2","11956","","","","0"
"1978-07","Saskatchewan","2021A000247","In-migrants","Persons","249","units","0","v509050","9.1","8508","","","","0"
"1978-07","Saskatchewan","2021A000247","Out-migrants","Persons","249","units","0","v509065","9.2","8996","","","","0"
"1978-07","Alberta","2021A000248","In-migrants","Persons","249","units","0","v509051","10.1","33749","","","","0"
"1978-07","Alberta","2021A000248","Out-migrants","Persons","249","units","0","v509066","10.2","18497","","","","0"
"1978-07","British Columbia","2021A000259","In-migrants","Persons","249","units","0","v509039","11.1","25908","","","","0"
"1978-07","British Columbia","2021A000259","Out-migrants","Persons","249","units","0","v509054","11.2","16168","","","","0"
"1978-07","Yukon","2021A000260","In-migrants","Persons","249","units","0","v509040","12.1","961","","","","0"
"1978-07","Yukon","2021A000260","Out-migrants","Persons","249","units","0","v509055","12.2","1089","","","","0"
"1978-07","Northwest Territories including Nunavut","","In-migrants","Persons","249","units","0","v509041","13.1","1658","","","t","0"
"1978-07","Northwest Territories including Nunavut","","Out-migrants","Persons","249","units","0","v509056","13.2","1848","","","t","0"
"1978-10","Canada","2021A000011124","In-migrants","Persons","249","units","0","v509037","1.1","75540","","","","0"
"1978-10","Canada","2021A000011124","Out-migrants","Persons","249","units","0","v509052","1.2","75540","","","","0"
"1978-10","Newfoundland and Labrador","2021A000210","In-migrants","Persons","249","units","0","v509038","2.1","1589","","","","0"
"1978-10","Newfoundland and Labrador","2021A000210","Out-migrants","Persons","249","units","0","v509053","2.2","2863","","","","0"
"1978-10","Prince Edward Island","2021A000211","In-migrants","Persons","249","units","0","v509044","3.1","663","","","","0"
"1978-10","Prince Edward Island","2021A000211","Out-migrants","Persons","249","units","0","v509059","3.2","790","","","","0"
"1978-10","Nova Scotia","2021A000212","In-migrants","Persons","249","units","0","v509045","4.1","4096","","","","0"
"1978-10","Nova Scotia","2021A000212","Out-migrants","Persons","249","units","0","v509060","4.2","4231","","","","0"
"1978-10","New Brunswick","2021A000213","In-migrants","Persons","249","units","0","v509046","5.1","2700","","","","0"
"1978-10","New Brunswick","2021A000213","Out-migrants","Persons","249","units","0","v509061","5.2","3351","","","","0"
"1978-10","Quebec","2021A000224","In-migrants","Persons","249","units","0","v509047","6.1","4655","","","","0"
"1978-10","Quebec","2021A000224","Out-migrants","Persons","249","units","0","v509062","6.2","12258","","","","0"
"1978-10","Ontario","2021A000235","In-migrants","Persons","249","units","0","v509048","7.1","19892","","","","0"
"1978-10","Ontario","2021A000235","Out-migrants","Persons","249","units","0","v509063","7.2","18112","","","","0"
"1978-10","Manitoba","2021A000246","In-migrants","Persons","249","units","0","v509049","8.1","3757","","","","0"
"1978-10","Manitoba","2021A000246","Out-migrants","Persons","249","units","0","v509064","8.2","6095","","","","0"
"1978-10","Saskatchewan","2021A000247","In-migrants","Persons","249","units","0","v509050","9.1","3967","","","","0"
"1978-10","Saskatchewan","2021A000247","Out-migrants","Persons","249","units","0","v509065","9.2","4821","","","","0"
"1978-10","Alberta","2021A000248","In-migrants","Persons","249","units","0","v509051","10.1","18995","","","","0"
"1978-10","Alberta","2021A000248","Out-migrants","Persons","249","units","0","v509066","10.2","11049","","","","0"
"1978-10","British Columbia","2021A000259","In-migrants","Persons","249","units","0","v509039","11.1","14057","","","","0"
"1978-10","British Columbia","2021A000259","Out-migrants","Persons","249","units","0","v509054","11.2","10113","","","","0"
"1978-10","Yukon","2021A000260","In-migrants","Persons","249","units","0","v509040","12.1","454","","","","0"
"1978-10","Yukon","2021A000260","Out-migrants","Persons","249","units","0","v509055","12.2","807","","","","0"
"1978-10","Northwest Territories including Nunavut","","In-migrants","Persons","249","units","0","v509041","13.1","715","","","t","0"
"1978-10","Northwest Territories including Nunavut","","Out-migrants","Persons","249","units","0","v509056","13.2","1050","","","t","0"
"1979-01","Canada","2021A000011124","In-migrants","Persons","249","units","0","v509037","1.1","63505","","","","0"
"1979-01","Canada","2021A000011124","Out-migrants","Persons","249","units","0","v509052","1.2","63505","","","","0"
"1979-01","Newfoundland and Labrador","2021A000210","In-migrants","Persons","249","units","0","v509038","2.1","1443","","","","0"
"1979-01","Newfoundland and Labrador","2021A000210","Out-migrants","Persons","249","units","0","v509053","2.2","2240","","","","0"
"1979-01","Prince Edward Island","2021A000211","In-migrants","Persons","249","units","0","v509044","3.1","519","","","","0"
"1979-01","Prince Edward Island","2021A000211","Out-migrants","Persons","249","units","0","v509059","3.2","602","","","","0"
"1979-01","Nova Scotia","2021A000212","In-migrants","Persons","249","units","0","v509045","4.1","3159","","","","0"
"1979-01","Nova Scotia","2021A000212","Out-migrants","Persons","249","units","0","v509060","4.2","3521","","","","0"
"1979-01","New Brunswick","2021A000213","In-migrants","Persons","249","units","0","v509046","5.1","2620","","","","0"
"1979-01","New Brunswick","2021A000213","Out-migrants","Persons","249","units","0","v509061","5.2","2653","","","","0"
"1979-01","Quebec","2021A000224","In-migrants","Persons","249","units","0","v509047","6.1","4565","","","","0"
"1979-01","Quebec","2021A000224","Out-migrants","Persons","249","units","0","v509062","6.2","9541","","","","0"
"1979-01","Ontario","2021A000235","In-migrants","Persons","249","units","0","v509048","7.1","16912","","","","0"
"1979-01","Ontario","2021A000235","Out-migrants","Persons","249","units","0","v509063","7.2","15442","","","","0"
"1979-01","Manitoba","2021A000246","In-migrants","Persons","249","units","0","v509049","8.1","3120","","","","0"
"1979-01","Manitoba","2021A000246","Out-migrants","Persons","249","units","0","v509064","8.2","4837","","","","0"
"1979-01","Saskatchewan","2021A000247","In-migrants","Persons","249","units","0","v509050","9.1","3483","","","","0"
"1979-01","Saskatchewan","2021A000247","Out-migrants","Persons","249","units","0","v509065","9.2","4284","","","","0"
"1979-01","Alberta","2021A000248","In-migrants","Persons","249","units","0","v509051","10.1","15314","","","","0"
"1979-01","Alberta","2021A000248","Out-migrants","Persons","249","units","0","v509066","10.2","10101","","","","0"
"1979-01","British Columbia","2021A000259","In-migrants","Persons","249","units","0","v509039","11.1","11283","","","","0"
"1979-01","British Columbia","2021A000259","Out-migrants","Persons","249","units","0","v509054","11.2","8833","","","","0"
"1979-01","Yukon","2021A000260","In-migrants","Persons","249","units","0","v509040","12.1","425","","","","0"
"1979-01","Yukon","2021A000260","Out-migrants","Persons","249","units","0","v509055","12.2","525","","","","0"
"1979-01","Northwest Territories including Nunavut","","In-migrants","Persons","249","units","0","v509041","13.1","662","","","t","0"
"1979-01","Northwest Territories including Nunavut","","Out-migrants","Persons","249","units","0","v509056","13.2","926","","","t","0"
"1979-04","Canada","2021A000011124","In-migrants","Persons","249","units","0","v509037","1.1","79899","","","","0"
"1979-04","Canada","2021A000011124","Out-migrants","Persons","249","units","0","v509052","1.2","79899","","","","0"
"1979-04","Newfoundland and Labrador","2021A000210","In-migrants","Persons","249","units","0","v509038","2.1","1819","","","","0"
"1979-04","Newfoundland and Labrador","2021A000210","Out-migrants","Persons","249","units","0","v509053","2.2","2311","","","","0"
"1979-04","Prince Edward Island","2021A000211","In-migrants","Persons","249","units","0","v509044","3.1","803","","","","0"
"1979-04","Prince Edward Island","2021A000211","Out-migrants","Persons","249","units","0","v509059","3.2","572","","","","0"
"1979-04","Nova Scotia","2021A000212","In-migrants","Persons","249","units","0","v509045","4.1","3988","","","","0"
"1979-04","Nova Scotia","2021A000212","Out-migrants","Persons","249","units","0","v509060","4.2","4268","","","","0"
"1979-04","New Brunswick","2021A000213","In-migrants","Persons","249","units","0","v509046","5.1","3727","","","","0"
"1979-04","New Brunswick","2021A000213","Out-migrants","Persons","249","units","0","v509061","5.2","3207","","","","0"
"1979-04","Quebec","2021A000224","In-migrants","Persons","249","units","0","v509047","6.1","5973","","","","0"
"1979-04","Quebec","2021A000224","Out-migrants","Persons","249","units","0","v509062","6.2","12350","","","","0"
"1979-04","Ontario","2021A000235","In-migrants","Persons","249","units","0","v509048","7.1","19140","","","","0"
"1979-04","Ontario","2021A000235","Out-migrants","Persons","249","units","0","v509063","7.2","20095","","","","0"
"1979-04","Manitoba","2021A000246","In-migrants","Persons","249","units","0","v509049","8.1","4086","","","","0"
"1979-04","Manitoba","2021A000246","Out-migrants","Persons","249","units","0","v509064","8.2","6632","","","","0"
"1979-04","Saskatchewan","2021A000247","In-migrants","Persons","249","units","0","v509050","9.1","4570","","","","0"
"1979-04","Saskatchewan","2021A000247","Out-migrants","Persons","249","units","0","v509065","9.2","5305","","","","0"
"1979-04","Alberta","2021A000248","In-migrants","Persons","249","units","0","v509051","10.1","17999","","","","0"
"1979-04","Alberta","2021A000248","Out-migrants","Persons","249","units","0","v509066","10.2","12984","","","","0"
"1979-04","British Columbia","2021A000259","In-migrants","Persons","249","units","0","v509039","11.1","16258","","","","0"
"1979-04","British Columbia","2021A000259","Out-migrants","Persons","249","units","0","v509054","11.2","10387","","","","0"
"1979-04","Yukon","2021A000260","In-migrants","Persons","249","units","0","v509040","12.1","606","","","","0"
"1979-04","Yukon","2021A000260","Out-migrants","Persons","249","units","0","v509055","12.2","668","","","","0"
"1979-04","Northwest Territories including Nunavut","","In-migrants","Persons","249","units","0","v509041","13.1","930","","","t","0"
"1979-04","Northwest Territories including Nunavut","","Out-migrants","Persons","249","units","0","v509056","13.2","1120","","","t","0"
"1979-07","Canada","2021A000011124","In-migrants","Persons","249","units","0","v509037","1.1","144951","","","","0"
"1979-07","Canada","2021A000011124","Out-migrants","Persons","249","units","0","v509052","1.2","144951","","","","0"
"1979-07","Newfoundland and Labrador","2021A000210","In-migrants","Persons","249","units","0","v509038","2.1","3864","","","","0"
"1979-07","Newfoundland and Labrador","2021A000210","Out-migrants","Persons","249","units","0","v509053","2.2","4716","","","","0"
"1979-07","Prince Edward Island","2021A000211","In-migrants","Persons","249","units","0","v509044","3.1","1425","","","","0"
"1979-07","Prince Edward Island","2021A000211","Out-migrants","Persons","249","units","0","v509059","3.2","1629","","","","0"
"1979-07","Nova Scotia","2021A000212","In-migrants","Persons","249","units","0","v509045","4.1","7683","","","","0"
"1979-07","Nova Scotia","2021A000212","Out-migrants","Persons","249","units","0","v509060","4.2","8373","","","","0"
"1979-07","New Brunswick","2021A000213","In-migrants","Persons","249","units","0","v509046","5.1","5458","","","","0"
"1979-07","New Brunswick","2021A000213","Out-migrants","Persons","249","units","0","v509061","5.2","7093","","","","0"
"1979-07","Quebec","2021A000224","In-migrants","Persons","249","units","0","v509047","6.1","8884","","","","0"
"1979-07","Quebec","2021A000224","Out-migrants","Persons","249","units","0","v509062","6.2","20581","","","","0"
"1979-07","Ontario","2021A000235","In-migrants","Persons","249","units","0","v509048","7.1","28472","","","","0"
"1979-07","Ontario","2021A000235","Out-migrants","Persons","249","units","0","v509063","7.2","42046","","","","0"
"1979-07","Manitoba","2021A000246","In-migrants","Persons","249","units","0","v509049","8.1","7732","","","","0"
"1979-07","Manitoba","2021A000246","Out-migrants","Persons","249","units","0","v509064","8.2","13162","","","","0"
"1979-07","Saskatchewan","2021A000247","In-migrants","Persons","249","units","0","v509050","9.1","8406","","","","0"
"1979-07","Saskatchewan","2021A000247","Out-migrants","Persons","249","units","0","v509065","9.2","9477","","","","0"
"1979-07","Alberta","2021A000248","In-migrants","Persons","249","units","0","v509051","10.1","39881","","","","0"
"1979-07","Alberta","2021A000248","Out-migrants","Persons","249","units","0","v509066","10.2","20920","","","","0"
"1979-07","British Columbia","2021A000259","In-migrants","Persons","249","units","0","v509039","11.1","30818","","","","0"
"1979-07","British Columbia","2021A000259","Out-migrants","Persons","249","units","0","v509054","11.2","14357","","","","0"
"1979-07","Yukon","2021A000260","In-migrants","Persons","249","units","0","v509040","12.1","902","","","","0"
"1979-07","Yukon","2021A000260","Out-migrants","Persons","249","units","0","v509055","12.2","953","","","","0"
"1979-07","Northwest Territories including Nunavut","","In-migrants","Persons","249","units","0","v509041","13.1","1426","","","t","0"
"1979-07","Northwest Territories including Nunavut","","Out-migrants","Persons","249","units","0","v509056","13.2","1644","","","t","0"
"1979-10","Canada","2021A000011124","In-migrants","Persons","249","units","0","v509037","1.1","78273","","","","0"
"1979-10","Canada","2021A000011124","Out-migrants","Persons","249","units","0","v509052","1.2","78273","","","","0"
"1979-10","Newfoundland and Labrador","2021A000210","In-migrants","Persons","249","units","0","v509038","2.1","1709","","","","0"
"1979-10","Newfoundland and Labrador","2021A000210","Out-migrants","Persons","249","units","0","v509053","2.2","3090","","","","0"
"1979-10","Prince Edward Island","2021A000211","In-migrants","Persons","249","units","0","v509044","3.1","587","","","","0"
"1979-10","Prince Edward Island","2021A000211","Out-migrants","Persons","249","units","0","v509059","3.2","755","","","","0"
"1979-10","Nova Scotia","2021A000212","In-migrants","Persons","249","units","0","v509045","4.1","3639","","","","0"
"1979-10","Nova Scotia","2021A000212","Out-migrants","Persons","249","units","0","v509060","4.2","4285","","","","0"
"1979-10","New Brunswick","2021A000213","In-migrants","Persons","249","units","0","v509046","5.1","2499","","","","0"
"1979-10","New Brunswick","2021A000213","Out-migrants","Persons","249","units","0","v509061","5.2","3495","","","","0"
"1979-10","Quebec","2021A000224","In-migrants","Persons","249","units","0","v509047","6.1","4012","","","","0"
"1979-10","Quebec","2021A000224","Out-migrants","Persons","249","units","0","v509062","6.2","11268","","","","0"
"1979-10","Ontario","2021A000235","In-migrants","Persons","249","units","0","v509048","7.1","18171","","","","0"
"1979-10","Ontario","2021A000235","Out-migrants","Persons","249","units","0","v509063","7.2","20371","","","","0"
"1979-10","Manitoba","2021A000246","In-migrants","Persons","249","units","0","v509049","8.1","3753","","","","0"
"1979-10","Manitoba","2021A000246","Out-migrants","Persons","249","units","0","v509064","8.2","6768","","","","0"
"1979-10","Saskatchewan","2021A000247","In-migrants","Persons","249","units","0","v509050","9.1","3917","","","","0"
"1979-10","Saskatchewan","2021A000247","Out-migrants","Persons","249","units","0","v509065","9.2","5083","","","","0"
"1979-10","Alberta","2021A000248","In-migrants","Persons","249","units","0","v509051","10.1","22156","","","","0"
"1979-10","Alberta","2021A000248","Out-migrants","Persons","249","units","0","v509066","10.2","12471","","","","0"
"1979-10","British Columbia","2021A000259","In-migrants","Persons","249","units","0","v509039","11.1","16802","","","","0"
"1979-10","British Columbia","2021A000259","Out-migrants","Persons","249","units","0","v509054","11.2","9043","","","","0"
"1979-10","Yukon","2021A000260","In-migrants","Persons","249","units","0","v509040","12.1","439","","","","0"
"1979-10","Yukon","2021A000260","Out-migrants","Persons","249","units","0","v509055","12.2","721","","","","0"
"1979-10","Northwest Territories including Nunavut","","In-migrants","Persons","249","units","0","v509041","13.1","589","","","t","0"
"1979-10","Northwest Territories including Nunavut","","Out-migrants","Persons","249","units","0","v509056","13.2","923","","","t","0"
"1980-01","Canada","2021A000011124","In-migrants","Persons","249","units","0","v509037","1.1","65511","","","","0"
"1980-01","Canada","2021A000011124","Out-migrants","Persons","249","units","0","v509052","1.2","65511","","","","0"
"1980-01","Newfoundland and Labrador","2021A000210","In-migrants","Persons","249","units","0","v509038","2.1","1543","","","","0"
"1980-01","Newfoundland and Labrador","2021A000210","Out-migrants","Persons","249","units","0","v509053","2.2","2403","","","","0"
"1980-01","Prince Edward Island","2021A000211","In-migrants","Persons","249","units","0","v509044","3.1","463","","","","0"
"1980-01","Prince Edward Island","2021A000211","Out-migrants","Persons","249","units","0","v509059","3.2","581","","","","0"
"1980-01","Nova Scotia","2021A000212","In-migrants","Persons","249","units","0","v509045","4.1","2813","","","","0"
"1980-01","Nova Scotia","2021A000212","Out-migrants","Persons","249","units","0","v509060","4.2","3516","","","","0"
"1980-01","New Brunswick","2021A000213","In-migrants","Persons","249","units","0","v509046","5.1","2418","","","","0"
"1980-01","New Brunswick","2021A000213","Out-migrants","Persons","249","units","0","v509061","5.2","2764","","","","0"
"1980-01","Quebec","2021A000224","In-migrants","Persons","249","units","0","v509047","6.1","3965","","","","0"
"1980-01","Quebec","2021A000224","Out-migrants","Persons","249","units","0","v509062","6.2","8751","","","","0"
"1980-01","Ontario","2021A000235","In-migrants","Persons","249","units","0","v509048","7.1","15444","","","","0"
"1980-01","Ontario","2021A000235","Out-migrants","Persons","249","units","0","v509063","7.2","17155","","","","0"
"1980-01","Manitoba","2021A000246","In-migrants","Persons","249","units","0","v509049","8.1","3129","","","","0"
"1980-01","Manitoba","2021A000246","Out-migrants","Persons","249","units","0","v509064","8.2","5316","","","","0"
"1980-01","Saskatchewan","2021A000247","In-migrants","Persons","249","units","0","v509050","9.1","3451","","","","0"
"1980-01","Saskatchewan","2021A000247","Out-migrants","Persons","249","units","0","v509065","9.2","4575","","","","0"
"1980-01","Alberta","2021A000248","In-migrants","Persons","249","units","0","v509051","10.1","17734","","","","0"
"1980-01","Alberta","2021A000248","Out-migrants","Persons","249","units","0","v509066","10.2","11282","","","","0"
"1980-01","British Columbia","2021A000259","In-migrants","Persons","249","units","0","v509039","11.1","13580","","","","0"
"1980-01","British Columbia","2021A000259","Out-migrants","Persons","249","units","0","v509054","11.2","7881","","","","0"
"1980-01","Yukon","2021A000260","In-migrants","Persons","249","units","0","v509040","12.1","392","","","","0"
"1980-01","Yukon","2021A000260","Out-migrants","Persons","249","units","0","v509055","12.2","471","","","","0"
"1980-01","Northwest Territories including Nunavut","","In-migrants","Persons","249","units","0","v509041","13.1","579","","","t","0"
"1980-01","Northwest Territories including Nunavut","","Out-migrants","Persons","249","units","0","v509056","13.2","816","","","t","0"
"1980-04","Canada","2021A000011124","In-migrants","Persons","249","units","0","v509037","1.1","82653","","","","0"
"1980-04","Canada","2021A000011124","Out-migrants","Persons","249","units","0","v509052","1.2","82653","","","","0"
"1980-04","Newfoundland and Labrador","2021A000210","In-migrants","Persons","249","units","0","v509038","2.1","1950","","","","0"
"1980-04","Newfoundland and Labrador","2021A000210","Out-migrants","Persons","249","units","0","v509053","2.2","2454","","","","0"
"1980-04","Prince Edward Island","2021A000211","In-migrants","Persons","249","units","0","v509044","3.1","710","","","","0"
"1980-04","Prince Edward Island","2021A000211","Out-migrants","Persons","249","units","0","v509059","3.2","578","","","","0"
"1980-04","Nova Scotia","2021A000212","In-migrants","Persons","249","units","0","v509045","4.1","3547","","","","0"
"1980-04","Nova Scotia","2021A000212","Out-migrants","Persons","249","units","0","v509060","4.2","4240","","","","0"
"1980-04","New Brunswick","2021A000213","In-migrants","Persons","249","units","0","v509046","5.1","3480","","","","0"
"1980-04","New Brunswick","2021A000213","Out-migrants","Persons","249","units","0","v509061","5.2","3264","","","","0"
"1980-04","Quebec","2021A000224","In-migrants","Persons","249","units","0","v509047","6.1","5157","","","","0"
"1980-04","Quebec","2021A000224","Out-migrants","Persons","249","units","0","v509062","6.2","11394","","","","0"
"1980-04","Ontario","2021A000235","In-migrants","Persons","249","units","0","v509048","7.1","17469","","","","0"
"1980-04","Ontario","2021A000235","Out-migrants","Persons","249","units","0","v509063","7.2","22346","","","","0"
"1980-04","Manitoba","2021A000246","In-migrants","Persons","249","units","0","v509049","8.1","4076","","","","0"
"1980-04","Manitoba","2021A000246","Out-migrants","Persons","249","units","0","v509064","8.2","7308","","","","0"
"1980-04","Saskatchewan","2021A000247","In-migrants","Persons","249","units","0","v509050","9.1","4519","","","","0"
"1980-04","Saskatchewan","2021A000247","Out-migrants","Persons","249","units","0","v509065","9.2","5651","","","","0"
"1980-04","Alberta","2021A000248","In-migrants","Persons","249","units","0","v509051","10.1","20939","","","","0"
"1980-04","Alberta","2021A000248","Out-migrants","Persons","249","units","0","v509066","10.2","14602","","","","0"
"1980-04","British Columbia","2021A000259","In-migrants","Persons","249","units","0","v509039","11.1","19456","","","","0"
"1980-04","British Columbia","2021A000259","Out-migrants","Persons","249","units","0","v509054","11.2","9211","","","","0"
"1980-04","Yukon","2021A000260","In-migrants","Persons","249","units","0","v509040","12.1","559","","","","0"
"1980-04","Yukon","2021A000260","Out-migrants","Persons","249","units","0","v509055","12.2","611","","","","0"
"1980-04","Northwest Territories including Nunavut","","In-migrants","Persons","249","units","0","v509041","13.1","791","","","t","0"
"1980-04","Northwest Territories including Nunavut","","Out-migrants","Persons","249","units","0","v509056","13.2","994","","","t","0"
"1980-07","Canada","2021A000011124","In-migrants","Persons","249","units","0","v509037","1.1","149590","","","","0"
"1980-07","Canada","2021A000011124","Out-migrants","Persons","249","units","0","v509052","1.2","149590","","","","0"
"1980-07","Newfoundland and Labrador","2021A000210","In-migrants","Persons","249","units","0","v509038","2.1","3932","","","","0"
"1980-07","Newfoundland and Labrador","2021A000210","Out-migrants","Persons","249","units","0","v509053","2.2","4776","","","","0"
"1980-07","Prince Edward Island","2021A000211","In-migrants","Persons","249","units","0","v509044","3.1","1383","","","","0"
"1980-07","Prince Edward Island","2021A000211","Out-migrants","Persons","249","units","0","v509059","3.2","1987","","","","0"
"1980-07","Nova Scotia","2021A000212","In-migrants","Persons","249","units","0","v509045","4.1","8131","","","","0"
"1980-07","Nova Scotia","2021A000212","Out-migrants","Persons","249","units","0","v509060","4.2","8956","","","","0"
"1980-07","New Brunswick","2021A000213","In-migrants","Persons","249","units","0","v509046","5.1","5260","","","","0"
"1980-07","New Brunswick","2021A000213","Out-migrants","Persons","249","units","0","v509061","5.2","7830","","","","0"
"1980-07","Quebec","2021A000224","In-migrants","Persons","249","units","0","v509047","6.1","9226","","","","0"
"1980-07","Quebec","2021A000224","Out-migrants","Persons","249","units","0","v509062","6.2","18160","","","","0"
"1980-07","Ontario","2021A000235","In-migrants","Persons","249","units","0","v509048","7.1","27308","","","","0"
"1980-07","Ontario","2021A000235","Out-migrants","Persons","249","units","0","v509063","7.2","45552","","","","0"
"1980-07","Manitoba","2021A000246","In-migrants","Persons","249","units","0","v509049","8.1","8385","","","","0"
"1980-07","Manitoba","2021A000246","Out-migrants","Persons","249","units","0","v509064","8.2","12086","","","","0"
"1980-07","Saskatchewan","2021A000247","In-migrants","Persons","249","units","0","v509050","9.1","9073","","","","0"
"1980-07","Saskatchewan","2021A000247","Out-migrants","Persons","249","units","0","v509065","9.2","9857","","","","0"
"1980-07","Alberta","2021A000248","In-migrants","Persons","249","units","0","v509051","10.1","43621","","","","0"
"1980-07","Alberta","2021A000248","Out-migrants","Persons","249","units","0","v509066","10.2","22915","","","","0"
"1980-07","British Columbia","2021A000259","In-migrants","Persons","249","units","0","v509039","11.1","30727","","","","0"
"1980-07","British Columbia","2021A000259","Out-migrants","Persons","249","units","0","v509054","11.2","15152","","","","0"
"1980-07","Yukon","2021A000260","In-migrants","Persons","249","units","0","v509040","12.1","1048","","","","0"
"1980-07","Yukon","2021A000260","Out-migrants","Persons","249","units","0","v509055","12.2","811","","","","0"
"1980-07","Northwest Territories including Nunavut","","In-migrants","Persons","249","units","0","v509041","13.1","1496","","","t","0"
"1980-07","Northwest Territories including Nunavut","","Out-migrants","Persons","249","units","0","v509056","13.2","1508","","","t","0"
"1980-10","Canada","2021A000011124","In-migrants","Persons","249","units","0","v509037","1.1","80720","","","","0"
"1980-10","Canada","2021A000011124","Out-migrants","Persons","249","units","0","v509052","1.2","80720","","","","0"
"1980-10","Newfoundland and Labrador","2021A000210","In-migrants","Persons","249","units","0","v509038","2.1","1747","","","","0"
"1980-10","Newfoundland and Labrador","2021A000210","Out-migrants","Persons","249","units","0","v509053","2.2","3154","","","","0"
"1980-10","Prince Edward Island","2021A000211","In-migrants","Persons","249","units","0","v509044","3.1","567","","","","0"
"1980-10","Prince Edward Island","2021A000211","Out-migrants","Persons","249","units","0","v509059","3.2","923","","","","0"
"1980-10","Nova Scotia","2021A000212","In-migrants","Persons","249","units","0","v509045","4.1","3861","","","","0"
"1980-10","Nova Scotia","2021A000212","Out-migrants","Persons","249","units","0","v509060","4.2","4544","","","","0"
"1980-10","New Brunswick","2021A000213","In-migrants","Persons","249","units","0","v509046","5.1","2430","","","","0"
"1980-10","New Brunswick","2021A000213","Out-migrants","Persons","249","units","0","v509061","5.2","3895","","","","0"
"1980-10","Quebec","2021A000224","In-migrants","Persons","249","units","0","v509047","6.1","4169","","","","0"
"1980-10","Quebec","2021A000224","Out-migrants","Persons","249","units","0","v509062","6.2","9896","","","","0"
"1980-10","Ontario","2021A000235","In-migrants","Persons","249","units","0","v509048","7.1","17622","","","","0"
"1980-10","Ontario","2021A000235","Out-migrants","Persons","249","units","0","v509063","7.2","22133","","","","0"
"1980-10","Manitoba","2021A000246","In-migrants","Persons","249","units","0","v509049","8.1","4143","","","","0"
"1980-10","Manitoba","2021A000246","Out-migrants","Persons","249","units","0","v509064","8.2","6195","","","","0"
"1980-10","Saskatchewan","2021A000247","In-migrants","Persons","249","units","0","v509050","9.1","4236","","","","0"
"1980-10","Saskatchewan","2021A000247","Out-migrants","Persons","249","units","0","v509065","9.2","5295","","","","0"
"1980-10","Alberta","2021A000248","In-migrants","Persons","249","units","0","v509051","10.1","24058","","","","0"
"1980-10","Alberta","2021A000248","Out-migrants","Persons","249","units","0","v509066","10.2","13700","","","","0"
"1980-10","British Columbia","2021A000259","In-migrants","Persons","249","units","0","v509039","11.1","16763","","","","0"
"1980-10","British Columbia","2021A000259","Out-migrants","Persons","249","units","0","v509054","11.2","9509","","","","0"
"1980-10","Yukon","2021A000260","In-migrants","Persons","249","units","0","v509040","12.1","503","","","","0"
"1980-10","Yukon","2021A000260","Out-migrants","Persons","249","units","0","v509055","12.2","620","","","","0"
"1980-10","Northwest Territories including Nunavut","","In-migrants","Persons","249","units","0","v509041","13.1","621","","","t","0"
"1980-10","Northwest Territories including Nunavut","","Out-migrants","Persons","249","units","0","v509056","13.2","856","","","t","0"
"1981-01","Canada","2021A000011124","In-migrants","Persons","249","units","0","v509037","1.1","67484","","","","0"
"1981-01","Canada","2021A000011124","Out-migrants","Persons","249","units","0","v509052","1.2","67484","","","","0"
"1981-01","Newfoundland and Labrador","2021A000210","In-migrants","Persons","249","units","0","v509038","2.1","1565","","","","0"
"1981-01","Newfoundland and Labrador","2021A000210","Out-migrants","Persons","249","units","0","v509053","2.2","2395","","","","0"
"1981-01","Prince Edward Island","2021A000211","In-migrants","Persons","249","units","0","v509044","3.1","454","","","","0"
"1981-01","Prince Edward Island","2021A000211","Out-migrants","Persons","249","units","0","v509059","3.2","718","","","","0"
"1981-01","Nova Scotia","2021A000212","In-migrants","Persons","249","units","0","v509045","4.1","2991","","","","0"
"1981-01","Nova Scotia","2021A000212","Out-migrants","Persons","249","units","0","v509060","4.2","3653","","","","0"
"1981-01","New Brunswick","2021A000213","In-migrants","Persons","249","units","0","v509046","5.1","2301","","","","0"
"1981-01","New Brunswick","2021A000213","Out-migrants","Persons","249","units","0","v509061","5.2","3053","","","","0"
"1981-01","Quebec","2021A000224","In-migrants","Persons","249","units","0","v509047","6.1","4120","","","","0"
"1981-01","Quebec","2021A000224","Out-migrants","Persons","249","units","0","v509062","6.2","7651","","","","0"
"1981-01","Ontario","2021A000235","In-migrants","Persons","249","units","0","v509048","7.1","15123","","","","0"
"1981-01","Ontario","2021A000235","Out-migrants","Persons","249","units","0","v509063","7.2","18560","","","","0"
"1981-01","Manitoba","2021A000246","In-migrants","Persons","249","units","0","v509049","8.1","3460","","","","0"
"1981-01","Manitoba","2021A000246","Out-migrants","Persons","249","units","0","v509064","8.2","4876","","","","0"
"1981-01","Saskatchewan","2021A000247","In-migrants","Persons","249","units","0","v509050","9.1","3710","","","","0"
"1981-01","Saskatchewan","2021A000247","Out-migrants","Persons","249","units","0","v509065","9.2","4732","","","","0"
"1981-01","Alberta","2021A000248","In-migrants","Persons","249","units","0","v509051","10.1","19119","","","","0"
"1981-01","Alberta","2021A000248","Out-migrants","Persons","249","units","0","v509066","10.2","12443","","","","0"
"1981-01","British Columbia","2021A000259","In-migrants","Persons","249","units","0","v509039","11.1","13582","","","","0"
"1981-01","British Columbia","2021A000259","Out-migrants","Persons","249","units","0","v509054","11.2","8240","","","","0"
"1981-01","Yukon","2021A000260","In-migrants","Persons","249","units","0","v509040","12.1","460","","","","0"
"1981-01","Yukon","2021A000260","Out-migrants","Persons","249","units","0","v509055","12.2","399","","","","0"
"1981-01","Northwest Territories including Nunavut","","In-migrants","Persons","249","units","0","v509041","13.1","599","","","t","0"
"1981-01","Northwest Territories including Nunavut","","Out-migrants","Persons","249","units","0","v509056","13.2","764","","","t","0"
"1981-04","Canada","2021A000011124","In-migrants","Persons","249","units","0","v509037","1.1","85138","","","","0"
"1981-04","Canada","2021A000011124","Out-migrants","Persons","249","units","0","v509052","1.2","85138","","","","0"
"1981-04","Newfoundland and Labrador","2021A000210","In-migrants","Persons","249","units","0","v509038","2.1","1994","","","","0"
"1981-04","Newfoundland and Labrador","2021A000210","Out-migrants","Persons","249","units","0","v509053","2.2","2465","","","","0"
"1981-04","Prince Edward Island","2021A000211","In-migrants","Persons","249","units","0","v509044","3.1","712","","","","0"
"1981-04","Prince Edward Island","2021A000211","Out-migrants","Persons","249","units","0","v509059","3.2","739","","","","0"
"1981-04","Nova Scotia","2021A000212","In-migrants","Persons","249","units","0","v509045","4.1","3754","","","","0"
"1981-04","Nova Scotia","2021A000212","Out-migrants","Persons","249","units","0","v509060","4.2","4420","","","","0"
"1981-04","New Brunswick","2021A000213","In-migrants","Persons","249","units","0","v509046","5.1","3365","","","","0"
"1981-04","New Brunswick","2021A000213","Out-migrants","Persons","249","units","0","v509061","5.2","3567","","","","0"
"1981-04","Quebec","2021A000224","In-migrants","Persons","249","units","0","v509047","6.1","5390","","","","0"
"1981-04","Quebec","2021A000224","Out-migrants","Persons","249","units","0","v509062","6.2","10039","","","","0"
"1981-04","Ontario","2021A000235","In-migrants","Persons","249","units","0","v509048","7.1","17037","","","","0"
"1981-04","Ontario","2021A000235","Out-migrants","Persons","249","units","0","v509063","7.2","24092","","","","0"
"1981-04","Manitoba","2021A000246","In-migrants","Persons","249","units","0","v509049","8.1","4480","","","","0"
"1981-04","Manitoba","2021A000246","Out-migrants","Persons","249","units","0","v509064","8.2","6714","","","","0"
"1981-04","Saskatchewan","2021A000247","In-migrants","Persons","249","units","0","v509050","9.1","4905","","","","0"
"1981-04","Saskatchewan","2021A000247","Out-migrants","Persons","249","units","0","v509065","9.2","5848","","","","0"
"1981-04","Alberta","2021A000248","In-migrants","Persons","249","units","0","v509051","10.1","22585","","","","0"
"1981-04","Alberta","2021A000248","Out-migrants","Persons","249","units","0","v509066","10.2","16075","","","","0"
"1981-04","British Columbia","2021A000259","In-migrants","Persons","249","units","0","v509039","11.1","19443","","","","0"
"1981-04","British Columbia","2021A000259","Out-migrants","Persons","249","units","0","v509054","11.2","9750","","","","0"
"1981-04","Yukon","2021A000260","In-migrants","Persons","249","units","0","v509040","12.1","638","","","","0"
"1981-04","Yukon","2021A000260","Out-migrants","Persons","249","units","0","v509055","12.2","506","","","","0"
"1981-04","Northwest Territories including Nunavut","","In-migrants","Persons","249","units","0","v509041","13.1","835","","","t","0"
"1981-04","Northwest Territories including Nunavut","","Out-migrants","Persons","249","units","0","v509056","13.2","923","","","t","0"
"1981-07","Canada","2021A000011124","In-migrants","Persons","249","units","0","v509037","1.1","136624","","","","0"
"1981-07","Canada","2021A000011124","Out-migrants","Persons","249","units","0","v509052","1.2","136624","","","","0"
"1981-07","Newfoundland and Labrador","2021A000210","In-migrants","Persons","249","units","0","v509038","2.1","3494","","","","0"
"1981-07","Newfoundland and Labrador","2021A000210","Out-migrants","Persons","249","units","0","v509053","2.2","4926","","","","0"
"1981-07","Prince Edward Island","2021A000211","In-migrants","Persons","249","units","0","v509044","3.1","1558","","","","0"
"1981-07","Prince Edward Island","2021A000211","Out-migrants","Persons","249","units","0","v509059","3.2","1894","","","","0"
"1981-07","Nova Scotia","2021A000212","In-migrants","Persons","249","units","0","v509045","4.1","8285","","","","0"
"1981-07","Nova Scotia","2021A000212","Out-migrants","Persons","249","units","0","v509060","4.2","8355","","","","0"
"1981-07","New Brunswick","2021A000213","In-migrants","Persons","249","units","0","v509046","5.1","5387","","","","0"
"1981-07","New Brunswick","2021A000213","Out-migrants","Persons","249","units","0","v509061","5.2","7276","","","","0"
"1981-07","Quebec","2021A000224","In-migrants","Persons","249","units","0","v509047","6.1","9476","","","","0"
"1981-07","Quebec","2021A000224","Out-migrants","Persons","249","units","0","v509062","6.2","17092","","","","0"
"1981-07","Ontario","2021A000235","In-migrants","Persons","249","units","0","v509048","7.1","27757","","","","0"
"1981-07","Ontario","2021A000235","Out-migrants","Persons","249","units","0","v509063","7.2","37179","","","","0"
"1981-07","Manitoba","2021A000246","In-migrants","Persons","249","units","0","v509049","8.1","8472","","","","0"
"1981-07","Manitoba","2021A000246","Out-migrants","Persons","249","units","0","v509064","8.2","10373","","","","0"
"1981-07","Saskatchewan","2021A000247","In-migrants","Persons","249","units","0","v509050","9.1","8940","","","","0"
"1981-07","Saskatchewan","2021A000247","Out-migrants","Persons","249","units","0","v509065","9.2","8452","","","","0"
"1981-07","Alberta","2021A000248","In-migrants","Persons","249","units","0","v509051","10.1","38091","","","","0"
"1981-07","Alberta","2021A000248","Out-migrants","Persons","249","units","0","v509066","10.2","21616","","","","0"
"1981-07","British Columbia","2021A000259","In-migrants","Persons","249","units","0","v509039","11.1","22525","","","","0"
"1981-07","British Columbia","2021A000259","Out-migrants","Persons","249","units","0","v509054","11.2","17084","","","","0"
"1981-07","Yukon","2021A000260","In-migrants","Persons","249","units","0","v509040","12.1","883","","","","0"
"1981-07","Yukon","2021A000260","Out-migrants","Persons","249","units","0","v509055","12.2","844","","","","0"
"1981-07","Northwest Territories including Nunavut","","In-migrants","Persons","249","units","0","v509041","13.1","1756","","","t","0"
"1981-07","Northwest Territories including Nunavut","","Out-migrants","Persons","249","units","0","v509056","13.2","1533","","","t","0"
"1981-10","Canada","2021A000011124","In-migrants","Persons","249","units","0","v509037","1.1","78108","","","","0"
"1981-10","Canada","2021A000011124","Out-migrants","Persons","249","units","0","v509052","1.2","78108","","","","0"
"1981-10","Newfoundland and Labrador","2021A000210","In-migrants","Persons","249","units","0","v509038","2.1","1365","","","","0"
"1981-10","Newfoundland and Labrador","2021A000210","Out-migrants","Persons","249","units","0","v509053","2.2","4060","","","","0"
"1981-10","Prince Edward Island","2021A000211","In-migrants","Persons","249","units","0","v509044","3.1","534","","","","0"
"1981-10","Prince Edward Island","2021A000211","Out-migrants","Persons","249","units","0","v509059","3.2","865","","","","0"
"1981-10","Nova Scotia","2021A000212","In-migrants","Persons","249","units","0","v509045","4.1","3803","","","","0"
"1981-10","Nova Scotia","2021A000212","Out-migrants","Persons","249","units","0","v509060","4.2","4400","","","","0"
"1981-10","New Brunswick","2021A000213","In-migrants","Persons","249","units","0","v509046","5.1","2596","","","","0"
"1981-10","New Brunswick","2021A000213","Out-migrants","Persons","249","units","0","v509061","5.2","3719","","","","0"
"1981-10","Quebec","2021A000224","In-migrants","Persons","249","units","0","v509047","6.1","3778","","","","0"
"1981-10","Quebec","2021A000224","Out-migrants","Persons","249","units","0","v509062","6.2","10689","","","","0"
"1981-10","Ontario","2021A000235","In-migrants","Persons","249","units","0","v509048","7.1","19284","","","","0"
"1981-10","Ontario","2021A000235","Out-migrants","Persons","249","units","0","v509063","7.2","18589","","","","0"
"1981-10","Manitoba","2021A000246","In-migrants","Persons","249","units","0","v509049","8.1","4608","","","","0"
"1981-10","Manitoba","2021A000246","Out-migrants","Persons","249","units","0","v509064","8.2","5000","","","","0"
"1981-10","Saskatchewan","2021A000247","In-migrants","Persons","249","units","0","v509050","9.1","4512","","","","0"
"1981-10","Saskatchewan","2021A000247","Out-migrants","Persons","249","units","0","v509065","9.2","4555","","","","0"
"1981-10","Alberta","2021A000248","In-migrants","Persons","249","units","0","v509051","10.1","22611","","","","0"
"1981-10","Alberta","2021A000248","Out-migrants","Persons","249","units","0","v509066","10.2","13800","","","","0"
"1981-10","British Columbia","2021A000259","In-migrants","Persons","249","units","0","v509039","11.1","13792","","","","0"
"1981-10","British Columbia","2021A000259","Out-migrants","Persons","249","units","0","v509054","11.2","10998","","","","0"
"1981-10","Yukon","2021A000260","In-migrants","Persons","249","units","0","v509040","12.1","573","","","","0"
"1981-10","Yukon","2021A000260","Out-migrants","Persons","249","units","0","v509055","12.2","492","","","","0"
"1981-10","Northwest Territories including Nunavut","","In-migrants","Persons","249","units","0","v509041","13.1","652","","","t","0"
"1981-10","Northwest Territories including Nunavut","","Out-migrants","Persons","249","units","0","v509056","13.2","941","","","t","0"
"1982-01","Canada","2021A000011124","In-migrants","Persons","249","units","0","v509037","1.1","64984","","","","0"
"1982-01","Canada","2021A000011124","Out-migrants","Persons","249","units","0","v509052","1.2","64984","","","","0"
"1982-01","Newfoundland and Labrador","2021A000210","In-migrants","Persons","249","units","0","v509038","2.1","1811","","","","0"
"1982-01","Newfoundland and Labrador","2021A000210","Out-migrants","Persons","249","units","0","v509053","2.2","2895","","","","0"
"1982-01","Prince Edward Island","2021A000211","In-migrants","Persons","249","units","0","v509044","3.1","487","","","","0"
"1982-01","Prince Edward Island","2021A000211","Out-migrants","Persons","249","units","0","v509059","3.2","823","","","","0"
"1982-01","Nova Scotia","2021A000212","In-migrants","Persons","249","units","0","v509045","4.1","2773","","","","0"
"1982-01","Nova Scotia","2021A000212","Out-migrants","Persons","249","units","0","v509060","4.2","3940","","","","0"
"1982-01","New Brunswick","2021A000213","In-migrants","Persons","249","units","0","v509046","5.1","2422","","","","0"
"1982-01","New Brunswick","2021A000213","Out-migrants","Persons","249","units","0","v509061","5.2","2782","","","","0"
"1982-01","Quebec","2021A000224","In-migrants","Persons","249","units","0","v509047","6.1","3438","","","","0"
"1982-01","Quebec","2021A000224","Out-migrants","Persons","249","units","0","v509062","6.2","8750","","","","0"
"1982-01","Ontario","2021A000235","In-migrants","Persons","249","units","0","v509048","7.1","18765","","","","0"
"1982-01","Ontario","2021A000235","Out-migrants","Persons","249","units","0","v509063","7.2","14465","","","","0"
"1982-01","Manitoba","2021A000246","In-migrants","Persons","249","units","0","v509049","8.1","3750","","","","0"
"1982-01","Manitoba","2021A000246","Out-migrants","Persons","249","units","0","v509064","8.2","3796","","","","0"
"1982-01","Saskatchewan","2021A000247","In-migrants","Persons","249","units","0","v509050","9.1","3612","","","","0"
"1982-01","Saskatchewan","2021A000247","Out-migrants","Persons","249","units","0","v509065","9.2","4096","","","","0"
"1982-01","Alberta","2021A000248","In-migrants","Persons","249","units","0","v509051","10.1","17728","","","","0"
"1982-01","Alberta","2021A000248","Out-migrants","Persons","249","units","0","v509066","10.2","12839","","","","0"
"1982-01","British Columbia","2021A000259","In-migrants","Persons","249","units","0","v509039","11.1","9023","","","","0"
"1982-01","British Columbia","2021A000259","Out-migrants","Persons","249","units","0","v509054","11.2","9707","","","","0"
"1982-01","Yukon","2021A000260","In-migrants","Persons","249","units","0","v509040","12.1","411","","","","0"
"1982-01","Yukon","2021A000260","Out-migrants","Persons","249","units","0","v509055","12.2","318","","","","0"
"1982-01","Northwest Territories including Nunavut","","In-migrants","Persons","249","units","0","v509041","13.1","764","","","t","0"
"1982-01","Northwest Territories including Nunavut","","Out-migrants","Persons","249","units","0","v509056","13.2","573","","","t","0"
"1982-04","Canada","2021A000011124","In-migrants","Persons","249","units","0","v509037","1.1","78203","","","","0"
"1982-04","Canada","2021A000011124","Out-migrants","Persons","249","units","0","v509052","1.2","78203","","","","0"
"1982-04","Newfoundland and Labrador","2021A000210","In-migrants","Persons","249","units","0","v509038","2.1","2093","","","","0"
"1982-04","Newfoundland and Labrador","2021A000210","Out-migrants","Persons","249","units","0","v509053","2.2","2575","","","","0"
"1982-04","Prince Edward Island","2021A000211","In-migrants","Persons","249","units","0","v509044","3.1","796","","","","0"
"1982-04","Prince Edward Island","2021A000211","Out-migrants","Persons","249","units","0","v509059","3.2","649","","","","0"
"1982-04","Nova Scotia","2021A000212","In-migrants","Persons","249","units","0","v509045","4.1","4038","","","","0"
"1982-04","Nova Scotia","2021A000212","Out-migrants","Persons","249","units","0","v509060","4.2","4140","","","","0"
"1982-04","New Brunswick","2021A000213","In-migrants","Persons","249","units","0","v509046","5.1","3452","","","","0"
"1982-04","New Brunswick","2021A000213","Out-migrants","Persons","249","units","0","v509061","5.2","2922","","","","0"
"1982-04","Quebec","2021A000224","In-migrants","Persons","249","units","0","v509047","6.1","4657","","","","0"
"1982-04","Quebec","2021A000224","Out-migrants","Persons","249","units","0","v509062","6.2","10608","","","","0"
"1982-04","Ontario","2021A000235","In-migrants","Persons","249","units","0","v509048","7.1","17813","","","","0"
"1982-04","Ontario","2021A000235","Out-migrants","Persons","249","units","0","v509063","7.2","19051","","","","0"
"1982-04","Manitoba","2021A000246","In-migrants","Persons","249","units","0","v509049","8.1","4771","","","","0"
"1982-04","Manitoba","2021A000246","Out-migrants","Persons","249","units","0","v509064","8.2","5057","","","","0"
"1982-04","Saskatchewan","2021A000247","In-migrants","Persons","249","units","0","v509050","9.1","4744","","","","0"
"1982-04","Saskatchewan","2021A000247","Out-migrants","Persons","249","units","0","v509065","9.2","5028","","","","0"
"1982-04","Alberta","2021A000248","In-migrants","Persons","249","units","0","v509051","10.1","21616","","","","0"
"1982-04","Alberta","2021A000248","Out-migrants","Persons","249","units","0","v509066","10.2","15229","","","","0"
"1982-04","British Columbia","2021A000259","In-migrants","Persons","249","units","0","v509039","11.1","12643","","","","0"
"1982-04","British Columbia","2021A000259","Out-migrants","Persons","249","units","0","v509054","11.2","11489","","","","0"
"1982-04","Yukon","2021A000260","In-migrants","Persons","249","units","0","v509040","12.1","545","","","","0"
"1982-04","Yukon","2021A000260","Out-migrants","Persons","249","units","0","v509055","12.2","677","","","","0"
"1982-04","Northwest Territories including Nunavut","","In-migrants","Persons","249","units","0","v509041","13.1","1035","","","t","0"
"1982-04","Northwest Territories including Nunavut","","Out-migrants","Persons","249","units","0","v509056","13.2","778","","","t","0"
"1982-07","Canada","2021A000011124","In-migrants","Persons","249","units","0","v509037","1.1","117162","","","","0"
"1982-07","Canada","2021A000011124","Out-migrants","Persons","249","units","0","v509052","1.2","117162","","","","0"
"1982-07","Newfoundland and Labrador","2021A000210","In-migrants","Persons","249","units","0","v509038","2.1","4258","","","","0"
"1982-07","Newfoundland and Labrador","2021A000210","Out-migrants","Persons","249","units","0","v509053","2.2","3328","","","","0"
"1982-07","Prince Edward Island","2021A000211","In-migrants","Persons","249","units","0","v509044","3.1","1425","","","","0"
"1982-07","Prince Edward Island","2021A000211","Out-migrants","Persons","249","units","0","v509059","3.2","1306","","","","0"
"1982-07","Nova Scotia","2021A000212","In-migrants","Persons","249","units","0","v509045","4.1","7818","","","","0"
"1982-07","Nova Scotia","2021A000212","Out-migrants","Persons","249","units","0","v509060","4.2","6264","","","","0"
"1982-07","New Brunswick","2021A000213","In-migrants","Persons","249","units","0","v509046","5.1","5909","","","","0"
"1982-07","New Brunswick","2021A000213","Out-migrants","Persons","249","units","0","v509061","5.2","4791","","","","0"
"1982-07","Quebec","2021A000224","In-migrants","Persons","249","units","0","v509047","6.1","8023","","","","0"
"1982-07","Quebec","2021A000224","Out-migrants","Persons","249","units","0","v509062","6.2","18665","","","","0"
"1982-07","Ontario","2021A000235","In-migrants","Persons","249","units","0","v509048","7.1","31435","","","","0"
"1982-07","Ontario","2021A000235","Out-migrants","Persons","249","units","0","v509063","7.2","25450","","","","0"
"1982-07","Manitoba","2021A000246","In-migrants","Persons","249","units","0","v509049","8.1","8347","","","","0"
"1982-07","Manitoba","2021A000246","Out-migrants","Persons","249","units","0","v509064","8.2","7086","","","","0"
"1982-07","Saskatchewan","2021A000247","In-migrants","Persons","249","units","0","v509050","9.1","8613","","","","0"
"1982-07","Saskatchewan","2021A000247","Out-migrants","Persons","249","units","0","v509065","9.2","6749","","","","0"
"1982-07","Alberta","2021A000248","In-migrants","Persons","249","units","0","v509051","10.1","22881","","","","0"
"1982-07","Alberta","2021A000248","Out-migrants","Persons","249","units","0","v509066","10.2","24873","","","","0"
"1982-07","British Columbia","2021A000259","In-migrants","Persons","249","units","0","v509039","11.1","16537","","","","0"
"1982-07","British Columbia","2021A000259","Out-migrants","Persons","249","units","0","v509054","11.2","16409","","","","0"
"1982-07","Yukon","2021A000260","In-migrants","Persons","249","units","0","v509040","12.1","505","","","","0"
"1982-07","Yukon","2021A000260","Out-migrants","Persons","249","units","0","v509055","12.2","982","","","","0"
"1982-07","Northwest Territories including Nunavut","","In-migrants","Persons","249","units","0","v509041","13.1","1411","","","t","0"
"1982-07","Northwest Territories including Nunavut","","Out-migrants","Persons","249","units","0","v509056","13.2","1259","","","t","0"
"1982-10","Canada","2021A000011124","In-migrants","Persons","249","units","0","v509037","1.1","62799","","","","0"
"1982-10","Canada","2021A000011124","Out-migrants","Persons","249","units","0","v509052","1.2","62799","","","","0"
"1982-10","Newfoundland and Labrador","2021A000210","In-migrants","Persons","249","units","0","v509038","2.1","2062","","","","0"
"1982-10","Newfoundland and Labrador","2021A000210","Out-migrants","Persons","249","units","0","v509053","2.2","1787","","","","0"
"1982-10","Prince Edward Island","2021A000211","In-migrants","Persons","249","units","0","v509044","3.1","609","","","","0"
"1982-10","Prince Edward Island","2021A000211","Out-migrants","Persons","249","units","0","v509059","3.2","594","","","","0"
"1982-10","Nova Scotia","2021A000212","In-migrants","Persons","249","units","0","v509045","4.1","3811","","","","0"
"1982-10","Nova Scotia","2021A000212","Out-migrants","Persons","249","units","0","v509060","4.2","3242","","","","0"
"1982-10","New Brunswick","2021A000213","In-migrants","Persons","249","units","0","v509046","5.1","2742","","","","0"
"1982-10","New Brunswick","2021A000213","Out-migrants","Persons","249","units","0","v509061","5.2","2338","","","","0"
"1982-10","Quebec","2021A000224","In-migrants","Persons","249","units","0","v509047","6.1","3887","","","","0"
"1982-10","Quebec","2021A000224","Out-migrants","Persons","249","units","0","v509062","6.2","9538","","","","0"
"1982-10","Ontario","2021A000235","In-migrants","Persons","249","units","0","v509048","7.1","20122","","","","0"
"1982-10","Ontario","2021A000235","Out-migrants","Persons","249","units","0","v509063","7.2","11762","","","","0"
"1982-10","Manitoba","2021A000246","In-migrants","Persons","249","units","0","v509049","8.1","3919","","","","0"
"1982-10","Manitoba","2021A000246","Out-migrants","Persons","249","units","0","v509064","8.2","3720","","","","0"
"1982-10","Saskatchewan","2021A000247","In-migrants","Persons","249","units","0","v509050","9.1","3922","","","","0"
"1982-10","Saskatchewan","2021A000247","Out-migrants","Persons","249","units","0","v509065","9.2","3541","","","","0"
"1982-10","Alberta","2021A000248","In-migrants","Persons","249","units","0","v509051","10.1","12489","","","","0"
"1982-10","Alberta","2021A000248","Out-migrants","Persons","249","units","0","v509066","10.2","14712","","","","0"
"1982-10","British Columbia","2021A000259","In-migrants","Persons","249","units","0","v509039","11.1","8385","","","","0"
"1982-10","British Columbia","2021A000259","Out-migrants","Persons","249","units","0","v509054","11.2","10112","","","","0"
"1982-10","Yukon","2021A000260","In-migrants","Persons","249","units","0","v509040","12.1","208","","","","0"
"1982-10","Yukon","2021A000260","Out-migrants","Persons","249","units","0","v509055","12.2","794","","","","0"
"1982-10","Northwest Territories including Nunavut","","In-migrants","Persons","249","units","0","v509041","13.1","643","","","t","0"
"1982-10","Northwest Territories including Nunavut","","Out-migrants","Persons","249","units","0","v509056","13.2","659","","","t","0"
"1983-01","Canada","2021A000011124","In-migrants","Persons","249","units","0","v509037","1.1","53873","","","","0"
"1983-01","Canada","2021A000011124","Out-migrants","Persons","249","units","0","v509052","1.2","53873","","","","0"
"1983-01","Newfoundland and Labrador","2021A000210","In-migrants","Persons","249","units","0","v509038","2.1","1444","","","","0"
"1983-01","Newfoundland and Labrador","2021A000210","Out-migrants","Persons","249","units","0","v509053","2.2","1514","","","","0"
"1983-01","Prince Edward Island","2021A000211","In-migrants","Persons","249","units","0","v509044","3.1","493","","","","0"
"1983-01","Prince Edward Island","2021A000211","Out-migrants","Persons","249","units","0","v509059","3.2","384","","","","0"
"1983-01","Nova Scotia","2021A000212","In-migrants","Persons","249","units","0","v509045","4.1","3108","","","","0"
"1983-01","Nova Scotia","2021A000212","Out-migrants","Persons","249","units","0","v509060","4.2","2513","","","","0"
"1983-01","New Brunswick","2021A000213","In-migrants","Persons","249","units","0","v509046","5.1","2474","","","","0"
"1983-01","New Brunswick","2021A000213","Out-migrants","Persons","249","units","0","v509061","5.2","1898","","","","0"
"1983-01","Quebec","2021A000224","In-migrants","Persons","249","units","0","v509047","6.1","4085","","","","0"
"1983-01","Quebec","2021A000224","Out-migrants","Persons","249","units","0","v509062","6.2","7253","","","","0"
"1983-01","Ontario","2021A000235","In-migrants","Persons","249","units","0","v509048","7.1","16500","","","","0"
"1983-01","Ontario","2021A000235","Out-migrants","Persons","249","units","0","v509063","7.2","10685","","","","0"
"1983-01","Manitoba","2021A000246","In-migrants","Persons","249","units","0","v509049","8.1","3311","","","","0"
"1983-01","Manitoba","2021A000246","Out-migrants","Persons","249","units","0","v509064","8.2","3026","","","","0"
"1983-01","Saskatchewan","2021A000247","In-migrants","Persons","249","units","0","v509050","9.1","3600","","","","0"
"1983-01","Saskatchewan","2021A000247","Out-migrants","Persons","249","units","0","v509065","9.2","3070","","","","0"
"1983-01","Alberta","2021A000248","In-migrants","Persons","249","units","0","v509051","10.1","10226","","","","0"
"1983-01","Alberta","2021A000248","Out-migrants","Persons","249","units","0","v509066","10.2","13664","","","","0"
"1983-01","British Columbia","2021A000259","In-migrants","Persons","249","units","0","v509039","11.1","7836","","","","0"
"1983-01","British Columbia","2021A000259","Out-migrants","Persons","249","units","0","v509054","11.2","8593","","","","0"
"1983-01","Yukon","2021A000260","In-migrants","Persons","249","units","0","v509040","12.1","234","","","","0"
"1983-01","Yukon","2021A000260","Out-migrants","Persons","249","units","0","v509055","12.2","535","","","","0"
"1983-01","Northwest Territories including Nunavut","","In-migrants","Persons","249","units","0","v509041","13.1","562","","","t","0"
"1983-01","Northwest Territories including Nunavut","","Out-migrants","Persons","249","units","0","v509056","13.2","738","","","t","0"
"1983-04","Canada","2021A000011124","In-migrants","Persons","249","units","0","v509037","1.1","71652","","","","0"
"1983-04","Canada","2021A000011124","Out-migrants","Persons","249","units","0","v509052","1.2","71652","","","","0"
"1983-04","Newfoundland and Labrador","2021A000210","In-migrants","Persons","249","units","0","v509038","2.1","2429","","","","0"
"1983-04","Newfoundland and Labrador","2021A000210","Out-migrants","Persons","249","units","0","v509053","2.2","1735","","","","0"
"1983-04","Prince Edward Island","2021A000211","In-migrants","Persons","249","units","0","v509044","3.1","876","","","","0"
"1983-04","Prince Edward Island","2021A000211","Out-migrants","Persons","249","units","0","v509059","3.2","483","","","","0"
"1983-04","Nova Scotia","2021A000212","In-migrants","Persons","249","units","0","v509045","4.1","4429","","","","0"
"1983-04","Nova Scotia","2021A000212","Out-migrants","Persons","249","units","0","v509060","4.2","3356","","","","0"
"1983-04","New Brunswick","2021A000213","In-migrants","Persons","249","units","0","v509046","5.1","3891","","","","0"
"1983-04","New Brunswick","2021A000213","Out-migrants","Persons","249","units","0","v509061","5.2","2435","","","","0"
"1983-04","Quebec","2021A000224","In-migrants","Persons","249","units","0","v509047","6.1","4886","","","","0"
"1983-04","Quebec","2021A000224","Out-migrants","Persons","249","units","0","v509062","6.2","10103","","","","0"
"1983-04","Ontario","2021A000235","In-migrants","Persons","249","units","0","v509048","7.1","18828","","","","0"
"1983-04","Ontario","2021A000235","Out-migrants","Persons","249","units","0","v509063","7.2","15403","","","","0"
"1983-04","Manitoba","2021A000246","In-migrants","Persons","249","units","0","v509049","8.1","4877","","","","0"
"1983-04","Manitoba","2021A000246","Out-migrants","Persons","249","units","0","v509064","8.2","4078","","","","0"
"1983-04","Saskatchewan","2021A000247","In-migrants","Persons","249","units","0","v509050","9.1","4946","","","","0"
"1983-04","Saskatchewan","2021A000247","Out-migrants","Persons","249","units","0","v509065","9.2","4141","","","","0"
"1983-04","Alberta","2021A000248","In-migrants","Persons","249","units","0","v509051","10.1","13785","","","","0"
"1983-04","Alberta","2021A000248","Out-migrants","Persons","249","units","0","v509066","10.2","17782","","","","0"
"1983-04","British Columbia","2021A000259","In-migrants","Persons","249","units","0","v509039","11.1","11463","","","","0"
"1983-04","British Columbia","2021A000259","Out-migrants","Persons","249","units","0","v509054","11.2","10596","","","","0"
"1983-04","Yukon","2021A000260","In-migrants","Persons","249","units","0","v509040","12.1","376","","","","0"
"1983-04","Yukon","2021A000260","Out-migrants","Persons","249","units","0","v509055","12.2","665","","","","0"
"1983-04","Northwest Territories including Nunavut","","In-migrants","Persons","249","units","0","v509041","13.1","866","","","t","0"
"1983-04","Northwest Territories including Nunavut","","Out-migrants","Persons","249","units","0","v509056","13.2","875","","","t","0"
"1983-07","Canada","2021A000011124","In-migrants","Persons","249","units","0","v509037","1.1","107663","","","","0"
"1983-07","Canada","2021A000011124","Out-migrants","Persons","249","units","0","v509052","1.2","107663","","","","0"
"1983-07","Newfoundland and Labrador","2021A000210","In-migrants","Persons","249","units","0","v509038","2.1","3084","","","","0"
"1983-07","Newfoundland and Labrador","2021A000210","Out-migrants","Persons","249","units","0","v509053","2.2","3527","","","","0"
"1983-07","Prince Edward Island","2021A000211","In-migrants","Persons","249","units","0","v509044","3.1","1465","","","","0"
"1983-07","Prince Edward Island","2021A000211","Out-migrants","Persons","249","units","0","v509059","3.2","1122","","","","0"
"1983-07","Nova Scotia","2021A000212","In-migrants","Persons","249","units","0","v509045","4.1","7923","","","","0"
"1983-07","Nova Scotia","2021A000212","Out-migrants","Persons","249","units","0","v509060","4.2","5788","","","","0"
"1983-07","New Brunswick","2021A000213","In-migrants","Persons","249","units","0","v509046","5.1","4868","","","","0"
"1983-07","New Brunswick","2021A000213","Out-migrants","Persons","249","units","0","v509061","5.2","4448","","","","0"
"1983-07","Quebec","2021A000224","In-migrants","Persons","249","units","0","v509047","6.1","8436","","","","0"
"1983-07","Quebec","2021A000224","Out-migrants","Persons","249","units","0","v509062","6.2","16568","","","","0"
"1983-07","Ontario","2021A000235","In-migrants","Persons","249","units","0","v509048","7.1","31032","","","","0"
"1983-07","Ontario","2021A000235","Out-migrants","Persons","249","units","0","v509063","7.2","22115","","","","0"
"1983-07","Manitoba","2021A000246","In-migrants","Persons","249","units","0","v509049","8.1","7639","","","","0"
"1983-07","Manitoba","2021A000246","Out-migrants","Persons","249","units","0","v509064","8.2","6762","","","","0"
"1983-07","Saskatchewan","2021A000247","In-migrants","Persons","249","units","0","v509050","9.1","7734","","","","0"
"1983-07","Saskatchewan","2021A000247","Out-migrants","Persons","249","units","0","v509065","9.2","6647","","","","0"
"1983-07","Alberta","2021A000248","In-migrants","Persons","249","units","0","v509051","10.1","16928","","","","0"
"1983-07","Alberta","2021A000248","Out-migrants","Persons","249","units","0","v509066","10.2","25164","","","","0"
"1983-07","British Columbia","2021A000259","In-migrants","Persons","249","units","0","v509039","11.1","16432","","","","0"
"1983-07","British Columbia","2021A000259","Out-migrants","Persons","249","units","0","v509054","11.2","13576","","","","0"
"1983-07","Yukon","2021A000260","In-migrants","Persons","249","units","0","v509040","12.1","667","","","","0"
"1983-07","Yukon","2021A000260","Out-migrants","Persons","249","units","0","v509055","12.2","740","","","","0"
"1983-07","Northwest Territories including Nunavut","","In-migrants","Persons","249","units","0","v509041","13.1","1455","","","t","0"
"1983-07","Northwest Territories including Nunavut","","Out-migrants","Persons","249","units","0","v509056","13.2","1206","","","t","0"
"1983-10","Canada","2021A000011124","In-migrants","Persons","249","units","0","v509037","1.1","58127","","","","0"
"1983-10","Canada","2021A000011124","Out-migrants","Persons","249","units","0","v509052","1.2","58127","","","","0"
"1983-10","Newfoundland and Labrador","2021A000210","In-migrants","Persons","249","units","0","v509038","2.1","1476","","","","0"
"1983-10","Newfoundland and Labrador","2021A000210","Out-migrants","Persons","249","units","0","v509053","2.2","1878","","","","0"
"1983-10","Prince Edward Island","2021A000211","In-migrants","Persons","249","units","0","v509044","3.1","648","","","","0"
"1983-10","Prince Edward Island","2021A000211","Out-migrants","Persons","249","units","0","v509059","3.2","545","","","","0"
"1983-10","Nova Scotia","2021A000212","In-migrants","Persons","249","units","0","v509045","4.1","3823","","","","0"
"1983-10","Nova Scotia","2021A000212","Out-migrants","Persons","249","units","0","v509060","4.2","3040","","","","0"
"1983-10","New Brunswick","2021A000213","In-migrants","Persons","249","units","0","v509046","5.1","2241","","","","0"
"1983-10","New Brunswick","2021A000213","Out-migrants","Persons","249","units","0","v509061","5.2","2171","","","","0"
"1983-10","Quebec","2021A000224","In-migrants","Persons","249","units","0","v509047","6.1","4080","","","","0"
"1983-10","Quebec","2021A000224","Out-migrants","Persons","249","units","0","v509062","6.2","8591","","","","0"
"1983-10","Ontario","2021A000235","In-migrants","Persons","249","units","0","v509048","7.1","20002","","","","0"
"1983-10","Ontario","2021A000235","Out-migrants","Persons","249","units","0","v509063","7.2","10238","","","","0"
"1983-10","Manitoba","2021A000246","In-migrants","Persons","249","units","0","v509049","8.1","3566","","","","0"
"1983-10","Manitoba","2021A000246","Out-migrants","Persons","249","units","0","v509064","8.2","3530","","","","0"
"1983-10","Saskatchewan","2021A000247","In-migrants","Persons","249","units","0","v509050","9.1","3569","","","","0"
"1983-10","Saskatchewan","2021A000247","Out-migrants","Persons","249","units","0","v509065","9.2","3475","","","","0"
"1983-10","Alberta","2021A000248","In-migrants","Persons","249","units","0","v509051","10.1","9393","","","","0"
"1983-10","Alberta","2021A000248","Out-migrants","Persons","249","units","0","v509066","10.2","15031","","","","0"
"1983-10","British Columbia","2021A000259","In-migrants","Persons","249","units","0","v509039","11.1","8403","","","","0"
"1983-10","British Columbia","2021A000259","Out-migrants","Persons","249","units","0","v509054","11.2","8369","","","","0"
"1983-10","Yukon","2021A000260","In-migrants","Persons","249","units","0","v509040","12.1","275","","","","0"
"1983-10","Yukon","2021A000260","Out-migrants","Persons","249","units","0","v509055","12.2","616","","","","0"
"1983-10","Northwest Territories including Nunavut","","In-migrants","Persons","249","units","0","v509041","13.1","651","","","t","0"
"1983-10","Northwest Territories including Nunavut","","Out-migrants","Persons","249","units","0","v509056","13.2","643","","","t","0"
"1984-01","Canada","2021A000011124","In-migrants","Persons","249","units","0","v509037","1.1","50392","","","","0"
"1984-01","Canada","2021A000011124","Out-migrants","Persons","249","units","0","v509052","1.2","50392","","","","0"
"1984-01","Newfoundland and Labrador","2021A000210","In-migrants","Persons","249","units","0","v509038","2.1","1059","","","","0"
"1984-01","Newfoundland and Labrador","2021A000210","Out-migrants","Persons","249","units","0","v509053","2.2","1582","","","","0"
"1984-01","Prince Edward Island","2021A000211","In-migrants","Persons","249","units","0","v509044","3.1","497","","","","0"
"1984-01","Prince Edward Island","2021A000211","Out-migrants","Persons","249","units","0","v509059","3.2","351","","","","0"
"1984-01","Nova Scotia","2021A000212","In-migrants","Persons","249","units","0","v509045","4.1","3114","","","","0"
"1984-01","Nova Scotia","2021A000212","Out-migrants","Persons","249","units","0","v509060","4.2","2381","","","","0"
"1984-01","New Brunswick","2021A000213","In-migrants","Persons","249","units","0","v509046","5.1","2073","","","","0"
"1984-01","New Brunswick","2021A000213","Out-migrants","Persons","249","units","0","v509061","5.2","1751","","","","0"
"1984-01","Quebec","2021A000224","In-migrants","Persons","249","units","0","v509047","6.1","4305","","","","0"
"1984-01","Quebec","2021A000224","Out-migrants","Persons","249","units","0","v509062","6.2","6650","","","","0"
"1984-01","Ontario","2021A000235","In-migrants","Persons","249","units","0","v509048","7.1","16442","","","","0"
"1984-01","Ontario","2021A000235","Out-migrants","Persons","249","units","0","v509063","7.2","9428","","","","0"
"1984-01","Manitoba","2021A000246","In-migrants","Persons","249","units","0","v509049","8.1","3035","","","","0"
"1984-01","Manitoba","2021A000246","Out-migrants","Persons","249","units","0","v509064","8.2","2884","","","","0"
"1984-01","Saskatchewan","2021A000247","In-migrants","Persons","249","units","0","v509050","9.1","3293","","","","0"
"1984-01","Saskatchewan","2021A000247","Out-migrants","Persons","249","units","0","v509065","9.2","3017","","","","0"
"1984-01","Alberta","2021A000248","In-migrants","Persons","249","units","0","v509051","10.1","7781","","","","0"
"1984-01","Alberta","2021A000248","Out-migrants","Persons","249","units","0","v509066","10.2","14075","","","","0"
"1984-01","British Columbia","2021A000259","In-migrants","Persons","249","units","0","v509039","11.1","7914","","","","0"
"1984-01","British Columbia","2021A000259","Out-migrants","Persons","249","units","0","v509054","11.2","7141","","","","0"
"1984-01","Yukon","2021A000260","In-migrants","Persons","249","units","0","v509040","12.1","313","","","","0"
"1984-01","Yukon","2021A000260","Out-migrants","Persons","249","units","0","v509055","12.2","416","","","","0"
"1984-01","Northwest Territories including Nunavut","","In-migrants","Persons","249","units","0","v509041","13.1","566","","","t","0"
"1984-01","Northwest Territories including Nunavut","","Out-migrants","Persons","249","units","0","v509056","13.2","716","","","t","0"
"1984-04","Canada","2021A000011124","In-migrants","Persons","249","units","0","v509037","1.1","63190","","","","0"
"1984-04","Canada","2021A000011124","Out-migrants","Persons","249","units","0","v509052","1.2","63190","","","","0"
"1984-04","Newfoundland and Labrador","2021A000210","In-migrants","Persons","249","units","0","v509038","2.1","1134","","","","0"
"1984-04","Newfoundland and Labrador","2021A000210","Out-migrants","Persons","249","units","0","v509053","2.2","1792","","","","0"
"1984-04","Prince Edward Island","2021A000211","In-migrants","Persons","249","units","0","v509044","3.1","609","","","","0"
"1984-04","Prince Edward Island","2021A000211","Out-migrants","Persons","249","units","0","v509059","3.2","404","","","","0"
"1984-04","Nova Scotia","2021A000212","In-migrants","Persons","249","units","0","v509045","4.1","3164","","","","0"
"1984-04","Nova Scotia","2021A000212","Out-migrants","Persons","249","units","0","v509060","4.2","3011","","","","0"
"1984-04","New Brunswick","2021A000213","In-migrants","Persons","249","units","0","v509046","5.1","3268","","","","0"
"1984-04","New Brunswick","2021A000213","Out-migrants","Persons","249","units","0","v509061","5.2","2288","","","","0"
"1984-04","Quebec","2021A000224","In-migrants","Persons","249","units","0","v509047","6.1","6210","","","","0"
"1984-04","Quebec","2021A000224","Out-migrants","Persons","249","units","0","v509062","6.2","8639","","","","0"
"1984-04","Ontario","2021A000235","In-migrants","Persons","249","units","0","v509048","7.1","21526","","","","0"
"1984-04","Ontario","2021A000235","Out-migrants","Persons","249","units","0","v509063","7.2","10821","","","","0"
"1984-04","Manitoba","2021A000246","In-migrants","Persons","249","units","0","v509049","8.1","3491","","","","0"
"1984-04","Manitoba","2021A000246","Out-migrants","Persons","249","units","0","v509064","8.2","4216","","","","0"
"1984-04","Saskatchewan","2021A000247","In-migrants","Persons","249","units","0","v509050","9.1","4305","","","","0"
"1984-04","Saskatchewan","2021A000247","Out-migrants","Persons","249","units","0","v509065","9.2","3629","","","","0"
"1984-04","Alberta","2021A000248","In-migrants","Persons","249","units","0","v509051","10.1","7024","","","","0"
"1984-04","Alberta","2021A000248","Out-migrants","Persons","249","units","0","v509066","10.2","18842","","","","0"
"1984-04","British Columbia","2021A000259","In-migrants","Persons","249","units","0","v509039","11.1","11339","","","","0"
"1984-04","British Columbia","2021A000259","Out-migrants","Persons","249","units","0","v509054","11.2","8366","","","","0"
"1984-04","Yukon","2021A000260","In-migrants","Persons","249","units","0","v509040","12.1","431","","","","0"
"1984-04","Yukon","2021A000260","Out-migrants","Persons","249","units","0","v509055","12.2","349","","","","0"
"1984-04","Northwest Territories including Nunavut","","In-migrants","Persons","249","units","0","v509041","13.1","689","","","t","0"
"1984-04","Northwest Territories including Nunavut","","Out-migrants","Persons","249","units","0","v509056","13.2","833","","","t","0"
"1984-07","Canada","2021A000011124","In-migrants","Persons","249","units","0","v509037","1.1","103696","","","","0"
"1984-07","Canada","2021A000011124","Out-migrants","Persons","249","units","0","v509052","1.2","103696","","","","0"
"1984-07","Newfoundland and Labrador","2021A000210","In-migrants","Persons","249","units","0","v509038","2.1","2178","","","","0"
"1984-07","Newfoundland and Labrador","2021A000210","Out-migrants","Persons","249","units","0","v509053","2.2","3720","","","","0"
"1984-07","Prince Edward Island","2021A000211","In-migrants","Persons","249","units","0","v509044","3.1","1278","","","","0"
"1984-07","Prince Edward Island","2021A000211","Out-migrants","Persons","249","units","0","v509059","3.2","1210","","","","0"
"1984-07","Nova Scotia","2021A000212","In-migrants","Persons","249","units","0","v509045","4.1","7926","","","","0"
"1984-07","Nova Scotia","2021A000212","Out-migrants","Persons","249","units","0","v509060","4.2","5815","","","","0"
"1984-07","New Brunswick","2021A000213","In-migrants","Persons","249","units","0","v509046","5.1","4566","","","","0"
"1984-07","New Brunswick","2021A000213","Out-migrants","Persons","249","units","0","v509061","5.2","4702","","","","0"
"1984-07","Quebec","2021A000224","In-migrants","Persons","249","units","0","v509047","6.1","10275","","","","0"
"1984-07","Quebec","2021A000224","Out-migrants","Persons","249","units","0","v509062","6.2","14115","","","","0"
"1984-07","Ontario","2021A000235","In-migrants","Persons","249","units","0","v509048","7.1","34147","","","","0"
"1984-07","Ontario","2021A000235","Out-migrants","Persons","249","units","0","v509063","7.2","20653","","","","0"
"1984-07","Manitoba","2021A000246","In-migrants","Persons","249","units","0","v509049","8.1","6484","","","","0"
"1984-07","Manitoba","2021A000246","Out-migrants","Persons","249","units","0","v509064","8.2","6425","","","","0"
"1984-07","Saskatchewan","2021A000247","In-migrants","Persons","249","units","0","v509050","9.1","6558","","","","0"
"1984-07","Saskatchewan","2021A000247","Out-migrants","Persons","249","units","0","v509065","9.2","5762","","","","0"
"1984-07","Alberta","2021A000248","In-migrants","Persons","249","units","0","v509051","10.1","13448","","","","0"
"1984-07","Alberta","2021A000248","Out-migrants","Persons","249","units","0","v509066","10.2","25466","","","","0"
"1984-07","British Columbia","2021A000259","In-migrants","Persons","249","units","0","v509039","11.1","14912","","","","0"
"1984-07","British Columbia","2021A000259","Out-migrants","Persons","249","units","0","v509054","11.2","14059","","","","0"
"1984-07","Yukon","2021A000260","In-migrants","Persons","249","units","0","v509040","12.1","596","","","","0"
"1984-07","Yukon","2021A000260","Out-migrants","Persons","249","units","0","v509055","12.2","539","","","","0"
"1984-07","Northwest Territories including Nunavut","","In-migrants","Persons","249","units","0","v509041","13.1","1328","","","t","0"
"1984-07","Northwest Territories including Nunavut","","Out-migrants","Persons","249","units","0","v509056","13.2","1230","","","t","0"
"1984-10","Canada","2021A000011124","In-migrants","Persons","249","units","0","v509037","1.1","58431","","","","0"
"1984-10","Canada","2021A000011124","Out-migrants","Persons","249","units","0","v509052","1.2","58431","","","","0"
"1984-10","Newfoundland and Labrador","2021A000210","In-migrants","Persons","249","units","0","v509038","2.1","1439","","","","0"
"1984-10","Newfoundland and Labrador","2021A000210","Out-migrants","Persons","249","units","0","v509053","2.2","2164","","","","0"
"1984-10","Prince Edward Island","2021A000211","In-migrants","Persons","249","units","0","v509044","3.1","800","","","","0"
"1984-10","Prince Edward Island","2021A000211","Out-migrants","Persons","249","units","0","v509059","3.2","547","","","","0"
"1984-10","Nova Scotia","2021A000212","In-migrants","Persons","249","units","0","v509045","4.1","3618","","","","0"
"1984-10","Nova Scotia","2021A000212","Out-migrants","Persons","249","units","0","v509060","4.2","3223","","","","0"
"1984-10","New Brunswick","2021A000213","In-migrants","Persons","249","units","0","v509046","5.1","2103","","","","0"
"1984-10","New Brunswick","2021A000213","Out-migrants","Persons","249","units","0","v509061","5.2","2416","","","","0"
"1984-10","Quebec","2021A000224","In-migrants","Persons","249","units","0","v509047","6.1","4236","","","","0"
"1984-10","Quebec","2021A000224","Out-migrants","Persons","249","units","0","v509062","6.2","6797","","","","0"
"1984-10","Ontario","2021A000235","In-migrants","Persons","249","units","0","v509048","7.1","16812","","","","0"
"1984-10","Ontario","2021A000235","Out-migrants","Persons","249","units","0","v509063","7.2","12040","","","","0"
"1984-10","Manitoba","2021A000246","In-migrants","Persons","249","units","0","v509049","8.1","4519","","","","0"
"1984-10","Manitoba","2021A000246","Out-migrants","Persons","249","units","0","v509064","8.2","3565","","","","0"
"1984-10","Saskatchewan","2021A000247","In-migrants","Persons","249","units","0","v509050","9.1","3369","","","","0"
"1984-10","Saskatchewan","2021A000247","Out-migrants","Persons","249","units","0","v509065","9.2","4365","","","","0"
"1984-10","Alberta","2021A000248","In-migrants","Persons","249","units","0","v509051","10.1","11685","","","","0"
"1984-10","Alberta","2021A000248","Out-migrants","Persons","249","units","0","v509066","10.2","12863","","","","0"
"1984-10","British Columbia","2021A000259","In-migrants","Persons","249","units","0","v509039","11.1","8488","","","","0"
"1984-10","British Columbia","2021A000259","Out-migrants","Persons","249","units","0","v509054","11.2","9220","","","","0"
"1984-10","Yukon","2021A000260","In-migrants","Persons","249","units","0","v509040","12.1","353","","","","0"
"1984-10","Yukon","2021A000260","Out-migrants","Persons","249","units","0","v509055","12.2","465","","","","0"
"1984-10","Northwest Territories including Nunavut","","In-migrants","Persons","249","units","0","v509041","13.1","1009","","","t","0"
"1984-10","Northwest Territories including Nunavut","","Out-migrants","Persons","249","units","0","v509056","13.2","766","","","t","0"
"1985-01","Canada","2021A000011124","In-migrants","Persons","249","units","0","v509037","1.1","46362","","","","0"
"1985-01","Canada","2021A000011124","Out-migrants","Persons","249","units","0","v509052","1.2","46362","","","","0"
"1985-01","Newfoundland and Labrador","2021A000210","In-migrants","Persons","249","units","0","v509038","2.1","1189","","","","0"
"1985-01","Newfoundland and Labrador","2021A000210","Out-migrants","Persons","249","units","0","v509053","2.2","1571","","","","0"
"1985-01","Prince Edward Island","2021A000211","In-migrants","Persons","249","units","0","v509044","3.1","405","","","","0"
"1985-01","Prince Edward Island","2021A000211","Out-migrants","Persons","249","units","0","v509059","3.2","423","","","","0"
"1985-01","Nova Scotia","2021A000212","In-migrants","Persons","249","units","0","v509045","4.1","2811","","","","0"
"1985-01","Nova Scotia","2021A000212","Out-migrants","Persons","249","units","0","v509060","4.2","2464","","","","0"
"1985-01","New Brunswick","2021A000213","In-migrants","Persons","249","units","0","v509046","5.1","1543","","","","0"
"1985-01","New Brunswick","2021A000213","Out-migrants","Persons","249","units","0","v509061","5.2","1913","","","","0"
"1985-01","Quebec","2021A000224","In-migrants","Persons","249","units","0","v509047","6.1","4259","","","","0"
"1985-01","Quebec","2021A000224","Out-migrants","Persons","249","units","0","v509062","6.2","4303","","","","0"
"1985-01","Ontario","2021A000235","In-migrants","Persons","249","units","0","v509048","7.1","13947","","","","0"
"1985-01","Ontario","2021A000235","Out-migrants","Persons","249","units","0","v509063","7.2","9053","","","","0"
"1985-01","Manitoba","2021A000246","In-migrants","Persons","249","units","0","v509049","8.1","2961","","","","0"
"1985-01","Manitoba","2021A000246","Out-migrants","Persons","249","units","0","v509064","8.2","2960","","","","0"
"1985-01","Saskatchewan","2021A000247","In-migrants","Persons","249","units","0","v509050","9.1","2681","","","","0"
"1985-01","Saskatchewan","2021A000247","Out-migrants","Persons","249","units","0","v509065","9.2","3673","","","","0"
"1985-01","Alberta","2021A000248","In-migrants","Persons","249","units","0","v509051","10.1","8882","","","","0"
"1985-01","Alberta","2021A000248","Out-migrants","Persons","249","units","0","v509066","10.2","10760","","","","0"
"1985-01","British Columbia","2021A000259","In-migrants","Persons","249","units","0","v509039","11.1","6638","","","","0"
"1985-01","British Columbia","2021A000259","Out-migrants","Persons","249","units","0","v509054","11.2","8200","","","","0"
"1985-01","Yukon","2021A000260","In-migrants","Persons","249","units","0","v509040","12.1","276","","","","0"
"1985-01","Yukon","2021A000260","Out-migrants","Persons","249","units","0","v509055","12.2","381","","","","0"
"1985-01","Northwest Territories including Nunavut","","In-migrants","Persons","249","units","0","v509041","13.1","770","","","t","0"
"1985-01","Northwest Territories including Nunavut","","Out-migrants","Persons","249","units","0","v509056","13.2","661","","","t","0"
"1985-04","Canada","2021A000011124","In-migrants","Persons","249","units","0","v509037","1.1","62076","","","","0"
"1985-04","Canada","2021A000011124","Out-migrants","Persons","249","units","0","v509052","1.2","62076","","","","0"
"1985-04","Newfoundland and Labrador","2021A000210","In-migrants","Persons","249","units","0","v509038","2.1","1183","","","","0"
"1985-04","Newfoundland and Labrador","2021A000210","Out-migrants","Persons","249","units","0","v509053","2.2","1979","","","","0"
"1985-04","Prince Edward Island","2021A000211","In-migrants","Persons","249","units","0","v509044","3.1","421","","","","0"
"1985-04","Prince Edward Island","2021A000211","Out-migrants","Persons","249","units","0","v509059","3.2","474","","","","0"
"1985-04","Nova Scotia","2021A000212","In-migrants","Persons","249","units","0","v509045","4.1","2898","","","","0"
"1985-04","Nova Scotia","2021A000212","Out-migrants","Persons","249","units","0","v509060","4.2","3194","","","","0"
"1985-04","New Brunswick","2021A000213","In-migrants","Persons","249","units","0","v509046","5.1","2759","","","","0"
"1985-04","New Brunswick","2021A000213","Out-migrants","Persons","249","units","0","v509061","5.2","2618","","","","0"
"1985-04","Quebec","2021A000224","In-migrants","Persons","249","units","0","v509047","6.1","6213","","","","0"
"1985-04","Quebec","2021A000224","Out-migrants","Persons","249","units","0","v509062","6.2","7788","","","","0"
"1985-04","Ontario","2021A000235","In-migrants","Persons","249","units","0","v509048","7.1","21818","","","","0"
"1985-04","Ontario","2021A000235","Out-migrants","Persons","249","units","0","v509063","7.2","11093","","","","0"
"1985-04","Manitoba","2021A000246","In-migrants","Persons","249","units","0","v509049","8.1","3018","","","","0"
"1985-04","Manitoba","2021A000246","Out-migrants","Persons","249","units","0","v509064","8.2","4627","","","","0"
"1985-04","Saskatchewan","2021A000247","In-migrants","Persons","249","units","0","v509050","9.1","3780","","","","0"
"1985-04","Saskatchewan","2021A000247","Out-migrants","Persons","249","units","0","v509065","9.2","4013","","","","0"
"1985-04","Alberta","2021A000248","In-migrants","Persons","249","units","0","v509051","10.1","8893","","","","0"
"1985-04","Alberta","2021A000248","Out-migrants","Persons","249","units","0","v509066","10.2","14590","","","","0"
"1985-04","British Columbia","2021A000259","In-migrants","Persons","249","units","0","v509039","11.1","10082","","","","0"
"1985-04","British Columbia","2021A000259","Out-migrants","Persons","249","units","0","v509054","11.2","10610","","","","0"
"1985-04","Yukon","2021A000260","In-migrants","Persons","249","units","0","v509040","12.1","291","","","","0"
"1985-04","Yukon","2021A000260","Out-migrants","Persons","249","units","0","v509055","12.2","354","","","","0"
"1985-04","Northwest Territories including Nunavut","","In-migrants","Persons","249","units","0","v509041","13.1","720","","","t","0"
"1985-04","Northwest Territories including Nunavut","","Out-migrants","Persons","249","units","0","v509056","13.2","736","","","t","0"
"1985-07","Canada","2021A000011124","In-migrants","Persons","249","units","0","v509037","1.1","108272","","","","0"
"1985-07","Canada","2021A000011124","Out-migrants","Persons","249","units","0","v509052","1.2","108272","","","","0"
"1985-07","Newfoundland and Labrador","2021A000210","In-migrants","Persons","249","units","0","v509038","2.1","2153","","","","0"
"1985-07","Newfoundland and Labrador","2021A000210","Out-migrants","Persons","249","units","0","v509053","2.2","4445","","","","0"
"1985-07","Prince Edward Island","2021A000211","In-migrants","Persons","249","units","0","v509044","3.1","1269","","","","0"
"1985-07","Prince Edward Island","2021A000211","Out-migrants","Persons","249","units","0","v509059","3.2","1300","","","","0"
"1985-07","Nova Scotia","2021A000212","In-migrants","Persons","249","units","0","v509045","4.1","7146","","","","0"
"1985-07","Nova Scotia","2021A000212","Out-migrants","Persons","249","units","0","v509060","4.2","7018","","","","0"
"1985-07","New Brunswick","2021A000213","In-migrants","Persons","249","units","0","v509046","5.1","5063","","","","0"
"1985-07","New Brunswick","2021A000213","Out-migrants","Persons","249","units","0","v509061","5.2","5460","","","","0"
"1985-07","Quebec","2021A000224","In-migrants","Persons","249","units","0","v509047","6.1","10482","","","","0"
"1985-07","Quebec","2021A000224","Out-migrants","Persons","249","units","0","v509062","6.2","13557","","","","0"
"1985-07","Ontario","2021A000235","In-migrants","Persons","249","units","0","v509048","7.1","34998","","","","0"
"1985-07","Ontario","2021A000235","Out-migrants","Persons","249","units","0","v509063","7.2","21434","","","","0"
"1985-07","Manitoba","2021A000246","In-migrants","Persons","249","units","0","v509049","8.1","6564","","","","0"
"1985-07","Manitoba","2021A000246","Out-migrants","Persons","249","units","0","v509064","8.2","7122","","","","0"
"1985-07","Saskatchewan","2021A000247","In-migrants","Persons","249","units","0","v509050","9.1","6296","","","","0"
"1985-07","Saskatchewan","2021A000247","Out-migrants","Persons","249","units","0","v509065","9.2","7014","","","","0"
"1985-07","Alberta","2021A000248","In-migrants","Persons","249","units","0","v509051","10.1","16532","","","","0"
"1985-07","Alberta","2021A000248","Out-migrants","Persons","249","units","0","v509066","10.2","22963","","","","0"
"1985-07","British Columbia","2021A000259","In-migrants","Persons","249","units","0","v509039","11.1","16006","","","","0"
"1985-07","British Columbia","2021A000259","Out-migrants","Persons","249","units","0","v509054","11.2","15811","","","","0"
"1985-07","Yukon","2021A000260","In-migrants","Persons","249","units","0","v509040","12.1","601","","","","0"
"1985-07","Yukon","2021A000260","Out-migrants","Persons","249","units","0","v509055","12.2","659","","","","0"
"1985-07","Northwest Territories including Nunavut","","In-migrants","Persons","249","units","0","v509041","13.1","1162","","","t","0"
"1985-07","Northwest Territories including Nunavut","","Out-migrants","Persons","249","units","0","v509056","13.2","1489","","","t","0"
"1985-10","Canada","2021A000011124","In-migrants","Persons","249","units","0","v509037","1.1","62251","","","","0"
"1985-10","Canada","2021A000011124","Out-migrants","Persons","249","units","0","v509052","1.2","62251","","","","0"
"1985-10","Newfoundland and Labrador","2021A000210","In-migrants","Persons","249","units","0","v509038","2.1","1444","","","","0"
"1985-10","Newfoundland and Labrador","2021A000210","Out-migrants","Persons","249","units","0","v509053","2.2","2600","","","","0"
"1985-10","Prince Edward Island","2021A000211","In-migrants","Persons","249","units","0","v509044","3.1","777","","","","0"
"1985-10","Prince Edward Island","2021A000211","Out-migrants","Persons","249","units","0","v509059","3.2","581","","","","0"
"1985-10","Nova Scotia","2021A000212","In-migrants","Persons","249","units","0","v509045","4.1","3320","","","","0"
"1985-10","Nova Scotia","2021A000212","Out-migrants","Persons","249","units","0","v509060","4.2","3915","","","","0"
"1985-10","New Brunswick","2021A000213","In-migrants","Persons","249","units","0","v509046","5.1","2322","","","","0"
"1985-10","New Brunswick","2021A000213","Out-migrants","Persons","249","units","0","v509061","5.2","2806","","","","0"
"1985-10","Quebec","2021A000224","In-migrants","Persons","249","units","0","v509047","6.1","4347","","","","0"
"1985-10","Quebec","2021A000224","Out-migrants","Persons","249","units","0","v509062","6.2","6529","","","","0"
"1985-10","Ontario","2021A000235","In-migrants","Persons","249","units","0","v509048","7.1","17305","","","","0"
"1985-10","Ontario","2021A000235","Out-migrants","Persons","249","units","0","v509063","7.2","12527","","","","0"
"1985-10","Manitoba","2021A000246","In-migrants","Persons","249","units","0","v509049","8.1","4600","","","","0"
"1985-10","Manitoba","2021A000246","Out-migrants","Persons","249","units","0","v509064","8.2","3989","","","","0"
"1985-10","Saskatchewan","2021A000247","In-migrants","Persons","249","units","0","v509050","9.1","3217","","","","0"
"1985-10","Saskatchewan","2021A000247","Out-migrants","Persons","249","units","0","v509065","9.2","5399","","","","0"
"1985-10","Alberta","2021A000248","In-migrants","Persons","249","units","0","v509051","10.1","14490","","","","0"
"1985-10","Alberta","2021A000248","Out-migrants","Persons","249","units","0","v509066","10.2","11674","","","","0"
"1985-10","British Columbia","2021A000259","In-migrants","Persons","249","units","0","v509039","11.1","9175","","","","0"
"1985-10","British Columbia","2021A000259","Out-migrants","Persons","249","units","0","v509054","11.2","10710","","","","0"
"1985-10","Yukon","2021A000260","In-migrants","Persons","249","units","0","v509040","12.1","373","","","","0"
"1985-10","Yukon","2021A000260","Out-migrants","Persons","249","units","0","v509055","12.2","587","","","","0"
"1985-10","Northwest Territories including Nunavut","","In-migrants","Persons","249","units","0","v509041","13.1","881","","","t","0"
"1985-10","Northwest Territories including Nunavut","","Out-migrants","Persons","249","units","0","v509056","13.2","934","","","t","0"
"1986-01","Canada","2021A000011124","In-migrants","Persons","249","units","0","v509037","1.1","49391","","","","0"
"1986-01","Canada","2021A000011124","Out-migrants","Persons","249","units","0","v509052","1.2","49391","","","","0"
"1986-01","Newfoundland and Labrador","2021A000210","In-migrants","Persons","249","units","0","v509038","2.1","1150","","","","0"
"1986-01","Newfoundland and Labrador","2021A000210","Out-migrants","Persons","249","units","0","v509053","2.2","1894","","","","0"
"1986-01","Prince Edward Island","2021A000211","In-migrants","Persons","249","units","0","v509044","3.1","407","","","","0"
"1986-01","Prince Edward Island","2021A000211","Out-migrants","Persons","249","units","0","v509059","3.2","450","","","","0"
"1986-01","Nova Scotia","2021A000212","In-migrants","Persons","249","units","0","v509045","4.1","2552","","","","0"
"1986-01","Nova Scotia","2021A000212","Out-migrants","Persons","249","units","0","v509060","4.2","2971","","","","0"
"1986-01","New Brunswick","2021A000213","In-migrants","Persons","249","units","0","v509046","5.1","1684","","","","0"
"1986-01","New Brunswick","2021A000213","Out-migrants","Persons","249","units","0","v509061","5.2","2197","","","","0"
"1986-01","Quebec","2021A000224","In-migrants","Persons","249","units","0","v509047","6.1","4343","","","","0"
"1986-01","Quebec","2021A000224","Out-migrants","Persons","249","units","0","v509062","6.2","4129","","","","0"
"1986-01","Ontario","2021A000235","In-migrants","Persons","249","units","0","v509048","7.1","14498","","","","0"
"1986-01","Ontario","2021A000235","Out-migrants","Persons","249","units","0","v509063","7.2","9422","","","","0"
"1986-01","Manitoba","2021A000246","In-migrants","Persons","249","units","0","v509049","8.1","3023","","","","0"
"1986-01","Manitoba","2021A000246","Out-migrants","Persons","249","units","0","v509064","8.2","3305","","","","0"
"1986-01","Saskatchewan","2021A000247","In-migrants","Persons","249","units","0","v509050","9.1","2545","","","","0"
"1986-01","Saskatchewan","2021A000247","Out-migrants","Persons","249","units","0","v509065","9.2","4555","","","","0"
"1986-01","Alberta","2021A000248","In-migrants","Persons","249","units","0","v509051","10.1","11081","","","","0"
"1986-01","Alberta","2021A000248","Out-migrants","Persons","249","units","0","v509066","10.2","9743","","","","0"
"1986-01","British Columbia","2021A000259","In-migrants","Persons","249","units","0","v509039","11.1","7165","","","","0"
"1986-01","British Columbia","2021A000259","Out-migrants","Persons","249","units","0","v509054","11.2","9481","","","","0"
"1986-01","Yukon","2021A000260","In-migrants","Persons","249","units","0","v509040","12.1","282","","","","0"
"1986-01","Yukon","2021A000260","Out-migrants","Persons","249","units","0","v509055","12.2","435","","","","0"
"1986-01","Northwest Territories including Nunavut","","In-migrants","Persons","249","units","0","v509041","13.1","661","","","t","0"
"1986-01","Northwest Territories including Nunavut","","Out-migrants","Persons","249","units","0","v509056","13.2","809","","","t","0"
"1986-04","Canada","2021A000011124","In-migrants","Persons","249","units","0","v509037","1.1","67346","","","","0"
"1986-04","Canada","2021A000011124","Out-migrants","Persons","249","units","0","v509052","1.2","67346","","","","0"
"1986-04","Newfoundland and Labrador","2021A000210","In-migrants","Persons","249","units","0","v509038","2.1","1183","","","","0"
"1986-04","Newfoundland and Labrador","2021A000210","Out-migrants","Persons","249","units","0","v509053","2.2","2707","","","","0"
"1986-04","Prince Edward Island","2021A000211","In-migrants","Persons","249","units","0","v509044","3.1","377","","","","0"
"1986-04","Prince Edward Island","2021A000211","Out-migrants","Persons","249","units","0","v509059","3.2","575","","","","0"
"1986-04","Nova Scotia","2021A000212","In-migrants","Persons","249","units","0","v509045","4.1","3467","","","","0"
"1986-04","Nova Scotia","2021A000212","Out-migrants","Persons","249","units","0","v509060","4.2","3902","","","","0"
"1986-04","New Brunswick","2021A000213","In-migrants","Persons","249","units","0","v509046","5.1","2639","","","","0"
"1986-04","New Brunswick","2021A000213","Out-migrants","Persons","249","units","0","v509061","5.2","3136","","","","0"
"1986-04","Quebec","2021A000224","In-migrants","Persons","249","units","0","v509047","6.1","6443","","","","0"
"1986-04","Quebec","2021A000224","Out-migrants","Persons","249","units","0","v509062","6.2","6749","","","","0"
"1986-04","Ontario","2021A000235","In-migrants","Persons","249","units","0","v509048","7.1","22596","","","","0"
"1986-04","Ontario","2021A000235","Out-migrants","Persons","249","units","0","v509063","7.2","12452","","","","0"
"1986-04","Manitoba","2021A000246","In-migrants","Persons","249","units","0","v509049","8.1","3123","","","","0"
"1986-04","Manitoba","2021A000246","Out-migrants","Persons","249","units","0","v509064","8.2","5191","","","","0"
"1986-04","Saskatchewan","2021A000247","In-migrants","Persons","249","units","0","v509050","9.1","3433","","","","0"
"1986-04","Saskatchewan","2021A000247","Out-migrants","Persons","249","units","0","v509065","9.2","5462","","","","0"
"1986-04","Alberta","2021A000248","In-migrants","Persons","249","units","0","v509051","10.1","11928","","","","0"
"1986-04","Alberta","2021A000248","Out-migrants","Persons","249","units","0","v509066","10.2","13482","","","","0"
"1986-04","British Columbia","2021A000259","In-migrants","Persons","249","units","0","v509039","11.1","11274","","","","0"
"1986-04","British Columbia","2021A000259","Out-migrants","Persons","249","units","0","v509054","11.2","12119","","","","0"
"1986-04","Yukon","2021A000260","In-migrants","Persons","249","units","0","v509040","12.1","358","","","","0"
"1986-04","Yukon","2021A000260","Out-migrants","Persons","249","units","0","v509055","12.2","478","","","","0"
"1986-04","Northwest Territories including Nunavut","","In-migrants","Persons","249","units","0","v509041","13.1","525","","","t","0"
"1986-04","Northwest Territories including Nunavut","","Out-migrants","Persons","249","units","0","v509056","13.2","1093","","","t","0"
"1986-07","Canada","2021A000011124","In-migrants","Persons","249","units","0","v509037","1.1","117961","","","","0"
"1986-07","Canada","2021A000011124","Out-migrants","Persons","249","units","0","v509052","1.2","117961","","","","0"
"1986-07","Newfoundland and Labrador","2021A000210","In-migrants","Persons","249","units","0","v509038","2.1","3224","","","","0"
"1986-07","Newfoundland and Labrador","2021A000210","Out-migrants","Persons","249","units","0","v509053","2.2","5001","","","","0"
"1986-07","Prince Edward Island","2021A000211","In-migrants","Persons","249","units","0","v509044","3.1","1077","","","","0"
"1986-07","Prince Edward Island","2021A000211","Out-migrants","Persons","249","units","0","v509059","3.2","1370","","","","0"
"1986-07","Nova Scotia","2021A000212","In-migrants","Persons","249","units","0","v509045","4.1","7358","","","","0"
"1986-07","Nova Scotia","2021A000212","Out-migrants","Persons","249","units","0","v509060","4.2","7149","","","","0"
"1986-07","New Brunswick","2021A000213","In-migrants","Persons","249","units","0","v509046","5.1","4733","","","","0"
"1986-07","New Brunswick","2021A000213","Out-migrants","Persons","249","units","0","v509061","5.2","5753","","","","0"
"1986-07","Quebec","2021A000224","In-migrants","Persons","249","units","0","v509047","6.1","11531","","","","0"
"1986-07","Quebec","2021A000224","Out-migrants","Persons","249","units","0","v509062","6.2","11760","","","","0"
"1986-07","Ontario","2021A000235","In-migrants","Persons","249","units","0","v509048","7.1","39702","","","","0"
"1986-07","Ontario","2021A000235","Out-migrants","Persons","249","units","0","v509063","7.2","23032","","","","0"
"1986-07","Manitoba","2021A000246","In-migrants","Persons","249","units","0","v509049","8.1","6628","","","","0"
"1986-07","Manitoba","2021A000246","Out-migrants","Persons","249","units","0","v509064","8.2","7857","","","","0"
"1986-07","Saskatchewan","2021A000247","In-migrants","Persons","249","units","0","v509050","9.1","6442","","","","0"
"1986-07","Saskatchewan","2021A000247","Out-migrants","Persons","249","units","0","v509065","9.2","8107","","","","0"
"1986-07","Alberta","2021A000248","In-migrants","Persons","249","units","0","v509051","10.1","15908","","","","0"
"1986-07","Alberta","2021A000248","Out-migrants","Persons","249","units","0","v509066","10.2","28879","","","","0"
"1986-07","British Columbia","2021A000259","In-migrants","Persons","249","units","0","v509039","11.1","19468","","","","0"
"1986-07","British Columbia","2021A000259","Out-migrants","Persons","249","units","0","v509054","11.2","16480","","","","0"
"1986-07","Yukon","2021A000260","In-migrants","Persons","249","units","0","v509040","12.1","853","","","","0"
"1986-07","Yukon","2021A000260","Out-migrants","Persons","249","units","0","v509055","12.2","662","","","","0"
"1986-07","Northwest Territories including Nunavut","","In-migrants","Persons","249","units","0","v509041","13.1","1037","","","t","0"
"1986-07","Northwest Territories including Nunavut","","Out-migrants","Persons","249","units","0","v509056","13.2","1911","","","t","0"
"1986-10","Canada","2021A000011124","In-migrants","Persons","249","units","0","v509037","1.1","64988","","","","0"
"1986-10","Canada","2021A000011124","Out-migrants","Persons","249","units","0","v509052","1.2","64988","","","","0"
"1986-10","Newfoundland and Labrador","2021A000210","In-migrants","Persons","249","units","0","v509038","2.1","2097","","","","0"
"1986-10","Newfoundland and Labrador","2021A000210","Out-migrants","Persons","249","units","0","v509053","2.2","2754","","","","0"
"1986-10","Prince Edward Island","2021A000211","In-migrants","Persons","249","units","0","v509044","3.1","666","","","","0"
"1986-10","Prince Edward Island","2021A000211","Out-migrants","Persons","249","units","0","v509059","3.2","571","","","","0"
"1986-10","Nova Scotia","2021A000212","In-migrants","Persons","249","units","0","v509045","4.1","2967","","","","0"
"1986-10","Nova Scotia","2021A000212","Out-migrants","Persons","249","units","0","v509060","4.2","3494","","","","0"
"1986-10","New Brunswick","2021A000213","In-migrants","Persons","249","units","0","v509046","5.1","2103","","","","0"
"1986-10","New Brunswick","2021A000213","Out-migrants","Persons","249","units","0","v509061","5.2","3026","","","","0"
"1986-10","Quebec","2021A000224","In-migrants","Persons","249","units","0","v509047","6.1","4115","","","","0"
"1986-10","Quebec","2021A000224","Out-migrants","Persons","249","units","0","v509062","6.2","6005","","","","0"
"1986-10","Ontario","2021A000235","In-migrants","Persons","249","units","0","v509048","7.1","21324","","","","0"
"1986-10","Ontario","2021A000235","Out-migrants","Persons","249","units","0","v509063","7.2","11824","","","","0"
"1986-10","Manitoba","2021A000246","In-migrants","Persons","249","units","0","v509049","8.1","4795","","","","0"
"1986-10","Manitoba","2021A000246","Out-migrants","Persons","249","units","0","v509064","8.2","4246","","","","0"
"1986-10","Saskatchewan","2021A000247","In-migrants","Persons","249","units","0","v509050","9.1","3388","","","","0"
"1986-10","Saskatchewan","2021A000247","Out-migrants","Persons","249","units","0","v509065","9.2","4743","","","","0"
"1986-10","Alberta","2021A000248","In-migrants","Persons","249","units","0","v509051","10.1","11762","","","","0"
"1986-10","Alberta","2021A000248","Out-migrants","Persons","249","units","0","v509066","10.2","15941","","","","0"
"1986-10","British Columbia","2021A000259","In-migrants","Persons","249","units","0","v509039","11.1","10237","","","","0"
"1986-10","British Columbia","2021A000259","Out-migrants","Persons","249","units","0","v509054","11.2","10836","","","","0"
"1986-10","Yukon","2021A000260","In-migrants","Persons","249","units","0","v509040","12.1","692","","","","0"
"1986-10","Yukon","2021A000260","Out-migrants","Persons","249","units","0","v509055","12.2","454","","","","0"
"1986-10","Northwest Territories including Nunavut","","In-migrants","Persons","249","units","0","v509041","13.1","842","","","t","0"
"1986-10","Northwest Territories including Nunavut","","Out-migrants","Persons","249","units","0","v509056","13.2","1094","","","t","0"
"1987-01","Canada","2021A000011124","In-migrants","Persons","249","units","0","v509037","1.1","50703","","","","0"
"1987-01","Canada","2021A000011124","Out-migrants","Persons","249","units","0","v509052","1.2","50703","","","","0"
"1987-01","Newfoundland and Labrador","2021A000210","In-migrants","Persons","249","units","0","v509038","2.1","1339","","","","0"
"1987-01","Newfoundland and Labrador","2021A000210","Out-migrants","Persons","249","units","0","v509053","2.2","1876","","","","0"
"1987-01","Prince Edward Island","2021A000211","In-migrants","Persons","249","units","0","v509044","3.1","457","","","","0"
"1987-01","Prince Edward Island","2021A000211","Out-migrants","Persons","249","units","0","v509059","3.2","336","","","","0"
"1987-01","Nova Scotia","2021A000212","In-migrants","Persons","249","units","0","v509045","4.1","2181","","","","0"
"1987-01","Nova Scotia","2021A000212","Out-migrants","Persons","249","units","0","v509060","4.2","2854","","","","0"
"1987-01","New Brunswick","2021A000213","In-migrants","Persons","249","units","0","v509046","5.1","1819","","","","0"
"1987-01","New Brunswick","2021A000213","Out-migrants","Persons","249","units","0","v509061","5.2","1802","","","","0"
"1987-01","Quebec","2021A000224","In-migrants","Persons","249","units","0","v509047","6.1","4023","","","","0"
"1987-01","Quebec","2021A000224","Out-migrants","Persons","249","units","0","v509062","6.2","4218","","","","0"
"1987-01","Ontario","2021A000235","In-migrants","Persons","249","units","0","v509048","7.1","15676","","","","0"
"1987-01","Ontario","2021A000235","Out-migrants","Persons","249","units","0","v509063","7.2","10359","","","","0"
"1987-01","Manitoba","2021A000246","In-migrants","Persons","249","units","0","v509049","8.1","3410","","","","0"
"1987-01","Manitoba","2021A000246","Out-migrants","Persons","249","units","0","v509064","8.2","3562","","","","0"
"1987-01","Saskatchewan","2021A000247","In-migrants","Persons","249","units","0","v509050","9.1","3093","","","","0"
"1987-01","Saskatchewan","2021A000247","Out-migrants","Persons","249","units","0","v509065","9.2","3814","","","","0"
"1987-01","Alberta","2021A000248","In-migrants","Persons","249","units","0","v509051","10.1","8831","","","","0"
"1987-01","Alberta","2021A000248","Out-migrants","Persons","249","units","0","v509066","10.2","12415","","","","0"
"1987-01","British Columbia","2021A000259","In-migrants","Persons","249","units","0","v509039","11.1","8716","","","","0"
"1987-01","British Columbia","2021A000259","Out-migrants","Persons","249","units","0","v509054","11.2","8252","","","","0"
"1987-01","Yukon","2021A000260","In-migrants","Persons","249","units","0","v509040","12.1","424","","","","0"
"1987-01","Yukon","2021A000260","Out-migrants","Persons","249","units","0","v509055","12.2","327","","","","0"
"1987-01","Northwest Territories including Nunavut","","In-migrants","Persons","249","units","0","v509041","13.1","734","","","t","0"
"1987-01","Northwest Territories including Nunavut","","Out-migrants","Persons","249","units","0","v509056","13.2","888","","","t","0"
"1987-04","Canada","2021A000011124","In-migrants","Persons","249","units","0","v509037","1.1","68950","","","","0"
"1987-04","Canada","2021A000011124","Out-migrants","Persons","249","units","0","v509052","1.2","68950","","","","0"
"1987-04","Newfoundland and Labrador","2021A000210","In-migrants","Persons","249","units","0","v509038","2.1","1364","","","","0"
"1987-04","Newfoundland and Labrador","2021A000210","Out-migrants","Persons","249","units","0","v509053","2.2","2816","","","","0"
"1987-04","Prince Edward Island","2021A000211","In-migrants","Persons","249","units","0","v509044","3.1","520","","","","0"
"1987-04","Prince Edward Island","2021A000211","Out-migrants","Persons","249","units","0","v509059","3.2","648","","","","0"
"1987-04","Nova Scotia","2021A000212","In-migrants","Persons","249","units","0","v509045","4.1","4220","","","","0"
"1987-04","Nova Scotia","2021A000212","Out-migrants","Persons","249","units","0","v509060","4.2","4170","","","","0"
"1987-04","New Brunswick","2021A000213","In-migrants","Persons","249","units","0","v509046","5.1","3198","","","","0"
"1987-04","New Brunswick","2021A000213","Out-migrants","Persons","249","units","0","v509061","5.2","3298","","","","0"
"1987-04","Quebec","2021A000224","In-migrants","Persons","249","units","0","v509047","6.1","5839","","","","0"
"1987-04","Quebec","2021A000224","Out-migrants","Persons","249","units","0","v509062","6.2","7254","","","","0"
"1987-04","Ontario","2021A000235","In-migrants","Persons","249","units","0","v509048","7.1","24341","","","","0"
"1987-04","Ontario","2021A000235","Out-migrants","Persons","249","units","0","v509063","7.2","13227","","","","0"
"1987-04","Manitoba","2021A000246","In-migrants","Persons","249","units","0","v509049","8.1","3011","","","","0"
"1987-04","Manitoba","2021A000246","Out-migrants","Persons","249","units","0","v509064","8.2","4938","","","","0"
"1987-04","Saskatchewan","2021A000247","In-migrants","Persons","249","units","0","v509050","9.1","3799","","","","0"
"1987-04","Saskatchewan","2021A000247","Out-migrants","Persons","249","units","0","v509065","9.2","5015","","","","0"
"1987-04","Alberta","2021A000248","In-migrants","Persons","249","units","0","v509051","10.1","7603","","","","0"
"1987-04","Alberta","2021A000248","Out-migrants","Persons","249","units","0","v509066","10.2","16867","","","","0"
"1987-04","British Columbia","2021A000259","In-migrants","Persons","249","units","0","v509039","11.1","14020","","","","0"
"1987-04","British Columbia","2021A000259","Out-migrants","Persons","249","units","0","v509054","11.2","9447","","","","0"
"1987-04","Yukon","2021A000260","In-migrants","Persons","249","units","0","v509040","12.1","424","","","","0"
"1987-04","Yukon","2021A000260","Out-migrants","Persons","249","units","0","v509055","12.2","375","","","","0"
"1987-04","Northwest Territories including Nunavut","","In-migrants","Persons","249","units","0","v509041","13.1","611","","","t","0"
"1987-04","Northwest Territories including Nunavut","","Out-migrants","Persons","249","units","0","v509056","13.2","895","","","t","0"
"1987-07","Canada","2021A000011124","In-migrants","Persons","249","units","0","v509037","1.1","126383","","","","0"
"1987-07","Canada","2021A000011124","Out-migrants","Persons","249","units","0","v509052","1.2","126383","","","","0"
"1987-07","Newfoundland and Labrador","2021A000210","In-migrants","Persons","249","units","0","v509038","2.1","3170","","","","0"
"1987-07","Newfoundland and Labrador","2021A000210","Out-migrants","Persons","249","units","0","v509053","2.2","5270","","","","0"
"1987-07","Prince Edward Island","2021A000211","In-migrants","Persons","249","units","0","v509044","3.1","1180","","","","0"
"1987-07","Prince Edward Island","2021A000211","Out-migrants","Persons","249","units","0","v509059","3.2","1240","","","","0"
"1987-07","Nova Scotia","2021A000212","In-migrants","Persons","249","units","0","v509045","4.1","7611","","","","0"
"1987-07","Nova Scotia","2021A000212","Out-migrants","Persons","249","units","0","v509060","4.2","8435","","","","0"
"1987-07","New Brunswick","2021A000213","In-migrants","Persons","249","units","0","v509046","5.1","5909","","","","0"
"1987-07","New Brunswick","2021A000213","Out-migrants","Persons","249","units","0","v509061","5.2","6928","","","","0"
"1987-07","Quebec","2021A000224","In-migrants","Persons","249","units","0","v509047","6.1","11440","","","","0"
"1987-07","Quebec","2021A000224","Out-migrants","Persons","249","units","0","v509062","6.2","13970","","","","0"
"1987-07","Ontario","2021A000235","In-migrants","Persons","249","units","0","v509048","7.1","43353","","","","0"
"1987-07","Ontario","2021A000235","Out-migrants","Persons","249","units","0","v509063","7.2","24593","","","","0"
"1987-07","Manitoba","2021A000246","In-migrants","Persons","249","units","0","v509049","8.1","6724","","","","0"
"1987-07","Manitoba","2021A000246","Out-migrants","Persons","249","units","0","v509064","8.2","9268","","","","0"
"1987-07","Saskatchewan","2021A000247","In-migrants","Persons","249","units","0","v509050","9.1","6156","","","","0"
"1987-07","Saskatchewan","2021A000247","Out-migrants","Persons","249","units","0","v509065","9.2","9118","","","","0"
"1987-07","Alberta","2021A000248","In-migrants","Persons","249","units","0","v509051","10.1","15036","","","","0"
"1987-07","Alberta","2021A000248","Out-migrants","Persons","249","units","0","v509066","10.2","29210","","","","0"
"1987-07","British Columbia","2021A000259","In-migrants","Persons","249","units","0","v509039","11.1","23880","","","","0"
"1987-07","British Columbia","2021A000259","Out-migrants","Persons","249","units","0","v509054","11.2","15769","","","","0"
"1987-07","Yukon","2021A000260","In-migrants","Persons","249","units","0","v509040","12.1","789","","","","0"
"1987-07","Yukon","2021A000260","Out-migrants","Persons","249","units","0","v509055","12.2","841","","","","0"
"1987-07","Northwest Territories including Nunavut","","In-migrants","Persons","249","units","0","v509041","13.1","1135","","","t","0"
"1987-07","Northwest Territories including Nunavut","","Out-migrants","Persons","249","units","0","v509056","13.2","1741","","","t","0"
"1987-10","Canada","2021A000011124","In-migrants","Persons","249","units","0","v509037","1.1","71914","","","","0"
"1987-10","Canada","2021A000011124","Out-migrants","Persons","249","units","0","v509052","1.2","71914","","","","0"
"1987-10","Newfoundland and Labrador","2021A000210","In-migrants","Persons","249","units","0","v509038","2.1","2511","","","","0"
"1987-10","Newfoundland and Labrador","2021A000210","Out-migrants","Persons","249","units","0","v509053","2.2","2846","","","","0"
"1987-10","Prince Edward Island","2021A000211","In-migrants","Persons","249","units","0","v509044","3.1","870","","","","0"
"1987-10","Prince Edward Island","2021A000211","Out-migrants","Persons","249","units","0","v509059","3.2","517","","","","0"
"1987-10","Nova Scotia","2021A000212","In-migrants","Persons","249","units","0","v509045","4.1","3387","","","","0"
"1987-10","Nova Scotia","2021A000212","Out-migrants","Persons","249","units","0","v509060","4.2","4200","","","","0"
"1987-10","New Brunswick","2021A000213","In-migrants","Persons","249","units","0","v509046","5.1","2289","","","","0"
"1987-10","New Brunswick","2021A000213","Out-migrants","Persons","249","units","0","v509061","5.2","2896","","","","0"
"1987-10","Quebec","2021A000224","In-migrants","Persons","249","units","0","v509047","6.1","4648","","","","0"
"1987-10","Quebec","2021A000224","Out-migrants","Persons","249","units","0","v509062","6.2","6956","","","","0"
"1987-10","Ontario","2021A000235","In-migrants","Persons","249","units","0","v509048","7.1","21632","","","","0"
"1987-10","Ontario","2021A000235","Out-migrants","Persons","249","units","0","v509063","7.2","15530","","","","0"
"1987-10","Manitoba","2021A000246","In-migrants","Persons","249","units","0","v509049","8.1","4996","","","","0"
"1987-10","Manitoba","2021A000246","Out-migrants","Persons","249","units","0","v509064","8.2","5054","","","","0"
"1987-10","Saskatchewan","2021A000247","In-migrants","Persons","249","units","0","v509050","9.1","2843","","","","0"
"1987-10","Saskatchewan","2021A000247","Out-migrants","Persons","249","units","0","v509065","9.2","6527","","","","0"
"1987-10","Alberta","2021A000248","In-migrants","Persons","249","units","0","v509051","10.1","13568","","","","0"
"1987-10","Alberta","2021A000248","Out-migrants","Persons","249","units","0","v509066","10.2","15608","","","","0"
"1987-10","British Columbia","2021A000259","In-migrants","Persons","249","units","0","v509039","11.1","13491","","","","0"
"1987-10","British Columbia","2021A000259","Out-migrants","Persons","249","units","0","v509054","11.2","10051","","","","0"
"1987-10","Yukon","2021A000260","In-migrants","Persons","249","units","0","v509040","12.1","670","","","","0"
"1987-10","Yukon","2021A000260","Out-migrants","Persons","249","units","0","v509055","12.2","635","","","","0"
"1987-10","Northwest Territories including Nunavut","","In-migrants","Persons","249","units","0","v509041","13.1","1009","","","t","0"
"1987-10","Northwest Territories including Nunavut","","Out-migrants","Persons","249","units","0","v509056","13.2","1094","","","t","0"
"1988-01","Canada","2021A000011124","In-migrants","Persons","249","units","0","v509037","1.1","53057","","","","0"
"1988-01","Canada","2021A000011124","Out-migrants","Persons","249","units","0","v509052","1.2","53057","","","","0"
"1988-01","Newfoundland and Labrador","2021A000210","In-migrants","Persons","249","units","0","v509038","2.1","1678","","","","0"
"1988-01","Newfoundland and Labrador","2021A000210","Out-migrants","Persons","249","units","0","v509053","2.2","1886","","","","0"
"1988-01","Prince Edward Island","2021A000211","In-migrants","Persons","249","units","0","v509044","3.1","541","","","","0"
"1988-01","Prince Edward Island","2021A000211","Out-migrants","Persons","249","units","0","v509059","3.2","466","","","","0"
"1988-01","Nova Scotia","2021A000212","In-migrants","Persons","249","units","0","v509045","4.1","2780","","","","0"
"1988-01","Nova Scotia","2021A000212","Out-migrants","Persons","249","units","0","v509060","4.2","3037","","","","0"
"1988-01","New Brunswick","2021A000213","In-migrants","Persons","249","units","0","v509046","5.1","1797","","","","0"
"1988-01","New Brunswick","2021A000213","Out-migrants","Persons","249","units","0","v509061","5.2","2353","","","","0"
"1988-01","Quebec","2021A000224","In-migrants","Persons","249","units","0","v509047","6.1","4121","","","","0"
"1988-01","Quebec","2021A000224","Out-migrants","Persons","249","units","0","v509062","6.2","4415","","","","0"
"1988-01","Ontario","2021A000235","In-migrants","Persons","249","units","0","v509048","7.1","15035","","","","0"
"1988-01","Ontario","2021A000235","Out-migrants","Persons","249","units","0","v509063","7.2","11908","","","","0"
"1988-01","Manitoba","2021A000246","In-migrants","Persons","249","units","0","v509049","8.1","3079","","","","0"
"1988-01","Manitoba","2021A000246","Out-migrants","Persons","249","units","0","v509064","8.2","3798","","","","0"
"1988-01","Saskatchewan","2021A000247","In-migrants","Persons","249","units","0","v509050","9.1","2351","","","","0"
"1988-01","Saskatchewan","2021A000247","Out-migrants","Persons","249","units","0","v509065","9.2","5121","","","","0"
"1988-01","Alberta","2021A000248","In-migrants","Persons","249","units","0","v509051","10.1","9460","","","","0"
"1988-01","Alberta","2021A000248","Out-migrants","Persons","249","units","0","v509066","10.2","11432","","","","0"
"1988-01","British Columbia","2021A000259","In-migrants","Persons","249","units","0","v509039","11.1","10861","","","","0"
"1988-01","British Columbia","2021A000259","Out-migrants","Persons","249","units","0","v509054","11.2","7574","","","","0"
"1988-01","Yukon","2021A000260","In-migrants","Persons","249","units","0","v509040","12.1","577","","","","0"
"1988-01","Yukon","2021A000260","Out-migrants","Persons","249","units","0","v509055","12.2","302","","","","0"
"1988-01","Northwest Territories including Nunavut","","In-migrants","Persons","249","units","0","v509041","13.1","777","","","t","0"
"1988-01","Northwest Territories including Nunavut","","Out-migrants","Persons","249","units","0","v509056","13.2","765","","","t","0"
"1988-04","Canada","2021A000011124","In-migrants","Persons","249","units","0","v509037","1.1","71021","","","","0"
"1988-04","Canada","2021A000011124","Out-migrants","Persons","249","units","0","v509052","1.2","71021","","","","0"
"1988-04","Newfoundland and Labrador","2021A000210","In-migrants","Persons","249","units","0","v509038","2.1","1739","","","","0"
"1988-04","Newfoundland and Labrador","2021A000210","Out-migrants","Persons","249","units","0","v509053","2.2","2600","","","","0"
"1988-04","Prince Edward Island","2021A000211","In-migrants","Persons","249","units","0","v509044","3.1","572","","","","0"
"1988-04","Prince Edward Island","2021A000211","Out-migrants","Persons","249","units","0","v509059","3.2","645","","","","0"
"1988-04","Nova Scotia","2021A000212","In-migrants","Persons","249","units","0","v509045","4.1","4188","","","","0"
"1988-04","Nova Scotia","2021A000212","Out-migrants","Persons","249","units","0","v509060","4.2","4082","","","","0"
"1988-04","New Brunswick","2021A000213","In-migrants","Persons","249","units","0","v509046","5.1","3105","","","","0"
"1988-04","New Brunswick","2021A000213","Out-migrants","Persons","249","units","0","v509061","5.2","2880","","","","0"
"1988-04","Quebec","2021A000224","In-migrants","Persons","249","units","0","v509047","6.1","6166","","","","0"
"1988-04","Quebec","2021A000224","Out-migrants","Persons","249","units","0","v509062","6.2","8727","","","","0"
"1988-04","Ontario","2021A000235","In-migrants","Persons","249","units","0","v509048","7.1","22746","","","","0"
"1988-04","Ontario","2021A000235","Out-migrants","Persons","249","units","0","v509063","7.2","15520","","","","0"
"1988-04","Manitoba","2021A000246","In-migrants","Persons","249","units","0","v509049","8.1","2767","","","","0"
"1988-04","Manitoba","2021A000246","Out-migrants","Persons","249","units","0","v509064","8.2","5321","","","","0"
"1988-04","Saskatchewan","2021A000247","In-migrants","Persons","249","units","0","v509050","9.1","3183","","","","0"
"1988-04","Saskatchewan","2021A000247","Out-migrants","Persons","249","units","0","v509065","9.2","5874","","","","0"
"1988-04","Alberta","2021A000248","In-migrants","Persons","249","units","0","v509051","10.1","9472","","","","0"
"1988-04","Alberta","2021A000248","Out-migrants","Persons","249","units","0","v509066","10.2","14509","","","","0"
"1988-04","British Columbia","2021A000259","In-migrants","Persons","249","units","0","v509039","11.1","16009","","","","0"
"1988-04","British Columbia","2021A000259","Out-migrants","Persons","249","units","0","v509054","11.2","9368","","","","0"
"1988-04","Yukon","2021A000260","In-migrants","Persons","249","units","0","v509040","12.1","455","","","","0"
"1988-04","Yukon","2021A000260","Out-migrants","Persons","249","units","0","v509055","12.2","364","","","","0"
"1988-04","Northwest Territories including Nunavut","","In-migrants","Persons","249","units","0","v509041","13.1","619","","","t","0"
"1988-04","Northwest Territories including Nunavut","","Out-migrants","Persons","249","units","0","v509056","13.2","1131","","","t","0"
"1988-07","Canada","2021A000011124","In-migrants","Persons","249","units","0","v509037","1.1","127126","","","","0"
"1988-07","Canada","2021A000011124","Out-migrants","Persons","249","units","0","v509052","1.2","127126","","","","0"
"1988-07","Newfoundland and Labrador","2021A000210","In-migrants","Persons","249","units","0","v509038","2.1","3744","","","","0"
"1988-07","Newfoundland and Labrador","2021A000210","Out-migrants","Persons","249","units","0","v509053","2.2","5065","","","","0"
"1988-07","Prince Edward Island","2021A000211","In-migrants","Persons","249","units","0","v509044","3.1","1282","","","","0"
"1988-07","Prince Edward Island","2021A000211","Out-migrants","Persons","249","units","0","v509059","3.2","1427","","","","0"
"1988-07","Nova Scotia","2021A000212","In-migrants","Persons","249","units","0","v509045","4.1","8569","","","","0"
"1988-07","Nova Scotia","2021A000212","Out-migrants","Persons","249","units","0","v509060","4.2","8292","","","","0"
"1988-07","New Brunswick","2021A000213","In-migrants","Persons","249","units","0","v509046","5.1","6028","","","","0"
"1988-07","New Brunswick","2021A000213","Out-migrants","Persons","249","units","0","v509061","5.2","6510","","","","0"
"1988-07","Quebec","2021A000224","In-migrants","Persons","249","units","0","v509047","6.1","12664","","","","0"
"1988-07","Quebec","2021A000224","Out-migrants","Persons","249","units","0","v509062","6.2","14540","","","","0"
"1988-07","Ontario","2021A000235","In-migrants","Persons","249","units","0","v509048","7.1","36454","","","","0"
"1988-07","Ontario","2021A000235","Out-migrants","Persons","249","units","0","v509063","7.2","30864","","","","0"
"1988-07","Manitoba","2021A000246","In-migrants","Persons","249","units","0","v509049","8.1","5841","","","","0"
"1988-07","Manitoba","2021A000246","Out-migrants","Persons","249","units","0","v509064","8.2","9659","","","","0"
"1988-07","Saskatchewan","2021A000247","In-migrants","Persons","249","units","0","v509050","9.1","5587","","","","0"
"1988-07","Saskatchewan","2021A000247","Out-migrants","Persons","249","units","0","v509065","9.2","11023","","","","0"
"1988-07","Alberta","2021A000248","In-migrants","Persons","249","units","0","v509051","10.1","19108","","","","0"
"1988-07","Alberta","2021A000248","Out-migrants","Persons","249","units","0","v509066","10.2","22705","","","","0"
"1988-07","British Columbia","2021A000259","In-migrants","Persons","249","units","0","v509039","11.1","26227","","","","0"
"1988-07","British Columbia","2021A000259","Out-migrants","Persons","249","units","0","v509054","11.2","14938","","","","0"
"1988-07","Yukon","2021A000260","In-migrants","Persons","249","units","0","v509040","12.1","577","","","","0"
"1988-07","Yukon","2021A000260","Out-migrants","Persons","249","units","0","v509055","12.2","793","","","","0"
"1988-07","Northwest Territories including Nunavut","","In-migrants","Persons","249","units","0","v509041","13.1","1045","","","t","0"
"1988-07","Northwest Territories including Nunavut","","Out-migrants","Persons","249","units","0","v509056","13.2","1310","","","t","0"
"1988-10","Canada","2021A000011124","In-migrants","Persons","249","units","0","v509037","1.1","72468","","","","0"
"1988-10","Canada","2021A000011124","Out-migrants","Persons","249","units","0","v509052","1.2","72468","","","","0"
"1988-10","Newfoundland and Labrador","2021A000210","In-migrants","Persons","249","units","0","v509038","2.1","2771","","","","0"
"1988-10","Newfoundland and Labrador","2021A000210","Out-migrants","Persons","249","units","0","v509053","2.2","2512","","","","0"
"1988-10","Prince Edward Island","2021A000211","In-migrants","Persons","249","units","0","v509044","3.1","1051","","","","0"
"1988-10","Prince Edward Island","2021A000211","Out-migrants","Persons","249","units","0","v509059","3.2","502","","","","0"
"1988-10","Nova Scotia","2021A000212","In-migrants","Persons","249","units","0","v509045","4.1","3463","","","","0"
"1988-10","Nova Scotia","2021A000212","Out-migrants","Persons","249","units","0","v509060","4.2","3794","","","","0"
"1988-10","New Brunswick","2021A000213","In-migrants","Persons","249","units","0","v509046","5.1","2782","","","","0"
"1988-10","New Brunswick","2021A000213","Out-migrants","Persons","249","units","0","v509061","5.2","3141","","","","0"
"1988-10","Quebec","2021A000224","In-migrants","Persons","249","units","0","v509047","6.1","4846","","","","0"
"1988-10","Quebec","2021A000224","Out-migrants","Persons","249","units","0","v509062","6.2","6993","","","","0"
"1988-10","Ontario","2021A000235","In-migrants","Persons","249","units","0","v509048","7.1","18389","","","","0"
"1988-10","Ontario","2021A000235","Out-migrants","Persons","249","units","0","v509063","7.2","17512","","","","0"
"1988-10","Manitoba","2021A000246","In-migrants","Persons","249","units","0","v509049","8.1","4358","","","","0"
"1988-10","Manitoba","2021A000246","Out-migrants","Persons","249","units","0","v509064","8.2","5948","","","","0"
"1988-10","Saskatchewan","2021A000247","In-migrants","Persons","249","units","0","v509050","9.1","2557","","","","0"
"1988-10","Saskatchewan","2021A000247","Out-migrants","Persons","249","units","0","v509065","9.2","7823","","","","0"
"1988-10","Alberta","2021A000248","In-migrants","Persons","249","units","0","v509051","10.1","16020","","","","0"
"1988-10","Alberta","2021A000248","Out-migrants","Persons","249","units","0","v509066","10.2","12797","","","","0"
"1988-10","British Columbia","2021A000259","In-migrants","Persons","249","units","0","v509039","11.1","14294","","","","0"
"1988-10","British Columbia","2021A000259","Out-migrants","Persons","249","units","0","v509054","11.2","9682","","","","0"
"1988-10","Yukon","2021A000260","In-migrants","Persons","249","units","0","v509040","12.1","827","","","","0"
"1988-10","Yukon","2021A000260","Out-migrants","Persons","249","units","0","v509055","12.2","635","","","","0"
"1988-10","Northwest Territories including Nunavut","","In-migrants","Persons","249","units","0","v509041","13.1","1110","","","t","0"
"1988-10","Northwest Territories including Nunavut","","Out-migrants","Persons","249","units","0","v509056","13.2","1129","","","t","0"
"1989-01","Canada","2021A000011124","In-migrants","Persons","249","units","0","v509037","1.1","54628","","","","0"
"1989-01","Canada","2021A000011124","Out-migrants","Persons","249","units","0","v509052","1.2","54628","","","","0"
"1989-01","Newfoundland and Labrador","2021A000210","In-migrants","Persons","249","units","0","v509038","2.1","1808","","","","0"
"1989-01","Newfoundland and Labrador","2021A000210","Out-migrants","Persons","249","units","0","v509053","2.2","1595","","","","0"
"1989-01","Prince Edward Island","2021A000211","In-migrants","Persons","249","units","0","v509044","3.1","504","","","","0"
"1989-01","Prince Edward Island","2021A000211","Out-migrants","Persons","249","units","0","v509059","3.2","382","","","","0"
"1989-01","Nova Scotia","2021A000212","In-migrants","Persons","249","units","0","v509045","4.1","2498","","","","0"
"1989-01","Nova Scotia","2021A000212","Out-migrants","Persons","249","units","0","v509060","4.2","2802","","","","0"
"1989-01","New Brunswick","2021A000213","In-migrants","Persons","249","units","0","v509046","5.1","2139","","","","0"
"1989-01","New Brunswick","2021A000213","Out-migrants","Persons","249","units","0","v509061","5.2","1855","","","","0"
"1989-01","Quebec","2021A000224","In-migrants","Persons","249","units","0","v509047","6.1","4100","","","","0"
"1989-01","Quebec","2021A000224","Out-migrants","Persons","249","units","0","v509062","6.2","5121","","","","0"
"1989-01","Ontario","2021A000235","In-migrants","Persons","249","units","0","v509048","7.1","13135","","","","0"
"1989-01","Ontario","2021A000235","Out-migrants","Persons","249","units","0","v509063","7.2","13524","","","","0"
"1989-01","Manitoba","2021A000246","In-migrants","Persons","249","units","0","v509049","8.1","2867","","","","0"
"1989-01","Manitoba","2021A000246","Out-migrants","Persons","249","units","0","v509064","8.2","4352","","","","0"
"1989-01","Saskatchewan","2021A000247","In-migrants","Persons","249","units","0","v509050","9.1","2517","","","","0"
"1989-01","Saskatchewan","2021A000247","Out-migrants","Persons","249","units","0","v509065","9.2","5736","","","","0"
"1989-01","Alberta","2021A000248","In-migrants","Persons","249","units","0","v509051","10.1","11447","","","","0"
"1989-01","Alberta","2021A000248","Out-migrants","Persons","249","units","0","v509066","10.2","10553","","","","0"
"1989-01","British Columbia","2021A000259","In-migrants","Persons","249","units","0","v509039","11.1","12318","","","","0"
"1989-01","British Columbia","2021A000259","Out-migrants","Persons","249","units","0","v509054","11.2","7501","","","","0"
"1989-01","Yukon","2021A000260","In-migrants","Persons","249","units","0","v509040","12.1","473","","","","0"
"1989-01","Yukon","2021A000260","Out-migrants","Persons","249","units","0","v509055","12.2","477","","","","0"
"1989-01","Northwest Territories including Nunavut","","In-migrants","Persons","249","units","0","v509041","13.1","822","","","t","0"
"1989-01","Northwest Territories including Nunavut","","Out-migrants","Persons","249","units","0","v509056","13.2","730","","","t","0"
"1989-04","Canada","2021A000011124","In-migrants","Persons","249","units","0","v509037","1.1","73478","","","","0"
"1989-04","Canada","2021A000011124","Out-migrants","Persons","249","units","0","v509052","1.2","73478","","","","0"
"1989-04","Newfoundland and Labrador","2021A000210","In-migrants","Persons","249","units","0","v509038","2.1","1783","","","","0"
"1989-04","Newfoundland and Labrador","2021A000210","Out-migrants","Persons","249","units","0","v509053","2.2","2589","","","","0"
"1989-04","Prince Edward Island","2021A000211","In-migrants","Persons","249","units","0","v509044","3.1","553","","","","0"
"1989-04","Prince Edward Island","2021A000211","Out-migrants","Persons","249","units","0","v509059","3.2","698","","","","0"
"1989-04","Nova Scotia","2021A000212","In-migrants","Persons","249","units","0","v509045","4.1","4679","","","","0"
"1989-04","Nova Scotia","2021A000212","Out-migrants","Persons","249","units","0","v509060","4.2","3784","","","","0"
"1989-04","New Brunswick","2021A000213","In-migrants","Persons","249","units","0","v509046","5.1","3202","","","","0"
"1989-04","New Brunswick","2021A000213","Out-migrants","Persons","249","units","0","v509061","5.2","3243","","","","0"
"1989-04","Quebec","2021A000224","In-migrants","Persons","249","units","0","v509047","6.1","6183","","","","0"
"1989-04","Quebec","2021A000224","Out-migrants","Persons","249","units","0","v509062","6.2","8757","","","","0"
"1989-04","Ontario","2021A000235","In-migrants","Persons","249","units","0","v509048","7.1","21234","","","","0"
"1989-04","Ontario","2021A000235","Out-migrants","Persons","249","units","0","v509063","7.2","17573","","","","0"
"1989-04","Manitoba","2021A000246","In-migrants","Persons","249","units","0","v509049","8.1","3018","","","","0"
"1989-04","Manitoba","2021A000246","Out-migrants","Persons","249","units","0","v509064","8.2","5438","","","","0"
"1989-04","Saskatchewan","2021A000247","In-migrants","Persons","249","units","0","v509050","9.1","3362","","","","0"
"1989-04","Saskatchewan","2021A000247","Out-migrants","Persons","249","units","0","v509065","9.2","6512","","","","0"
"1989-04","Alberta","2021A000248","In-migrants","Persons","249","units","0","v509051","10.1","11482","","","","0"
"1989-04","Alberta","2021A000248","Out-migrants","Persons","249","units","0","v509066","10.2","13530","","","","0"
"1989-04","British Columbia","2021A000259","In-migrants","Persons","249","units","0","v509039","11.1","16806","","","","0"
"1989-04","British Columbia","2021A000259","Out-migrants","Persons","249","units","0","v509054","11.2","9703","","","","0"
"1989-04","Yukon","2021A000260","In-migrants","Persons","249","units","0","v509040","12.1","452","","","","0"
"1989-04","Yukon","2021A000260","Out-migrants","Persons","249","units","0","v509055","12.2","604","","","","0"
"1989-04","Northwest Territories including Nunavut","","In-migrants","Persons","249","units","0","v509041","13.1","724","","","t","0"
"1989-04","Northwest Territories including Nunavut","","Out-migrants","Persons","249","units","0","v509056","13.2","1047","","","t","0"
"1989-07","Canada","2021A000011124","In-migrants","Persons","249","units","0","v509037","1.1","136285","","","","0"
"1989-07","Canada","2021A000011124","Out-migrants","Persons","249","units","0","v509052","1.2","136285","","","","0"
"1989-07","Newfoundland and Labrador","2021A000210","In-migrants","Persons","249","units","0","v509038","2.1","3490","","","","0"
"1989-07","Newfoundland and Labrador","2021A000210","Out-migrants","Persons","249","units","0","v509053","2.2","5580","","","","0"
"1989-07","Prince Edward Island","2021A000211","In-migrants","Persons","249","units","0","v509044","3.1","1233","","","","0"
"1989-07","Prince Edward Island","2021A000211","Out-migrants","Persons","249","units","0","v509059","3.2","1708","","","","0"
"1989-07","Nova Scotia","2021A000212","In-migrants","Persons","249","units","0","v509045","4.1","9288","","","","0"
"1989-07","Nova Scotia","2021A000212","Out-migrants","Persons","249","units","0","v509060","4.2","8722","","","","0"
"1989-07","New Brunswick","2021A000213","In-migrants","Persons","249","units","0","v509046","5.1","6508","","","","0"
"1989-07","New Brunswick","2021A000213","Out-migrants","Persons","249","units","0","v509061","5.2","6628","","","","0"
"1989-07","Quebec","2021A000224","In-migrants","Persons","249","units","0","v509047","6.1","13448","","","","0"
"1989-07","Quebec","2021A000224","Out-migrants","Persons","249","units","0","v509062","6.2","16327","","","","0"
"1989-07","Ontario","2021A000235","In-migrants","Persons","249","units","0","v509048","7.1","36061","","","","0"
"1989-07","Ontario","2021A000235","Out-migrants","Persons","249","units","0","v509063","7.2","34169","","","","0"
"1989-07","Manitoba","2021A000246","In-migrants","Persons","249","units","0","v509049","8.1","6056","","","","0"
"1989-07","Manitoba","2021A000246","Out-migrants","Persons","249","units","0","v509064","8.2","10405","","","","0"
"1989-07","Saskatchewan","2021A000247","In-migrants","Persons","249","units","0","v509050","9.1","6247","","","","0"
"1989-07","Saskatchewan","2021A000247","Out-migrants","Persons","249","units","0","v509065","9.2","12078","","","","0"
"1989-07","Alberta","2021A000248","In-migrants","Persons","249","units","0","v509051","10.1","20985","","","","0"
"1989-07","Alberta","2021A000248","Out-migrants","Persons","249","units","0","v509066","10.2","23750","","","","0"
"1989-07","British Columbia","2021A000259","In-migrants","Persons","249","units","0","v509039","11.1","31404","","","","0"
"1989-07","British Columbia","2021A000259","Out-migrants","Persons","249","units","0","v509054","11.2","14955","","","","0"
"1989-07","Yukon","2021A000260","In-migrants","Persons","249","units","0","v509040","12.1","553","","","","0"
"1989-07","Yukon","2021A000260","Out-migrants","Persons","249","units","0","v509055","12.2","690","","","","0"
"1989-07","Northwest Territories including Nunavut","","In-migrants","Persons","249","units","0","v509041","13.1","1012","","","t","0"
"1989-07","Northwest Territories including Nunavut","","Out-migrants","Persons","249","units","0","v509056","13.2","1273","","","t","0"
"1989-10","Canada","2021A000011124","In-migrants","Persons","249","units","0","v509037","1.1","77570","","","","0"
"1989-10","Canada","2021A000011124","Out-migrants","Persons","249","units","0","v509052","1.2","77570","","","","0"
"1989-10","Newfoundland and Labrador","2021A000210","In-migrants","Persons","249","units","0","v509038","2.1","2613","","","","0"
"1989-10","Newfoundland and Labrador","2021A000210","Out-migrants","Persons","249","units","0","v509053","2.2","2785","","","","0"
"1989-10","Prince Edward Island","2021A000211","In-migrants","Persons","249","units","0","v509044","3.1","1010","","","","0"
"1989-10","Prince Edward Island","2021A000211","Out-migrants","Persons","249","units","0","v509059","3.2","585","","","","0"
"1989-10","Nova Scotia","2021A000212","In-migrants","Persons","249","units","0","v509045","4.1","3792","","","","0"
"1989-10","Nova Scotia","2021A000212","Out-migrants","Persons","249","units","0","v509060","4.2","3983","","","","0"
"1989-10","New Brunswick","2021A000213","In-migrants","Persons","249","units","0","v509046","5.1","3025","","","","0"
"1989-10","New Brunswick","2021A000213","Out-migrants","Persons","249","units","0","v509061","5.2","3190","","","","0"
"1989-10","Quebec","2021A000224","In-migrants","Persons","249","units","0","v509047","6.1","5118","","","","0"
"1989-10","Quebec","2021A000224","Out-migrants","Persons","249","units","0","v509062","6.2","7853","","","","0"
"1989-10","Ontario","2021A000235","In-migrants","Persons","249","units","0","v509048","7.1","18111","","","","0"
"1989-10","Ontario","2021A000235","Out-migrants","Persons","249","units","0","v509063","7.2","19422","","","","0"
"1989-10","Manitoba","2021A000246","In-migrants","Persons","249","units","0","v509049","8.1","4520","","","","0"
"1989-10","Manitoba","2021A000246","Out-migrants","Persons","249","units","0","v509064","8.2","6442","","","","0"
"1989-10","Saskatchewan","2021A000247","In-migrants","Persons","249","units","0","v509050","9.1","2861","","","","0"
"1989-10","Saskatchewan","2021A000247","Out-migrants","Persons","249","units","0","v509065","9.2","8613","","","","0"
"1989-10","Alberta","2021A000248","In-migrants","Persons","249","units","0","v509051","10.1","17515","","","","0"
"1989-10","Alberta","2021A000248","Out-migrants","Persons","249","units","0","v509066","10.2","13276","","","","0"
"1989-10","British Columbia","2021A000259","In-migrants","Persons","249","units","0","v509039","11.1","17085","","","","0"
"1989-10","British Columbia","2021A000259","Out-migrants","Persons","249","units","0","v509054","11.2","9743","","","","0"
"1989-10","Yukon","2021A000260","In-migrants","Persons","249","units","0","v509040","12.1","838","","","","0"
"1989-10","Yukon","2021A000260","Out-migrants","Persons","249","units","0","v509055","12.2","552","","","","0"
"1989-10","Northwest Territories including Nunavut","","In-migrants","Persons","249","units","0","v509041","13.1","1082","","","t","0"
"1989-10","Northwest Territories including Nunavut","","Out-migrants","Persons","249","units","0","v509056","13.2","1126","","","t","0"
"1990-01","Canada","2021A000011124","In-migrants","Persons","249","units","0","v509037","1.1","58827","","","","0"
"1990-01","Canada","2021A000011124","Out-migrants","Persons","249","units","0","v509052","1.2","58827","","","","0"
"1990-01","Newfoundland and Labrador","2021A000210","In-migrants","Persons","249","units","0","v509038","2.1","1708","","","","0"
"1990-01","Newfoundland and Labrador","2021A000210","Out-migrants","Persons","249","units","0","v509053","2.2","1757","","","","0"
"1990-01","Prince Edward Island","2021A000211","In-migrants","Persons","249","units","0","v509044","3.1","483","","","","0"
"1990-01","Prince Edward Island","2021A000211","Out-migrants","Persons","249","units","0","v509059","3.2","445","","","","0"
"1990-01","Nova Scotia","2021A000212","In-migrants","Persons","249","units","0","v509045","4.1","2738","","","","0"
"1990-01","Nova Scotia","2021A000212","Out-migrants","Persons","249","units","0","v509060","4.2","2950","","","","0"
"1990-01","New Brunswick","2021A000213","In-migrants","Persons","249","units","0","v509046","5.1","2314","","","","0"
"1990-01","New Brunswick","2021A000213","Out-migrants","Persons","249","units","0","v509061","5.2","1894","","","","0"
"1990-01","Quebec","2021A000224","In-migrants","Persons","249","units","0","v509047","6.1","4342","","","","0"
"1990-01","Quebec","2021A000224","Out-migrants","Persons","249","units","0","v509062","6.2","5750","","","","0"
"1990-01","Ontario","2021A000235","In-migrants","Persons","249","units","0","v509048","7.1","12944","","","","0"
"1990-01","Ontario","2021A000235","Out-migrants","Persons","249","units","0","v509063","7.2","15029","","","","0"
"1990-01","Manitoba","2021A000246","In-migrants","Persons","249","units","0","v509049","8.1","2961","","","","0"
"1990-01","Manitoba","2021A000246","Out-migrants","Persons","249","units","0","v509064","8.2","4746","","","","0"
"1990-01","Saskatchewan","2021A000247","In-migrants","Persons","249","units","0","v509050","9.1","2814","","","","0"
"1990-01","Saskatchewan","2021A000247","Out-migrants","Persons","249","units","0","v509065","9.2","6353","","","","0"
"1990-01","Alberta","2021A000248","In-migrants","Persons","249","units","0","v509051","10.1","12527","","","","0"
"1990-01","Alberta","2021A000248","Out-migrants","Persons","249","units","0","v509066","10.2","11211","","","","0"
"1990-01","British Columbia","2021A000259","In-migrants","Persons","249","units","0","v509039","11.1","14709","","","","0"
"1990-01","British Columbia","2021A000259","Out-migrants","Persons","249","units","0","v509054","11.2","7544","","","","0"
"1990-01","Yukon","2021A000260","In-migrants","Persons","249","units","0","v509040","12.1","477","","","","0"
"1990-01","Yukon","2021A000260","Out-migrants","Persons","249","units","0","v509055","12.2","431","","","","0"
"1990-01","Northwest Territories including Nunavut","","In-migrants","Persons","249","units","0","v509041","13.1","810","","","t","0"
"1990-01","Northwest Territories including Nunavut","","Out-migrants","Persons","249","units","0","v509056","13.2","717","","","t","0"
"1990-04","Canada","2021A000011124","In-migrants","Persons","249","units","0","v509037","1.1","84125","","","","0"
"1990-04","Canada","2021A000011124","Out-migrants","Persons","249","units","0","v509052","1.2","84125","","","","0"
"1990-04","Newfoundland and Labrador","2021A000210","In-migrants","Persons","249","units","0","v509038","2.1","2291","","","","0"
"1990-04","Newfoundland and Labrador","2021A000210","Out-migrants","Persons","249","units","0","v509053","2.2","2869","","","","0"
"1990-04","Prince Edward Island","2021A000211","In-migrants","Persons","249","units","0","v509044","3.1","596","","","","0"
"1990-04","Prince Edward Island","2021A000211","Out-migrants","Persons","249","units","0","v509059","3.2","837","","","","0"
"1990-04","Nova Scotia","2021A000212","In-migrants","Persons","249","units","0","v509045","4.1","4986","","","","0"
"1990-04","Nova Scotia","2021A000212","Out-migrants","Persons","249","units","0","v509060","4.2","4554","","","","0"
"1990-04","New Brunswick","2021A000213","In-migrants","Persons","249","units","0","v509046","5.1","3468","","","","0"
"1990-04","New Brunswick","2021A000213","Out-migrants","Persons","249","units","0","v509061","5.2","3434","","","","0"
"1990-04","Quebec","2021A000224","In-migrants","Persons","249","units","0","v509047","6.1","7127","","","","0"
"1990-04","Quebec","2021A000224","Out-migrants","Persons","249","units","0","v509062","6.2","8747","","","","0"
"1990-04","Ontario","2021A000235","In-migrants","Persons","249","units","0","v509048","7.1","19291","","","","0"
"1990-04","Ontario","2021A000235","Out-migrants","Persons","249","units","0","v509063","7.2","23748","","","","0"
"1990-04","Manitoba","2021A000246","In-migrants","Persons","249","units","0","v509049","8.1","3893","","","","0"
"1990-04","Manitoba","2021A000246","Out-migrants","Persons","249","units","0","v509064","8.2","6198","","","","0"
"1990-04","Saskatchewan","2021A000247","In-migrants","Persons","249","units","0","v509050","9.1","3887","","","","0"
"1990-04","Saskatchewan","2021A000247","Out-migrants","Persons","249","units","0","v509065","9.2","8207","","","","0"
"1990-04","Alberta","2021A000248","In-migrants","Persons","249","units","0","v509051","10.1","16840","","","","0"
"1990-04","Alberta","2021A000248","Out-migrants","Persons","249","units","0","v509066","10.2","14037","","","","0"
"1990-04","British Columbia","2021A000259","In-migrants","Persons","249","units","0","v509039","11.1","20431","","","","0"
"1990-04","British Columbia","2021A000259","Out-migrants","Persons","249","units","0","v509054","11.2","9993","","","","0"
"1990-04","Yukon","2021A000260","In-migrants","Persons","249","units","0","v509040","12.1","474","","","","0"
"1990-04","Yukon","2021A000260","Out-migrants","Persons","249","units","0","v509055","12.2","579","","","","0"
"1990-04","Northwest Territories including Nunavut","","In-migrants","Persons","249","units","0","v509041","13.1","841","","","t","0"
"1990-04","Northwest Territories including Nunavut","","Out-migrants","Persons","249","units","0","v509056","13.2","922","","","t","0"
"1990-07","Canada","2021A000011124","In-migrants","Persons","249","units","0","v509037","1.1","128854","","","","0"
"1990-07","Canada","2021A000011124","Out-migrants","Persons","249","units","0","v509052","1.2","128854","","","","0"
"1990-07","Newfoundland and Labrador","2021A000210","In-migrants","Persons","249","units","0","v509038","2.1","3865","","","","0"
"1990-07","Newfoundland and Labrador","2021A000210","Out-migrants","Persons","249","units","0","v509053","2.2","4713","","","","0"
"1990-07","Prince Edward Island","2021A000211","In-migrants","Persons","249","units","0","v509044","3.1","1145","","","","0"
"1990-07","Prince Edward Island","2021A000211","Out-migrants","Persons","249","units","0","v509059","3.2","1228","","","","0"
"1990-07","Nova Scotia","2021A000212","In-migrants","Persons","249","units","0","v509045","4.1","7655","","","","0"
"1990-07","Nova Scotia","2021A000212","Out-migrants","Persons","249","units","0","v509060","4.2","8245","","","","0"
"1990-07","New Brunswick","2021A000213","In-migrants","Persons","249","units","0","v509046","5.1","5934","","","","0"
"1990-07","New Brunswick","2021A000213","Out-migrants","Persons","249","units","0","v509061","5.2","5614","","","","0"
"1990-07","Quebec","2021A000224","In-migrants","Persons","249","units","0","v509047","6.1","11063","","","","0"
"1990-07","Quebec","2021A000224","Out-migrants","Persons","249","units","0","v509062","6.2","14606","","","","0"
"1990-07","Ontario","2021A000235","In-migrants","Persons","249","units","0","v509048","7.1","30173","","","","0"
"1990-07","Ontario","2021A000235","Out-migrants","Persons","249","units","0","v509063","7.2","35676","","","","0"
"1990-07","Manitoba","2021A000246","In-migrants","Persons","249","units","0","v509049","8.1","6708","","","","0"
"1990-07","Manitoba","2021A000246","Out-migrants","Persons","249","units","0","v509064","8.2","10015","","","","0"
"1990-07","Saskatchewan","2021A000247","In-migrants","Persons","249","units","0","v509050","9.1","6045","","","","0"
"1990-07","Saskatchewan","2021A000247","Out-migrants","Persons","249","units","0","v509065","9.2","11866","","","","0"
"1990-07","Alberta","2021A000248","In-migrants","Persons","249","units","0","v509051","10.1","25082","","","","0"
"1990-07","Alberta","2021A000248","Out-migrants","Persons","249","units","0","v509066","10.2","20596","","","","0"
"1990-07","British Columbia","2021A000259","In-migrants","Persons","249","units","0","v509039","11.1","29303","","","","0"
"1990-07","British Columbia","2021A000259","Out-migrants","Persons","249","units","0","v509054","11.2","14098","","","","0"
"1990-07","Yukon","2021A000260","In-migrants","Persons","249","units","0","v509040","12.1","725","","","","0"
"1990-07","Yukon","2021A000260","Out-migrants","Persons","249","units","0","v509055","12.2","882","","","","0"
"1990-07","Northwest Territories including Nunavut","","In-migrants","Persons","249","units","0","v509041","13.1","1156","","","t","0"
"1990-07","Northwest Territories including Nunavut","","Out-migrants","Persons","249","units","0","v509056","13.2","1315","","","t","0"
"1990-10","Canada","2021A000011124","In-migrants","Persons","249","units","0","v509037","1.1","61124","","","","0"
"1990-10","Canada","2021A000011124","Out-migrants","Persons","249","units","0","v509052","1.2","61124","","","","0"
"1990-10","Newfoundland and Labrador","2021A000210","In-migrants","Persons","249","units","0","v509038","2.1","2139","","","","0"
"1990-10","Newfoundland and Labrador","2021A000210","Out-migrants","Persons","249","units","0","v509053","2.2","2434","","","","0"
"1990-10","Prince Edward Island","2021A000211","In-migrants","Persons","249","units","0","v509044","3.1","549","","","","0"
"1990-10","Prince Edward Island","2021A000211","Out-migrants","Persons","249","units","0","v509059","3.2","585","","","","0"
"1990-10","Nova Scotia","2021A000212","In-migrants","Persons","249","units","0","v509045","4.1","3418","","","","0"
"1990-10","Nova Scotia","2021A000212","Out-migrants","Persons","249","units","0","v509060","4.2","3368","","","","0"
"1990-10","New Brunswick","2021A000213","In-migrants","Persons","249","units","0","v509046","5.1","2547","","","","0"
"1990-10","New Brunswick","2021A000213","Out-migrants","Persons","249","units","0","v509061","5.2","2312","","","","0"
"1990-10","Quebec","2021A000224","In-migrants","Persons","249","units","0","v509047","6.1","4350","","","","0"
"1990-10","Quebec","2021A000224","Out-migrants","Persons","249","units","0","v509062","6.2","6808","","","","0"
"1990-10","Ontario","2021A000235","In-migrants","Persons","249","units","0","v509048","7.1","13495","","","","0"
"1990-10","Ontario","2021A000235","Out-migrants","Persons","249","units","0","v509063","7.2","16430","","","","0"
"1990-10","Manitoba","2021A000246","In-migrants","Persons","249","units","0","v509049","8.1","3180","","","","0"
"1990-10","Manitoba","2021A000246","Out-migrants","Persons","249","units","0","v509064","8.2","4492","","","","0"
"1990-10","Saskatchewan","2021A000247","In-migrants","Persons","249","units","0","v509050","9.1","3320","","","","0"
"1990-10","Saskatchewan","2021A000247","Out-migrants","Persons","249","units","0","v509065","9.2","5836","","","","0"
"1990-10","Alberta","2021A000248","In-migrants","Persons","249","units","0","v509051","10.1","12108","","","","0"
"1990-10","Alberta","2021A000248","Out-migrants","Persons","249","units","0","v509066","10.2","10188","","","","0"
"1990-10","British Columbia","2021A000259","In-migrants","Persons","249","units","0","v509039","11.1","14761","","","","0"
"1990-10","British Columbia","2021A000259","Out-migrants","Persons","249","units","0","v509054","11.2","7481","","","","0"
"1990-10","Yukon","2021A000260","In-migrants","Persons","249","units","0","v509040","12.1","487","","","","0"
"1990-10","Yukon","2021A000260","Out-migrants","Persons","249","units","0","v509055","12.2","373","","","","0"
"1990-10","Northwest Territories including Nunavut","","In-migrants","Persons","249","units","0","v509041","13.1","770","","","t","0"
"1990-10","Northwest Territories including Nunavut","","Out-migrants","Persons","249","units","0","v509056","13.2","817","","","t","0"
"1991-01","Canada","2021A000011124","In-migrants","Persons","249","units","0","v509037","1.1","48515","","","","0"
"1991-01","Canada","2021A000011124","Out-migrants","Persons","249","units","0","v509052","1.2","48515","","","","0"
"1991-01","Newfoundland and Labrador","2021A000210","In-migrants","Persons","249","units","0","v509038","2.1","1803","","","","0"
"1991-01","Newfoundland and Labrador","2021A000210","Out-migrants","Persons","249","units","0","v509053","2.2","1707","","","","0"
"1991-01","Prince Edward Island","2021A000211","In-migrants","Persons","249","units","0","v509044","3.1","385","","","","0"
"1991-01","Prince Edward Island","2021A000211","Out-migrants","Persons","249","units","0","v509059","3.2","421","","","","0"
"1991-01","Nova Scotia","2021A000212","In-migrants","Persons","249","units","0","v509045","4.1","2339","","","","0"
"1991-01","Nova Scotia","2021A000212","Out-migrants","Persons","249","units","0","v509060","4.2","2869","","","","0"
"1991-01","New Brunswick","2021A000213","In-migrants","Persons","249","units","0","v509046","5.1","1891","","","","0"
"1991-01","New Brunswick","2021A000213","Out-migrants","Persons","249","units","0","v509061","5.2","1786","","","","0"
"1991-01","Quebec","2021A000224","In-migrants","Persons","249","units","0","v509047","6.1","3495","","","","0"
"1991-01","Quebec","2021A000224","Out-migrants","Persons","249","units","0","v509062","6.2","5192","","","","0"
"1991-01","Ontario","2021A000235","In-migrants","Persons","249","units","0","v509048","7.1","11514","","","","0"
"1991-01","Ontario","2021A000235","Out-migrants","Persons","249","units","0","v509063","7.2","11713","","","","0"
"1991-01","Manitoba","2021A000246","In-migrants","Persons","249","units","0","v509049","8.1","2691","","","","0"
"1991-01","Manitoba","2021A000246","Out-migrants","Persons","249","units","0","v509064","8.2","3695","","","","0"
"1991-01","Saskatchewan","2021A000247","In-migrants","Persons","249","units","0","v509050","9.1","3019","","","","0"
"1991-01","Saskatchewan","2021A000247","Out-migrants","Persons","249","units","0","v509065","9.2","4368","","","","0"
"1991-01","Alberta","2021A000248","In-migrants","Persons","249","units","0","v509051","10.1","9840","","","","0"
"1991-01","Alberta","2021A000248","Out-migrants","Persons","249","units","0","v509066","10.2","9324","","","","0"
"1991-01","British Columbia","2021A000259","In-migrants","Persons","249","units","0","v509039","11.1","10534","","","","0"
"1991-01","British Columbia","2021A000259","Out-migrants","Persons","249","units","0","v509054","11.2","6481","","","","0"
"1991-01","Yukon","2021A000260","In-migrants","Persons","249","units","0","v509040","12.1","369","","","","0"
"1991-01","Yukon","2021A000260","Out-migrants","Persons","249","units","0","v509055","12.2","303","","","","0"
"1991-01","Northwest Territories including Nunavut","","In-migrants","Persons","249","units","0","v509041","13.1","635","","","t","0"
"1991-01","Northwest Territories including Nunavut","","Out-migrants","Persons","249","units","0","v509056","13.2","656","","","t","0"
"1991-04","Canada","2021A000011124","In-migrants","Persons","249","units","0","v509037","1.1","78074","","","","0"
"1991-04","Canada","2021A000011124","Out-migrants","Persons","249","units","0","v509052","1.2","78074","","","","0"
"1991-04","Newfoundland and Labrador","2021A000210","In-migrants","Persons","249","units","0","v509038","2.1","2471","","","","0"
"1991-04","Newfoundland and Labrador","2021A000210","Out-migrants","Persons","249","units","0","v509053","2.2","2354","","","","0"
"1991-04","Prince Edward Island","2021A000211","In-migrants","Persons","249","units","0","v509044","3.1","730","","","","0"
"1991-04","Prince Edward Island","2021A000211","Out-migrants","Persons","249","units","0","v509059","3.2","900","","","","0"
"1991-04","Nova Scotia","2021A000212","In-migrants","Persons","249","units","0","v509045","4.1","4907","","","","0"
"1991-04","Nova Scotia","2021A000212","Out-migrants","Persons","249","units","0","v509060","4.2","3999","","","","0"
"1991-04","New Brunswick","2021A000213","In-migrants","Persons","249","units","0","v509046","5.1","3372","","","","0"
"1991-04","New Brunswick","2021A000213","Out-migrants","Persons","249","units","0","v509061","5.2","3109","","","","0"
"1991-04","Quebec","2021A000224","In-migrants","Persons","249","units","0","v509047","6.1","6312","","","","0"
"1991-04","Quebec","2021A000224","Out-migrants","Persons","249","units","0","v509062","6.2","9939","","","","0"
"1991-04","Ontario","2021A000235","In-migrants","Persons","249","units","0","v509048","7.1","17741","","","","0"
"1991-04","Ontario","2021A000235","Out-migrants","Persons","249","units","0","v509063","7.2","20731","","","","0"
"1991-04","Manitoba","2021A000246","In-migrants","Persons","249","units","0","v509049","8.1","3862","","","","0"
"1991-04","Manitoba","2021A000246","Out-migrants","Persons","249","units","0","v509064","8.2","5779","","","","0"
"1991-04","Saskatchewan","2021A000247","In-migrants","Persons","249","units","0","v509050","9.1","3933","","","","0"
"1991-04","Saskatchewan","2021A000247","Out-migrants","Persons","249","units","0","v509065","9.2","6423","","","","0"
"1991-04","Alberta","2021A000248","In-migrants","Persons","249","units","0","v509051","10.1","15475","","","","0"
"1991-04","Alberta","2021A000248","Out-migrants","Persons","249","units","0","v509066","10.2","13414","","","","0"
"1991-04","British Columbia","2021A000259","In-migrants","Persons","249","units","0","v509039","11.1","17819","","","","0"
"1991-04","British Columbia","2021A000259","Out-migrants","Persons","249","units","0","v509054","11.2","10304","","","","0"
"1991-04","Yukon","2021A000260","In-migrants","Persons","249","units","0","v509040","12.1","564","","","","0"
"1991-04","Yukon","2021A000260","Out-migrants","Persons","249","units","0","v509055","12.2","344","","","","0"
"1991-04","Northwest Territories including Nunavut","","In-migrants","Persons","249","units","0","v509041","13.1","888","","","t","0"
"1991-04","Northwest Territories including Nunavut","","Out-migrants","Persons","249","units","0","v509056","13.2","778","","","t","0"
"1991-07","Canada","2021A000011124","In-migrants","Persons","249","units","0","v509037","1.1","125577","","","","0"
"1991-07","Canada","2021A000011124","Out-migrants","Persons","249","units","0","v509052","1.2","125577","","","","0"
"1991-07","Newfoundland and Labrador","2021A000210","In-migrants","Persons","249","units","0","v509038","2.1","3414","","","","0"
"1991-07","Newfoundland and Labrador","2021A000210","Out-migrants","Persons","249","units","0","v509053","2.2","4233","","","","0"
"1991-07","Prince Edward Island","2021A000211","In-migrants","Persons","249","units","0","v509044","3.1","1181","","","","0"
"1991-07","Prince Edward Island","2021A000211","Out-migrants","Persons","249","units","0","v509059","3.2","1446","","","","0"
"1991-07","Nova Scotia","2021A000212","In-migrants","Persons","249","units","0","v509045","4.1","8290","","","","0"
"1991-07","Nova Scotia","2021A000212","Out-migrants","Persons","249","units","0","v509060","4.2","7873","","","","0"
"1991-07","New Brunswick","2021A000213","In-migrants","Persons","249","units","0","v509046","5.1","5286","","","","0"
"1991-07","New Brunswick","2021A000213","Out-migrants","Persons","249","units","0","v509061","5.2","5812","","","","0"
"1991-07","Quebec","2021A000224","In-migrants","Persons","249","units","0","v509047","6.1","10787","","","","0"
"1991-07","Quebec","2021A000224","Out-migrants","Persons","249","units","0","v509062","6.2","14141","","","","0"
"1991-07","Ontario","2021A000235","In-migrants","Persons","249","units","0","v509048","7.1","26929","","","","0"
"1991-07","Ontario","2021A000235","Out-migrants","Persons","249","units","0","v509063","7.2","32941","","","","0"
"1991-07","Manitoba","2021A000246","In-migrants","Persons","249","units","0","v509049","8.1","6493","","","","0"
"1991-07","Manitoba","2021A000246","Out-migrants","Persons","249","units","0","v509064","8.2","9697","","","","0"
"1991-07","Saskatchewan","2021A000247","In-migrants","Persons","249","units","0","v509050","9.1","6524","","","","0"
"1991-07","Saskatchewan","2021A000247","Out-migrants","Persons","249","units","0","v509065","9.2","10941","","","","0"
"1991-07","Alberta","2021A000248","In-migrants","Persons","249","units","0","v509051","10.1","24308","","","","0"
"1991-07","Alberta","2021A000248","Out-migrants","Persons","249","units","0","v509066","10.2","21689","","","","0"
"1991-07","British Columbia","2021A000259","In-migrants","Persons","249","units","0","v509039","11.1","30062","","","","0"
"1991-07","British Columbia","2021A000259","Out-migrants","Persons","249","units","0","v509054","11.2","14493","","","","0"
"1991-07","Yukon","2021A000260","In-migrants","Persons","249","units","0","v509040","12.1","842","","","","0"
"1991-07","Yukon","2021A000260","Out-migrants","Persons","249","units","0","v509055","12.2","758","","","","0"
"1991-07","Northwest Territories","2021A000261","In-migrants","Persons","249","units","0","v509042","14.1","1094","","","","0"
"1991-07","Northwest Territories","2021A000261","Out-migrants","Persons","249","units","0","v509057","14.2","1158","","","","0"
"1991-07","Nunavut","2021A000262","In-migrants","Persons","249","units","0","v509043","15.1","367","","","","0"
"1991-07","Nunavut","2021A000262","Out-migrants","Persons","249","units","0","v509058","15.2","395","","","","0"
"1991-10","Canada","2021A000011124","In-migrants","Persons","249","units","0","v509037","1.1","61363","","","","0"
"1991-10","Canada","2021A000011124","Out-migrants","Persons","249","units","0","v509052","1.2","61363","","","","0"
"1991-10","Newfoundland and Labrador","2021A000210","In-migrants","Persons","249","units","0","v509038","2.1","2131","","","","0"
"1991-10","Newfoundland and Labrador","2021A000210","Out-migrants","Persons","249","units","0","v509053","2.2","2679","","","","0"
"1991-10","Prince Edward Island","2021A000211","In-migrants","Persons","249","units","0","v509044","3.1","582","","","","0"
"1991-10","Prince Edward Island","2021A000211","Out-migrants","Persons","249","units","0","v509059","3.2","433","","","","0"
"1991-10","Nova Scotia","2021A000212","In-migrants","Persons","249","units","0","v509045","4.1","3230","","","","0"
"1991-10","Nova Scotia","2021A000212","Out-migrants","Persons","249","units","0","v509060","4.2","3288","","","","0"
"1991-10","New Brunswick","2021A000213","In-migrants","Persons","249","units","0","v509046","5.1","2274","","","","0"
"1991-10","New Brunswick","2021A000213","Out-migrants","Persons","249","units","0","v509061","5.2","2194","","","","0"
"1991-10","Quebec","2021A000224","In-migrants","Persons","249","units","0","v509047","6.1","3834","","","","0"
"1991-10","Quebec","2021A000224","Out-migrants","Persons","249","units","0","v509062","6.2","7456","","","","0"
"1991-10","Ontario","2021A000235","In-migrants","Persons","249","units","0","v509048","7.1","14643","","","","0"
"1991-10","Ontario","2021A000235","Out-migrants","Persons","249","units","0","v509063","7.2","15730","","","","0"
"1991-10","Manitoba","2021A000246","In-migrants","Persons","249","units","0","v509049","8.1","2929","","","","0"
"1991-10","Manitoba","2021A000246","Out-migrants","Persons","249","units","0","v509064","8.2","4349","","","","0"
"1991-10","Saskatchewan","2021A000247","In-migrants","Persons","249","units","0","v509050","9.1","3759","","","","0"
"1991-10","Saskatchewan","2021A000247","Out-migrants","Persons","249","units","0","v509065","9.2","5183","","","","0"
"1991-10","Alberta","2021A000248","In-migrants","Persons","249","units","0","v509051","10.1","11200","","","","0"
"1991-10","Alberta","2021A000248","Out-migrants","Persons","249","units","0","v509066","10.2","10761","","","","0"
"1991-10","British Columbia","2021A000259","In-migrants","Persons","249","units","0","v509039","11.1","15470","","","","0"
"1991-10","British Columbia","2021A000259","Out-migrants","Persons","249","units","0","v509054","11.2","8007","","","","0"
"1991-10","Yukon","2021A000260","In-migrants","Persons","249","units","0","v509040","12.1","517","","","","0"
"1991-10","Yukon","2021A000260","Out-migrants","Persons","249","units","0","v509055","12.2","511","","","","0"
"1991-10","Northwest Territories","2021A000261","In-migrants","Persons","249","units","0","v509042","14.1","618","","","","0"
"1991-10","Northwest Territories","2021A000261","Out-migrants","Persons","249","units","0","v509057","14.2","588","","","","0"
"1991-10","Nunavut","2021A000262","In-migrants","Persons","249","units","0","v509043","15.1","176","","","","0"
"1991-10","Nunavut","2021A000262","Out-migrants","Persons","249","units","0","v509058","15.2","184","","","","0"
"1992-01","Canada","2021A000011124","In-migrants","Persons","249","units","0","v509037","1.1","51278","","","","0"
"1992-01","Canada","2021A000011124","Out-migrants","Persons","249","units","0","v509052","1.2","51278","","","","0"
"1992-01","Newfoundland and Labrador","2021A000210","In-migrants","Persons","249","units","0","v509038","2.1","1516","","","","0"
"1992-01","Newfoundland and Labrador","2021A000210","Out-migrants","Persons","249","units","0","v509053","2.2","1669","","","","0"
"1992-01","Prince Edward Island","2021A000211","In-migrants","Persons","249","units","0","v509044","3.1","487","","","","0"
"1992-01","Prince Edward Island","2021A000211","Out-migrants","Persons","249","units","0","v509059","3.2","459","","","","0"
"1992-01","Nova Scotia","2021A000212","In-migrants","Persons","249","units","0","v509045","4.1","2353","","","","0"
"1992-01","Nova Scotia","2021A000212","Out-migrants","Persons","249","units","0","v509060","4.2","2985","","","","0"
"1992-01","New Brunswick","2021A000213","In-migrants","Persons","249","units","0","v509046","5.1","1881","","","","0"
"1992-01","New Brunswick","2021A000213","Out-migrants","Persons","249","units","0","v509061","5.2","1759","","","","0"
"1992-01","Quebec","2021A000224","In-migrants","Persons","249","units","0","v509047","6.1","3834","","","","0"
"1992-01","Quebec","2021A000224","Out-migrants","Persons","249","units","0","v509062","6.2","5758","","","","0"
"1992-01","Ontario","2021A000235","In-migrants","Persons","249","units","0","v509048","7.1","11711","","","","0"
"1992-01","Ontario","2021A000235","Out-migrants","Persons","249","units","0","v509063","7.2","12543","","","","0"
"1992-01","Manitoba","2021A000246","In-migrants","Persons","249","units","0","v509049","8.1","2589","","","","0"
"1992-01","Manitoba","2021A000246","Out-migrants","Persons","249","units","0","v509064","8.2","3902","","","","0"
"1992-01","Saskatchewan","2021A000247","In-migrants","Persons","249","units","0","v509050","9.1","3255","","","","0"
"1992-01","Saskatchewan","2021A000247","Out-migrants","Persons","249","units","0","v509065","9.2","4160","","","","0"
"1992-01","Alberta","2021A000248","In-migrants","Persons","249","units","0","v509051","10.1","9537","","","","0"
"1992-01","Alberta","2021A000248","Out-migrants","Persons","249","units","0","v509066","10.2","10322","","","","0"
"1992-01","British Columbia","2021A000259","In-migrants","Persons","249","units","0","v509039","11.1","13061","","","","0"
"1992-01","British Columbia","2021A000259","Out-migrants","Persons","249","units","0","v509054","11.2","6829","","","","0"
"1992-01","Yukon","2021A000260","In-migrants","Persons","249","units","0","v509040","12.1","417","","","","0"
"1992-01","Yukon","2021A000260","Out-migrants","Persons","249","units","0","v509055","12.2","263","","","","0"
"1992-01","Northwest Territories","2021A000261","In-migrants","Persons","249","units","0","v509042","14.1","491","","","","0"
"1992-01","Northwest Territories","2021A000261","Out-migrants","Persons","249","units","0","v509057","14.2","467","","","","0"
"1992-01","Nunavut","2021A000262","In-migrants","Persons","249","units","0","v509043","15.1","146","","","","0"
"1992-01","Nunavut","2021A000262","Out-migrants","Persons","249","units","0","v509058","15.2","162","","","","0"
"1992-04","Canada","2021A000011124","In-migrants","Persons","249","units","0","v509037","1.1","78441","","","","0"
"1992-04","Canada","2021A000011124","Out-migrants","Persons","249","units","0","v509052","1.2","78441","","","","0"
"1992-04","Newfoundland and Labrador","2021A000210","In-migrants","Persons","249","units","0","v509038","2.1","2205","","","","0"
"1992-04","Newfoundland and Labrador","2021A000210","Out-migrants","Persons","249","units","0","v509053","2.2","2354","","","","0"
"1992-04","Prince Edward Island","2021A000211","In-migrants","Persons","249","units","0","v509044","3.1","687","","","","0"
"1992-04","Prince Edward Island","2021A000211","Out-migrants","Persons","249","units","0","v509059","3.2","836","","","","0"
"1992-04","Nova Scotia","2021A000212","In-migrants","Persons","249","units","0","v509045","4.1","4488","","","","0"
"1992-04","Nova Scotia","2021A000212","Out-migrants","Persons","249","units","0","v509060","4.2","3909","","","","0"
"1992-04","New Brunswick","2021A000213","In-migrants","Persons","249","units","0","v509046","5.1","3274","","","","0"
"1992-04","New Brunswick","2021A000213","Out-migrants","Persons","249","units","0","v509061","5.2","3203","","","","0"
"1992-04","Quebec","2021A000224","In-migrants","Persons","249","units","0","v509047","6.1","6661","","","","0"
"1992-04","Quebec","2021A000224","Out-migrants","Persons","249","units","0","v509062","6.2","10313","","","","0"
"1992-04","Ontario","2021A000235","In-migrants","Persons","249","units","0","v509048","7.1","17530","","","","0"
"1992-04","Ontario","2021A000235","Out-migrants","Persons","249","units","0","v509063","7.2","20644","","","","0"
"1992-04","Manitoba","2021A000246","In-migrants","Persons","249","units","0","v509049","8.1","3944","","","","0"
"1992-04","Manitoba","2021A000246","Out-migrants","Persons","249","units","0","v509064","8.2","5648","","","","0"
"1992-04","Saskatchewan","2021A000247","In-migrants","Persons","249","units","0","v509050","9.1","4258","","","","0"
"1992-04","Saskatchewan","2021A000247","Out-migrants","Persons","249","units","0","v509065","9.2","5993","","","","0"
"1992-04","Alberta","2021A000248","In-migrants","Persons","249","units","0","v509051","10.1","14602","","","","0"
"1992-04","Alberta","2021A000248","Out-migrants","Persons","249","units","0","v509066","10.2","13892","","","","0"
"1992-04","British Columbia","2021A000259","In-migrants","Persons","249","units","0","v509039","11.1","19102","","","","0"
"1992-04","British Columbia","2021A000259","Out-migrants","Persons","249","units","0","v509054","11.2","10362","","","","0"
"1992-04","Yukon","2021A000260","In-migrants","Persons","249","units","0","v509040","12.1","739","","","","0"
"1992-04","Yukon","2021A000260","Out-migrants","Persons","249","units","0","v509055","12.2","338","","","","0"
"1992-04","Northwest Territories","2021A000261","In-migrants","Persons","249","units","0","v509042","14.1","702","","","","0"
"1992-04","Northwest Territories","2021A000261","Out-migrants","Persons","249","units","0","v509057","14.2","718","","","","0"
"1992-04","Nunavut","2021A000262","In-migrants","Persons","249","units","0","v509043","15.1","249","","","","0"
"1992-04","Nunavut","2021A000262","Out-migrants","Persons","249","units","0","v509058","15.2","231","","","","0"
"1992-07","Canada","2021A000011124","In-migrants","Persons","249","units","0","v509037","1.1","120906","","","","0"
"1992-07","Canada","2021A000011124","Out-migrants","Persons","249","units","0","v509052","1.2","120906","","","","0"
"1992-07","Newfoundland and Labrador","2021A000210","In-migrants","Persons","249","units","0","v509038","2.1","2743","","","","0"
"1992-07","Newfoundland and Labrador","2021A000210","Out-migrants","Persons","249","units","0","v509053","2.2","4108","","","","0"
"1992-07","Prince Edward Island","2021A000211","In-migrants","Persons","249","units","0","v509044","3.1","1110","","","","0"
"1992-07","Prince Edward Island","2021A000211","Out-migrants","Persons","249","units","0","v509059","3.2","990","","","","0"
"1992-07","Nova Scotia","2021A000212","In-migrants","Persons","249","units","0","v509045","4.1","8121","","","","0"
"1992-07","Nova Scotia","2021A000212","Out-migrants","Persons","249","units","0","v509060","4.2","7704","","","","0"
"1992-07","New Brunswick","2021A000213","In-migrants","Persons","249","units","0","v509046","5.1","4781","","","","0"
"1992-07","New Brunswick","2021A000213","Out-migrants","Persons","249","units","0","v509061","5.2","5948","","","","0"
"1992-07","Quebec","2021A000224","In-migrants","Persons","249","units","0","v509047","6.1","11045","","","","0"
"1992-07","Quebec","2021A000224","Out-migrants","Persons","249","units","0","v509062","6.2","12569","","","","0"
"1992-07","Ontario","2021A000235","In-migrants","Persons","249","units","0","v509048","7.1","25116","","","","0"
"1992-07","Ontario","2021A000235","Out-migrants","Persons","249","units","0","v509063","7.2","32671","","","","0"
"1992-07","Manitoba","2021A000246","In-migrants","Persons","249","units","0","v509049","8.1","6459","","","","0"
"1992-07","Manitoba","2021A000246","Out-migrants","Persons","249","units","0","v509064","8.2","8818","","","","0"
"1992-07","Saskatchewan","2021A000247","In-migrants","Persons","249","units","0","v509050","9.1","6234","","","","0"
"1992-07","Saskatchewan","2021A000247","Out-migrants","Persons","249","units","0","v509065","9.2","10132","","","","0"
"1992-07","Alberta","2021A000248","In-migrants","Persons","249","units","0","v509051","10.1","22497","","","","0"
"1992-07","Alberta","2021A000248","Out-migrants","Persons","249","units","0","v509066","10.2","21263","","","","0"
"1992-07","British Columbia","2021A000259","In-migrants","Persons","249","units","0","v509039","11.1","30606","","","","0"
"1992-07","British Columbia","2021A000259","Out-migrants","Persons","249","units","0","v509054","11.2","14068","","","","0"
"1992-07","Yukon","2021A000260","In-migrants","Persons","249","units","0","v509040","12.1","717","","","","0"
"1992-07","Yukon","2021A000260","Out-migrants","Persons","249","units","0","v509055","12.2","919","","","","0"
"1992-07","Northwest Territories","2021A000261","In-migrants","Persons","249","units","0","v509042","14.1","1087","","","","0"
"1992-07","Northwest Territories","2021A000261","Out-migrants","Persons","249","units","0","v509057","14.2","1267","","","","0"
"1992-07","Nunavut","2021A000262","In-migrants","Persons","249","units","0","v509043","15.1","390","","","","0"
"1992-07","Nunavut","2021A000262","Out-migrants","Persons","249","units","0","v509058","15.2","449","","","","0"
"1992-10","Canada","2021A000011124","In-migrants","Persons","249","units","0","v509037","1.1","59055","","","","0"
"1992-10","Canada","2021A000011124","Out-migrants","Persons","249","units","0","v509052","1.2","59055","","","","0"
"1992-10","Newfoundland and Labrador","2021A000210","In-migrants","Persons","249","units","0","v509038","2.1","1683","","","","0"
"1992-10","Newfoundland and Labrador","2021A000210","Out-migrants","Persons","249","units","0","v509053","2.2","2579","","","","0"
"1992-10","Prince Edward Island","2021A000211","In-migrants","Persons","249","units","0","v509044","3.1","545","","","","0"
"1992-10","Prince Edward Island","2021A000211","Out-migrants","Persons","249","units","0","v509059","3.2","312","","","","0"
"1992-10","Nova Scotia","2021A000212","In-migrants","Persons","249","units","0","v509045","4.1","3182","","","","0"
"1992-10","Nova Scotia","2021A000212","Out-migrants","Persons","249","units","0","v509060","4.2","3191","","","","0"
"1992-10","New Brunswick","2021A000213","In-migrants","Persons","249","units","0","v509046","5.1","2098","","","","0"
"1992-10","New Brunswick","2021A000213","Out-migrants","Persons","249","units","0","v509061","5.2","2211","","","","0"
"1992-10","Quebec","2021A000224","In-migrants","Persons","249","units","0","v509047","6.1","3940","","","","0"
"1992-10","Quebec","2021A000224","Out-migrants","Persons","249","units","0","v509062","6.2","6625","","","","0"
"1992-10","Ontario","2021A000235","In-migrants","Persons","249","units","0","v509048","7.1","13633","","","","0"
"1992-10","Ontario","2021A000235","Out-migrants","Persons","249","units","0","v509063","7.2","15662","","","","0"
"1992-10","Manitoba","2021A000246","In-migrants","Persons","249","units","0","v509049","8.1","2931","","","","0"
"1992-10","Manitoba","2021A000246","Out-migrants","Persons","249","units","0","v509064","8.2","3972","","","","0"
"1992-10","Saskatchewan","2021A000247","In-migrants","Persons","249","units","0","v509050","9.1","3596","","","","0"
"1992-10","Saskatchewan","2021A000247","Out-migrants","Persons","249","units","0","v509065","9.2","4785","","","","0"
"1992-10","Alberta","2021A000248","In-migrants","Persons","249","units","0","v509051","10.1","10382","","","","0"
"1992-10","Alberta","2021A000248","Out-migrants","Persons","249","units","0","v509066","10.2","10511","","","","0"
"1992-10","British Columbia","2021A000259","In-migrants","Persons","249","units","0","v509039","11.1","15827","","","","0"
"1992-10","British Columbia","2021A000259","Out-migrants","Persons","249","units","0","v509054","11.2","7759","","","","0"
"1992-10","Yukon","2021A000260","In-migrants","Persons","249","units","0","v509040","12.1","462","","","","0"
"1992-10","Yukon","2021A000260","Out-migrants","Persons","249","units","0","v509055","12.2","600","","","","0"
"1992-10","Northwest Territories","2021A000261","In-migrants","Persons","249","units","0","v509042","14.1","599","","","","0"
"1992-10","Northwest Territories","2021A000261","Out-migrants","Persons","249","units","0","v509057","14.2","647","","","","0"
"1992-10","Nunavut","2021A000262","In-migrants","Persons","249","units","0","v509043","15.1","177","","","","0"
"1992-10","Nunavut","2021A000262","Out-migrants","Persons","249","units","0","v509058","15.2","201","","","","0"
"1993-01","Canada","2021A000011124","In-migrants","Persons","249","units","0","v509037","1.1","49409","","","","0"
"1993-01","Canada","2021A000011124","Out-migrants","Persons","249","units","0","v509052","1.2","49409","","","","0"
"1993-01","Newfoundland and Labrador","2021A000210","In-migrants","Persons","249","units","0","v509038","2.1","1257","","","","0"
"1993-01","Newfoundland and Labrador","2021A000210","Out-migrants","Persons","249","units","0","v509053","2.2","1606","","","","0"
"1993-01","Prince Edward Island","2021A000211","In-migrants","Persons","249","units","0","v509044","3.1","442","","","","0"
"1993-01","Prince Edward Island","2021A000211","Out-migrants","Persons","249","units","0","v509059","3.2","330","","","","0"
"1993-01","Nova Scotia","2021A000212","In-migrants","Persons","249","units","0","v509045","4.1","2293","","","","0"
"1993-01","Nova Scotia","2021A000212","Out-migrants","Persons","249","units","0","v509060","4.2","2935","","","","0"
"1993-01","New Brunswick","2021A000213","In-migrants","Persons","249","units","0","v509046","5.1","1744","","","","0"
"1993-01","New Brunswick","2021A000213","Out-migrants","Persons","249","units","0","v509061","5.2","1784","","","","0"
"1993-01","Quebec","2021A000224","In-migrants","Persons","249","units","0","v509047","6.1","3948","","","","0"
"1993-01","Quebec","2021A000224","Out-migrants","Persons","249","units","0","v509062","6.2","5107","","","","0"
"1993-01","Ontario","2021A000235","In-migrants","Persons","249","units","0","v509048","7.1","10930","","","","0"
"1993-01","Ontario","2021A000235","Out-migrants","Persons","249","units","0","v509063","7.2","12511","","","","0"
"1993-01","Manitoba","2021A000246","In-migrants","Persons","249","units","0","v509049","8.1","2607","","","","0"
"1993-01","Manitoba","2021A000246","Out-migrants","Persons","249","units","0","v509064","8.2","3554","","","","0"
"1993-01","Saskatchewan","2021A000247","In-migrants","Persons","249","units","0","v509050","9.1","3132","","","","0"
"1993-01","Saskatchewan","2021A000247","Out-migrants","Persons","249","units","0","v509065","9.2","3833","","","","0"
"1993-01","Alberta","2021A000248","In-migrants","Persons","249","units","0","v509051","10.1","8804","","","","0"
"1993-01","Alberta","2021A000248","Out-migrants","Persons","249","units","0","v509066","10.2","10099","","","","0"
"1993-01","British Columbia","2021A000259","In-migrants","Persons","249","units","0","v509039","11.1","13321","","","","0"
"1993-01","British Columbia","2021A000259","Out-migrants","Persons","249","units","0","v509054","11.2","6639","","","","0"
"1993-01","Yukon","2021A000260","In-migrants","Persons","249","units","0","v509040","12.1","356","","","","0"
"1993-01","Yukon","2021A000260","Out-migrants","Persons","249","units","0","v509055","12.2","316","","","","0"
"1993-01","Northwest Territories","2021A000261","In-migrants","Persons","249","units","0","v509042","14.1","440","","","","0"
"1993-01","Northwest Territories","2021A000261","Out-migrants","Persons","249","units","0","v509057","14.2","522","","","","0"
"1993-01","Nunavut","2021A000262","In-migrants","Persons","249","units","0","v509043","15.1","135","","","","0"
"1993-01","Nunavut","2021A000262","Out-migrants","Persons","249","units","0","v509058","15.2","173","","","","0"
"1993-04","Canada","2021A000011124","In-migrants","Persons","249","units","0","v509037","1.1","73924","","","","0"
"1993-04","Canada","2021A000011124","Out-migrants","Persons","249","units","0","v509052","1.2","73924","","","","0"
"1993-04","Newfoundland and Labrador","2021A000210","In-migrants","Persons","249","units","0","v509038","2.1","1875","","","","0"
"1993-04","Newfoundland and Labrador","2021A000210","Out-migrants","Persons","249","units","0","v509053","2.2","2343","","","","0"
"1993-04","Prince Edward Island","2021A000211","In-migrants","Persons","249","units","0","v509044","3.1","552","","","","0"
"1993-04","Prince Edward Island","2021A000211","Out-migrants","Persons","249","units","0","v509059","3.2","363","","","","0"
"1993-04","Nova Scotia","2021A000212","In-migrants","Persons","249","units","0","v509045","4.1","4111","","","","0"
"1993-04","Nova Scotia","2021A000212","Out-migrants","Persons","249","units","0","v509060","4.2","3781","","","","0"
"1993-04","New Brunswick","2021A000213","In-migrants","Persons","249","units","0","v509046","5.1","3048","","","","0"
"1993-04","New Brunswick","2021A000213","Out-migrants","Persons","249","units","0","v509061","5.2","3130","","","","0"
"1993-04","Quebec","2021A000224","In-migrants","Persons","249","units","0","v509047","6.1","6617","","","","0"
"1993-04","Quebec","2021A000224","Out-migrants","Persons","249","units","0","v509062","6.2","9669","","","","0"
"1993-04","Ontario","2021A000235","In-migrants","Persons","249","units","0","v509048","7.1","16706","","","","0"
"1993-04","Ontario","2021A000235","Out-migrants","Persons","249","units","0","v509063","7.2","19730","","","","0"
"1993-04","Manitoba","2021A000246","In-migrants","Persons","249","units","0","v509049","8.1","3851","","","","0"
"1993-04","Manitoba","2021A000246","Out-migrants","Persons","249","units","0","v509064","8.2","5048","","","","0"
"1993-04","Saskatchewan","2021A000247","In-migrants","Persons","249","units","0","v509050","9.1","4296","","","","0"
"1993-04","Saskatchewan","2021A000247","Out-migrants","Persons","249","units","0","v509065","9.2","4856","","","","0"
"1993-04","Alberta","2021A000248","In-migrants","Persons","249","units","0","v509051","10.1","12386","","","","0"
"1993-04","Alberta","2021A000248","Out-migrants","Persons","249","units","0","v509066","10.2","13377","","","","0"
"1993-04","British Columbia","2021A000259","In-migrants","Persons","249","units","0","v509039","11.1","19009","","","","0"
"1993-04","British Columbia","2021A000259","Out-migrants","Persons","249","units","0","v509054","11.2","10198","","","","0"
"1993-04","Yukon","2021A000260","In-migrants","Persons","249","units","0","v509040","12.1","538","","","","0"
"1993-04","Yukon","2021A000260","Out-migrants","Persons","249","units","0","v509055","12.2","503","","","","0"
"1993-04","Northwest Territories","2021A000261","In-migrants","Persons","249","units","0","v509042","14.1","673","","","","0"
"1993-04","Northwest Territories","2021A000261","Out-migrants","Persons","249","units","0","v509057","14.2","693","","","","0"
"1993-04","Nunavut","2021A000262","In-migrants","Persons","249","units","0","v509043","15.1","262","","","","0"
"1993-04","Nunavut","2021A000262","Out-migrants","Persons","249","units","0","v509058","15.2","233","","","","0"
"1993-07","Canada","2021A000011124","In-migrants","Persons","249","units","0","v509037","1.1","106210","","","","0"
"1993-07","Canada","2021A000011124","Out-migrants","Persons","249","units","0","v509052","1.2","106210","","","","0"
"1993-07","Newfoundland and Labrador","2021A000210","In-migrants","Persons","249","units","0","v509038","2.1","2369","","","","0"
"1993-07","Newfoundland and Labrador","2021A000210","Out-migrants","Persons","249","units","0","v509053","2.2","4130","","","","0"
"1993-07","Prince Edward Island","2021A000211","In-migrants","Persons","249","units","0","v509044","3.1","840","","","","0"
"1993-07","Prince Edward Island","2021A000211","Out-migrants","Persons","249","units","0","v509059","3.2","795","","","","0"
"1993-07","Nova Scotia","2021A000212","In-migrants","Persons","249","units","0","v509045","4.1","6404","","","","0"
"1993-07","Nova Scotia","2021A000212","Out-migrants","Persons","249","units","0","v509060","4.2","6632","","","","0"
"1993-07","New Brunswick","2021A000213","In-migrants","Persons","249","units","0","v509046","5.1","4445","","","","0"
"1993-07","New Brunswick","2021A000213","Out-migrants","Persons","249","units","0","v509061","5.2","4616","","","","0"
"1993-07","Quebec","2021A000224","In-migrants","Persons","249","units","0","v509047","6.1","9914","","","","0"
"1993-07","Quebec","2021A000224","Out-migrants","Persons","249","units","0","v509062","6.2","11680","","","","0"
"1993-07","Ontario","2021A000235","In-migrants","Persons","249","units","0","v509048","7.1","22823","","","","0"
"1993-07","Ontario","2021A000235","Out-migrants","Persons","249","units","0","v509063","7.2","29546","","","","0"
"1993-07","Manitoba","2021A000246","In-migrants","Persons","249","units","0","v509049","8.1","5417","","","","0"
"1993-07","Manitoba","2021A000246","Out-migrants","Persons","249","units","0","v509064","8.2","7395","","","","0"
"1993-07","Saskatchewan","2021A000247","In-migrants","Persons","249","units","0","v509050","9.1","5577","","","","0"
"1993-07","Saskatchewan","2021A000247","Out-migrants","Persons","249","units","0","v509065","9.2","7966","","","","0"
"1993-07","Alberta","2021A000248","In-migrants","Persons","249","units","0","v509051","10.1","19182","","","","0"
"1993-07","Alberta","2021A000248","Out-migrants","Persons","249","units","0","v509066","10.2","17668","","","","0"
"1993-07","British Columbia","2021A000259","In-migrants","Persons","249","units","0","v509039","11.1","27423","","","","0"
"1993-07","British Columbia","2021A000259","Out-migrants","Persons","249","units","0","v509054","11.2","13647","","","","0"
"1993-07","Yukon","2021A000260","In-migrants","Persons","249","units","0","v509040","12.1","524","","","","0"
"1993-07","Yukon","2021A000260","Out-migrants","Persons","249","units","0","v509055","12.2","960","","","","0"
"1993-07","Northwest Territories","2021A000261","In-migrants","Persons","249","units","0","v509042","14.1","928","","","","0"
"1993-07","Northwest Territories","2021A000261","Out-migrants","Persons","249","units","0","v509057","14.2","850","","","","0"
"1993-07","Nunavut","2021A000262","In-migrants","Persons","249","units","0","v509043","15.1","364","","","","0"
"1993-07","Nunavut","2021A000262","Out-migrants","Persons","249","units","0","v509058","15.2","325","","","","0"
"1993-10","Canada","2021A000011124","In-migrants","Persons","249","units","0","v509037","1.1","54194","","","","0"
"1993-10","Canada","2021A000011124","Out-migrants","Persons","249","units","0","v509052","1.2","54194","","","","0"
"1993-10","Newfoundland and Labrador","2021A000210","In-migrants","Persons","249","units","0","v509038","2.1","1375","","","","0"
"1993-10","Newfoundland and Labrador","2021A000210","Out-migrants","Persons","249","units","0","v509053","2.2","2194","","","","0"
"1993-10","Prince Edward Island","2021A000211","In-migrants","Persons","249","units","0","v509044","3.1","623","","","","0"
"1993-10","Prince Edward Island","2021A000211","Out-migrants","Persons","249","units","0","v509059","3.2","437","","","","0"
"1993-10","Nova Scotia","2021A000212","In-migrants","Persons","249","units","0","v509045","4.1","2704","","","","0"
"1993-10","Nova Scotia","2021A000212","Out-migrants","Persons","249","units","0","v509060","4.2","3307","","","","0"
"1993-10","New Brunswick","2021A000213","In-migrants","Persons","249","units","0","v509046","5.1","1802","","","","0"
"1993-10","New Brunswick","2021A000213","Out-migrants","Persons","249","units","0","v509061","5.2","2001","","","","0"
"1993-10","Quebec","2021A000224","In-migrants","Persons","249","units","0","v509047","6.1","4066","","","","0"
"1993-10","Quebec","2021A000224","Out-migrants","Persons","249","units","0","v509062","6.2","5515","","","","0"
"1993-10","Ontario","2021A000235","In-migrants","Persons","249","units","0","v509048","7.1","11856","","","","0"
"1993-10","Ontario","2021A000235","Out-migrants","Persons","249","units","0","v509063","7.2","13299","","","","0"
"1993-10","Manitoba","2021A000246","In-migrants","Persons","249","units","0","v509049","8.1","2719","","","","0"
"1993-10","Manitoba","2021A000246","Out-migrants","Persons","249","units","0","v509064","8.2","3803","","","","0"
"1993-10","Saskatchewan","2021A000247","In-migrants","Persons","249","units","0","v509050","9.1","3290","","","","0"
"1993-10","Saskatchewan","2021A000247","Out-migrants","Persons","249","units","0","v509065","9.2","4183","","","","0"
"1993-10","Alberta","2021A000248","In-migrants","Persons","249","units","0","v509051","10.1","9305","","","","0"
"1993-10","Alberta","2021A000248","Out-migrants","Persons","249","units","0","v509066","10.2","10888","","","","0"
"1993-10","British Columbia","2021A000259","In-migrants","Persons","249","units","0","v509039","11.1","15474","","","","0"
"1993-10","British Columbia","2021A000259","Out-migrants","Persons","249","units","0","v509054","11.2","7148","","","","0"
"1993-10","Yukon","2021A000260","In-migrants","Persons","249","units","0","v509040","12.1","219","","","","0"
"1993-10","Yukon","2021A000260","Out-migrants","Persons","249","units","0","v509055","12.2","613","","","","0"
"1993-10","Northwest Territories","2021A000261","In-migrants","Persons","249","units","0","v509042","14.1","561","","","","0"
"1993-10","Northwest Territories","2021A000261","Out-migrants","Persons","249","units","0","v509057","14.2","580","","","","0"
"1993-10","Nunavut","2021A000262","In-migrants","Persons","249","units","0","v509043","15.1","200","","","","0"
"1993-10","Nunavut","2021A000262","Out-migrants","Persons","249","units","0","v509058","15.2","226","","","","0"
"1994-01","Canada","2021A000011124","In-migrants","Persons","249","units","0","v509037","1.1","51272","","","","0"
"1994-01","Canada","2021A000011124","Out-migrants","Persons","249","units","0","v509052","1.2","51272","","","","0"
"1994-01","Newfoundland and Labrador","2021A000210","In-migrants","Persons","249","units","0","v509038","2.1","1034","","","","0"
"1994-01","Newfoundland and Labrador","2021A000210","Out-migrants","Persons","249","units","0","v509053","2.2","2198","","","","0"
"1994-01","Prince Edward Island","2021A000211","In-migrants","Persons","249","units","0","v509044","3.1","477","","","","0"
"1994-01","Prince Edward Island","2021A000211","Out-migrants","Persons","249","units","0","v509059","3.2","318","","","","0"
"1994-01","Nova Scotia","2021A000212","In-migrants","Persons","249","units","0","v509045","4.1","2287","","","","0"
"1994-01","Nova Scotia","2021A000212","Out-migrants","Persons","249","units","0","v509060","4.2","2775","","","","0"
"1994-01","New Brunswick","2021A000213","In-migrants","Persons","249","units","0","v509046","5.1","1428","","","","0"
"1994-01","New Brunswick","2021A000213","Out-migrants","Persons","249","units","0","v509061","5.2","1902","","","","0"
"1994-01","Quebec","2021A000224","In-migrants","Persons","249","units","0","v509047","6.1","3682","","","","0"
"1994-01","Quebec","2021A000224","Out-migrants","Persons","249","units","0","v509062","6.2","5531","","","","0"
"1994-01","Ontario","2021A000235","In-migrants","Persons","249","units","0","v509048","7.1","12391","","","","0"
"1994-01","Ontario","2021A000235","Out-migrants","Persons","249","units","0","v509063","7.2","12351","","","","0"
"1994-01","Manitoba","2021A000246","In-migrants","Persons","249","units","0","v509049","8.1","2827","","","","0"
"1994-01","Manitoba","2021A000246","Out-migrants","Persons","249","units","0","v509064","8.2","3558","","","","0"
"1994-01","Saskatchewan","2021A000247","In-migrants","Persons","249","units","0","v509050","9.1","3075","","","","0"
"1994-01","Saskatchewan","2021A000247","Out-migrants","Persons","249","units","0","v509065","9.2","4107","","","","0"
"1994-01","Alberta","2021A000248","In-migrants","Persons","249","units","0","v509051","10.1","9654","","","","0"
"1994-01","Alberta","2021A000248","Out-migrants","Persons","249","units","0","v509066","10.2","9945","","","","0"
"1994-01","British Columbia","2021A000259","In-migrants","Persons","249","units","0","v509039","11.1","13417","","","","0"
"1994-01","British Columbia","2021A000259","Out-migrants","Persons","249","units","0","v509054","11.2","7399","","","","0"
"1994-01","Yukon","2021A000260","In-migrants","Persons","249","units","0","v509040","12.1","308","","","","0"
"1994-01","Yukon","2021A000260","Out-migrants","Persons","249","units","0","v509055","12.2","428","","","","0"
"1994-01","Northwest Territories","2021A000261","In-migrants","Persons","249","units","0","v509042","14.1","487","","","","0"
"1994-01","Northwest Territories","2021A000261","Out-migrants","Persons","249","units","0","v509057","14.2","547","","","","0"
"1994-01","Nunavut","2021A000262","In-migrants","Persons","249","units","0","v509043","15.1","205","","","","0"
"1994-01","Nunavut","2021A000262","Out-migrants","Persons","249","units","0","v509058","15.2","213","","","","0"
"1994-04","Canada","2021A000011124","In-migrants","Persons","249","units","0","v509037","1.1","77715","","","","0"
"1994-04","Canada","2021A000011124","Out-migrants","Persons","249","units","0","v509052","1.2","77715","","","","0"
"1994-04","Newfoundland and Labrador","2021A000210","In-migrants","Persons","249","units","0","v509038","2.1","1802","","","","0"
"1994-04","Newfoundland and Labrador","2021A000210","Out-migrants","Persons","249","units","0","v509053","2.2","3010","","","","0"
"1994-04","Prince Edward Island","2021A000211","In-migrants","Persons","249","units","0","v509044","3.1","748","","","","0"
"1994-04","Prince Edward Island","2021A000211","Out-migrants","Persons","249","units","0","v509059","3.2","516","","","","0"
"1994-04","Nova Scotia","2021A000212","In-migrants","Persons","249","units","0","v509045","4.1","3864","","","","0"
"1994-04","Nova Scotia","2021A000212","Out-migrants","Persons","249","units","0","v509060","4.2","4432","","","","0"
"1994-04","New Brunswick","2021A000213","In-migrants","Persons","249","units","0","v509046","5.1","3050","","","","0"
"1994-04","New Brunswick","2021A000213","Out-migrants","Persons","249","units","0","v509061","5.2","2877","","","","0"
"1994-04","Quebec","2021A000224","In-migrants","Persons","249","units","0","v509047","6.1","6115","","","","0"
"1994-04","Quebec","2021A000224","Out-migrants","Persons","249","units","0","v509062","6.2","9809","","","","0"
"1994-04","Ontario","2021A000235","In-migrants","Persons","249","units","0","v509048","7.1","17555","","","","0"
"1994-04","Ontario","2021A000235","Out-migrants","Persons","249","units","0","v509063","7.2","18849","","","","0"
"1994-04","Manitoba","2021A000246","In-migrants","Persons","249","units","0","v509049","8.1","4290","","","","0"
"1994-04","Manitoba","2021A000246","Out-migrants","Persons","249","units","0","v509064","8.2","5111","","","","0"
"1994-04","Saskatchewan","2021A000247","In-migrants","Persons","249","units","0","v509050","9.1","4886","","","","0"
"1994-04","Saskatchewan","2021A000247","Out-migrants","Persons","249","units","0","v509065","9.2","6003","","","","0"
"1994-04","Alberta","2021A000248","In-migrants","Persons","249","units","0","v509051","10.1","13622","","","","0"
"1994-04","Alberta","2021A000248","Out-migrants","Persons","249","units","0","v509066","10.2","14892","","","","0"
"1994-04","British Columbia","2021A000259","In-migrants","Persons","249","units","0","v509039","11.1","20235","","","","0"
"1994-04","British Columbia","2021A000259","Out-migrants","Persons","249","units","0","v509054","11.2","10484","","","","0"
"1994-04","Yukon","2021A000260","In-migrants","Persons","249","units","0","v509040","12.1","507","","","","0"
"1994-04","Yukon","2021A000260","Out-migrants","Persons","249","units","0","v509055","12.2","651","","","","0"
"1994-04","Northwest Territories","2021A000261","In-migrants","Persons","249","units","0","v509042","14.1","769","","","","0"
"1994-04","Northwest Territories","2021A000261","Out-migrants","Persons","249","units","0","v509057","14.2","787","","","","0"
"1994-04","Nunavut","2021A000262","In-migrants","Persons","249","units","0","v509043","15.1","272","","","","0"
"1994-04","Nunavut","2021A000262","Out-migrants","Persons","249","units","0","v509058","15.2","294","","","","0"
"1994-07","Canada","2021A000011124","In-migrants","Persons","249","units","0","v509037","1.1","100326","","","","0"
"1994-07","Canada","2021A000011124","Out-migrants","Persons","249","units","0","v509052","1.2","100326","","","","0"
"1994-07","Newfoundland and Labrador","2021A000210","In-migrants","Persons","249","units","0","v509038","2.1","2254","","","","0"
"1994-07","Newfoundland and Labrador","2021A000210","Out-migrants","Persons","249","units","0","v509053","2.2","4884","","","","0"
"1994-07","Prince Edward Island","2021A000211","In-migrants","Persons","249","units","0","v509044","3.1","901","","","","0"
"1994-07","Prince Edward Island","2021A000211","Out-migrants","Persons","249","units","0","v509059","3.2","712","","","","0"
"1994-07","Nova Scotia","2021A000212","In-migrants","Persons","249","units","0","v509045","4.1","6070","","","","0"
"1994-07","Nova Scotia","2021A000212","Out-migrants","Persons","249","units","0","v509060","4.2","6976","","","","0"
"1994-07","New Brunswick","2021A000213","In-migrants","Persons","249","units","0","v509046","5.1","4171","","","","0"
"1994-07","New Brunswick","2021A000213","Out-migrants","Persons","249","units","0","v509061","5.2","4311","","","","0"
"1994-07","Quebec","2021A000224","In-migrants","Persons","249","units","0","v509047","6.1","8720","","","","0"
"1994-07","Quebec","2021A000224","Out-migrants","Persons","249","units","0","v509062","6.2","11434","","","","0"
"1994-07","Ontario","2021A000235","In-migrants","Persons","249","units","0","v509048","7.1","22933","","","","0"
"1994-07","Ontario","2021A000235","Out-migrants","Persons","249","units","0","v509063","7.2","25340","","","","0"
"1994-07","Manitoba","2021A000246","In-migrants","Persons","249","units","0","v509049","8.1","5263","","","","0"
"1994-07","Manitoba","2021A000246","Out-migrants","Persons","249","units","0","v509064","8.2","6664","","","","0"
"1994-07","Saskatchewan","2021A000247","In-migrants","Persons","249","units","0","v509050","9.1","5580","","","","0"
"1994-07","Saskatchewan","2021A000247","Out-migrants","Persons","249","units","0","v509065","9.2","6771","","","","0"
"1994-07","Alberta","2021A000248","In-migrants","Persons","249","units","0","v509051","10.1","17143","","","","0"
"1994-07","Alberta","2021A000248","Out-migrants","Persons","249","units","0","v509066","10.2","18178","","","","0"
"1994-07","British Columbia","2021A000259","In-migrants","Persons","249","units","0","v509039","11.1","25655","","","","0"
"1994-07","British Columbia","2021A000259","Out-migrants","Persons","249","units","0","v509054","11.2","13216","","","","0"
"1994-07","Yukon","2021A000260","In-migrants","Persons","249","units","0","v509040","12.1","475","","","","0"
"1994-07","Yukon","2021A000260","Out-migrants","Persons","249","units","0","v509055","12.2","666","","","","0"
"1994-07","Northwest Territories","2021A000261","In-migrants","Persons","249","units","0","v509042","14.1","889","","","","0"
"1994-07","Northwest Territories","2021A000261","Out-migrants","Persons","249","units","0","v509057","14.2","816","","","","0"
"1994-07","Nunavut","2021A000262","In-migrants","Persons","249","units","0","v509043","15.1","272","","","","0"
"1994-07","Nunavut","2021A000262","Out-migrants","Persons","249","units","0","v509058","15.2","358","","","","0"
"1994-10","Canada","2021A000011124","In-migrants","Persons","249","units","0","v509037","1.1","57547","","","","0"
"1994-10","Canada","2021A000011124","Out-migrants","Persons","249","units","0","v509052","1.2","57547","","","","0"
"1994-10","Newfoundland and Labrador","2021A000210","In-migrants","Persons","249","units","0","v509038","2.1","1211","","","","0"
"1994-10","Newfoundland and Labrador","2021A000210","Out-migrants","Persons","249","units","0","v509053","2.2","2413","","","","0"
"1994-10","Prince Edward Island","2021A000211","In-migrants","Persons","249","units","0","v509044","3.1","570","","","","0"
"1994-10","Prince Edward Island","2021A000211","Out-migrants","Persons","249","units","0","v509059","3.2","456","","","","0"
"1994-10","Nova Scotia","2021A000212","In-migrants","Persons","249","units","0","v509045","4.1","2903","","","","0"
"1994-10","Nova Scotia","2021A000212","Out-migrants","Persons","249","units","0","v509060","4.2","3635","","","","0"
"1994-10","New Brunswick","2021A000213","In-migrants","Persons","249","units","0","v509046","5.1","2084","","","","0"
"1994-10","New Brunswick","2021A000213","Out-migrants","Persons","249","units","0","v509061","5.2","2148","","","","0"
"1994-10","Quebec","2021A000224","In-migrants","Persons","249","units","0","v509047","6.1","4201","","","","0"
"1994-10","Quebec","2021A000224","Out-migrants","Persons","249","units","0","v509062","6.2","6196","","","","0"
"1994-10","Ontario","2021A000235","In-migrants","Persons","249","units","0","v509048","7.1","13129","","","","0"
"1994-10","Ontario","2021A000235","Out-migrants","Persons","249","units","0","v509063","7.2","13995","","","","0"
"1994-10","Manitoba","2021A000246","In-migrants","Persons","249","units","0","v509049","8.1","2986","","","","0"
"1994-10","Manitoba","2021A000246","Out-migrants","Persons","249","units","0","v509064","8.2","4043","","","","0"
"1994-10","Saskatchewan","2021A000247","In-migrants","Persons","249","units","0","v509050","9.1","3339","","","","0"
"1994-10","Saskatchewan","2021A000247","Out-migrants","Persons","249","units","0","v509065","9.2","3957","","","","0"
"1994-10","Alberta","2021A000248","In-migrants","Persons","249","units","0","v509051","10.1","10577","","","","0"
"1994-10","Alberta","2021A000248","Out-migrants","Persons","249","units","0","v509066","10.2","10665","","","","0"
"1994-10","British Columbia","2021A000259","In-migrants","Persons","249","units","0","v509039","11.1","15204","","","","0"
"1994-10","British Columbia","2021A000259","Out-migrants","Persons","249","units","0","v509054","11.2","8963","","","","0"
"1994-10","Yukon","2021A000260","In-migrants","Persons","249","units","0","v509040","12.1","499","","","","0"
"1994-10","Yukon","2021A000260","Out-migrants","Persons","249","units","0","v509055","12.2","289","","","","0"
"1994-10","Northwest Territories","2021A000261","In-migrants","Persons","249","units","0","v509042","14.1","646","","","","0"
"1994-10","Northwest Territories","2021A000261","Out-migrants","Persons","249","units","0","v509057","14.2","566","","","","0"
"1994-10","Nunavut","2021A000262","In-migrants","Persons","249","units","0","v509043","15.1","198","","","","0"
"1994-10","Nunavut","2021A000262","Out-migrants","Persons","249","units","0","v509058","15.2","221","","","","0"
"1995-01","Canada","2021A000011124","In-migrants","Persons","249","units","0","v509037","1.1","53613","","","","0"
"1995-01","Canada","2021A000011124","Out-migrants","Persons","249","units","0","v509052","1.2","53613","","","","0"
"1995-01","Newfoundland and Labrador","2021A000210","In-migrants","Persons","249","units","0","v509038","2.1","1262","","","","0"
"1995-01","Newfoundland and Labrador","2021A000210","Out-migrants","Persons","249","units","0","v509053","2.2","2745","","","","0"
"1995-01","Prince Edward Island","2021A000211","In-migrants","Persons","249","units","0","v509044","3.1","435","","","","0"
"1995-01","Prince Edward Island","2021A000211","Out-migrants","Persons","249","units","0","v509059","3.2","422","","","","0"
"1995-01","Nova Scotia","2021A000212","In-migrants","Persons","249","units","0","v509045","4.1","2537","","","","0"
"1995-01","Nova Scotia","2021A000212","Out-migrants","Persons","249","units","0","v509060","4.2","3012","","","","0"
"1995-01","New Brunswick","2021A000213","In-migrants","Persons","249","units","0","v509046","5.1","1728","","","","0"
"1995-01","New Brunswick","2021A000213","Out-migrants","Persons","249","units","0","v509061","5.2","2247","","","","0"
"1995-01","Quebec","2021A000224","In-migrants","Persons","249","units","0","v509047","6.1","3756","","","","0"
"1995-01","Quebec","2021A000224","Out-migrants","Persons","249","units","0","v509062","6.2","5625","","","","0"
"1995-01","Ontario","2021A000235","In-migrants","Persons","249","units","0","v509048","7.1","12969","","","","0"
"1995-01","Ontario","2021A000235","Out-migrants","Persons","249","units","0","v509063","7.2","12609","","","","0"
"1995-01","Manitoba","2021A000246","In-migrants","Persons","249","units","0","v509049","8.1","3430","","","","0"
"1995-01","Manitoba","2021A000246","Out-migrants","Persons","249","units","0","v509064","8.2","3385","","","","0"
"1995-01","Saskatchewan","2021A000247","In-migrants","Persons","249","units","0","v509050","9.1","3149","","","","0"
"1995-01","Saskatchewan","2021A000247","Out-migrants","Persons","249","units","0","v509065","9.2","4091","","","","0"
"1995-01","Alberta","2021A000248","In-migrants","Persons","249","units","0","v509051","10.1","10210","","","","0"
"1995-01","Alberta","2021A000248","Out-migrants","Persons","249","units","0","v509066","10.2","9835","","","","0"
"1995-01","British Columbia","2021A000259","In-migrants","Persons","249","units","0","v509039","11.1","12991","","","","0"
"1995-01","British Columbia","2021A000259","Out-migrants","Persons","249","units","0","v509054","11.2","8654","","","","0"
"1995-01","Yukon","2021A000260","In-migrants","Persons","249","units","0","v509040","12.1","419","","","","0"
"1995-01","Yukon","2021A000260","Out-migrants","Persons","249","units","0","v509055","12.2","306","","","","0"
"1995-01","Northwest Territories","2021A000261","In-migrants","Persons","249","units","0","v509042","14.1","566","","","","0"
"1995-01","Northwest Territories","2021A000261","Out-migrants","Persons","249","units","0","v509057","14.2","484","","","","0"
"1995-01","Nunavut","2021A000262","In-migrants","Persons","249","units","0","v509043","15.1","161","","","","0"
"1995-01","Nunavut","2021A000262","Out-migrants","Persons","249","units","0","v509058","15.2","198","","","","0"
"1995-04","Canada","2021A000011124","In-migrants","Persons","249","units","0","v509037","1.1","73978","","","","0"
"1995-04","Canada","2021A000011124","Out-migrants","Persons","249","units","0","v509052","1.2","73978","","","","0"
"1995-04","Newfoundland and Labrador","2021A000210","In-migrants","Persons","249","units","0","v509038","2.1","1679","","","","0"
"1995-04","Newfoundland and Labrador","2021A000210","Out-migrants","Persons","249","units","0","v509053","2.2","3338","","","","0"
"1995-04","Prince Edward Island","2021A000211","In-migrants","Persons","249","units","0","v509044","3.1","608","","","","0"
"1995-04","Prince Edward Island","2021A000211","Out-migrants","Persons","249","units","0","v509059","3.2","575","","","","0"
"1995-04","Nova Scotia","2021A000212","In-migrants","Persons","249","units","0","v509045","4.1","3789","","","","0"
"1995-04","Nova Scotia","2021A000212","Out-migrants","Persons","249","units","0","v509060","4.2","4417","","","","0"
"1995-04","New Brunswick","2021A000213","In-migrants","Persons","249","units","0","v509046","5.1","2870","","","","0"
"1995-04","New Brunswick","2021A000213","Out-migrants","Persons","249","units","0","v509061","5.2","2960","","","","0"
"1995-04","Quebec","2021A000224","In-migrants","Persons","249","units","0","v509047","6.1","6379","","","","0"
"1995-04","Quebec","2021A000224","Out-migrants","Persons","249","units","0","v509062","6.2","8748","","","","0"
"1995-04","Ontario","2021A000235","In-migrants","Persons","249","units","0","v509048","7.1","17871","","","","0"
"1995-04","Ontario","2021A000235","Out-migrants","Persons","249","units","0","v509063","7.2","17799","","","","0"
"1995-04","Manitoba","2021A000246","In-migrants","Persons","249","units","0","v509049","8.1","4211","","","","0"
"1995-04","Manitoba","2021A000246","Out-migrants","Persons","249","units","0","v509064","8.2","5018","","","","0"
"1995-04","Saskatchewan","2021A000247","In-migrants","Persons","249","units","0","v509050","9.1","4746","","","","0"
"1995-04","Saskatchewan","2021A000247","Out-migrants","Persons","249","units","0","v509065","9.2","5647","","","","0"
"1995-04","Alberta","2021A000248","In-migrants","Persons","249","units","0","v509051","10.1","13317","","","","0"
"1995-04","Alberta","2021A000248","Out-migrants","Persons","249","units","0","v509066","10.2","13125","","","","0"
"1995-04","British Columbia","2021A000259","In-migrants","Persons","249","units","0","v509039","11.1","16933","","","","0"
"1995-04","British Columbia","2021A000259","Out-migrants","Persons","249","units","0","v509054","11.2","10659","","","","0"
"1995-04","Yukon","2021A000260","In-migrants","Persons","249","units","0","v509040","12.1","674","","","","0"
"1995-04","Yukon","2021A000260","Out-migrants","Persons","249","units","0","v509055","12.2","537","","","","0"
"1995-04","Northwest Territories","2021A000261","In-migrants","Persons","249","units","0","v509042","14.1","687","","","","0"
"1995-04","Northwest Territories","2021A000261","Out-migrants","Persons","249","units","0","v509057","14.2","844","","","","0"
"1995-04","Nunavut","2021A000262","In-migrants","Persons","249","units","0","v509043","15.1","214","","","","0"
"1995-04","Nunavut","2021A000262","Out-migrants","Persons","249","units","0","v509058","15.2","311","","","","0"
"1995-07","Canada","2021A000011124","In-migrants","Persons","249","units","0","v509037","1.1","98624","","","","0"
"1995-07","Canada","2021A000011124","Out-migrants","Persons","249","units","0","v509052","1.2","98624","","","","0"
"1995-07","Newfoundland and Labrador","2021A000210","In-migrants","Persons","249","units","0","v509038","2.1","2346","","","","0"
"1995-07","Newfoundland and Labrador","2021A000210","Out-migrants","Persons","249","units","0","v509053","2.2","4689","","","","0"
"1995-07","Prince Edward Island","2021A000211","In-migrants","Persons","249","units","0","v509044","3.1","903","","","","0"
"1995-07","Prince Edward Island","2021A000211","Out-migrants","Persons","249","units","0","v509059","3.2","627","","","","0"
"1995-07","Nova Scotia","2021A000212","In-migrants","Persons","249","units","0","v509045","4.1","6014","","","","0"
"1995-07","Nova Scotia","2021A000212","Out-migrants","Persons","249","units","0","v509060","4.2","6199","","","","0"
"1995-07","New Brunswick","2021A000213","In-migrants","Persons","249","units","0","v509046","5.1","4392","","","","0"
"1995-07","New Brunswick","2021A000213","Out-migrants","Persons","249","units","0","v509061","5.2","4846","","","","0"
"1995-07","Quebec","2021A000224","In-migrants","Persons","249","units","0","v509047","6.1","8406","","","","0"
"1995-07","Quebec","2021A000224","Out-migrants","Persons","249","units","0","v509062","6.2","12384","","","","0"
"1995-07","Ontario","2021A000235","In-migrants","Persons","249","units","0","v509048","7.1","24040","","","","0"
"1995-07","Ontario","2021A000235","Out-migrants","Persons","249","units","0","v509063","7.2","23911","","","","0"
"1995-07","Manitoba","2021A000246","In-migrants","Persons","249","units","0","v509049","8.1","5040","","","","0"
"1995-07","Manitoba","2021A000246","Out-migrants","Persons","249","units","0","v509064","8.2","6932","","","","0"
"1995-07","Saskatchewan","2021A000247","In-migrants","Persons","249","units","0","v509050","9.1","5678","","","","0"
"1995-07","Saskatchewan","2021A000247","Out-migrants","Persons","249","units","0","v509065","9.2","6489","","","","0"
"1995-07","Alberta","2021A000248","In-migrants","Persons","249","units","0","v509051","10.1","18130","","","","0"
"1995-07","Alberta","2021A000248","Out-migrants","Persons","249","units","0","v509066","10.2","16307","","","","0"
"1995-07","British Columbia","2021A000259","In-migrants","Persons","249","units","0","v509039","11.1","21889","","","","0"
"1995-07","British Columbia","2021A000259","Out-migrants","Persons","249","units","0","v509054","11.2","14530","","","","0"
"1995-07","Yukon","2021A000260","In-migrants","Persons","249","units","0","v509040","12.1","721","","","","0"
"1995-07","Yukon","2021A000260","Out-migrants","Persons","249","units","0","v509055","12.2","373","","","","0"
"1995-07","Northwest Territories","2021A000261","In-migrants","Persons","249","units","0","v509042","14.1","780","","","","0"
"1995-07","Northwest Territories","2021A000261","Out-migrants","Persons","249","units","0","v509057","14.2","981","","","","0"
"1995-07","Nunavut","2021A000262","In-migrants","Persons","249","units","0","v509043","15.1","285","","","","0"
"1995-07","Nunavut","2021A000262","Out-migrants","Persons","249","units","0","v509058","15.2","356","","","","0"
"1995-10","Canada","2021A000011124","In-migrants","Persons","249","units","0","v509037","1.1","60528","","","","0"
"1995-10","Canada","2021A000011124","Out-migrants","Persons","249","units","0","v509052","1.2","60528","","","","0"
"1995-10","Newfoundland and Labrador","2021A000210","In-migrants","Persons","249","units","0","v509038","2.1","1672","","","","0"
"1995-10","Newfoundland and Labrador","2021A000210","Out-migrants","Persons","249","units","0","v509053","2.2","2753","","","","0"
"1995-10","Prince Edward Island","2021A000211","In-migrants","Persons","249","units","0","v509044","3.1","613","","","","0"
"1995-10","Prince Edward Island","2021A000211","Out-migrants","Persons","249","units","0","v509059","3.2","567","","","","0"
"1995-10","Nova Scotia","2021A000212","In-migrants","Persons","249","units","0","v509045","4.1","3063","","","","0"
"1995-10","Nova Scotia","2021A000212","Out-migrants","Persons","249","units","0","v509060","4.2","3747","","","","0"
"1995-10","New Brunswick","2021A000213","In-migrants","Persons","249","units","0","v509046","5.1","2217","","","","0"
"1995-10","New Brunswick","2021A000213","Out-migrants","Persons","249","units","0","v509061","5.2","2085","","","","0"
"1995-10","Quebec","2021A000224","In-migrants","Persons","249","units","0","v509047","6.1","4574","","","","0"
"1995-10","Quebec","2021A000224","Out-migrants","Persons","249","units","0","v509062","6.2","6606","","","","0"
"1995-10","Ontario","2021A000235","In-migrants","Persons","249","units","0","v509048","7.1","13620","","","","0"
"1995-10","Ontario","2021A000235","Out-migrants","Persons","249","units","0","v509063","7.2","15945","","","","0"
"1995-10","Manitoba","2021A000246","In-migrants","Persons","249","units","0","v509049","8.1","2832","","","","0"
"1995-10","Manitoba","2021A000246","Out-migrants","Persons","249","units","0","v509064","8.2","3522","","","","0"
"1995-10","Saskatchewan","2021A000247","In-migrants","Persons","249","units","0","v509050","9.1","3359","","","","0"
"1995-10","Saskatchewan","2021A000247","Out-migrants","Persons","249","units","0","v509065","9.2","3895","","","","0"
"1995-10","Alberta","2021A000248","In-migrants","Persons","249","units","0","v509051","10.1","12140","","","","0"
"1995-10","Alberta","2021A000248","Out-migrants","Persons","249","units","0","v509066","10.2","10279","","","","0"
"1995-10","British Columbia","2021A000259","In-migrants","Persons","249","units","0","v509039","11.1","15292","","","","0"
"1995-10","British Columbia","2021A000259","Out-migrants","Persons","249","units","0","v509054","11.2","9848","","","","0"
"1995-10","Yukon","2021A000260","In-migrants","Persons","249","units","0","v509040","12.1","493","","","","0"
"1995-10","Yukon","2021A000260","Out-migrants","Persons","249","units","0","v509055","12.2","436","","","","0"
"1995-10","Northwest Territories","2021A000261","In-migrants","Persons","249","units","0","v509042","14.1","465","","","","0"
"1995-10","Northwest Territories","2021A000261","Out-migrants","Persons","249","units","0","v509057","14.2","636","","","","0"
"1995-10","Nunavut","2021A000262","In-migrants","Persons","249","units","0","v509043","15.1","188","","","","0"
"1995-10","Nunavut","2021A000262","Out-migrants","Persons","249","units","0","v509058","15.2","209","","","","0"
"1996-01","Canada","2021A000011124","In-migrants","Persons","249","units","0","v509037","1.1","56081","","","","0"
"1996-01","Canada","2021A000011124","Out-migrants","Persons","249","units","0","v509052","1.2","56081","","","","0"
"1996-01","Newfoundland and Labrador","2021A000210","In-migrants","Persons","249","units","0","v509038","2.1","1324","","","","0"
"1996-01","Newfoundland and Labrador","2021A000210","Out-migrants","Persons","249","units","0","v509053","2.2","3317","","","","0"
"1996-01","Prince Edward Island","2021A000211","In-migrants","Persons","249","units","0","v509044","3.1","572","","","","0"
"1996-01","Prince Edward Island","2021A000211","Out-migrants","Persons","249","units","0","v509059","3.2","483","","","","0"
"1996-01","Nova Scotia","2021A000212","In-migrants","Persons","249","units","0","v509045","4.1","2721","","","","0"
"1996-01","Nova Scotia","2021A000212","Out-migrants","Persons","249","units","0","v509060","4.2","3163","","","","0"
"1996-01","New Brunswick","2021A000213","In-migrants","Persons","249","units","0","v509046","5.1","2216","","","","0"
"1996-01","New Brunswick","2021A000213","Out-migrants","Persons","249","units","0","v509061","5.2","2175","","","","0"
"1996-01","Quebec","2021A000224","In-migrants","Persons","249","units","0","v509047","6.1","3897","","","","0"
"1996-01","Quebec","2021A000224","Out-migrants","Persons","249","units","0","v509062","6.2","6284","","","","0"
"1996-01","Ontario","2021A000235","In-migrants","Persons","249","units","0","v509048","7.1","13423","","","","0"
"1996-01","Ontario","2021A000235","Out-migrants","Persons","249","units","0","v509063","7.2","13365","","","","0"
"1996-01","Manitoba","2021A000246","In-migrants","Persons","249","units","0","v509049","8.1","3144","","","","0"
"1996-01","Manitoba","2021A000246","Out-migrants","Persons","249","units","0","v509064","8.2","3462","","","","0"
"1996-01","Saskatchewan","2021A000247","In-migrants","Persons","249","units","0","v509050","9.1","3718","","","","0"
"1996-01","Saskatchewan","2021A000247","Out-migrants","Persons","249","units","0","v509065","9.2","3821","","","","0"
"1996-01","Alberta","2021A000248","In-migrants","Persons","249","units","0","v509051","10.1","11481","","","","0"
"1996-01","Alberta","2021A000248","Out-migrants","Persons","249","units","0","v509066","10.2","9897","","","","0"
"1996-01","British Columbia","2021A000259","In-migrants","Persons","249","units","0","v509039","11.1","12402","","","","0"
"1996-01","British Columbia","2021A000259","Out-migrants","Persons","249","units","0","v509054","11.2","8785","","","","0"
"1996-01","Yukon","2021A000260","In-migrants","Persons","249","units","0","v509040","12.1","432","","","","0"
"1996-01","Yukon","2021A000260","Out-migrants","Persons","249","units","0","v509055","12.2","356","","","","0"
"1996-01","Northwest Territories","2021A000261","In-migrants","Persons","249","units","0","v509042","14.1","558","","","","0"
"1996-01","Northwest Territories","2021A000261","Out-migrants","Persons","249","units","0","v509057","14.2","755","","","","0"
"1996-01","Nunavut","2021A000262","In-migrants","Persons","249","units","0","v509043","15.1","193","","","","0"
"1996-01","Nunavut","2021A000262","Out-migrants","Persons","249","units","0","v509058","15.2","218","","","","0"
"1996-04","Canada","2021A000011124","In-migrants","Persons","249","units","0","v509037","1.1","76531","","","","0"
"1996-04","Canada","2021A000011124","Out-migrants","Persons","249","units","0","v509052","1.2","76531","","","","0"
"1996-04","Newfoundland and Labrador","2021A000210","In-migrants","Persons","249","units","0","v509038","2.1","1663","","","","0"
"1996-04","Newfoundland and Labrador","2021A000210","Out-migrants","Persons","249","units","0","v509053","2.2","3682","","","","0"
"1996-04","Prince Edward Island","2021A000211","In-migrants","Persons","249","units","0","v509044","3.1","794","","","","0"
"1996-04","Prince Edward Island","2021A000211","Out-migrants","Persons","249","units","0","v509059","3.2","567","","","","0"
"1996-04","Nova Scotia","2021A000212","In-migrants","Persons","249","units","0","v509045","4.1","4465","","","","0"
"1996-04","Nova Scotia","2021A000212","Out-migrants","Persons","249","units","0","v509060","4.2","4399","","","","0"
"1996-04","New Brunswick","2021A000213","In-migrants","Persons","249","units","0","v509046","5.1","2945","","","","0"
"1996-04","New Brunswick","2021A000213","Out-migrants","Persons","249","units","0","v509061","5.2","3033","","","","0"
"1996-04","Quebec","2021A000224","In-migrants","Persons","249","units","0","v509047","6.1","5679","","","","0"
"1996-04","Quebec","2021A000224","Out-migrants","Persons","249","units","0","v509062","6.2","9908","","","","0"
"1996-04","Ontario","2021A000235","In-migrants","Persons","249","units","0","v509048","7.1","17976","","","","0"
"1996-04","Ontario","2021A000235","Out-migrants","Persons","249","units","0","v509063","7.2","18660","","","","0"
"1996-04","Manitoba","2021A000246","In-migrants","Persons","249","units","0","v509049","8.1","4059","","","","0"
"1996-04","Manitoba","2021A000246","Out-migrants","Persons","249","units","0","v509064","8.2","4725","","","","0"
"1996-04","Saskatchewan","2021A000247","In-migrants","Persons","249","units","0","v509050","9.1","4656","","","","0"
"1996-04","Saskatchewan","2021A000247","Out-migrants","Persons","249","units","0","v509065","9.2","5367","","","","0"
"1996-04","Alberta","2021A000248","In-migrants","Persons","249","units","0","v509051","10.1","15286","","","","0"
"1996-04","Alberta","2021A000248","Out-migrants","Persons","249","units","0","v509066","10.2","12898","","","","0"
"1996-04","British Columbia","2021A000259","In-migrants","Persons","249","units","0","v509039","11.1","17376","","","","0"
"1996-04","British Columbia","2021A000259","Out-migrants","Persons","249","units","0","v509054","11.2","11771","","","","0"
"1996-04","Yukon","2021A000260","In-migrants","Persons","249","units","0","v509040","12.1","557","","","","0"
"1996-04","Yukon","2021A000260","Out-migrants","Persons","249","units","0","v509055","12.2","474","","","","0"
"1996-04","Northwest Territories","2021A000261","In-migrants","Persons","249","units","0","v509042","14.1","763","","","","0"
"1996-04","Northwest Territories","2021A000261","Out-migrants","Persons","249","units","0","v509057","14.2","748","","","","0"
"1996-04","Nunavut","2021A000262","In-migrants","Persons","249","units","0","v509043","15.1","312","","","","0"
"1996-04","Nunavut","2021A000262","Out-migrants","Persons","249","units","0","v509058","15.2","299","","","","0"
"1996-07","Canada","2021A000011124","In-migrants","Persons","249","units","0","v509037","1.1","97351","","","","0"
"1996-07","Canada","2021A000011124","Out-migrants","Persons","249","units","0","v509052","1.2","97351","","","","0"
"1996-07","Newfoundland and Labrador","2021A000210","In-migrants","Persons","249","units","0","v509038","2.1","2222","","","","0"
"1996-07","Newfoundland and Labrador","2021A000210","Out-migrants","Persons","249","units","0","v509053","2.2","4676","","","","0"
"1996-07","Prince Edward Island","2021A000211","In-migrants","Persons","249","units","0","v509044","3.1","864","","","","0"
"1996-07","Prince Edward Island","2021A000211","Out-migrants","Persons","249","units","0","v509059","3.2","718","","","","0"
"1996-07","Nova Scotia","2021A000212","In-migrants","Persons","249","units","0","v509045","4.1","5835","","","","0"
"1996-07","Nova Scotia","2021A000212","Out-migrants","Persons","249","units","0","v509060","4.2","6572","","","","0"
"1996-07","New Brunswick","2021A000213","In-migrants","Persons","249","units","0","v509046","5.1","3984","","","","0"
"1996-07","New Brunswick","2021A000213","Out-migrants","Persons","249","units","0","v509061","5.2","4439","","","","0"
"1996-07","Quebec","2021A000224","In-migrants","Persons","249","units","0","v509047","6.1","7711","","","","0"
"1996-07","Quebec","2021A000224","Out-migrants","Persons","249","units","0","v509062","6.2","13379","","","","0"
"1996-07","Ontario","2021A000235","In-migrants","Persons","249","units","0","v509048","7.1","23250","","","","0"
"1996-07","Ontario","2021A000235","Out-migrants","Persons","249","units","0","v509063","7.2","23620","","","","0"
"1996-07","Manitoba","2021A000246","In-migrants","Persons","249","units","0","v509049","8.1","4812","","","","0"
"1996-07","Manitoba","2021A000246","Out-migrants","Persons","249","units","0","v509064","8.2","6385","","","","0"
"1996-07","Saskatchewan","2021A000247","In-migrants","Persons","249","units","0","v509050","9.1","5401","","","","0"
"1996-07","Saskatchewan","2021A000247","Out-migrants","Persons","249","units","0","v509065","9.2","5828","","","","0"
"1996-07","Alberta","2021A000248","In-migrants","Persons","249","units","0","v509051","10.1","21022","","","","0"
"1996-07","Alberta","2021A000248","Out-migrants","Persons","249","units","0","v509066","10.2","15056","","","","0"
"1996-07","British Columbia","2021A000259","In-migrants","Persons","249","units","0","v509039","11.1","20735","","","","0"
"1996-07","British Columbia","2021A000259","Out-migrants","Persons","249","units","0","v509054","11.2","14894","","","","0"
"1996-07","Yukon","2021A000260","In-migrants","Persons","249","units","0","v509040","12.1","597","","","","0"
"1996-07","Yukon","2021A000260","Out-migrants","Persons","249","units","0","v509055","12.2","506","","","","0"
"1996-07","Northwest Territories","2021A000261","In-migrants","Persons","249","units","0","v509042","14.1","657","","","","0"
"1996-07","Northwest Territories","2021A000261","Out-migrants","Persons","249","units","0","v509057","14.2","923","","","","0"
"1996-07","Nunavut","2021A000262","In-migrants","Persons","249","units","0","v509043","15.1","261","","","","0"
"1996-07","Nunavut","2021A000262","Out-migrants","Persons","249","units","0","v509058","15.2","355","","","","0"
"1996-10","Canada","2021A000011124","In-migrants","Persons","249","units","0","v509037","1.1","54526","","","","0"
"1996-10","Canada","2021A000011124","Out-migrants","Persons","249","units","0","v509052","1.2","54526","","","","0"
"1996-10","Newfoundland and Labrador","2021A000210","In-migrants","Persons","249","units","0","v509038","2.1","1359","","","","0"
"1996-10","Newfoundland and Labrador","2021A000210","Out-migrants","Persons","249","units","0","v509053","2.2","2838","","","","0"
"1996-10","Prince Edward Island","2021A000211","In-migrants","Persons","249","units","0","v509044","3.1","497","","","","0"
"1996-10","Prince Edward Island","2021A000211","Out-migrants","Persons","249","units","0","v509059","3.2","558","","","","0"
"1996-10","Nova Scotia","2021A000212","In-migrants","Persons","249","units","0","v509045","4.1","3012","","","","0"
"1996-10","Nova Scotia","2021A000212","Out-migrants","Persons","249","units","0","v509060","4.2","2963","","","","0"
"1996-10","New Brunswick","2021A000213","In-migrants","Persons","249","units","0","v509046","5.1","1922","","","","0"
"1996-10","New Brunswick","2021A000213","Out-migrants","Persons","249","units","0","v509061","5.2","2330","","","","0"
"1996-10","Quebec","2021A000224","In-migrants","Persons","249","units","0","v509047","6.1","3561","","","","0"
"1996-10","Quebec","2021A000224","Out-migrants","Persons","249","units","0","v509062","6.2","6635","","","","0"
"1996-10","Ontario","2021A000235","In-migrants","Persons","249","units","0","v509048","7.1","12336","","","","0"
"1996-10","Ontario","2021A000235","Out-migrants","Persons","249","units","0","v509063","7.2","13046","","","","0"
"1996-10","Manitoba","2021A000246","In-migrants","Persons","249","units","0","v509049","8.1","2346","","","","0"
"1996-10","Manitoba","2021A000246","Out-migrants","Persons","249","units","0","v509064","8.2","3527","","","","0"
"1996-10","Saskatchewan","2021A000247","In-migrants","Persons","249","units","0","v509050","9.1","3007","","","","0"
"1996-10","Saskatchewan","2021A000247","Out-migrants","Persons","249","units","0","v509065","9.2","3637","","","","0"
"1996-10","Alberta","2021A000248","In-migrants","Persons","249","units","0","v509051","10.1","13416","","","","0"
"1996-10","Alberta","2021A000248","Out-migrants","Persons","249","units","0","v509066","10.2","8285","","","","0"
"1996-10","British Columbia","2021A000259","In-migrants","Persons","249","units","0","v509039","11.1","12215","","","","0"
"1996-10","British Columbia","2021A000259","Out-migrants","Persons","249","units","0","v509054","11.2","9480","","","","0"
"1996-10","Yukon","2021A000260","In-migrants","Persons","249","units","0","v509040","12.1","321","","","","0"
"1996-10","Yukon","2021A000260","Out-migrants","Persons","249","units","0","v509055","12.2","355","","","","0"
"1996-10","Northwest Territories","2021A000261","In-migrants","Persons","249","units","0","v509042","14.1","407","","","","0"
"1996-10","Northwest Territories","2021A000261","Out-migrants","Persons","249","units","0","v509057","14.2","607","","","","0"
"1996-10","Nunavut","2021A000262","In-migrants","Persons","249","units","0","v509043","15.1","127","","","","0"
"1996-10","Nunavut","2021A000262","Out-migrants","Persons","249","units","0","v509058","15.2","265","","","","0"
"1997-01","Canada","2021A000011124","In-migrants","Persons","249","units","0","v509037","1.1","59997","","","","0"
"1997-01","Canada","2021A000011124","Out-migrants","Persons","249","units","0","v509052","1.2","59997","","","","0"
"1997-01","Newfoundland and Labrador","2021A000210","In-migrants","Persons","249","units","0","v509038","2.1","1551","","","","0"
"1997-01","Newfoundland and Labrador","2021A000210","Out-migrants","Persons","249","units","0","v509053","2.2","3492","","","","0"
"1997-01","Prince Edward Island","2021A000211","In-migrants","Persons","249","units","0","v509044","3.1","586","","","","0"
"1997-01","Prince Edward Island","2021A000211","Out-migrants","Persons","249","units","0","v509059","3.2","572","","","","0"
"1997-01","Nova Scotia","2021A000212","In-migrants","Persons","249","units","0","v509045","4.1","2742","","","","0"
"1997-01","Nova Scotia","2021A000212","Out-migrants","Persons","249","units","0","v509060","4.2","3488","","","","0"
"1997-01","New Brunswick","2021A000213","In-migrants","Persons","249","units","0","v509046","5.1","2274","","","","0"
"1997-01","New Brunswick","2021A000213","Out-migrants","Persons","249","units","0","v509061","5.2","2344","","","","0"
"1997-01","Quebec","2021A000224","In-migrants","Persons","249","units","0","v509047","6.1","3576","","","","0"
"1997-01","Quebec","2021A000224","Out-migrants","Persons","249","units","0","v509062","6.2","6730","","","","0"
"1997-01","Ontario","2021A000235","In-migrants","Persons","249","units","0","v509048","7.1","14316","","","","0"
"1997-01","Ontario","2021A000235","Out-migrants","Persons","249","units","0","v509063","7.2","13514","","","","0"
"1997-01","Manitoba","2021A000246","In-migrants","Persons","249","units","0","v509049","8.1","3326","","","","0"
"1997-01","Manitoba","2021A000246","Out-migrants","Persons","249","units","0","v509064","8.2","4056","","","","0"
"1997-01","Saskatchewan","2021A000247","In-migrants","Persons","249","units","0","v509050","9.1","3484","","","","0"
"1997-01","Saskatchewan","2021A000247","Out-migrants","Persons","249","units","0","v509065","9.2","4497","","","","0"
"1997-01","Alberta","2021A000248","In-migrants","Persons","249","units","0","v509051","10.1","15282","","","","0"
"1997-01","Alberta","2021A000248","Out-migrants","Persons","249","units","0","v509066","10.2","8802","","","","0"
"1997-01","British Columbia","2021A000259","In-migrants","Persons","249","units","0","v509039","11.1","11521","","","","0"
"1997-01","British Columbia","2021A000259","Out-migrants","Persons","249","units","0","v509054","11.2","11031","","","","0"
"1997-01","Yukon","2021A000260","In-migrants","Persons","249","units","0","v509040","12.1","454","","","","0"
"1997-01","Yukon","2021A000260","Out-migrants","Persons","249","units","0","v509055","12.2","529","","","","0"
"1997-01","Northwest Territories","2021A000261","In-migrants","Persons","249","units","0","v509042","14.1","661","","","","0"
"1997-01","Northwest Territories","2021A000261","Out-migrants","Persons","249","units","0","v509057","14.2","688","","","","0"
"1997-01","Nunavut","2021A000262","In-migrants","Persons","249","units","0","v509043","15.1","224","","","","0"
"1997-01","Nunavut","2021A000262","Out-migrants","Persons","249","units","0","v509058","15.2","254","","","","0"
"1997-04","Canada","2021A000011124","In-migrants","Persons","249","units","0","v509037","1.1","80999","","","","0"
"1997-04","Canada","2021A000011124","Out-migrants","Persons","249","units","0","v509052","1.2","80999","","","","0"
"1997-04","Newfoundland and Labrador","2021A000210","In-migrants","Persons","249","units","0","v509038","2.1","1830","","","","0"
"1997-04","Newfoundland and Labrador","2021A000210","Out-migrants","Persons","249","units","0","v509053","2.2","4090","","","","0"
"1997-04","Prince Edward Island","2021A000211","In-migrants","Persons","249","units","0","v509044","3.1","747","","","","0"
"1997-04","Prince Edward Island","2021A000211","Out-migrants","Persons","249","units","0","v509059","3.2","710","","","","0"
"1997-04","Nova Scotia","2021A000212","In-migrants","Persons","249","units","0","v509045","4.1","4289","","","","0"
"1997-04","Nova Scotia","2021A000212","Out-migrants","Persons","249","units","0","v509060","4.2","4503","","","","0"
"1997-04","New Brunswick","2021A000213","In-migrants","Persons","249","units","0","v509046","5.1","3050","","","","0"
"1997-04","New Brunswick","2021A000213","Out-migrants","Persons","249","units","0","v509061","5.2","3380","","","","0"
"1997-04","Quebec","2021A000224","In-migrants","Persons","249","units","0","v509047","6.1","5589","","","","0"
"1997-04","Quebec","2021A000224","Out-migrants","Persons","249","units","0","v509062","6.2","11129","","","","0"
"1997-04","Ontario","2021A000235","In-migrants","Persons","249","units","0","v509048","7.1","20076","","","","0"
"1997-04","Ontario","2021A000235","Out-migrants","Persons","249","units","0","v509063","7.2","17821","","","","0"
"1997-04","Manitoba","2021A000246","In-migrants","Persons","249","units","0","v509049","8.1","3399","","","","0"
"1997-04","Manitoba","2021A000246","Out-migrants","Persons","249","units","0","v509064","8.2","5788","","","","0"
"1997-04","Saskatchewan","2021A000247","In-migrants","Persons","249","units","0","v509050","9.1","4879","","","","0"
"1997-04","Saskatchewan","2021A000247","Out-migrants","Persons","249","units","0","v509065","9.2","5603","","","","0"
"1997-04","Alberta","2021A000248","In-migrants","Persons","249","units","0","v509051","10.1","20613","","","","0"
"1997-04","Alberta","2021A000248","Out-migrants","Persons","249","units","0","v509066","10.2","11908","","","","0"
"1997-04","British Columbia","2021A000259","In-migrants","Persons","249","units","0","v509039","11.1","14961","","","","0"
"1997-04","British Columbia","2021A000259","Out-migrants","Persons","249","units","0","v509054","11.2","14147","","","","0"
"1997-04","Yukon","2021A000260","In-migrants","Persons","249","units","0","v509040","12.1","533","","","","0"
"1997-04","Yukon","2021A000260","Out-migrants","Persons","249","units","0","v509055","12.2","569","","","","0"
"1997-04","Northwest Territories","2021A000261","In-migrants","Persons","249","units","0","v509042","14.1","732","","","","0"
"1997-04","Northwest Territories","2021A000261","Out-migrants","Persons","249","units","0","v509057","14.2","935","","","","0"
"1997-04","Nunavut","2021A000262","In-migrants","Persons","249","units","0","v509043","15.1","301","","","","0"
"1997-04","Nunavut","2021A000262","Out-migrants","Persons","249","units","0","v509058","15.2","416","","","","0"
"1997-07","Canada","2021A000011124","In-migrants","Persons","249","units","0","v509037","1.1","102106","","","","0"
"1997-07","Canada","2021A000011124","Out-migrants","Persons","249","units","0","v509052","1.2","102106","","","","0"
"1997-07","Newfoundland and Labrador","2021A000210","In-migrants","Persons","249","units","0","v509038","2.1","2219","","","","0"
"1997-07","Newfoundland and Labrador","2021A000210","Out-migrants","Persons","249","units","0","v509053","2.2","5282","","","","0"
"1997-07","Prince Edward Island","2021A000211","In-migrants","Persons","249","units","0","v509044","3.1","784","","","","0"
"1997-07","Prince Edward Island","2021A000211","Out-migrants","Persons","249","units","0","v509059","3.2","849","","","","0"
"1997-07","Nova Scotia","2021A000212","In-migrants","Persons","249","units","0","v509045","4.1","6130","","","","0"
"1997-07","Nova Scotia","2021A000212","Out-migrants","Persons","249","units","0","v509060","4.2","7009","","","","0"
"1997-07","New Brunswick","2021A000213","In-migrants","Persons","249","units","0","v509046","5.1","4054","","","","0"
"1997-07","New Brunswick","2021A000213","Out-migrants","Persons","249","units","0","v509061","5.2","4976","","","","0"
"1997-07","Quebec","2021A000224","In-migrants","Persons","249","units","0","v509047","6.1","7812","","","","0"
"1997-07","Quebec","2021A000224","Out-migrants","Persons","249","units","0","v509062","6.2","14029","","","","0"
"1997-07","Ontario","2021A000235","In-migrants","Persons","249","units","0","v509048","7.1","25697","","","","0"
"1997-07","Ontario","2021A000235","Out-migrants","Persons","249","units","0","v509063","7.2","21861","","","","0"
"1997-07","Manitoba","2021A000246","In-migrants","Persons","249","units","0","v509049","8.1","4519","","","","0"
"1997-07","Manitoba","2021A000246","Out-migrants","Persons","249","units","0","v509064","8.2","6911","","","","0"
"1997-07","Saskatchewan","2021A000247","In-migrants","Persons","249","units","0","v509050","9.1","5459","","","","0"
"1997-07","Saskatchewan","2021A000247","Out-migrants","Persons","249","units","0","v509065","9.2","6538","","","","0"
"1997-07","Alberta","2021A000248","In-migrants","Persons","249","units","0","v509051","10.1","25161","","","","0"
"1997-07","Alberta","2021A000248","Out-migrants","Persons","249","units","0","v509066","10.2","14756","","","","0"
"1997-07","British Columbia","2021A000259","In-migrants","Persons","249","units","0","v509039","11.1","18855","","","","0"
"1997-07","British Columbia","2021A000259","Out-migrants","Persons","249","units","0","v509054","11.2","17771","","","","0"
"1997-07","Yukon","2021A000260","In-migrants","Persons","249","units","0","v509040","12.1","405","","","","0"
"1997-07","Yukon","2021A000260","Out-migrants","Persons","249","units","0","v509055","12.2","731","","","","0"
"1997-07","Northwest Territories","2021A000261","In-migrants","Persons","249","units","0","v509042","14.1","728","","","","0"
"1997-07","Northwest Territories","2021A000261","Out-migrants","Persons","249","units","0","v509057","14.2","1061","","","","0"
"1997-07","Nunavut","2021A000262","In-migrants","Persons","249","units","0","v509043","15.1","283","","","","0"
"1997-07","Nunavut","2021A000262","Out-migrants","Persons","249","units","0","v509058","15.2","332","","","","0"
"1997-10","Canada","2021A000011124","In-migrants","Persons","249","units","0","v509037","1.1","48486","","","","0"
"1997-10","Canada","2021A000011124","Out-migrants","Persons","249","units","0","v509052","1.2","48486","","","","0"
"1997-10","Newfoundland and Labrador","2021A000210","In-migrants","Persons","249","units","0","v509038","2.1","1363","","","","0"
"1997-10","Newfoundland and Labrador","2021A000210","Out-migrants","Persons","249","units","0","v509053","2.2","2621","","","","0"
"1997-10","Prince Edward Island","2021A000211","In-migrants","Persons","249","units","0","v509044","3.1","419","","","","0"
"1997-10","Prince Edward Island","2021A000211","Out-migrants","Persons","249","units","0","v509059","3.2","646","","","","0"
"1997-10","Nova Scotia","2021A000212","In-migrants","Persons","249","units","0","v509045","4.1","2680","","","","0"
"1997-10","Nova Scotia","2021A000212","Out-migrants","Persons","249","units","0","v509060","4.2","2915","","","","0"
"1997-10","New Brunswick","2021A000213","In-migrants","Persons","249","units","0","v509046","5.1","2057","","","","0"
"1997-10","New Brunswick","2021A000213","Out-migrants","Persons","249","units","0","v509061","5.2","2547","","","","0"
"1997-10","Quebec","2021A000224","In-migrants","Persons","249","units","0","v509047","6.1","3377","","","","0"
"1997-10","Quebec","2021A000224","Out-migrants","Persons","249","units","0","v509062","6.2","6025","","","","0"
"1997-10","Ontario","2021A000235","In-migrants","Persons","249","units","0","v509048","7.1","11044","","","","0"
"1997-10","Ontario","2021A000235","Out-migrants","Persons","249","units","0","v509063","7.2","11114","","","","0"
"1997-10","Manitoba","2021A000246","In-migrants","Persons","249","units","0","v509049","8.1","1926","","","","0"
"1997-10","Manitoba","2021A000246","Out-migrants","Persons","249","units","0","v509064","8.2","3132","","","","0"
"1997-10","Saskatchewan","2021A000247","In-migrants","Persons","249","units","0","v509050","9.1","2868","","","","0"
"1997-10","Saskatchewan","2021A000247","Out-migrants","Persons","249","units","0","v509065","9.2","2721","","","","0"
"1997-10","Alberta","2021A000248","In-migrants","Persons","249","units","0","v509051","10.1","13406","","","","0"
"1997-10","Alberta","2021A000248","Out-migrants","Persons","249","units","0","v509066","10.2","6537","","","","0"
"1997-10","British Columbia","2021A000259","In-migrants","Persons","249","units","0","v509039","11.1","8692","","","","0"
"1997-10","British Columbia","2021A000259","Out-migrants","Persons","249","units","0","v509054","11.2","9100","","","","0"
"1997-10","Yukon","2021A000260","In-migrants","Persons","249","units","0","v509040","12.1","238","","","","0"
"1997-10","Yukon","2021A000260","Out-migrants","Persons","249","units","0","v509055","12.2","359","","","","0"
"1997-10","Northwest Territories","2021A000261","In-migrants","Persons","249","units","0","v509042","14.1","297","","","","0"
"1997-10","Northwest Territories","2021A000261","Out-migrants","Persons","249","units","0","v509057","14.2","578","","","","0"
"1997-10","Nunavut","2021A000262","In-migrants","Persons","249","units","0","v509043","15.1","119","","","","0"
"1997-10","Nunavut","2021A000262","Out-migrants","Persons","249","units","0","v509058","15.2","191","","","","0"
"1998-01","Canada","2021A000011124","In-migrants","Persons","249","units","0","v509037","1.1","68202","","","","0"
"1998-01","Canada","2021A000011124","Out-migrants","Persons","249","units","0","v509052","1.2","68202","","","","0"
"1998-01","Newfoundland and Labrador","2021A000210","In-migrants","Persons","249","units","0","v509038","2.1","1727","","","","0"
"1998-01","Newfoundland and Labrador","2021A000210","Out-migrants","Persons","249","units","0","v509053","2.2","4476","","","","0"
"1998-01","Prince Edward Island","2021A000211","In-migrants","Persons","249","units","0","v509044","3.1","563","","","","0"
"1998-01","Prince Edward Island","2021A000211","Out-migrants","Persons","249","units","0","v509059","3.2","746","","","","0"
"1998-01","Nova Scotia","2021A000212","In-migrants","Persons","249","units","0","v509045","4.1","2937","","","","0"
"1998-01","Nova Scotia","2021A000212","Out-migrants","Persons","249","units","0","v509060","4.2","3676","","","","0"
"1998-01","New Brunswick","2021A000213","In-migrants","Persons","249","units","0","v509046","5.1","1849","","","","0"
"1998-01","New Brunswick","2021A000213","Out-migrants","Persons","249","units","0","v509061","5.2","2780","","","","0"
"1998-01","Quebec","2021A000224","In-migrants","Persons","249","units","0","v509047","6.1","3839","","","","0"
"1998-01","Quebec","2021A000224","Out-migrants","Persons","249","units","0","v509062","6.2","6418","","","","0"
"1998-01","Ontario","2021A000235","In-migrants","Persons","249","units","0","v509048","7.1","16785","","","","0"
"1998-01","Ontario","2021A000235","Out-migrants","Persons","249","units","0","v509063","7.2","14555","","","","0"
"1998-01","Manitoba","2021A000246","In-migrants","Persons","249","units","0","v509049","8.1","3905","","","","0"
"1998-01","Manitoba","2021A000246","Out-migrants","Persons","249","units","0","v509064","8.2","4668","","","","0"
"1998-01","Saskatchewan","2021A000247","In-migrants","Persons","249","units","0","v509050","9.1","4219","","","","0"
"1998-01","Saskatchewan","2021A000247","Out-migrants","Persons","249","units","0","v509065","9.2","4807","","","","0"
"1998-01","Alberta","2021A000248","In-migrants","Persons","249","units","0","v509051","10.1","20591","","","","0"
"1998-01","Alberta","2021A000248","Out-migrants","Persons","249","units","0","v509066","10.2","9065","","","","0"
"1998-01","British Columbia","2021A000259","In-migrants","Persons","249","units","0","v509039","11.1","10657","","","","0"
"1998-01","British Columbia","2021A000259","Out-migrants","Persons","249","units","0","v509054","11.2","15162","","","","0"
"1998-01","Yukon","2021A000260","In-migrants","Persons","249","units","0","v509040","12.1","345","","","","0"
"1998-01","Yukon","2021A000260","Out-migrants","Persons","249","units","0","v509055","12.2","642","","","","0"
"1998-01","Northwest Territories","2021A000261","In-migrants","Persons","249","units","0","v509042","14.1","552","","","","0"
"1998-01","Northwest Territories","2021A000261","Out-migrants","Persons","249","units","0","v509057","14.2","939","","","","0"
"1998-01","Nunavut","2021A000262","In-migrants","Persons","249","units","0","v509043","15.1","233","","","","0"
"1998-01","Nunavut","2021A000262","Out-migrants","Persons","249","units","0","v509058","15.2","268","","","","0"
"1998-04","Canada","2021A000011124","In-migrants","Persons","249","units","0","v509037","1.1","90440","","","","0"
"1998-04","Canada","2021A000011124","Out-migrants","Persons","249","units","0","v509052","1.2","90440","","","","0"
"1998-04","Newfoundland and Labrador","2021A000210","In-migrants","Persons","249","units","0","v509038","2.1","2083","","","","0"
"1998-04","Newfoundland and Labrador","2021A000210","Out-migrants","Persons","249","units","0","v509053","2.2","4503","","","","0"
"1998-04","Prince Edward Island","2021A000211","In-migrants","Persons","249","units","0","v509044","3.1","804","","","","0"
"1998-04","Prince Edward Island","2021A000211","Out-migrants","Persons","249","units","0","v509059","3.2","745","","","","0"
"1998-04","Nova Scotia","2021A000212","In-migrants","Persons","249","units","0","v509045","4.1","4557","","","","0"
"1998-04","Nova Scotia","2021A000212","Out-migrants","Persons","249","units","0","v509060","4.2","5273","","","","0"
"1998-04","New Brunswick","2021A000213","In-migrants","Persons","249","units","0","v509046","5.1","2944","","","","0"
"1998-04","New Brunswick","2021A000213","Out-migrants","Persons","249","units","0","v509061","5.2","3793","","","","0"
"1998-04","Quebec","2021A000224","In-migrants","Persons","249","units","0","v509047","6.1","5485","","","","0"
"1998-04","Quebec","2021A000224","Out-migrants","Persons","249","units","0","v509062","6.2","10999","","","","0"
"1998-04","Ontario","2021A000235","In-migrants","Persons","249","units","0","v509048","7.1","21690","","","","0"
"1998-04","Ontario","2021A000235","Out-migrants","Persons","249","units","0","v509063","7.2","18455","","","","0"
"1998-04","Manitoba","2021A000246","In-migrants","Persons","249","units","0","v509049","8.1","4556","","","","0"
"1998-04","Manitoba","2021A000246","Out-migrants","Persons","249","units","0","v509064","8.2","5471","","","","0"
"1998-04","Saskatchewan","2021A000247","In-migrants","Persons","249","units","0","v509050","9.1","6151","","","","0"
"1998-04","Saskatchewan","2021A000247","Out-migrants","Persons","249","units","0","v509065","9.2","6571","","","","0"
"1998-04","Alberta","2021A000248","In-migrants","Persons","249","units","0","v509051","10.1","27149","","","","0"
"1998-04","Alberta","2021A000248","Out-migrants","Persons","249","units","0","v509066","10.2","12860","","","","0"
"1998-04","British Columbia","2021A000259","In-migrants","Persons","249","units","0","v509039","11.1","13320","","","","0"
"1998-04","British Columbia","2021A000259","Out-migrants","Persons","249","units","0","v509054","11.2","19520","","","","0"
"1998-04","Yukon","2021A000260","In-migrants","Persons","249","units","0","v509040","12.1","514","","","","0"
"1998-04","Yukon","2021A000260","Out-migrants","Persons","249","units","0","v509055","12.2","794","","","","0"
"1998-04","Northwest Territories","2021A000261","In-migrants","Persons","249","units","0","v509042","14.1","821","","","","0"
"1998-04","Northwest Territories","2021A000261","Out-migrants","Persons","249","units","0","v509057","14.2","1136","","","","0"
"1998-04","Nunavut","2021A000262","In-migrants","Persons","249","units","0","v509043","15.1","366","","","","0"
"1998-04","Nunavut","2021A000262","Out-migrants","Persons","249","units","0","v509058","15.2","320","","","","0"
"1998-07","Canada","2021A000011124","In-migrants","Persons","249","units","0","v509037","1.1","88484","","","","0"
"1998-07","Canada","2021A000011124","Out-migrants","Persons","249","units","0","v509052","1.2","88484","","","","0"
"1998-07","Newfoundland and Labrador","2021A000210","In-migrants","Persons","249","units","0","v509038","2.1","2176","","","","0"
"1998-07","Newfoundland and Labrador","2021A000210","Out-migrants","Persons","249","units","0","v509053","2.2","4000","","","","0"
"1998-07","Prince Edward Island","2021A000211","In-migrants","Persons","249","units","0","v509044","3.1","814","","","","0"
"1998-07","Prince Edward Island","2021A000211","Out-migrants","Persons","249","units","0","v509059","3.2","798","","","","0"
"1998-07","Nova Scotia","2021A000212","In-migrants","Persons","249","units","0","v509045","4.1","4892","","","","0"
"1998-07","Nova Scotia","2021A000212","Out-migrants","Persons","249","units","0","v509060","4.2","5124","","","","0"
"1998-07","New Brunswick","2021A000213","In-migrants","Persons","249","units","0","v509046","5.1","3236","","","","0"
"1998-07","New Brunswick","2021A000213","Out-migrants","Persons","249","units","0","v509061","5.2","3813","","","","0"
"1998-07","Quebec","2021A000224","In-migrants","Persons","249","units","0","v509047","6.1","6903","","","","0"
"1998-07","Quebec","2021A000224","Out-migrants","Persons","249","units","0","v509062","6.2","11620","","","","0"
"1998-07","Ontario","2021A000235","In-migrants","Persons","249","units","0","v509048","7.1","22435","","","","0"
"1998-07","Ontario","2021A000235","Out-migrants","Persons","249","units","0","v509063","7.2","18428","","","","0"
"1998-07","Manitoba","2021A000246","In-migrants","Persons","249","units","0","v509049","8.1","4445","","","","0"
"1998-07","Manitoba","2021A000246","Out-migrants","Persons","249","units","0","v509064","8.2","5367","","","","0"
"1998-07","Saskatchewan","2021A000247","In-migrants","Persons","249","units","0","v509050","9.1","5328","","","","0"
"1998-07","Saskatchewan","2021A000247","Out-migrants","Persons","249","units","0","v509065","9.2","5568","","","","0"
"1998-07","Alberta","2021A000248","In-migrants","Persons","249","units","0","v509051","10.1","23051","","","","0"
"1998-07","Alberta","2021A000248","Out-migrants","Persons","249","units","0","v509066","10.2","13828","","","","0"
"1998-07","British Columbia","2021A000259","In-migrants","Persons","249","units","0","v509039","11.1","13872","","","","0"
"1998-07","British Columbia","2021A000259","Out-migrants","Persons","249","units","0","v509054","11.2","17961","","","","0"
"1998-07","Yukon","2021A000260","In-migrants","Persons","249","units","0","v509040","12.1","461","","","","0"
"1998-07","Yukon","2021A000260","Out-migrants","Persons","249","units","0","v509055","12.2","819","","","","0"
"1998-07","Northwest Territories","2021A000261","In-migrants","Persons","249","units","0","v509042","14.1","594","","","","0"
"1998-07","Northwest Territories","2021A000261","Out-migrants","Persons","249","units","0","v509057","14.2","851","","","","0"
"1998-07","Nunavut","2021A000262","In-migrants","Persons","249","units","0","v509043","15.1","277","","","","0"
"1998-07","Nunavut","2021A000262","Out-migrants","Persons","249","units","0","v509058","15.2","307","","","","0"
"1998-10","Canada","2021A000011124","In-migrants","Persons","249","units","0","v509037","1.1","51038","","","","0"
"1998-10","Canada","2021A000011124","Out-migrants","Persons","249","units","0","v509052","1.2","51038","","","","0"
"1998-10","Newfoundland and Labrador","2021A000210","In-migrants","Persons","249","units","0","v509038","2.1","1395","","","","0"
"1998-10","Newfoundland and Labrador","2021A000210","Out-migrants","Persons","249","units","0","v509053","2.2","2373","","","","0"
"1998-10","Prince Edward Island","2021A000211","In-migrants","Persons","249","units","0","v509044","3.1","438","","","","0"
"1998-10","Prince Edward Island","2021A000211","Out-migrants","Persons","249","units","0","v509059","3.2","345","","","","0"
"1998-10","Nova Scotia","2021A000212","In-migrants","Persons","249","units","0","v509045","4.1","2811","","","","0"
"1998-10","Nova Scotia","2021A000212","Out-migrants","Persons","249","units","0","v509060","4.2","2695","","","","0"
"1998-10","New Brunswick","2021A000213","In-migrants","Persons","249","units","0","v509046","5.1","1657","","","","0"
"1998-10","New Brunswick","2021A000213","Out-migrants","Persons","249","units","0","v509061","5.2","2235","","","","0"
"1998-10","Quebec","2021A000224","In-migrants","Persons","249","units","0","v509047","6.1","3929","","","","0"
"1998-10","Quebec","2021A000224","Out-migrants","Persons","249","units","0","v509062","6.2","5631","","","","0"
"1998-10","Ontario","2021A000235","In-migrants","Persons","249","units","0","v509048","7.1","12512","","","","0"
"1998-10","Ontario","2021A000235","Out-migrants","Persons","249","units","0","v509063","7.2","10518","","","","0"
"1998-10","Manitoba","2021A000246","In-migrants","Persons","249","units","0","v509049","8.1","2417","","","","0"
"1998-10","Manitoba","2021A000246","Out-migrants","Persons","249","units","0","v509064","8.2","2914","","","","0"
"1998-10","Saskatchewan","2021A000247","In-migrants","Persons","249","units","0","v509050","9.1","3038","","","","0"
"1998-10","Saskatchewan","2021A000247","Out-migrants","Persons","249","units","0","v509065","9.2","3576","","","","0"
"1998-10","Alberta","2021A000248","In-migrants","Persons","249","units","0","v509051","10.1","13495","","","","0"
"1998-10","Alberta","2021A000248","Out-migrants","Persons","249","units","0","v509066","10.2","8408","","","","0"
"1998-10","British Columbia","2021A000259","In-migrants","Persons","249","units","0","v509039","11.1","8639","","","","0"
"1998-10","British Columbia","2021A000259","Out-migrants","Persons","249","units","0","v509054","11.2","11366","","","","0"
"1998-10","Yukon","2021A000260","In-migrants","Persons","249","units","0","v509040","12.1","198","","","","0"
"1998-10","Yukon","2021A000260","Out-migrants","Persons","249","units","0","v509055","12.2","377","","","","0"
"1998-10","Northwest Territories","2021A000261","In-migrants","Persons","249","units","0","v509042","14.1","352","","","","0"
"1998-10","Northwest Territories","2021A000261","Out-migrants","Persons","249","units","0","v509057","14.2","450","","","","0"
"1998-10","Nunavut","2021A000262","In-migrants","Persons","249","units","0","v509043","15.1","157","","","","0"
"1998-10","Nunavut","2021A000262","Out-migrants","Persons","249","units","0","v509058","15.2","150","","","","0"
"1999-01","Canada","2021A000011124","In-migrants","Persons","249","units","0","v509037","1.1","56574","","","","0"
"1999-01","Canada","2021A000011124","Out-migrants","Persons","249","units","0","v509052","1.2","56574","","","","0"
"1999-01","Newfoundland and Labrador","2021A000210","In-migrants","Persons","249","units","0","v509038","2.1","1877","","","","0"
"1999-01","Newfoundland and Labrador","2021A000210","Out-migrants","Persons","249","units","0","v509053","2.2","3509","","","","0"
"1999-01","Prince Edward Island","2021A000211","In-migrants","Persons","249","units","0","v509044","3.1","467","","","","0"
"1999-01","Prince Edward Island","2021A000211","Out-migrants","Persons","249","units","0","v509059","3.2","462","","","","0"
"1999-01","Nova Scotia","2021A000212","In-migrants","Persons","249","units","0","v509045","4.1","2969","","","","0"
"1999-01","Nova Scotia","2021A000212","Out-migrants","Persons","249","units","0","v509060","4.2","3130","","","","0"
"1999-01","New Brunswick","2021A000213","In-migrants","Persons","249","units","0","v509046","5.1","2128","","","","0"
"1999-01","New Brunswick","2021A000213","Out-migrants","Persons","249","units","0","v509061","5.2","2261","","","","0"
"1999-01","Quebec","2021A000224","In-migrants","Persons","249","units","0","v509047","6.1","3299","","","","0"
"1999-01","Quebec","2021A000224","Out-migrants","Persons","249","units","0","v509062","6.2","5394","","","","0"
"1999-01","Ontario","2021A000235","In-migrants","Persons","249","units","0","v509048","7.1","15384","","","","0"
"1999-01","Ontario","2021A000235","Out-migrants","Persons","249","units","0","v509063","7.2","11037","","","","0"
"1999-01","Manitoba","2021A000246","In-migrants","Persons","249","units","0","v509049","8.1","3320","","","","0"
"1999-01","Manitoba","2021A000246","Out-migrants","Persons","249","units","0","v509064","8.2","3154","","","","0"
"1999-01","Saskatchewan","2021A000247","In-migrants","Persons","249","units","0","v509050","9.1","2899","","","","0"
"1999-01","Saskatchewan","2021A000247","Out-migrants","Persons","249","units","0","v509065","9.2","4288","","","","0"
"1999-01","Alberta","2021A000248","In-migrants","Persons","249","units","0","v509051","10.1","14693","","","","0"
"1999-01","Alberta","2021A000248","Out-migrants","Persons","249","units","0","v509066","10.2","10103","","","","0"
"1999-01","British Columbia","2021A000259","In-migrants","Persons","249","units","0","v509039","11.1","8515","","","","0"
"1999-01","British Columbia","2021A000259","Out-migrants","Persons","249","units","0","v509054","11.2","11951","","","","0"
"1999-01","Yukon","2021A000260","In-migrants","Persons","249","units","0","v509040","12.1","171","","","","0"
"1999-01","Yukon","2021A000260","Out-migrants","Persons","249","units","0","v509055","12.2","413","","","","0"
"1999-01","Northwest Territories","2021A000261","In-migrants","Persons","249","units","0","v509042","14.1","608","","","","0"
"1999-01","Northwest Territories","2021A000261","Out-migrants","Persons","249","units","0","v509057","14.2","646","","","","0"
"1999-01","Nunavut","2021A000262","In-migrants","Persons","249","units","0","v509043","15.1","244","","","","0"
"1999-01","Nunavut","2021A000262","Out-migrants","Persons","249","units","0","v509058","15.2","226","","","","0"
"1999-04","Canada","2021A000011124","In-migrants","Persons","249","units","0","v509037","1.1","80834","","","","0"
"1999-04","Canada","2021A000011124","Out-migrants","Persons","249","units","0","v509052","1.2","80834","","","","0"
"1999-04","Newfoundland and Labrador","2021A000210","In-migrants","Persons","249","units","0","v509038","2.1","2547","","","","0"
"1999-04","Newfoundland and Labrador","2021A000210","Out-migrants","Persons","249","units","0","v509053","2.2","3808","","","","0"
"1999-04","Prince Edward Island","2021A000211","In-migrants","Persons","249","units","0","v509044","3.1","860","","","","0"
"1999-04","Prince Edward Island","2021A000211","Out-migrants","Persons","249","units","0","v509059","3.2","781","","","","0"
"1999-04","Nova Scotia","2021A000212","In-migrants","Persons","249","units","0","v509045","4.1","4857","","","","0"
"1999-04","Nova Scotia","2021A000212","Out-migrants","Persons","249","units","0","v509060","4.2","4379","","","","0"
"1999-04","New Brunswick","2021A000213","In-migrants","Persons","249","units","0","v509046","5.1","3449","","","","0"
"1999-04","New Brunswick","2021A000213","Out-migrants","Persons","249","units","0","v509061","5.2","3405","","","","0"
"1999-04","Quebec","2021A000224","In-migrants","Persons","249","units","0","v509047","6.1","5375","","","","0"
"1999-04","Quebec","2021A000224","Out-migrants","Persons","249","units","0","v509062","6.2","9926","","","","0"
"1999-04","Ontario","2021A000235","In-migrants","Persons","249","units","0","v509048","7.1","22490","","","","0"
"1999-04","Ontario","2021A000235","Out-migrants","Persons","249","units","0","v509063","7.2","16132","","","","0"
"1999-04","Manitoba","2021A000246","In-migrants","Persons","249","units","0","v509049","8.1","3803","","","","0"
"1999-04","Manitoba","2021A000246","Out-migrants","Persons","249","units","0","v509064","8.2","4663","","","","0"
"1999-04","Saskatchewan","2021A000247","In-migrants","Persons","249","units","0","v509050","9.1","3935","","","","0"
"1999-04","Saskatchewan","2021A000247","Out-migrants","Persons","249","units","0","v509065","9.2","6101","","","","0"
"1999-04","Alberta","2021A000248","In-migrants","Persons","249","units","0","v509051","10.1","19693","","","","0"
"1999-04","Alberta","2021A000248","Out-migrants","Persons","249","units","0","v509066","10.2","13402","","","","0"
"1999-04","British Columbia","2021A000259","In-migrants","Persons","249","units","0","v509039","11.1","12274","","","","0"
"1999-04","British Columbia","2021A000259","Out-migrants","Persons","249","units","0","v509054","11.2","16506","","","","0"
"1999-04","Yukon","2021A000260","In-migrants","Persons","249","units","0","v509040","12.1","476","","","","0"
"1999-04","Yukon","2021A000260","Out-migrants","Persons","249","units","0","v509055","12.2","444","","","","0"
"1999-04","Northwest Territories","2021A000261","In-migrants","Persons","249","units","0","v509042","14.1","749","","","","0"
"1999-04","Northwest Territories","2021A000261","Out-migrants","Persons","249","units","0","v509057","14.2","911","","","","0"
"1999-04","Nunavut","2021A000262","In-migrants","Persons","249","units","0","v509043","15.1","326","","","","0"
"1999-04","Nunavut","2021A000262","Out-migrants","Persons","249","units","0","v509058","15.2","376","","","","0"
"1999-07","Canada","2021A000011124","In-migrants","Persons","249","units","0","v509037","1.1","91042","","","","0"
"1999-07","Canada","2021A000011124","Out-migrants","Persons","249","units","0","v509052","1.2","91042","","","","0"
"1999-07","Newfoundland and Labrador","2021A000210","In-migrants","Persons","249","units","0","v509038","2.1","2591","","","","0"
"1999-07","Newfoundland and Labrador","2021A000210","Out-migrants","Persons","249","units","0","v509053","2.2","3477","","","","0"
"1999-07","Prince Edward Island","2021A000211","In-migrants","Persons","249","units","0","v509044","3.1","789","","","","0"
"1999-07","Prince Edward Island","2021A000211","Out-migrants","Persons","249","units","0","v509059","3.2","694","","","","0"
"1999-07","Nova Scotia","2021A000212","In-migrants","Persons","249","units","0","v509045","4.1","5290","","","","0"
"1999-07","Nova Scotia","2021A000212","Out-migrants","Persons","249","units","0","v509060","4.2","5052","","","","0"
"1999-07","New Brunswick","2021A000213","In-migrants","Persons","249","units","0","v509046","5.1","3568","","","","0"
"1999-07","New Brunswick","2021A000213","Out-migrants","Persons","249","units","0","v509061","5.2","4179","","","","0"
"1999-07","Quebec","2021A000224","In-migrants","Persons","249","units","0","v509047","6.1","7577","","","","0"
"1999-07","Quebec","2021A000224","Out-migrants","Persons","249","units","0","v509062","6.2","10986","","","","0"
"1999-07","Ontario","2021A000235","In-migrants","Persons","249","units","0","v509048","7.1","23946","","","","0"
"1999-07","Ontario","2021A000235","Out-migrants","Persons","249","units","0","v509063","7.2","18435","","","","0"
"1999-07","Manitoba","2021A000246","In-migrants","Persons","249","units","0","v509049","8.1","4563","","","","0"
"1999-07","Manitoba","2021A000246","Out-migrants","Persons","249","units","0","v509064","8.2","5677","","","","0"
"1999-07","Saskatchewan","2021A000247","In-migrants","Persons","249","units","0","v509050","9.1","4715","","","","0"
"1999-07","Saskatchewan","2021A000247","Out-migrants","Persons","249","units","0","v509065","9.2","7137","","","","0"
"1999-07","Alberta","2021A000248","In-migrants","Persons","249","units","0","v509051","10.1","21712","","","","0"
"1999-07","Alberta","2021A000248","Out-migrants","Persons","249","units","0","v509066","10.2","15993","","","","0"
"1999-07","British Columbia","2021A000259","In-migrants","Persons","249","units","0","v509039","11.1","14999","","","","0"
"1999-07","British Columbia","2021A000259","Out-migrants","Persons","249","units","0","v509054","11.2","17681","","","","0"
"1999-07","Yukon","2021A000260","In-migrants","Persons","249","units","0","v509040","12.1","405","","","","0"
"1999-07","Yukon","2021A000260","Out-migrants","Persons","249","units","0","v509055","12.2","671","","","","0"
"1999-07","Northwest Territories","2021A000261","In-migrants","Persons","249","units","0","v509042","14.1","611","","","","0"
"1999-07","Northwest Territories","2021A000261","Out-migrants","Persons","249","units","0","v509057","14.2","797","","","","0"
"1999-07","Nunavut","2021A000262","In-migrants","Persons","249","units","0","v509043","15.1","276","","","","0"
"1999-07","Nunavut","2021A000262","Out-migrants","Persons","249","units","0","v509058","15.2","263","","","","0"
"1999-10","Canada","2021A000011124","In-migrants","Persons","249","units","0","v509037","1.1","48039","","","","0"
"1999-10","Canada","2021A000011124","Out-migrants","Persons","249","units","0","v509052","1.2","48039","","","","0"
"1999-10","Newfoundland and Labrador","2021A000210","In-migrants","Persons","249","units","0","v509038","2.1","1536","","","","0"
"1999-10","Newfoundland and Labrador","2021A000210","Out-migrants","Persons","249","units","0","v509053","2.2","1673","","","","0"
"1999-10","Prince Edward Island","2021A000211","In-migrants","Persons","249","units","0","v509044","3.1","470","","","","0"
"1999-10","Prince Edward Island","2021A000211","Out-migrants","Persons","249","units","0","v509059","3.2","437","","","","0"
"1999-10","Nova Scotia","2021A000212","In-migrants","Persons","249","units","0","v509045","4.1","2901","","","","0"
"1999-10","Nova Scotia","2021A000212","Out-migrants","Persons","249","units","0","v509060","4.2","2509","","","","0"
"1999-10","New Brunswick","2021A000213","In-migrants","Persons","249","units","0","v509046","5.1","1886","","","","0"
"1999-10","New Brunswick","2021A000213","Out-migrants","Persons","249","units","0","v509061","5.2","1824","","","","0"
"1999-10","Quebec","2021A000224","In-migrants","Persons","249","units","0","v509047","6.1","3726","","","","0"
"1999-10","Quebec","2021A000224","Out-migrants","Persons","249","units","0","v509062","6.2","5383","","","","0"
"1999-10","Ontario","2021A000235","In-migrants","Persons","249","units","0","v509048","7.1","12414","","","","0"
"1999-10","Ontario","2021A000235","Out-migrants","Persons","249","units","0","v509063","7.2","10206","","","","0"
"1999-10","Manitoba","2021A000246","In-migrants","Persons","249","units","0","v509049","8.1","2325","","","","0"
"1999-10","Manitoba","2021A000246","Out-migrants","Persons","249","units","0","v509064","8.2","2904","","","","0"
"1999-10","Saskatchewan","2021A000247","In-migrants","Persons","249","units","0","v509050","9.1","2379","","","","0"
"1999-10","Saskatchewan","2021A000247","Out-migrants","Persons","249","units","0","v509065","9.2","3548","","","","0"
"1999-10","Alberta","2021A000248","In-migrants","Persons","249","units","0","v509051","10.1","11862","","","","0"
"1999-10","Alberta","2021A000248","Out-migrants","Persons","249","units","0","v509066","10.2","8770","","","","0"
"1999-10","British Columbia","2021A000259","In-migrants","Persons","249","units","0","v509039","11.1","7781","","","","0"
"1999-10","British Columbia","2021A000259","Out-migrants","Persons","249","units","0","v509054","11.2","9844","","","","0"
"1999-10","Yukon","2021A000260","In-migrants","Persons","249","units","0","v509040","12.1","231","","","","0"
"1999-10","Yukon","2021A000260","Out-migrants","Persons","249","units","0","v509055","12.2","356","","","","0"
"1999-10","Northwest Territories","2021A000261","In-migrants","Persons","249","units","0","v509042","14.1","361","","","","0"
"1999-10","Northwest Territories","2021A000261","Out-migrants","Persons","249","units","0","v509057","14.2","430","","","","0"
"1999-10","Nunavut","2021A000262","In-migrants","Persons","249","units","0","v509043","15.1","167","","","","0"
"1999-10","Nunavut","2021A000262","Out-migrants","Persons","249","units","0","v509058","15.2","155","","","","0"
"2000-01","Canada","2021A000011124","In-migrants","Persons","249","units","0","v509037","1.1","65466","","","","0"
"2000-01","Canada","2021A000011124","Out-migrants","Persons","249","units","0","v509052","1.2","65466","","","","0"
"2000-01","Newfoundland and Labrador","2021A000210","In-migrants","Persons","249","units","0","v509038","2.1","1991","","","","0"
"2000-01","Newfoundland and Labrador","2021A000210","Out-migrants","Persons","249","units","0","v509053","2.2","3724","","","","0"
"2000-01","Prince Edward Island","2021A000211","In-migrants","Persons","249","units","0","v509044","3.1","584","","","","0"
"2000-01","Prince Edward Island","2021A000211","Out-migrants","Persons","249","units","0","v509059","3.2","742","","","","0"
"2000-01","Nova Scotia","2021A000212","In-migrants","Persons","249","units","0","v509045","4.1","3675","","","","0"
"2000-01","Nova Scotia","2021A000212","Out-migrants","Persons","249","units","0","v509060","4.2","3827","","","","0"
"2000-01","New Brunswick","2021A000213","In-migrants","Persons","249","units","0","v509046","5.1","2476","","","","0"
"2000-01","New Brunswick","2021A000213","Out-migrants","Persons","249","units","0","v509061","5.2","2830","","","","0"
"2000-01","Quebec","2021A000224","In-migrants","Persons","249","units","0","v509047","6.1","4152","","","","0"
"2000-01","Quebec","2021A000224","Out-migrants","Persons","249","units","0","v509062","6.2","7206","","","","0"
"2000-01","Ontario","2021A000235","In-migrants","Persons","249","units","0","v509048","7.1","18609","","","","0"
"2000-01","Ontario","2021A000235","Out-migrants","Persons","249","units","0","v509063","7.2","12238","","","","0"
"2000-01","Manitoba","2021A000246","In-migrants","Persons","249","units","0","v509049","8.1","3549","","","","0"
"2000-01","Manitoba","2021A000246","Out-migrants","Persons","249","units","0","v509064","8.2","3924","","","","0"
"2000-01","Saskatchewan","2021A000247","In-migrants","Persons","249","units","0","v509050","9.1","3070","","","","0"
"2000-01","Saskatchewan","2021A000247","Out-migrants","Persons","249","units","0","v509065","9.2","5180","","","","0"
"2000-01","Alberta","2021A000248","In-migrants","Persons","249","units","0","v509051","10.1","17065","","","","0"
"2000-01","Alberta","2021A000248","Out-migrants","Persons","249","units","0","v509066","10.2","10313","","","","0"
"2000-01","British Columbia","2021A000259","In-migrants","Persons","249","units","0","v509039","11.1","9272","","","","0"
"2000-01","British Columbia","2021A000259","Out-migrants","Persons","249","units","0","v509054","11.2","13871","","","","0"
"2000-01","Yukon","2021A000260","In-migrants","Persons","249","units","0","v509040","12.1","257","","","","0"
"2000-01","Yukon","2021A000260","Out-migrants","Persons","249","units","0","v509055","12.2","470","","","","0"
"2000-01","Northwest Territories","2021A000261","In-migrants","Persons","249","units","0","v509042","14.1","537","","","","0"
"2000-01","Northwest Territories","2021A000261","Out-migrants","Persons","249","units","0","v509057","14.2","841","","","","0"
"2000-01","Nunavut","2021A000262","In-migrants","Persons","249","units","0","v509043","15.1","229","","","","0"
"2000-01","Nunavut","2021A000262","Out-migrants","Persons","249","units","0","v509058","15.2","300","","","","0"
"2000-04","Canada","2021A000011124","In-migrants","Persons","249","units","0","v509037","1.1","81270","","","","0"
"2000-04","Canada","2021A000011124","Out-migrants","Persons","249","units","0","v509052","1.2","81270","","","","0"
"2000-04","Newfoundland and Labrador","2021A000210","In-migrants","Persons","249","units","0","v509038","2.1","2282","","","","0"
"2000-04","Newfoundland and Labrador","2021A000210","Out-migrants","Persons","249","units","0","v509053","2.2","3789","","","","0"
"2000-04","Prince Edward Island","2021A000211","In-migrants","Persons","249","units","0","v509044","3.1","819","","","","0"
"2000-04","Prince Edward Island","2021A000211","Out-migrants","Persons","249","units","0","v509059","3.2","685","","","","0"
"2000-04","Nova Scotia","2021A000212","In-migrants","Persons","249","units","0","v509045","4.1","4406","","","","0"
"2000-04","Nova Scotia","2021A000212","Out-migrants","Persons","249","units","0","v509060","4.2","5154","","","","0"
"2000-04","New Brunswick","2021A000213","In-migrants","Persons","249","units","0","v509046","5.1","3356","","","","0"
"2000-04","New Brunswick","2021A000213","Out-migrants","Persons","249","units","0","v509061","5.2","3636","","","","0"
"2000-04","Quebec","2021A000224","In-migrants","Persons","249","units","0","v509047","6.1","5534","","","","0"
"2000-04","Quebec","2021A000224","Out-migrants","Persons","249","units","0","v509062","6.2","9560","","","","0"
"2000-04","Ontario","2021A000235","In-migrants","Persons","249","units","0","v509048","7.1","23934","","","","0"
"2000-04","Ontario","2021A000235","Out-migrants","Persons","249","units","0","v509063","7.2","15655","","","","0"
"2000-04","Manitoba","2021A000246","In-migrants","Persons","249","units","0","v509049","8.1","3638","","","","0"
"2000-04","Manitoba","2021A000246","Out-migrants","Persons","249","units","0","v509064","8.2","5026","","","","0"
"2000-04","Saskatchewan","2021A000247","In-migrants","Persons","249","units","0","v509050","9.1","4392","","","","0"
"2000-04","Saskatchewan","2021A000247","Out-migrants","Persons","249","units","0","v509065","9.2","6638","","","","0"
"2000-04","Alberta","2021A000248","In-migrants","Persons","249","units","0","v509051","10.1","20082","","","","0"
"2000-04","Alberta","2021A000248","Out-migrants","Persons","249","units","0","v509066","10.2","12971","","","","0"
"2000-04","British Columbia","2021A000259","In-migrants","Persons","249","units","0","v509039","11.1","11413","","","","0"
"2000-04","British Columbia","2021A000259","Out-migrants","Persons","249","units","0","v509054","11.2","16679","","","","0"
"2000-04","Yukon","2021A000260","In-migrants","Persons","249","units","0","v509040","12.1","374","","","","0"
"2000-04","Yukon","2021A000260","Out-migrants","Persons","249","units","0","v509055","12.2","461","","","","0"
"2000-04","Northwest Territories","2021A000261","In-migrants","Persons","249","units","0","v509042","14.1","655","","","","0"
"2000-04","Northwest Territories","2021A000261","Out-migrants","Persons","249","units","0","v509057","14.2","747","","","","0"
"2000-04","Nunavut","2021A000262","In-migrants","Persons","249","units","0","v509043","15.1","385","","","","0"
"2000-04","Nunavut","2021A000262","Out-migrants","Persons","249","units","0","v509058","15.2","269","","","","0"
"2000-07","Canada","2021A000011124","In-migrants","Persons","249","units","0","v509037","1.1","92417","","","","0"
"2000-07","Canada","2021A000011124","Out-migrants","Persons","249","units","0","v509052","1.2","92417","","","","0"
"2000-07","Newfoundland and Labrador","2021A000210","In-migrants","Persons","249","units","0","v509038","2.1","2422","","","","0"
"2000-07","Newfoundland and Labrador","2021A000210","Out-migrants","Persons","249","units","0","v509053","2.2","3468","","","","0"
"2000-07","Prince Edward Island","2021A000211","In-migrants","Persons","249","units","0","v509044","3.1","712","","","","0"
"2000-07","Prince Edward Island","2021A000211","Out-migrants","Persons","249","units","0","v509059","3.2","831","","","","0"
"2000-07","Nova Scotia","2021A000212","In-migrants","Persons","249","units","0","v509045","4.1","5967","","","","0"
"2000-07","Nova Scotia","2021A000212","Out-migrants","Persons","249","units","0","v509060","4.2","5928","","","","0"
"2000-07","New Brunswick","2021A000213","In-migrants","Persons","249","units","0","v509046","5.1","3633","","","","0"
"2000-07","New Brunswick","2021A000213","Out-migrants","Persons","249","units","0","v509061","5.2","4506","","","","0"
"2000-07","Quebec","2021A000224","In-migrants","Persons","249","units","0","v509047","6.1","8329","","","","0"
"2000-07","Quebec","2021A000224","Out-migrants","Persons","249","units","0","v509062","6.2","11607","","","","0"
"2000-07","Ontario","2021A000235","In-migrants","Persons","249","units","0","v509048","7.1","25327","","","","0"
"2000-07","Ontario","2021A000235","Out-migrants","Persons","249","units","0","v509063","7.2","19261","","","","0"
"2000-07","Manitoba","2021A000246","In-migrants","Persons","249","units","0","v509049","8.1","4254","","","","0"
"2000-07","Manitoba","2021A000246","Out-migrants","Persons","249","units","0","v509064","8.2","5718","","","","0"
"2000-07","Saskatchewan","2021A000247","In-migrants","Persons","249","units","0","v509050","9.1","4698","","","","0"
"2000-07","Saskatchewan","2021A000247","Out-migrants","Persons","249","units","0","v509065","9.2","6591","","","","0"
"2000-07","Alberta","2021A000248","In-migrants","Persons","249","units","0","v509051","10.1","20600","","","","0"
"2000-07","Alberta","2021A000248","Out-migrants","Persons","249","units","0","v509066","10.2","15768","","","","0"
"2000-07","British Columbia","2021A000259","In-migrants","Persons","249","units","0","v509039","11.1","15001","","","","0"
"2000-07","British Columbia","2021A000259","Out-migrants","Persons","249","units","0","v509054","11.2","17096","","","","0"
"2000-07","Yukon","2021A000260","In-migrants","Persons","249","units","0","v509040","12.1","323","","","","0"
"2000-07","Yukon","2021A000260","Out-migrants","Persons","249","units","0","v509055","12.2","531","","","","0"
"2000-07","Northwest Territories","2021A000261","In-migrants","Persons","249","units","0","v509042","14.1","761","","","","0"
"2000-07","Northwest Territories","2021A000261","Out-migrants","Persons","249","units","0","v509057","14.2","770","","","","0"
"2000-07","Nunavut","2021A000262","In-migrants","Persons","249","units","0","v509043","15.1","390","","","","0"
"2000-07","Nunavut","2021A000262","Out-migrants","Persons","249","units","0","v509058","15.2","342","","","","0"
"2000-10","Canada","2021A000011124","In-migrants","Persons","249","units","0","v509037","1.1","51352","","","","0"
"2000-10","Canada","2021A000011124","Out-migrants","Persons","249","units","0","v509052","1.2","51352","","","","0"
"2000-10","Newfoundland and Labrador","2021A000210","In-migrants","Persons","249","units","0","v509038","2.1","1454","","","","0"
"2000-10","Newfoundland and Labrador","2021A000210","Out-migrants","Persons","249","units","0","v509053","2.2","2052","","","","0"
"2000-10","Prince Edward Island","2021A000211","In-migrants","Persons","249","units","0","v509044","3.1","516","","","","0"
"2000-10","Prince Edward Island","2021A000211","Out-migrants","Persons","249","units","0","v509059","3.2","435","","","","0"
"2000-10","Nova Scotia","2021A000212","In-migrants","Persons","249","units","0","v509045","4.1","2495","","","","0"
"2000-10","Nova Scotia","2021A000212","Out-migrants","Persons","249","units","0","v509060","4.2","3027","","","","0"
"2000-10","New Brunswick","2021A000213","In-migrants","Persons","249","units","0","v509046","5.1","1839","","","","0"
"2000-10","New Brunswick","2021A000213","Out-migrants","Persons","249","units","0","v509061","5.2","2080","","","","0"
"2000-10","Quebec","2021A000224","In-migrants","Persons","249","units","0","v509047","6.1","4036","","","","0"
"2000-10","Quebec","2021A000224","Out-migrants","Persons","249","units","0","v509062","6.2","4911","","","","0"
"2000-10","Ontario","2021A000235","In-migrants","Persons","249","units","0","v509048","7.1","13227","","","","0"
"2000-10","Ontario","2021A000235","Out-migrants","Persons","249","units","0","v509063","7.2","10651","","","","0"
"2000-10","Manitoba","2021A000246","In-migrants","Persons","249","units","0","v509049","8.1","2289","","","","0"
"2000-10","Manitoba","2021A000246","Out-migrants","Persons","249","units","0","v509064","8.2","3250","","","","0"
"2000-10","Saskatchewan","2021A000247","In-migrants","Persons","249","units","0","v509050","9.1","2394","","","","0"
"2000-10","Saskatchewan","2021A000247","Out-migrants","Persons","249","units","0","v509065","9.2","4446","","","","0"
"2000-10","Alberta","2021A000248","In-migrants","Persons","249","units","0","v509051","10.1","14032","","","","0"
"2000-10","Alberta","2021A000248","Out-migrants","Persons","249","units","0","v509066","10.2","8330","","","","0"
"2000-10","British Columbia","2021A000259","In-migrants","Persons","249","units","0","v509039","11.1","8323","","","","0"
"2000-10","British Columbia","2021A000259","Out-migrants","Persons","249","units","0","v509054","11.2","11146","","","","0"
"2000-10","Yukon","2021A000260","In-migrants","Persons","249","units","0","v509040","12.1","224","","","","0"
"2000-10","Yukon","2021A000260","Out-migrants","Persons","249","units","0","v509055","12.2","370","","","","0"
"2000-10","Northwest Territories","2021A000261","In-migrants","Persons","249","units","0","v509042","14.1","371","","","","0"
"2000-10","Northwest Territories","2021A000261","Out-migrants","Persons","249","units","0","v509057","14.2","480","","","","0"
"2000-10","Nunavut","2021A000262","In-migrants","Persons","249","units","0","v509043","15.1","152","","","","0"
"2000-10","Nunavut","2021A000262","Out-migrants","Persons","249","units","0","v509058","15.2","174","","","","0"
"2001-01","Canada","2021A000011124","In-migrants","Persons","249","units","0","v509037","1.1","54601","","","","0"
"2001-01","Canada","2021A000011124","Out-migrants","Persons","249","units","0","v509052","1.2","54601","","","","0"
"2001-01","Newfoundland and Labrador","2021A000210","In-migrants","Persons","249","units","0","v509038","2.1","1730","","","","0"
"2001-01","Newfoundland and Labrador","2021A000210","Out-migrants","Persons","249","units","0","v509053","2.2","3247","","","","0"
"2001-01","Prince Edward Island","2021A000211","In-migrants","Persons","249","units","0","v509044","3.1","594","","","","0"
"2001-01","Prince Edward Island","2021A000211","Out-migrants","Persons","249","units","0","v509059","3.2","496","","","","0"
"2001-01","Nova Scotia","2021A000212","In-migrants","Persons","249","units","0","v509045","4.1","3117","","","","0"
"2001-01","Nova Scotia","2021A000212","Out-migrants","Persons","249","units","0","v509060","4.2","3819","","","","0"
"2001-01","New Brunswick","2021A000213","In-migrants","Persons","249","units","0","v509046","5.1","2308","","","","0"
"2001-01","New Brunswick","2021A000213","Out-migrants","Persons","249","units","0","v509061","5.2","2522","","","","0"
"2001-01","Quebec","2021A000224","In-migrants","Persons","249","units","0","v509047","6.1","3799","","","","0"
"2001-01","Quebec","2021A000224","Out-migrants","Persons","249","units","0","v509062","6.2","5417","","","","0"
"2001-01","Ontario","2021A000235","In-migrants","Persons","249","units","0","v509048","7.1","15176","","","","0"
"2001-01","Ontario","2021A000235","Out-migrants","Persons","249","units","0","v509063","7.2","11129","","","","0"
"2001-01","Manitoba","2021A000246","In-migrants","Persons","249","units","0","v509049","8.1","2810","","","","0"
"2001-01","Manitoba","2021A000246","Out-migrants","Persons","249","units","0","v509064","8.2","3602","","","","0"
"2001-01","Saskatchewan","2021A000247","In-migrants","Persons","249","units","0","v509050","9.1","2594","","","","0"
"2001-01","Saskatchewan","2021A000247","Out-migrants","Persons","249","units","0","v509065","9.2","4644","","","","0"
"2001-01","Alberta","2021A000248","In-migrants","Persons","249","units","0","v509051","10.1","12964","","","","0"
"2001-01","Alberta","2021A000248","Out-migrants","Persons","249","units","0","v509066","10.2","8471","","","","0"
"2001-01","British Columbia","2021A000259","In-migrants","Persons","249","units","0","v509039","11.1","8597","","","","0"
"2001-01","British Columbia","2021A000259","Out-migrants","Persons","249","units","0","v509054","11.2","10134","","","","0"
"2001-01","Yukon","2021A000260","In-migrants","Persons","249","units","0","v509040","12.1","243","","","","0"
"2001-01","Yukon","2021A000260","Out-migrants","Persons","249","units","0","v509055","12.2","340","","","","0"
"2001-01","Northwest Territories","2021A000261","In-migrants","Persons","249","units","0","v509042","14.1","450","","","","0"
"2001-01","Northwest Territories","2021A000261","Out-migrants","Persons","249","units","0","v509057","14.2","546","","","","0"
"2001-01","Nunavut","2021A000262","In-migrants","Persons","249","units","0","v509043","15.1","219","","","","0"
"2001-01","Nunavut","2021A000262","Out-migrants","Persons","249","units","0","v509058","15.2","234","","","","0"
"2001-04","Canada","2021A000011124","In-migrants","Persons","249","units","0","v509037","1.1","70850","","","","0"
"2001-04","Canada","2021A000011124","Out-migrants","Persons","249","units","0","v509052","1.2","70850","","","","0"
"2001-04","Newfoundland and Labrador","2021A000210","In-migrants","Persons","249","units","0","v509038","2.1","1893","","","","0"
"2001-04","Newfoundland and Labrador","2021A000210","Out-migrants","Persons","249","units","0","v509053","2.2","3225","","","","0"
"2001-04","Prince Edward Island","2021A000211","In-migrants","Persons","249","units","0","v509044","3.1","745","","","","0"
"2001-04","Prince Edward Island","2021A000211","Out-migrants","Persons","249","units","0","v509059","3.2","640","","","","0"
"2001-04","Nova Scotia","2021A000212","In-migrants","Persons","249","units","0","v509045","4.1","3734","","","","0"
"2001-04","Nova Scotia","2021A000212","Out-migrants","Persons","249","units","0","v509060","4.2","4616","","","","0"
"2001-04","New Brunswick","2021A000213","In-migrants","Persons","249","units","0","v509046","5.1","2759","","","","0"
"2001-04","New Brunswick","2021A000213","Out-migrants","Persons","249","units","0","v509061","5.2","2961","","","","0"
"2001-04","Quebec","2021A000224","In-migrants","Persons","249","units","0","v509047","6.1","5177","","","","0"
"2001-04","Quebec","2021A000224","Out-migrants","Persons","249","units","0","v509062","6.2","8848","","","","0"
"2001-04","Ontario","2021A000235","In-migrants","Persons","249","units","0","v509048","7.1","20786","","","","0"
"2001-04","Ontario","2021A000235","Out-migrants","Persons","249","units","0","v509063","7.2","14852","","","","0"
"2001-04","Manitoba","2021A000246","In-migrants","Persons","249","units","0","v509049","8.1","3270","","","","0"
"2001-04","Manitoba","2021A000246","Out-migrants","Persons","249","units","0","v509064","8.2","4376","","","","0"
"2001-04","Saskatchewan","2021A000247","In-migrants","Persons","249","units","0","v509050","9.1","3299","","","","0"
"2001-04","Saskatchewan","2021A000247","Out-migrants","Persons","249","units","0","v509065","9.2","5714","","","","0"
"2001-04","Alberta","2021A000248","In-migrants","Persons","249","units","0","v509051","10.1","16533","","","","0"
"2001-04","Alberta","2021A000248","Out-migrants","Persons","249","units","0","v509066","10.2","11103","","","","0"
"2001-04","British Columbia","2021A000259","In-migrants","Persons","249","units","0","v509039","11.1","11417","","","","0"
"2001-04","British Columbia","2021A000259","Out-migrants","Persons","249","units","0","v509054","11.2","13248","","","","0"
"2001-04","Yukon","2021A000260","In-migrants","Persons","249","units","0","v509040","12.1","363","","","","0"
"2001-04","Yukon","2021A000260","Out-migrants","Persons","249","units","0","v509055","12.2","484","","","","0"
"2001-04","Northwest Territories","2021A000261","In-migrants","Persons","249","units","0","v509042","14.1","595","","","","0"
"2001-04","Northwest Territories","2021A000261","Out-migrants","Persons","249","units","0","v509057","14.2","541","","","","0"
"2001-04","Nunavut","2021A000262","In-migrants","Persons","249","units","0","v509043","15.1","279","","","","0"
"2001-04","Nunavut","2021A000262","Out-migrants","Persons","249","units","0","v509058","15.2","242","","","","0"
"2001-07","Canada","2021A000011124","In-migrants","Persons","249","units","0","v509037","1.1","94298","","","","0"
"2001-07","Canada","2021A000011124","Out-migrants","Persons","249","units","0","v509052","1.2","94298","","","","0"
"2001-07","Newfoundland and Labrador","2021A000210","In-migrants","Persons","249","units","0","v509038","2.1","2570","","","","0"
"2001-07","Newfoundland and Labrador","2021A000210","Out-migrants","Persons","249","units","0","v509053","2.2","3223","","","","0"
"2001-07","Prince Edward Island","2021A000211","In-migrants","Persons","249","units","0","v509044","3.1","801","","","","0"
"2001-07","Prince Edward Island","2021A000211","Out-migrants","Persons","249","units","0","v509059","3.2","673","","","","0"
"2001-07","Nova Scotia","2021A000212","In-migrants","Persons","249","units","0","v509045","4.1","5261","","","","0"
"2001-07","Nova Scotia","2021A000212","Out-migrants","Persons","249","units","0","v509060","4.2","5688","","","","0"
"2001-07","New Brunswick","2021A000213","In-migrants","Persons","249","units","0","v509046","5.1","3640","","","","0"
"2001-07","New Brunswick","2021A000213","Out-migrants","Persons","249","units","0","v509061","5.2","4668","","","","0"
"2001-07","Quebec","2021A000224","In-migrants","Persons","249","units","0","v509047","6.1","8418","","","","0"
"2001-07","Quebec","2021A000224","Out-migrants","Persons","249","units","0","v509062","6.2","10050","","","","0"
"2001-07","Ontario","2021A000235","In-migrants","Persons","249","units","0","v509048","7.1","22560","","","","0"
"2001-07","Ontario","2021A000235","Out-migrants","Persons","249","units","0","v509063","7.2","20916","","","","0"
"2001-07","Manitoba","2021A000246","In-migrants","Persons","249","units","0","v509049","8.1","4398","","","","0"
"2001-07","Manitoba","2021A000246","Out-migrants","Persons","249","units","0","v509064","8.2","6204","","","","0"
"2001-07","Saskatchewan","2021A000247","In-migrants","Persons","249","units","0","v509050","9.1","4622","","","","0"
"2001-07","Saskatchewan","2021A000247","Out-migrants","Persons","249","units","0","v509065","9.2","7173","","","","0"
"2001-07","Alberta","2021A000248","In-migrants","Persons","249","units","0","v509051","10.1","24589","","","","0"
"2001-07","Alberta","2021A000248","Out-migrants","Persons","249","units","0","v509066","10.2","16228","","","","0"
"2001-07","British Columbia","2021A000259","In-migrants","Persons","249","units","0","v509039","11.1","16029","","","","0"
"2001-07","British Columbia","2021A000259","Out-migrants","Persons","249","units","0","v509054","11.2","17902","","","","0"
"2001-07","Yukon","2021A000260","In-migrants","Persons","249","units","0","v509040","12.1","354","","","","0"
"2001-07","Yukon","2021A000260","Out-migrants","Persons","249","units","0","v509055","12.2","522","","","","0"
"2001-07","Northwest Territories","2021A000261","In-migrants","Persons","249","units","0","v509042","14.1","879","","","","0"
"2001-07","Northwest Territories","2021A000261","Out-migrants","Persons","249","units","0","v509057","14.2","775","","","","0"
"2001-07","Nunavut","2021A000262","In-migrants","Persons","249","units","0","v509043","15.1","177","","","","0"
"2001-07","Nunavut","2021A000262","Out-migrants","Persons","249","units","0","v509058","15.2","276","","","","0"
"2001-10","Canada","2021A000011124","In-migrants","Persons","249","units","0","v509037","1.1","50973","","","","0"
"2001-10","Canada","2021A000011124","Out-migrants","Persons","249","units","0","v509052","1.2","50973","","","","0"
"2001-10","Newfoundland and Labrador","2021A000210","In-migrants","Persons","249","units","0","v509038","2.1","1508","","","","0"
"2001-10","Newfoundland and Labrador","2021A000210","Out-migrants","Persons","249","units","0","v509053","2.2","1726","","","","0"
"2001-10","Prince Edward Island","2021A000211","In-migrants","Persons","249","units","0","v509044","3.1","393","","","","0"
"2001-10","Prince Edward Island","2021A000211","Out-migrants","Persons","249","units","0","v509059","3.2","403","","","","0"
"2001-10","Nova Scotia","2021A000212","In-migrants","Persons","249","units","0","v509045","4.1","2912","","","","0"
"2001-10","Nova Scotia","2021A000212","Out-migrants","Persons","249","units","0","v509060","4.2","2922","","","","0"
"2001-10","New Brunswick","2021A000213","In-migrants","Persons","249","units","0","v509046","5.1","1819","","","","0"
"2001-10","New Brunswick","2021A000213","Out-migrants","Persons","249","units","0","v509061","5.2","2290","","","","0"
"2001-10","Quebec","2021A000224","In-migrants","Persons","249","units","0","v509047","6.1","4326","","","","0"
"2001-10","Quebec","2021A000224","Out-migrants","Persons","249","units","0","v509062","6.2","4494","","","","0"
"2001-10","Ontario","2021A000235","In-migrants","Persons","249","units","0","v509048","7.1","11177","","","","0"
"2001-10","Ontario","2021A000235","Out-migrants","Persons","249","units","0","v509063","7.2","11302","","","","0"
"2001-10","Manitoba","2021A000246","In-migrants","Persons","249","units","0","v509049","8.1","2482","","","","0"
"2001-10","Manitoba","2021A000246","Out-migrants","Persons","249","units","0","v509064","8.2","3411","","","","0"
"2001-10","Saskatchewan","2021A000247","In-migrants","Persons","249","units","0","v509050","9.1","2713","","","","0"
"2001-10","Saskatchewan","2021A000247","Out-migrants","Persons","249","units","0","v509065","9.2","4216","","","","0"
"2001-10","Alberta","2021A000248","In-migrants","Persons","249","units","0","v509051","10.1","14486","","","","0"
"2001-10","Alberta","2021A000248","Out-migrants","Persons","249","units","0","v509066","10.2","9137","","","","0"
"2001-10","British Columbia","2021A000259","In-migrants","Persons","249","units","0","v509039","11.1","8365","","","","0"
"2001-10","British Columbia","2021A000259","Out-migrants","Persons","249","units","0","v509054","11.2","10152","","","","0"
"2001-10","Yukon","2021A000260","In-migrants","Persons","249","units","0","v509040","12.1","252","","","","0"
"2001-10","Yukon","2021A000260","Out-migrants","Persons","249","units","0","v509055","12.2","220","","","","0"
"2001-10","Northwest Territories","2021A000261","In-migrants","Persons","249","units","0","v509042","14.1","349","","","","0"
"2001-10","Northwest Territories","2021A000261","Out-migrants","Persons","249","units","0","v509057","14.2","499","","","","0"
"2001-10","Nunavut","2021A000262","In-migrants","Persons","249","units","0","v509043","15.1","191","","","","0"
"2001-10","Nunavut","2021A000262","Out-migrants","Persons","249","units","0","v509058","15.2","201","","","","0"
"2002-01","Canada","2021A000011124","In-migrants","Persons","249","units","0","v509037","1.1","58756","","","","0"
"2002-01","Canada","2021A000011124","Out-migrants","Persons","249","units","0","v509052","1.2","58756","","","","0"
"2002-01","Newfoundland and Labrador","2021A000210","In-migrants","Persons","249","units","0","v509038","2.1","1913","","","","0"
"2002-01","Newfoundland and Labrador","2021A000210","Out-migrants","Persons","249","units","0","v509053","2.2","3262","","","","0"
"2002-01","Prince Edward Island","2021A000211","In-migrants","Persons","249","units","0","v509044","3.1","538","","","","0"
"2002-01","Prince Edward Island","2021A000211","Out-migrants","Persons","249","units","0","v509059","3.2","499","","","","0"
"2002-01","Nova Scotia","2021A000212","In-migrants","Persons","249","units","0","v509045","4.1","3350","","","","0"
"2002-01","Nova Scotia","2021A000212","Out-migrants","Persons","249","units","0","v509060","4.2","3866","","","","0"
"2002-01","New Brunswick","2021A000213","In-migrants","Persons","249","units","0","v509046","5.1","2513","","","","0"
"2002-01","New Brunswick","2021A000213","Out-migrants","Persons","249","units","0","v509061","5.2","2662","","","","0"
"2002-01","Quebec","2021A000224","In-migrants","Persons","249","units","0","v509047","6.1","4075","","","","0"
"2002-01","Quebec","2021A000224","Out-migrants","Persons","249","units","0","v509062","6.2","5120","","","","0"
"2002-01","Ontario","2021A000235","In-migrants","Persons","249","units","0","v509048","7.1","14788","","","","0"
"2002-01","Ontario","2021A000235","Out-migrants","Persons","249","units","0","v509063","7.2","11658","","","","0"
"2002-01","Manitoba","2021A000246","In-migrants","Persons","249","units","0","v509049","8.1","3065","","","","0"
"2002-01","Manitoba","2021A000246","Out-migrants","Persons","249","units","0","v509064","8.2","3520","","","","0"
"2002-01","Saskatchewan","2021A000247","In-migrants","Persons","249","units","0","v509050","9.1","2905","","","","0"
"2002-01","Saskatchewan","2021A000247","Out-migrants","Persons","249","units","0","v509065","9.2","5321","","","","0"
"2002-01","Alberta","2021A000248","In-migrants","Persons","249","units","0","v509051","10.1","15210","","","","0"
"2002-01","Alberta","2021A000248","Out-migrants","Persons","249","units","0","v509066","10.2","9832","","","","0"
"2002-01","British Columbia","2021A000259","In-migrants","Persons","249","units","0","v509039","11.1","9244","","","","0"
"2002-01","British Columbia","2021A000259","Out-migrants","Persons","249","units","0","v509054","11.2","11516","","","","0"
"2002-01","Yukon","2021A000260","In-migrants","Persons","249","units","0","v509040","12.1","307","","","","0"
"2002-01","Yukon","2021A000260","Out-migrants","Persons","249","units","0","v509055","12.2","430","","","","0"
"2002-01","Northwest Territories","2021A000261","In-migrants","Persons","249","units","0","v509042","14.1","624","","","","0"
"2002-01","Northwest Territories","2021A000261","Out-migrants","Persons","249","units","0","v509057","14.2","723","","","","0"
"2002-01","Nunavut","2021A000262","In-migrants","Persons","249","units","0","v509043","15.1","224","","","","0"
"2002-01","Nunavut","2021A000262","Out-migrants","Persons","249","units","0","v509058","15.2","347","","","","0"
"2002-04","Canada","2021A000011124","In-migrants","Persons","249","units","0","v509037","1.1","86463","","","","0"
"2002-04","Canada","2021A000011124","Out-migrants","Persons","249","units","0","v509052","1.2","86463","","","","0"
"2002-04","Newfoundland and Labrador","2021A000210","In-migrants","Persons","249","units","0","v509038","2.1","2793","","","","0"
"2002-04","Newfoundland and Labrador","2021A000210","Out-migrants","Persons","249","units","0","v509053","2.2","3925","","","","0"
"2002-04","Prince Edward Island","2021A000211","In-migrants","Persons","249","units","0","v509044","3.1","907","","","","0"
"2002-04","Prince Edward Island","2021A000211","Out-migrants","Persons","249","units","0","v509059","3.2","1002","","","","0"
"2002-04","Nova Scotia","2021A000212","In-migrants","Persons","249","units","0","v509045","4.1","4808","","","","0"
"2002-04","Nova Scotia","2021A000212","Out-migrants","Persons","249","units","0","v509060","4.2","4753","","","","0"
"2002-04","New Brunswick","2021A000213","In-migrants","Persons","249","units","0","v509046","5.1","3738","","","","0"
"2002-04","New Brunswick","2021A000213","Out-migrants","Persons","249","units","0","v509061","5.2","3308","","","","0"
"2002-04","Quebec","2021A000224","In-migrants","Persons","249","units","0","v509047","6.1","7669","","","","0"
"2002-04","Quebec","2021A000224","Out-migrants","Persons","249","units","0","v509062","6.2","9174","","","","0"
"2002-04","Ontario","2021A000235","In-migrants","Persons","249","units","0","v509048","7.1","21558","","","","0"
"2002-04","Ontario","2021A000235","Out-migrants","Persons","249","units","0","v509063","7.2","20853","","","","0"
"2002-04","Manitoba","2021A000246","In-migrants","Persons","249","units","0","v509049","8.1","4015","","","","0"
"2002-04","Manitoba","2021A000246","Out-migrants","Persons","249","units","0","v509064","8.2","5169","","","","0"
"2002-04","Saskatchewan","2021A000247","In-migrants","Persons","249","units","0","v509050","9.1","4358","","","","0"
"2002-04","Saskatchewan","2021A000247","Out-migrants","Persons","249","units","0","v509065","9.2","6708","","","","0"
"2002-04","Alberta","2021A000248","In-migrants","Persons","249","units","0","v509051","10.1","21330","","","","0"
"2002-04","Alberta","2021A000248","Out-migrants","Persons","249","units","0","v509066","10.2","14183","","","","0"
"2002-04","British Columbia","2021A000259","In-migrants","Persons","249","units","0","v509039","11.1","13521","","","","0"
"2002-04","British Columbia","2021A000259","Out-migrants","Persons","249","units","0","v509054","11.2","16145","","","","0"
"2002-04","Yukon","2021A000260","In-migrants","Persons","249","units","0","v509040","12.1","435","","","","0"
"2002-04","Yukon","2021A000260","Out-migrants","Persons","249","units","0","v509055","12.2","397","","","","0"
"2002-04","Northwest Territories","2021A000261","In-migrants","Persons","249","units","0","v509042","14.1","817","","","","0"
"2002-04","Northwest Territories","2021A000261","Out-migrants","Persons","249","units","0","v509057","14.2","588","","","","0"
"2002-04","Nunavut","2021A000262","In-migrants","Persons","249","units","0","v509043","15.1","514","","","","0"
"2002-04","Nunavut","2021A000262","Out-migrants","Persons","249","units","0","v509058","15.2","258","","","","0"
"2002-07","Canada","2021A000011124","In-migrants","Persons","249","units","0","v509037","1.1","90872","","","","0"
"2002-07","Canada","2021A000011124","Out-migrants","Persons","249","units","0","v509052","1.2","90872","","","","0"
"2002-07","Newfoundland and Labrador","2021A000210","In-migrants","Persons","249","units","0","v509038","2.1","2681","","","","0"
"2002-07","Newfoundland and Labrador","2021A000210","Out-migrants","Persons","249","units","0","v509053","2.2","3255","","","","0"
"2002-07","Prince Edward Island","2021A000211","In-migrants","Persons","249","units","0","v509044","3.1","821","","","","0"
"2002-07","Prince Edward Island","2021A000211","Out-migrants","Persons","249","units","0","v509059","3.2","689","","","","0"
"2002-07","Nova Scotia","2021A000212","In-migrants","Persons","249","units","0","v509045","4.1","5488","","","","0"
"2002-07","Nova Scotia","2021A000212","Out-migrants","Persons","249","units","0","v509060","4.2","5682","","","","0"
"2002-07","New Brunswick","2021A000213","In-migrants","Persons","249","units","0","v509046","5.1","3630","","","","0"
"2002-07","New Brunswick","2021A000213","Out-migrants","Persons","249","units","0","v509061","5.2","4265","","","","0"
"2002-07","Quebec","2021A000224","In-migrants","Persons","249","units","0","v509047","6.1","8227","","","","0"
"2002-07","Quebec","2021A000224","Out-migrants","Persons","249","units","0","v509062","6.2","9468","","","","0"
"2002-07","Ontario","2021A000235","In-migrants","Persons","249","units","0","v509048","7.1","22142","","","","0"
"2002-07","Ontario","2021A000235","Out-migrants","Persons","249","units","0","v509063","7.2","20905","","","","0"
"2002-07","Manitoba","2021A000246","In-migrants","Persons","249","units","0","v509049","8.1","4073","","","","0"
"2002-07","Manitoba","2021A000246","Out-migrants","Persons","249","units","0","v509064","8.2","6049","","","","0"
"2002-07","Saskatchewan","2021A000247","In-migrants","Persons","249","units","0","v509050","9.1","4739","","","","0"
"2002-07","Saskatchewan","2021A000247","Out-migrants","Persons","249","units","0","v509065","9.2","6660","","","","0"
"2002-07","Alberta","2021A000248","In-migrants","Persons","249","units","0","v509051","10.1","21704","","","","0"
"2002-07","Alberta","2021A000248","Out-migrants","Persons","249","units","0","v509066","10.2","16416","","","","0"
"2002-07","British Columbia","2021A000259","In-migrants","Persons","249","units","0","v509039","11.1","16089","","","","0"
"2002-07","British Columbia","2021A000259","Out-migrants","Persons","249","units","0","v509054","11.2","15936","","","","0"
"2002-07","Yukon","2021A000260","In-migrants","Persons","249","units","0","v509040","12.1","317","","","","0"
"2002-07","Yukon","2021A000260","Out-migrants","Persons","249","units","0","v509055","12.2","500","","","","0"
"2002-07","Northwest Territories","2021A000261","In-migrants","Persons","249","units","0","v509042","14.1","833","","","","0"
"2002-07","Northwest Territories","2021A000261","Out-migrants","Persons","249","units","0","v509057","14.2","783","","","","0"
"2002-07","Nunavut","2021A000262","In-migrants","Persons","249","units","0","v509043","15.1","128","","","","0"
"2002-07","Nunavut","2021A000262","Out-migrants","Persons","249","units","0","v509058","15.2","264","","","","0"
"2002-10","Canada","2021A000011124","In-migrants","Persons","249","units","0","v509037","1.1","47994","","","","0"
"2002-10","Canada","2021A000011124","Out-migrants","Persons","249","units","0","v509052","1.2","47994","","","","0"
"2002-10","Newfoundland and Labrador","2021A000210","In-migrants","Persons","249","units","0","v509038","2.1","1587","","","","0"
"2002-10","Newfoundland and Labrador","2021A000210","Out-migrants","Persons","249","units","0","v509053","2.2","1764","","","","0"
"2002-10","Prince Edward Island","2021A000211","In-migrants","Persons","249","units","0","v509044","3.1","426","","","","0"
"2002-10","Prince Edward Island","2021A000211","Out-migrants","Persons","249","units","0","v509059","3.2","416","","","","0"
"2002-10","Nova Scotia","2021A000212","In-migrants","Persons","249","units","0","v509045","4.1","2391","","","","0"
"2002-10","Nova Scotia","2021A000212","Out-migrants","Persons","249","units","0","v509060","4.2","2720","","","","0"
"2002-10","New Brunswick","2021A000213","In-migrants","Persons","249","units","0","v509046","5.1","1897","","","","0"
"2002-10","New Brunswick","2021A000213","Out-migrants","Persons","249","units","0","v509061","5.2","1980","","","","0"
"2002-10","Quebec","2021A000224","In-migrants","Persons","249","units","0","v509047","6.1","4558","","","","0"
"2002-10","Quebec","2021A000224","Out-migrants","Persons","249","units","0","v509062","6.2","3862","","","","0"
"2002-10","Ontario","2021A000235","In-migrants","Persons","249","units","0","v509048","7.1","10617","","","","0"
"2002-10","Ontario","2021A000235","Out-migrants","Persons","249","units","0","v509063","7.2","11651","","","","0"
"2002-10","Manitoba","2021A000246","In-migrants","Persons","249","units","0","v509049","8.1","2396","","","","0"
"2002-10","Manitoba","2021A000246","Out-migrants","Persons","249","units","0","v509064","8.2","2931","","","","0"
"2002-10","Saskatchewan","2021A000247","In-migrants","Persons","249","units","0","v509050","9.1","2657","","","","0"
"2002-10","Saskatchewan","2021A000247","Out-migrants","Persons","249","units","0","v509065","9.2","3337","","","","0"
"2002-10","Alberta","2021A000248","In-migrants","Persons","249","units","0","v509051","10.1","11639","","","","0"
"2002-10","Alberta","2021A000248","Out-migrants","Persons","249","units","0","v509066","10.2","9856","","","","0"
"2002-10","British Columbia","2021A000259","In-migrants","Persons","249","units","0","v509039","11.1","8925","","","","0"
"2002-10","British Columbia","2021A000259","Out-migrants","Persons","249","units","0","v509054","11.2","8627","","","","0"
"2002-10","Yukon","2021A000260","In-migrants","Persons","249","units","0","v509040","12.1","309","","","","0"
"2002-10","Yukon","2021A000260","Out-migrants","Persons","249","units","0","v509055","12.2","227","","","","0"
"2002-10","Northwest Territories","2021A000261","In-migrants","Persons","249","units","0","v509042","14.1","485","","","","0"
"2002-10","Northwest Territories","2021A000261","Out-migrants","Persons","249","units","0","v509057","14.2","483","","","","0"
"2002-10","Nunavut","2021A000262","In-migrants","Persons","249","units","0","v509043","15.1","107","","","","0"
"2002-10","Nunavut","2021A000262","Out-migrants","Persons","249","units","0","v509058","15.2","140","","","","0"
"2003-01","Canada","2021A000011124","In-migrants","Persons","249","units","0","v509037","1.1","54000","","","","0"
"2003-01","Canada","2021A000011124","Out-migrants","Persons","249","units","0","v509052","1.2","54000","","","","0"
"2003-01","Newfoundland and Labrador","2021A000210","In-migrants","Persons","249","units","0","v509038","2.1","2111","","","","0"
"2003-01","Newfoundland and Labrador","2021A000210","Out-migrants","Persons","249","units","0","v509053","2.2","2442","","","","0"
"2003-01","Prince Edward Island","2021A000211","In-migrants","Persons","249","units","0","v509044","3.1","521","","","","0"
"2003-01","Prince Edward Island","2021A000211","Out-migrants","Persons","249","units","0","v509059","3.2","492","","","","0"
"2003-01","Nova Scotia","2021A000212","In-migrants","Persons","249","units","0","v509045","4.1","3232","","","","0"
"2003-01","Nova Scotia","2021A000212","Out-migrants","Persons","249","units","0","v509060","4.2","3198","","","","0"
"2003-01","New Brunswick","2021A000213","In-migrants","Persons","249","units","0","v509046","5.1","2228","","","","0"
"2003-01","New Brunswick","2021A000213","Out-migrants","Persons","249","units","0","v509061","5.2","2322","","","","0"
"2003-01","Quebec","2021A000224","In-migrants","Persons","249","units","0","v509047","6.1","4251","","","","0"
"2003-01","Quebec","2021A000224","Out-migrants","Persons","249","units","0","v509062","6.2","4599","","","","0"
"2003-01","Ontario","2021A000235","In-migrants","Persons","249","units","0","v509048","7.1","12584","","","","0"
"2003-01","Ontario","2021A000235","Out-migrants","Persons","249","units","0","v509063","7.2","12099","","","","0"
"2003-01","Manitoba","2021A000246","In-migrants","Persons","249","units","0","v509049","8.1","3256","","","","0"
"2003-01","Manitoba","2021A000246","Out-migrants","Persons","249","units","0","v509064","8.2","3046","","","","0"
"2003-01","Saskatchewan","2021A000247","In-migrants","Persons","249","units","0","v509050","9.1","2771","","","","0"
"2003-01","Saskatchewan","2021A000247","Out-migrants","Persons","249","units","0","v509065","9.2","4436","","","","0"
"2003-01","Alberta","2021A000248","In-migrants","Persons","249","units","0","v509051","10.1","13290","","","","0"
"2003-01","Alberta","2021A000248","Out-migrants","Persons","249","units","0","v509066","10.2","10131","","","","0"
"2003-01","British Columbia","2021A000259","In-migrants","Persons","249","units","0","v509039","11.1","8685","","","","0"
"2003-01","British Columbia","2021A000259","Out-migrants","Persons","249","units","0","v509054","11.2","10145","","","","0"
"2003-01","Yukon","2021A000260","In-migrants","Persons","249","units","0","v509040","12.1","272","","","","0"
"2003-01","Yukon","2021A000260","Out-migrants","Persons","249","units","0","v509055","12.2","249","","","","0"
"2003-01","Northwest Territories","2021A000261","In-migrants","Persons","249","units","0","v509042","14.1","559","","","","0"
"2003-01","Northwest Territories","2021A000261","Out-migrants","Persons","249","units","0","v509057","14.2","544","","","","0"
"2003-01","Nunavut","2021A000262","In-migrants","Persons","249","units","0","v509043","15.1","240","","","","0"
"2003-01","Nunavut","2021A000262","Out-migrants","Persons","249","units","0","v509058","15.2","297","","","","0"
"2003-04","Canada","2021A000011124","In-migrants","Persons","249","units","0","v509037","1.1","82033","","","","0"
"2003-04","Canada","2021A000011124","Out-migrants","Persons","249","units","0","v509052","1.2","82033","","","","0"
"2003-04","Newfoundland and Labrador","2021A000210","In-migrants","Persons","249","units","0","v509038","2.1","2819","","","","0"
"2003-04","Newfoundland and Labrador","2021A000210","Out-migrants","Persons","249","units","0","v509053","2.2","3420","","","","0"
"2003-04","Prince Edward Island","2021A000211","In-migrants","Persons","249","units","0","v509044","3.1","918","","","","0"
"2003-04","Prince Edward Island","2021A000211","Out-migrants","Persons","249","units","0","v509059","3.2","924","","","","0"
"2003-04","Nova Scotia","2021A000212","In-migrants","Persons","249","units","0","v509045","4.1","5575","","","","0"
"2003-04","Nova Scotia","2021A000212","Out-migrants","Persons","249","units","0","v509060","4.2","4576","","","","0"
"2003-04","New Brunswick","2021A000213","In-migrants","Persons","249","units","0","v509046","5.1","3478","","","","0"
"2003-04","New Brunswick","2021A000213","Out-migrants","Persons","249","units","0","v509061","5.2","3509","","","","0"
"2003-04","Quebec","2021A000224","In-migrants","Persons","249","units","0","v509047","6.1","7236","","","","0"
"2003-04","Quebec","2021A000224","Out-migrants","Persons","249","units","0","v509062","6.2","8172","","","","0"
"2003-04","Ontario","2021A000235","In-migrants","Persons","249","units","0","v509048","7.1","18893","","","","0"
"2003-04","Ontario","2021A000235","Out-migrants","Persons","249","units","0","v509063","7.2","18944","","","","0"
"2003-04","Manitoba","2021A000246","In-migrants","Persons","249","units","0","v509049","8.1","3982","","","","0"
"2003-04","Manitoba","2021A000246","Out-migrants","Persons","249","units","0","v509064","8.2","4556","","","","0"
"2003-04","Saskatchewan","2021A000247","In-migrants","Persons","249","units","0","v509050","9.1","5005","","","","0"
"2003-04","Saskatchewan","2021A000247","Out-migrants","Persons","249","units","0","v509065","9.2","5880","","","","0"
"2003-04","Alberta","2021A000248","In-migrants","Persons","249","units","0","v509051","10.1","17994","","","","0"
"2003-04","Alberta","2021A000248","Out-migrants","Persons","249","units","0","v509066","10.2","16321","","","","0"
"2003-04","British Columbia","2021A000259","In-migrants","Persons","249","units","0","v509039","11.1","14379","","","","0"
"2003-04","British Columbia","2021A000259","Out-migrants","Persons","249","units","0","v509054","11.2","14407","","","","0"
"2003-04","Yukon","2021A000260","In-migrants","Persons","249","units","0","v509040","12.1","501","","","","0"
"2003-04","Yukon","2021A000260","Out-migrants","Persons","249","units","0","v509055","12.2","274","","","","0"
"2003-04","Northwest Territories","2021A000261","In-migrants","Persons","249","units","0","v509042","14.1","785","","","","0"
"2003-04","Northwest Territories","2021A000261","Out-migrants","Persons","249","units","0","v509057","14.2","610","","","","0"
"2003-04","Nunavut","2021A000262","In-migrants","Persons","249","units","0","v509043","15.1","468","","","","0"
"2003-04","Nunavut","2021A000262","Out-migrants","Persons","249","units","0","v509058","15.2","440","","","","0"
"2003-07","Canada","2021A000011124","In-migrants","Persons","249","units","0","v509037","1.1","82360","","","","0"
"2003-07","Canada","2021A000011124","Out-migrants","Persons","249","units","0","v509052","1.2","82360","","","","0"
"2003-07","Newfoundland and Labrador","2021A000210","In-migrants","Persons","249","units","0","v509038","2.1","2551","","","","0"
"2003-07","Newfoundland and Labrador","2021A000210","Out-migrants","Persons","249","units","0","v509053","2.2","2621","","","","0"
"2003-07","Prince Edward Island","2021A000211","In-migrants","Persons","249","units","0","v509044","3.1","750","","","","0"
"2003-07","Prince Edward Island","2021A000211","Out-migrants","Persons","249","units","0","v509059","3.2","717","","","","0"
"2003-07","Nova Scotia","2021A000212","In-migrants","Persons","249","units","0","v509045","4.1","5147","","","","0"
"2003-07","Nova Scotia","2021A000212","Out-migrants","Persons","249","units","0","v509060","4.2","5332","","","","0"
"2003-07","New Brunswick","2021A000213","In-migrants","Persons","249","units","0","v509046","5.1","3428","","","","0"
"2003-07","New Brunswick","2021A000213","Out-migrants","Persons","249","units","0","v509061","5.2","4021","","","","0"
"2003-07","Quebec","2021A000224","In-migrants","Persons","249","units","0","v509047","6.1","8311","","","","0"
"2003-07","Quebec","2021A000224","Out-migrants","Persons","249","units","0","v509062","6.2","7333","","","","0"
"2003-07","Ontario","2021A000235","In-migrants","Persons","249","units","0","v509048","7.1","17999","","","","0"
"2003-07","Ontario","2021A000235","Out-migrants","Persons","249","units","0","v509063","7.2","21323","","","","0"
"2003-07","Manitoba","2021A000246","In-migrants","Persons","249","units","0","v509049","8.1","3841","","","","0"
"2003-07","Manitoba","2021A000246","Out-migrants","Persons","249","units","0","v509064","8.2","5295","","","","0"
"2003-07","Saskatchewan","2021A000247","In-migrants","Persons","249","units","0","v509050","9.1","4434","","","","0"
"2003-07","Saskatchewan","2021A000247","Out-migrants","Persons","249","units","0","v509065","9.2","5783","","","","0"
"2003-07","Alberta","2021A000248","In-migrants","Persons","249","units","0","v509051","10.1","18578","","","","0"
"2003-07","Alberta","2021A000248","Out-migrants","Persons","249","units","0","v509066","10.2","15559","","","","0"
"2003-07","British Columbia","2021A000259","In-migrants","Persons","249","units","0","v509039","11.1","15923","","","","0"
"2003-07","British Columbia","2021A000259","Out-migrants","Persons","249","units","0","v509054","11.2","13093","","","","0"
"2003-07","Yukon","2021A000260","In-migrants","Persons","249","units","0","v509040","12.1","491","","","","0"
"2003-07","Yukon","2021A000260","Out-migrants","Persons","249","units","0","v509055","12.2","314","","","","0"
"2003-07","Northwest Territories","2021A000261","In-migrants","Persons","249","units","0","v509042","14.1","764","","","","0"
"2003-07","Northwest Territories","2021A000261","Out-migrants","Persons","249","units","0","v509057","14.2","704","","","","0"
"2003-07","Nunavut","2021A000262","In-migrants","Persons","249","units","0","v509043","15.1","143","","","","0"
"2003-07","Nunavut","2021A000262","Out-migrants","Persons","249","units","0","v509058","15.2","265","","","","0"
"2003-10","Canada","2021A000011124","In-migrants","Persons","249","units","0","v509037","1.1","44648","","","","0"
"2003-10","Canada","2021A000011124","Out-migrants","Persons","249","units","0","v509052","1.2","44648","","","","0"
"2003-10","Newfoundland and Labrador","2021A000210","In-migrants","Persons","249","units","0","v509038","2.1","1567","","","","0"
"2003-10","Newfoundland and Labrador","2021A000210","Out-migrants","Persons","249","units","0","v509053","2.2","1819","","","","0"
"2003-10","Prince Edward Island","2021A000211","In-migrants","Persons","249","units","0","v509044","3.1","503","","","","0"
"2003-10","Prince Edward Island","2021A000211","Out-migrants","Persons","249","units","0","v509059","3.2","420","","","","0"
"2003-10","Nova Scotia","2021A000212","In-migrants","Persons","249","units","0","v509045","4.1","2538","","","","0"
"2003-10","Nova Scotia","2021A000212","Out-migrants","Persons","249","units","0","v509060","4.2","2433","","","","0"
"2003-10","New Brunswick","2021A000213","In-migrants","Persons","249","units","0","v509046","5.1","1592","","","","0"
"2003-10","New Brunswick","2021A000213","Out-migrants","Persons","249","units","0","v509061","5.2","1873","","","","0"
"2003-10","Quebec","2021A000224","In-migrants","Persons","249","units","0","v509047","6.1","3861","","","","0"
"2003-10","Quebec","2021A000224","Out-migrants","Persons","249","units","0","v509062","6.2","3776","","","","0"
"2003-10","Ontario","2021A000235","In-migrants","Persons","249","units","0","v509048","7.1","9243","","","","0"
"2003-10","Ontario","2021A000235","Out-migrants","Persons","249","units","0","v509063","7.2","11255","","","","0"
"2003-10","Manitoba","2021A000246","In-migrants","Persons","249","units","0","v509049","8.1","2211","","","","0"
"2003-10","Manitoba","2021A000246","Out-migrants","Persons","249","units","0","v509064","8.2","2582","","","","0"
"2003-10","Saskatchewan","2021A000247","In-migrants","Persons","249","units","0","v509050","9.1","2395","","","","0"
"2003-10","Saskatchewan","2021A000247","Out-migrants","Persons","249","units","0","v509065","9.2","3241","","","","0"
"2003-10","Alberta","2021A000248","In-migrants","Persons","249","units","0","v509051","10.1","10693","","","","0"
"2003-10","Alberta","2021A000248","Out-migrants","Persons","249","units","0","v509066","10.2","9015","","","","0"
"2003-10","British Columbia","2021A000259","In-migrants","Persons","249","units","0","v509039","11.1","9295","","","","0"
"2003-10","British Columbia","2021A000259","Out-migrants","Persons","249","units","0","v509054","11.2","7612","","","","0"
"2003-10","Yukon","2021A000260","In-migrants","Persons","249","units","0","v509040","12.1","205","","","","0"
"2003-10","Yukon","2021A000260","Out-migrants","Persons","249","units","0","v509055","12.2","188","","","","0"
"2003-10","Northwest Territories","2021A000261","In-migrants","Persons","249","units","0","v509042","14.1","430","","","","0"
"2003-10","Northwest Territories","2021A000261","Out-migrants","Persons","249","units","0","v509057","14.2","323","","","","0"
"2003-10","Nunavut","2021A000262","In-migrants","Persons","249","units","0","v509043","15.1","115","","","","0"
"2003-10","Nunavut","2021A000262","Out-migrants","Persons","249","units","0","v509058","15.2","111","","","","0"
"2004-01","Canada","2021A000011124","In-migrants","Persons","249","units","0","v509037","1.1","56219","","","","0"
"2004-01","Canada","2021A000011124","Out-migrants","Persons","249","units","0","v509052","1.2","56219","","","","0"
"2004-01","Newfoundland and Labrador","2021A000210","In-migrants","Persons","249","units","0","v509038","2.1","1908","","","","0"
"2004-01","Newfoundland and Labrador","2021A000210","Out-migrants","Persons","249","units","0","v509053","2.2","2686","","","","0"
"2004-01","Prince Edward Island","2021A000211","In-migrants","Persons","249","units","0","v509044","3.1","542","","","","0"
"2004-01","Prince Edward Island","2021A000211","Out-migrants","Persons","249","units","0","v509059","3.2","449","","","","0"
"2004-01","Nova Scotia","2021A000212","In-migrants","Persons","249","units","0","v509045","4.1","2832","","","","0"
"2004-01","Nova Scotia","2021A000212","Out-migrants","Persons","249","units","0","v509060","4.2","3457","","","","0"
"2004-01","New Brunswick","2021A000213","In-migrants","Persons","249","units","0","v509046","5.1","2524","","","","0"
"2004-01","New Brunswick","2021A000213","Out-migrants","Persons","249","units","0","v509061","5.2","2350","","","","0"
"2004-01","Quebec","2021A000224","In-migrants","Persons","249","units","0","v509047","6.1","4477","","","","0"
"2004-01","Quebec","2021A000224","Out-migrants","Persons","249","units","0","v509062","6.2","4774","","","","0"
"2004-01","Ontario","2021A000235","In-migrants","Persons","249","units","0","v509048","7.1","12439","","","","0"
"2004-01","Ontario","2021A000235","Out-migrants","Persons","249","units","0","v509063","7.2","13344","","","","0"
"2004-01","Manitoba","2021A000246","In-migrants","Persons","249","units","0","v509049","8.1","3252","","","","0"
"2004-01","Manitoba","2021A000246","Out-migrants","Persons","249","units","0","v509064","8.2","3245","","","","0"
"2004-01","Saskatchewan","2021A000247","In-migrants","Persons","249","units","0","v509050","9.1","3316","","","","0"
"2004-01","Saskatchewan","2021A000247","Out-migrants","Persons","249","units","0","v509065","9.2","4138","","","","0"
"2004-01","Alberta","2021A000248","In-migrants","Persons","249","units","0","v509051","10.1","13863","","","","0"
"2004-01","Alberta","2021A000248","Out-migrants","Persons","249","units","0","v509066","10.2","10671","","","","0"
"2004-01","British Columbia","2021A000259","In-migrants","Persons","249","units","0","v509039","11.1","9984","","","","0"
"2004-01","British Columbia","2021A000259","Out-migrants","Persons","249","units","0","v509054","11.2","9674","","","","0"
"2004-01","Yukon","2021A000260","In-migrants","Persons","249","units","0","v509040","12.1","301","","","","0"
"2004-01","Yukon","2021A000260","Out-migrants","Persons","249","units","0","v509055","12.2","349","","","","0"
"2004-01","Northwest Territories","2021A000261","In-migrants","Persons","249","units","0","v509042","14.1","605","","","","0"
"2004-01","Northwest Territories","2021A000261","Out-migrants","Persons","249","units","0","v509057","14.2","790","","","","0"
"2004-01","Nunavut","2021A000262","In-migrants","Persons","249","units","0","v509043","15.1","176","","","","0"
"2004-01","Nunavut","2021A000262","Out-migrants","Persons","249","units","0","v509058","15.2","292","","","","0"
"2004-04","Canada","2021A000011124","In-migrants","Persons","249","units","0","v509037","1.1","78153","","","","0"
"2004-04","Canada","2021A000011124","Out-migrants","Persons","249","units","0","v509052","1.2","78153","","","","0"
"2004-04","Newfoundland and Labrador","2021A000210","In-migrants","Persons","249","units","0","v509038","2.1","2371","","","","0"
"2004-04","Newfoundland and Labrador","2021A000210","Out-migrants","Persons","249","units","0","v509053","2.2","3298","","","","0"
"2004-04","Prince Edward Island","2021A000211","In-migrants","Persons","249","units","0","v509044","3.1","775","","","","0"
"2004-04","Prince Edward Island","2021A000211","Out-migrants","Persons","249","units","0","v509059","3.2","840","","","","0"
"2004-04","Nova Scotia","2021A000212","In-migrants","Persons","249","units","0","v509045","4.1","4570","","","","0"
"2004-04","Nova Scotia","2021A000212","Out-migrants","Persons","249","units","0","v509060","4.2","4637","","","","0"
"2004-04","New Brunswick","2021A000213","In-migrants","Persons","249","units","0","v509046","5.1","3146","","","","0"
"2004-04","New Brunswick","2021A000213","Out-migrants","Persons","249","units","0","v509061","5.2","3206","","","","0"
"2004-04","Quebec","2021A000224","In-migrants","Persons","249","units","0","v509047","6.1","7078","","","","0"
"2004-04","Quebec","2021A000224","Out-migrants","Persons","249","units","0","v509062","6.2","8666","","","","0"
"2004-04","Ontario","2021A000235","In-migrants","Persons","249","units","0","v509048","7.1","17505","","","","0"
"2004-04","Ontario","2021A000235","Out-migrants","Persons","249","units","0","v509063","7.2","18199","","","","0"
"2004-04","Manitoba","2021A000246","In-migrants","Persons","249","units","0","v509049","8.1","3997","","","","0"
"2004-04","Manitoba","2021A000246","Out-migrants","Persons","249","units","0","v509064","8.2","4744","","","","0"
"2004-04","Saskatchewan","2021A000247","In-migrants","Persons","249","units","0","v509050","9.1","4406","","","","0"
"2004-04","Saskatchewan","2021A000247","Out-migrants","Persons","249","units","0","v509065","9.2","5910","","","","0"
"2004-04","Alberta","2021A000248","In-migrants","Persons","249","units","0","v509051","10.1","17688","","","","0"
"2004-04","Alberta","2021A000248","Out-migrants","Persons","249","units","0","v509066","10.2","14971","","","","0"
"2004-04","British Columbia","2021A000259","In-migrants","Persons","249","units","0","v509039","11.1","15204","","","","0"
"2004-04","British Columbia","2021A000259","Out-migrants","Persons","249","units","0","v509054","11.2","12162","","","","0"
"2004-04","Yukon","2021A000260","In-migrants","Persons","249","units","0","v509040","12.1","362","","","","0"
"2004-04","Yukon","2021A000260","Out-migrants","Persons","249","units","0","v509055","12.2","481","","","","0"
"2004-04","Northwest Territories","2021A000261","In-migrants","Persons","249","units","0","v509042","14.1","664","","","","0"
"2004-04","Northwest Territories","2021A000261","Out-migrants","Persons","249","units","0","v509057","14.2","751","","","","0"
"2004-04","Nunavut","2021A000262","In-migrants","Persons","249","units","0","v509043","15.1","387","","","","0"
"2004-04","Nunavut","2021A000262","Out-migrants","Persons","249","units","0","v509058","15.2","288","","","","0"
"2004-07","Canada","2021A000011124","In-migrants","Persons","249","units","0","v509037","1.1","82279","","","","0"
"2004-07","Canada","2021A000011124","Out-migrants","Persons","249","units","0","v509052","1.2","82279","","","","0"
"2004-07","Newfoundland and Labrador","2021A000210","In-migrants","Persons","249","units","0","v509038","2.1","2296","","","","0"
"2004-07","Newfoundland and Labrador","2021A000210","Out-migrants","Persons","249","units","0","v509053","2.2","2967","","","","0"
"2004-07","Prince Edward Island","2021A000211","In-migrants","Persons","249","units","0","v509044","3.1","653","","","","0"
"2004-07","Prince Edward Island","2021A000211","Out-migrants","Persons","249","units","0","v509059","3.2","811","","","","0"
"2004-07","Nova Scotia","2021A000212","In-migrants","Persons","249","units","0","v509045","4.1","5144","","","","0"
"2004-07","Nova Scotia","2021A000212","Out-migrants","Persons","249","units","0","v509060","4.2","5972","","","","0"
"2004-07","New Brunswick","2021A000213","In-migrants","Persons","249","units","0","v509046","5.1","3303","","","","0"
"2004-07","New Brunswick","2021A000213","Out-migrants","Persons","249","units","0","v509061","5.2","4042","","","","0"
"2004-07","Quebec","2021A000224","In-migrants","Persons","249","units","0","v509047","6.1","6985","","","","0"
"2004-07","Quebec","2021A000224","Out-migrants","Persons","249","units","0","v509062","6.2","7445","","","","0"
"2004-07","Ontario","2021A000235","In-migrants","Persons","249","units","0","v509048","7.1","16991","","","","0"
"2004-07","Ontario","2021A000235","Out-migrants","Persons","249","units","0","v509063","7.2","20993","","","","0"
"2004-07","Manitoba","2021A000246","In-migrants","Persons","249","units","0","v509049","8.1","3683","","","","0"
"2004-07","Manitoba","2021A000246","Out-migrants","Persons","249","units","0","v509064","8.2","5877","","","","0"
"2004-07","Saskatchewan","2021A000247","In-migrants","Persons","249","units","0","v509050","9.1","4034","","","","0"
"2004-07","Saskatchewan","2021A000247","Out-migrants","Persons","249","units","0","v509065","9.2","5933","","","","0"
"2004-07","Alberta","2021A000248","In-migrants","Persons","249","units","0","v509051","10.1","22917","","","","0"
"2004-07","Alberta","2021A000248","Out-migrants","Persons","249","units","0","v509066","10.2","14138","","","","0"
"2004-07","British Columbia","2021A000259","In-migrants","Persons","249","units","0","v509039","11.1","15109","","","","0"
"2004-07","British Columbia","2021A000259","Out-migrants","Persons","249","units","0","v509054","11.2","12731","","","","0"
"2004-07","Yukon","2021A000260","In-migrants","Persons","249","units","0","v509040","12.1","492","","","","0"
"2004-07","Yukon","2021A000260","Out-migrants","Persons","249","units","0","v509055","12.2","340","","","","0"
"2004-07","Northwest Territories","2021A000261","In-migrants","Persons","249","units","0","v509042","14.1","593","","","","0"
"2004-07","Northwest Territories","2021A000261","Out-migrants","Persons","249","units","0","v509057","14.2","736","","","","0"
"2004-07","Nunavut","2021A000262","In-migrants","Persons","249","units","0","v509043","15.1","79","","","","0"
"2004-07","Nunavut","2021A000262","Out-migrants","Persons","249","units","0","v509058","15.2","294","","","","0"
"2004-10","Canada","2021A000011124","In-migrants","Persons","249","units","0","v509037","1.1","53280","","","","0"
"2004-10","Canada","2021A000011124","Out-migrants","Persons","249","units","0","v509052","1.2","53280","","","","0"
"2004-10","Newfoundland and Labrador","2021A000210","In-migrants","Persons","249","units","0","v509038","2.1","1715","","","","0"
"2004-10","Newfoundland and Labrador","2021A000210","Out-migrants","Persons","249","units","0","v509053","2.2","1823","","","","0"
"2004-10","Prince Edward Island","2021A000211","In-migrants","Persons","249","units","0","v509044","3.1","316","","","","0"
"2004-10","Prince Edward Island","2021A000211","Out-migrants","Persons","249","units","0","v509059","3.2","410","","","","0"
"2004-10","Nova Scotia","2021A000212","In-migrants","Persons","249","units","0","v509045","4.1","2529","","","","0"
"2004-10","Nova Scotia","2021A000212","Out-migrants","Persons","249","units","0","v509060","4.2","3047","","","","0"
"2004-10","New Brunswick","2021A000213","In-migrants","Persons","249","units","0","v509046","5.1","1956","","","","0"
"2004-10","New Brunswick","2021A000213","Out-migrants","Persons","249","units","0","v509061","5.2","2211","","","","0"
"2004-10","Quebec","2021A000224","In-migrants","Persons","249","units","0","v509047","6.1","4812","","","","0"
"2004-10","Quebec","2021A000224","Out-migrants","Persons","249","units","0","v509062","6.2","5439","","","","0"
"2004-10","Ontario","2021A000235","In-migrants","Persons","249","units","0","v509048","7.1","10584","","","","0"
"2004-10","Ontario","2021A000235","Out-migrants","Persons","249","units","0","v509063","7.2","14212","","","","0"
"2004-10","Manitoba","2021A000246","In-migrants","Persons","249","units","0","v509049","8.1","2408","","","","0"
"2004-10","Manitoba","2021A000246","Out-migrants","Persons","249","units","0","v509064","8.2","3297","","","","0"
"2004-10","Saskatchewan","2021A000247","In-migrants","Persons","249","units","0","v509050","9.1","2436","","","","0"
"2004-10","Saskatchewan","2021A000247","Out-migrants","Persons","249","units","0","v509065","9.2","4452","","","","0"
"2004-10","Alberta","2021A000248","In-migrants","Persons","249","units","0","v509051","10.1","15045","","","","0"
"2004-10","Alberta","2021A000248","Out-migrants","Persons","249","units","0","v509066","10.2","8856","","","","0"
"2004-10","British Columbia","2021A000259","In-migrants","Persons","249","units","0","v509039","11.1","10760","","","","0"
"2004-10","British Columbia","2021A000259","Out-migrants","Persons","249","units","0","v509054","11.2","8705","","","","0"
"2004-10","Yukon","2021A000260","In-migrants","Persons","249","units","0","v509040","12.1","221","","","","0"
"2004-10","Yukon","2021A000260","Out-migrants","Persons","249","units","0","v509055","12.2","216","","","","0"
"2004-10","Northwest Territories","2021A000261","In-migrants","Persons","249","units","0","v509042","14.1","409","","","","0"
"2004-10","Northwest Territories","2021A000261","Out-migrants","Persons","249","units","0","v509057","14.2","489","","","","0"
"2004-10","Nunavut","2021A000262","In-migrants","Persons","249","units","0","v509043","15.1","89","","","","0"
"2004-10","Nunavut","2021A000262","Out-migrants","Persons","249","units","0","v509058","15.2","123","","","","0"
"2005-01","Canada","2021A000011124","In-migrants","Persons","249","units","0","v509037","1.1","60810","","","","0"
"2005-01","Canada","2021A000011124","Out-migrants","Persons","249","units","0","v509052","1.2","60810","","","","0"
"2005-01","Newfoundland and Labrador","2021A000210","In-migrants","Persons","249","units","0","v509038","2.1","1780","","","","0"
"2005-01","Newfoundland and Labrador","2021A000210","Out-migrants","Persons","249","units","0","v509053","2.2","3355","","","","0"
"2005-01","Prince Edward Island","2021A000211","In-migrants","Persons","249","units","0","v509044","3.1","589","","","","0"
"2005-01","Prince Edward Island","2021A000211","Out-migrants","Persons","249","units","0","v509059","3.2","567","","","","0"
"2005-01","Nova Scotia","2021A000212","In-migrants","Persons","249","units","0","v509045","4.1","3184","","","","0"
"2005-01","Nova Scotia","2021A000212","Out-migrants","Persons","249","units","0","v509060","4.2","4256","","","","0"
"2005-01","New Brunswick","2021A000213","In-migrants","Persons","249","units","0","v509046","5.1","2149","","","","0"
"2005-01","New Brunswick","2021A000213","Out-migrants","Persons","249","units","0","v509061","5.2","2462","","","","0"
"2005-01","Quebec","2021A000224","In-migrants","Persons","249","units","0","v509047","6.1","4028","","","","0"
"2005-01","Quebec","2021A000224","Out-migrants","Persons","249","units","0","v509062","6.2","4856","","","","0"
"2005-01","Ontario","2021A000235","In-migrants","Persons","249","units","0","v509048","7.1","12285","","","","0"
"2005-01","Ontario","2021A000235","Out-migrants","Persons","249","units","0","v509063","7.2","14033","","","","0"
"2005-01","Manitoba","2021A000246","In-migrants","Persons","249","units","0","v509049","8.1","2898","","","","0"
"2005-01","Manitoba","2021A000246","Out-migrants","Persons","249","units","0","v509064","8.2","4155","","","","0"
"2005-01","Saskatchewan","2021A000247","In-migrants","Persons","249","units","0","v509050","9.1","2999","","","","0"
"2005-01","Saskatchewan","2021A000247","Out-migrants","Persons","249","units","0","v509065","9.2","5392","","","","0"
"2005-01","Alberta","2021A000248","In-migrants","Persons","249","units","0","v509051","10.1","18653","","","","0"
"2005-01","Alberta","2021A000248","Out-migrants","Persons","249","units","0","v509066","10.2","10363","","","","0"
"2005-01","British Columbia","2021A000259","In-migrants","Persons","249","units","0","v509039","11.1","11239","","","","0"
"2005-01","British Columbia","2021A000259","Out-migrants","Persons","249","units","0","v509054","11.2","10184","","","","0"
"2005-01","Yukon","2021A000260","In-migrants","Persons","249","units","0","v509040","12.1","235","","","","0"
"2005-01","Yukon","2021A000260","Out-migrants","Persons","249","units","0","v509055","12.2","234","","","","0"
"2005-01","Northwest Territories","2021A000261","In-migrants","Persons","249","units","0","v509042","14.1","533","","","","0"
"2005-01","Northwest Territories","2021A000261","Out-migrants","Persons","249","units","0","v509057","14.2","711","","","","0"
"2005-01","Nunavut","2021A000262","In-migrants","Persons","249","units","0","v509043","15.1","238","","","","0"
"2005-01","Nunavut","2021A000262","Out-migrants","Persons","249","units","0","v509058","15.2","242","","","","0"
"2005-04","Canada","2021A000011124","In-migrants","Persons","249","units","0","v509037","1.1","89175","","","","0"
"2005-04","Canada","2021A000011124","Out-migrants","Persons","249","units","0","v509052","1.2","89175","","","","0"
"2005-04","Newfoundland and Labrador","2021A000210","In-migrants","Persons","249","units","0","v509038","2.1","2422","","","","0"
"2005-04","Newfoundland and Labrador","2021A000210","Out-migrants","Persons","249","units","0","v509053","2.2","3778","","","","0"
"2005-04","Prince Edward Island","2021A000211","In-migrants","Persons","249","units","0","v509044","3.1","979","","","","0"
"2005-04","Prince Edward Island","2021A000211","Out-migrants","Persons","249","units","0","v509059","3.2","888","","","","0"
"2005-04","Nova Scotia","2021A000212","In-migrants","Persons","249","units","0","v509045","4.1","4183","","","","0"
"2005-04","Nova Scotia","2021A000212","Out-migrants","Persons","249","units","0","v509060","4.2","4806","","","","0"
"2005-04","New Brunswick","2021A000213","In-migrants","Persons","249","units","0","v509046","5.1","3196","","","","0"
"2005-04","New Brunswick","2021A000213","Out-migrants","Persons","249","units","0","v509061","5.2","3963","","","","0"
"2005-04","Quebec","2021A000224","In-migrants","Persons","249","units","0","v509047","6.1","6908","","","","0"
"2005-04","Quebec","2021A000224","Out-migrants","Persons","249","units","0","v509062","6.2","9956","","","","0"
"2005-04","Ontario","2021A000235","In-migrants","Persons","249","units","0","v509048","7.1","19632","","","","0"
"2005-04","Ontario","2021A000235","Out-migrants","Persons","249","units","0","v509063","7.2","21426","","","","0"
"2005-04","Manitoba","2021A000246","In-migrants","Persons","249","units","0","v509049","8.1","3191","","","","0"
"2005-04","Manitoba","2021A000246","Out-migrants","Persons","249","units","0","v509064","8.2","6078","","","","0"
"2005-04","Saskatchewan","2021A000247","In-migrants","Persons","249","units","0","v509050","9.1","3962","","","","0"
"2005-04","Saskatchewan","2021A000247","Out-migrants","Persons","249","units","0","v509065","9.2","7169","","","","0"
"2005-04","Alberta","2021A000248","In-migrants","Persons","249","units","0","v509051","10.1","25803","","","","0"
"2005-04","Alberta","2021A000248","Out-migrants","Persons","249","units","0","v509066","10.2","14638","","","","0"
"2005-04","British Columbia","2021A000259","In-migrants","Persons","249","units","0","v509039","11.1","17172","","","","0"
"2005-04","British Columbia","2021A000259","Out-migrants","Persons","249","units","0","v509054","11.2","14446","","","","0"
"2005-04","Yukon","2021A000260","In-migrants","Persons","249","units","0","v509040","12.1","478","","","","0"
"2005-04","Yukon","2021A000260","Out-migrants","Persons","249","units","0","v509055","12.2","583","","","","0"
"2005-04","Northwest Territories","2021A000261","In-migrants","Persons","249","units","0","v509042","14.1","777","","","","0"
"2005-04","Northwest Territories","2021A000261","Out-migrants","Persons","249","units","0","v509057","14.2","1044","","","","0"
"2005-04","Nunavut","2021A000262","In-migrants","Persons","249","units","0","v509043","15.1","472","","","","0"
"2005-04","Nunavut","2021A000262","Out-migrants","Persons","249","units","0","v509058","15.2","400","","","","0"
"2005-07","Canada","2021A000011124","In-migrants","Persons","249","units","0","v509037","1.1","88918","","","","0"
"2005-07","Canada","2021A000011124","Out-migrants","Persons","249","units","0","v509052","1.2","88918","","","","0"
"2005-07","Newfoundland and Labrador","2021A000210","In-migrants","Persons","249","units","0","v509038","2.1","2501","","","","0"
"2005-07","Newfoundland and Labrador","2021A000210","Out-migrants","Persons","249","units","0","v509053","2.2","3255","","","","0"
"2005-07","Prince Edward Island","2021A000211","In-migrants","Persons","249","units","0","v509044","3.1","790","","","","0"
"2005-07","Prince Edward Island","2021A000211","Out-migrants","Persons","249","units","0","v509059","3.2","904","","","","0"
"2005-07","Nova Scotia","2021A000212","In-migrants","Persons","249","units","0","v509045","4.1","5180","","","","0"
"2005-07","Nova Scotia","2021A000212","Out-migrants","Persons","249","units","0","v509060","4.2","5908","","","","0"
"2005-07","New Brunswick","2021A000213","In-migrants","Persons","249","units","0","v509046","5.1","3856","","","","0"
"2005-07","New Brunswick","2021A000213","Out-migrants","Persons","249","units","0","v509061","5.2","4796","","","","0"
"2005-07","Quebec","2021A000224","In-migrants","Persons","249","units","0","v509047","6.1","7264","","","","0"
"2005-07","Quebec","2021A000224","Out-migrants","Persons","249","units","0","v509062","6.2","8671","","","","0"
"2005-07","Ontario","2021A000235","In-migrants","Persons","249","units","0","v509048","7.1","18236","","","","0"
"2005-07","Ontario","2021A000235","Out-migrants","Persons","249","units","0","v509063","7.2","22959","","","","0"
"2005-07","Manitoba","2021A000246","In-migrants","Persons","249","units","0","v509049","8.1","3712","","","","0"
"2005-07","Manitoba","2021A000246","Out-migrants","Persons","249","units","0","v509064","8.2","6436","","","","0"
"2005-07","Saskatchewan","2021A000247","In-migrants","Persons","249","units","0","v509050","9.1","4589","","","","0"
"2005-07","Saskatchewan","2021A000247","Out-migrants","Persons","249","units","0","v509065","9.2","6490","","","","0"
"2005-07","Alberta","2021A000248","In-migrants","Persons","249","units","0","v509051","10.1","25027","","","","0"
"2005-07","Alberta","2021A000248","Out-migrants","Persons","249","units","0","v509066","10.2","14884","","","","0"
"2005-07","British Columbia","2021A000259","In-migrants","Persons","249","units","0","v509039","11.1","16631","","","","0"
"2005-07","British Columbia","2021A000259","Out-migrants","Persons","249","units","0","v509054","11.2","13459","","","","0"
"2005-07","Yukon","2021A000260","In-migrants","Persons","249","units","0","v509040","12.1","471","","","","0"
"2005-07","Yukon","2021A000260","Out-migrants","Persons","249","units","0","v509055","12.2","329","","","","0"
"2005-07","Northwest Territories","2021A000261","In-migrants","Persons","249","units","0","v509042","14.1","557","","","","0"
"2005-07","Northwest Territories","2021A000261","Out-migrants","Persons","249","units","0","v509057","14.2","644","","","","0"
"2005-07","Nunavut","2021A000262","In-migrants","Persons","249","units","0","v509043","15.1","104","","","","0"
"2005-07","Nunavut","2021A000262","Out-migrants","Persons","249","units","0","v509058","15.2","183","","","","0"
"2005-10","Canada","2021A000011124","In-migrants","Persons","249","units","0","v509037","1.1","53020","","","","0"
"2005-10","Canada","2021A000011124","Out-migrants","Persons","249","units","0","v509052","1.2","53020","","","","0"
"2005-10","Newfoundland and Labrador","2021A000210","In-migrants","Persons","249","units","0","v509038","2.1","1486","","","","0"
"2005-10","Newfoundland and Labrador","2021A000210","Out-migrants","Persons","249","units","0","v509053","2.2","2481","","","","0"
"2005-10","Prince Edward Island","2021A000211","In-migrants","Persons","249","units","0","v509044","3.1","276","","","","0"
"2005-10","Prince Edward Island","2021A000211","Out-migrants","Persons","249","units","0","v509059","3.2","527","","","","0"
"2005-10","Nova Scotia","2021A000212","In-migrants","Persons","249","units","0","v509045","4.1","2536","","","","0"
"2005-10","Nova Scotia","2021A000212","Out-migrants","Persons","249","units","0","v509060","4.2","3356","","","","0"
"2005-10","New Brunswick","2021A000213","In-migrants","Persons","249","units","0","v509046","5.1","1590","","","","0"
"2005-10","New Brunswick","2021A000213","Out-migrants","Persons","249","units","0","v509061","5.2","2267","","","","0"
"2005-10","Quebec","2021A000224","In-migrants","Persons","249","units","0","v509047","6.1","3653","","","","0"
"2005-10","Quebec","2021A000224","Out-migrants","Persons","249","units","0","v509062","6.2","5526","","","","0"
"2005-10","Ontario","2021A000235","In-migrants","Persons","249","units","0","v509048","7.1","9108","","","","0"
"2005-10","Ontario","2021A000235","Out-migrants","Persons","249","units","0","v509063","7.2","14356","","","","0"
"2005-10","Manitoba","2021A000246","In-migrants","Persons","249","units","0","v509049","8.1","1794","","","","0"
"2005-10","Manitoba","2021A000246","Out-migrants","Persons","249","units","0","v509064","8.2","3528","","","","0"
"2005-10","Saskatchewan","2021A000247","In-migrants","Persons","249","units","0","v509050","9.1","2253","","","","0"
"2005-10","Saskatchewan","2021A000247","Out-migrants","Persons","249","units","0","v509065","9.2","4273","","","","0"
"2005-10","Alberta","2021A000248","In-migrants","Persons","249","units","0","v509051","10.1","20824","","","","0"
"2005-10","Alberta","2021A000248","Out-migrants","Persons","249","units","0","v509066","10.2","7004","","","","0"
"2005-10","British Columbia","2021A000259","In-migrants","Persons","249","units","0","v509039","11.1","8948","","","","0"
"2005-10","British Columbia","2021A000259","Out-migrants","Persons","249","units","0","v509054","11.2","8689","","","","0"
"2005-10","Yukon","2021A000260","In-migrants","Persons","249","units","0","v509040","12.1","228","","","","0"
"2005-10","Yukon","2021A000260","Out-migrants","Persons","249","units","0","v509055","12.2","320","","","","0"
"2005-10","Northwest Territories","2021A000261","In-migrants","Persons","249","units","0","v509042","14.1","201","","","","0"
"2005-10","Northwest Territories","2021A000261","Out-migrants","Persons","249","units","0","v509057","14.2","556","","","","0"
"2005-10","Nunavut","2021A000262","In-migrants","Persons","249","units","0","v509043","15.1","123","","","","0"
"2005-10","Nunavut","2021A000262","Out-migrants","Persons","249","units","0","v509058","15.2","137","","","","0"
"2006-01","Canada","2021A000011124","In-migrants","Persons","249","units","0","v509037","1.1","66297","","","","0"
"2006-01","Canada","2021A000011124","Out-migrants","Persons","249","units","0","v509052","1.2","66297","","","","0"
"2006-01","Newfoundland and Labrador","2021A000210","In-migrants","Persons","249","units","0","v509038","2.1","1974","","","","0"
"2006-01","Newfoundland and Labrador","2021A000210","Out-migrants","Persons","249","units","0","v509053","2.2","3621","","","","0"
"2006-01","Prince Edward Island","2021A000211","In-migrants","Persons","249","units","0","v509044","3.1","688","","","","0"
"2006-01","Prince Edward Island","2021A000211","Out-migrants","Persons","249","units","0","v509059","3.2","822","","","","0"
"2006-01","Nova Scotia","2021A000212","In-migrants","Persons","249","units","0","v509045","4.1","3123","","","","0"
"2006-01","Nova Scotia","2021A000212","Out-migrants","Persons","249","units","0","v509060","4.2","4142","","","","0"
"2006-01","New Brunswick","2021A000213","In-migrants","Persons","249","units","0","v509046","5.1","2277","","","","0"
"2006-01","New Brunswick","2021A000213","Out-migrants","Persons","249","units","0","v509061","5.2","3062","","","","0"
"2006-01","Quebec","2021A000224","In-migrants","Persons","249","units","0","v509047","6.1","3847","","","","0"
"2006-01","Quebec","2021A000224","Out-migrants","Persons","249","units","0","v509062","6.2","5978","","","","0"
"2006-01","Ontario","2021A000235","In-migrants","Persons","249","units","0","v509048","7.1","12125","","","","0"
"2006-01","Ontario","2021A000235","Out-migrants","Persons","249","units","0","v509063","7.2","16181","","","","0"
"2006-01","Manitoba","2021A000246","In-migrants","Persons","249","units","0","v509049","8.1","2788","","","","0"
"2006-01","Manitoba","2021A000246","Out-migrants","Persons","249","units","0","v509064","8.2","4311","","","","0"
"2006-01","Saskatchewan","2021A000247","In-migrants","Persons","249","units","0","v509050","9.1","2998","","","","0"
"2006-01","Saskatchewan","2021A000247","Out-migrants","Persons","249","units","0","v509065","9.2","5328","","","","0"
"2006-01","Alberta","2021A000248","In-migrants","Persons","249","units","0","v509051","10.1","23163","","","","0"
"2006-01","Alberta","2021A000248","Out-migrants","Persons","249","units","0","v509066","10.2","10843","","","","0"
"2006-01","British Columbia","2021A000259","In-migrants","Persons","249","units","0","v509039","11.1","12294","","","","0"
"2006-01","British Columbia","2021A000259","Out-migrants","Persons","249","units","0","v509054","11.2","10411","","","","0"
"2006-01","Yukon","2021A000260","In-migrants","Persons","249","units","0","v509040","12.1","241","","","","0"
"2006-01","Yukon","2021A000260","Out-migrants","Persons","249","units","0","v509055","12.2","333","","","","0"
"2006-01","Northwest Territories","2021A000261","In-migrants","Persons","249","units","0","v509042","14.1","518","","","","0"
"2006-01","Northwest Territories","2021A000261","Out-migrants","Persons","249","units","0","v509057","14.2","911","","","","0"
"2006-01","Nunavut","2021A000262","In-migrants","Persons","249","units","0","v509043","15.1","261","","","","0"
"2006-01","Nunavut","2021A000262","Out-migrants","Persons","249","units","0","v509058","15.2","354","","","","0"
"2006-04","Canada","2021A000011124","In-migrants","Persons","249","units","0","v509037","1.1","77633","","","","0"
"2006-04","Canada","2021A000011124","Out-migrants","Persons","249","units","0","v509052","1.2","77633","","","","0"
"2006-04","Newfoundland and Labrador","2021A000210","In-migrants","Persons","249","units","0","v509038","2.1","2334","","","","0"
"2006-04","Newfoundland and Labrador","2021A000210","Out-migrants","Persons","249","units","0","v509053","2.2","3280","","","","0"
"2006-04","Prince Edward Island","2021A000211","In-migrants","Persons","249","units","0","v509044","3.1","706","","","","0"
"2006-04","Prince Edward Island","2021A000211","Out-migrants","Persons","249","units","0","v509059","3.2","846","","","","0"
"2006-04","Nova Scotia","2021A000212","In-migrants","Persons","249","units","0","v509045","4.1","4224","","","","0"
"2006-04","Nova Scotia","2021A000212","Out-migrants","Persons","249","units","0","v509060","4.2","4681","","","","0"
"2006-04","New Brunswick","2021A000213","In-migrants","Persons","249","units","0","v509046","5.1","2463","","","","0"
"2006-04","New Brunswick","2021A000213","Out-migrants","Persons","249","units","0","v509061","5.2","3548","","","","0"
"2006-04","Quebec","2021A000224","In-migrants","Persons","249","units","0","v509047","6.1","5200","","","","0"
"2006-04","Quebec","2021A000224","Out-migrants","Persons","249","units","0","v509062","6.2","9200","","","","0"
"2006-04","Ontario","2021A000235","In-migrants","Persons","249","units","0","v509048","7.1","16279","","","","0"
"2006-04","Ontario","2021A000235","Out-migrants","Persons","249","units","0","v509063","7.2","19753","","","","0"
"2006-04","Manitoba","2021A000246","In-migrants","Persons","249","units","0","v509049","8.1","3150","","","","0"
"2006-04","Manitoba","2021A000246","Out-migrants","Persons","249","units","0","v509064","8.2","5050","","","","0"
"2006-04","Saskatchewan","2021A000247","In-migrants","Persons","249","units","0","v509050","9.1","3895","","","","0"
"2006-04","Saskatchewan","2021A000247","Out-migrants","Persons","249","units","0","v509065","9.2","4727","","","","0"
"2006-04","Alberta","2021A000248","In-migrants","Persons","249","units","0","v509051","10.1","22820","","","","0"
"2006-04","Alberta","2021A000248","Out-migrants","Persons","249","units","0","v509066","10.2","13308","","","","0"
"2006-04","British Columbia","2021A000259","In-migrants","Persons","249","units","0","v509039","11.1","15223","","","","0"
"2006-04","British Columbia","2021A000259","Out-migrants","Persons","249","units","0","v509054","11.2","11737","","","","0"
"2006-04","Yukon","2021A000260","In-migrants","Persons","249","units","0","v509040","12.1","327","","","","0"
"2006-04","Yukon","2021A000260","Out-migrants","Persons","249","units","0","v509055","12.2","358","","","","0"
"2006-04","Northwest Territories","2021A000261","In-migrants","Persons","249","units","0","v509042","14.1","620","","","","0"
"2006-04","Northwest Territories","2021A000261","Out-migrants","Persons","249","units","0","v509057","14.2","739","","","","0"
"2006-04","Nunavut","2021A000262","In-migrants","Persons","249","units","0","v509043","15.1","392","","","","0"
"2006-04","Nunavut","2021A000262","Out-migrants","Persons","249","units","0","v509058","15.2","406","","","","0"
"2006-07","Canada","2021A000011124","In-migrants","Persons","249","units","0","v509037","1.1","103539","","","","0"
"2006-07","Canada","2021A000011124","Out-migrants","Persons","249","units","0","v509052","1.2","103539","","","","0"
"2006-07","Newfoundland and Labrador","2021A000210","In-migrants","Persons","249","units","0","v509038","2.1","2841","","","","0"
"2006-07","Newfoundland and Labrador","2021A000210","Out-migrants","Persons","249","units","0","v509053","2.2","3888","","","","0"
"2006-07","Prince Edward Island","2021A000211","In-migrants","Persons","249","units","0","v509044","3.1","798","","","","0"
"2006-07","Prince Edward Island","2021A000211","Out-migrants","Persons","249","units","0","v509059","3.2","1117","","","","0"
"2006-07","Nova Scotia","2021A000212","In-migrants","Persons","249","units","0","v509045","4.1","5406","","","","0"
"2006-07","Nova Scotia","2021A000212","Out-migrants","Persons","249","units","0","v509060","4.2","7072","","","","0"
"2006-07","New Brunswick","2021A000213","In-migrants","Persons","249","units","0","v509046","5.1","3409","","","","0"
"2006-07","New Brunswick","2021A000213","Out-migrants","Persons","249","units","0","v509061","5.2","5243","","","","0"
"2006-07","Quebec","2021A000224","In-migrants","Persons","249","units","0","v509047","6.1","7460","","","","0"
"2006-07","Quebec","2021A000224","Out-migrants","Persons","249","units","0","v509062","6.2","10728","","","","0"
"2006-07","Ontario","2021A000235","In-migrants","Persons","249","units","0","v509048","7.1","19382","","","","0"
"2006-07","Ontario","2021A000235","Out-migrants","Persons","249","units","0","v509063","7.2","27836","","","","0"
"2006-07","Manitoba","2021A000246","In-migrants","Persons","249","units","0","v509049","8.1","4042","","","","0"
"2006-07","Manitoba","2021A000246","Out-migrants","Persons","249","units","0","v509064","8.2","6861","","","","0"
"2006-07","Saskatchewan","2021A000247","In-migrants","Persons","249","units","0","v509050","9.1","5230","","","","0"
"2006-07","Saskatchewan","2021A000247","Out-migrants","Persons","249","units","0","v509065","9.2","6328","","","","0"
"2006-07","Alberta","2021A000248","In-migrants","Persons","249","units","0","v509051","10.1","34456","","","","0"
"2006-07","Alberta","2021A000248","Out-migrants","Persons","249","units","0","v509066","10.2","17727","","","","0"
"2006-07","British Columbia","2021A000259","In-migrants","Persons","249","units","0","v509039","11.1","19163","","","","0"
"2006-07","British Columbia","2021A000259","Out-migrants","Persons","249","units","0","v509054","11.2","15244","","","","0"
"2006-07","Yukon","2021A000260","In-migrants","Persons","249","units","0","v509040","12.1","487","","","","0"
"2006-07","Yukon","2021A000260","Out-migrants","Persons","249","units","0","v509055","12.2","423","","","","0"
"2006-07","Northwest Territories","2021A000261","In-migrants","Persons","249","units","0","v509042","14.1","704","","","","0"
"2006-07","Northwest Territories","2021A000261","Out-migrants","Persons","249","units","0","v509057","14.2","779","","","","0"
"2006-07","Nunavut","2021A000262","In-migrants","Persons","249","units","0","v509043","15.1","161","","","","0"
"2006-07","Nunavut","2021A000262","Out-migrants","Persons","249","units","0","v509058","15.2","293","","","","0"
"2006-10","Canada","2021A000011124","In-migrants","Persons","249","units","0","v509037","1.1","62974","","","","0"
"2006-10","Canada","2021A000011124","Out-migrants","Persons","249","units","0","v509052","1.2","62974","","","","0"
"2006-10","Newfoundland and Labrador","2021A000210","In-migrants","Persons","249","units","0","v509038","2.1","1637","","","","0"
"2006-10","Newfoundland and Labrador","2021A000210","Out-migrants","Persons","249","units","0","v509053","2.2","2195","","","","0"
"2006-10","Prince Edward Island","2021A000211","In-migrants","Persons","249","units","0","v509044","3.1","422","","","","0"
"2006-10","Prince Edward Island","2021A000211","Out-migrants","Persons","249","units","0","v509059","3.2","581","","","","0"
"2006-10","Nova Scotia","2021A000212","In-migrants","Persons","249","units","0","v509045","4.1","3141","","","","0"
"2006-10","Nova Scotia","2021A000212","Out-migrants","Persons","249","units","0","v509060","4.2","4070","","","","0"
"2006-10","New Brunswick","2021A000213","In-migrants","Persons","249","units","0","v509046","5.1","2062","","","","0"
"2006-10","New Brunswick","2021A000213","Out-migrants","Persons","249","units","0","v509061","5.2","2435","","","","0"
"2006-10","Quebec","2021A000224","In-migrants","Persons","249","units","0","v509047","6.1","4042","","","","0"
"2006-10","Quebec","2021A000224","Out-migrants","Persons","249","units","0","v509062","6.2","6471","","","","0"
"2006-10","Ontario","2021A000235","In-migrants","Persons","249","units","0","v509048","7.1","11460","","","","0"
"2006-10","Ontario","2021A000235","Out-migrants","Persons","249","units","0","v509063","7.2","17417","","","","0"
"2006-10","Manitoba","2021A000246","In-migrants","Persons","249","units","0","v509049","8.1","2659","","","","0"
"2006-10","Manitoba","2021A000246","Out-migrants","Persons","249","units","0","v509064","8.2","3694","","","","0"
"2006-10","Saskatchewan","2021A000247","In-migrants","Persons","249","units","0","v509050","9.1","4045","","","","0"
"2006-10","Saskatchewan","2021A000247","Out-migrants","Persons","249","units","0","v509065","9.2","3516","","","","0"
"2006-10","Alberta","2021A000248","In-migrants","Persons","249","units","0","v509051","10.1","20628","","","","0"
"2006-10","Alberta","2021A000248","Out-migrants","Persons","249","units","0","v509066","10.2","12950","","","","0"
"2006-10","British Columbia","2021A000259","In-migrants","Persons","249","units","0","v509039","11.1","12150","","","","0"
"2006-10","British Columbia","2021A000259","Out-migrants","Persons","249","units","0","v509054","11.2","8639","","","","0"
"2006-10","Yukon","2021A000260","In-migrants","Persons","249","units","0","v509040","12.1","208","","","","0"
"2006-10","Yukon","2021A000260","Out-migrants","Persons","249","units","0","v509055","12.2","249","","","","0"
"2006-10","Northwest Territories","2021A000261","In-migrants","Persons","249","units","0","v509042","14.1","360","","","","0"
"2006-10","Northwest Territories","2021A000261","Out-migrants","Persons","249","units","0","v509057","14.2","525","","","","0"
"2006-10","Nunavut","2021A000262","In-migrants","Persons","249","units","0","v509043","15.1","160","","","","0"
"2006-10","Nunavut","2021A000262","Out-migrants","Persons","249","units","0","v509058","15.2","232","","","","0"
"2007-01","Canada","2021A000011124","In-migrants","Persons","249","units","0","v509037","1.1","60920","","","","0"
"2007-01","Canada","2021A000011124","Out-migrants","Persons","249","units","0","v509052","1.2","60920","","","","0"
"2007-01","Newfoundland and Labrador","2021A000210","In-migrants","Persons","249","units","0","v509038","2.1","1601","","","","0"
"2007-01","Newfoundland and Labrador","2021A000210","Out-migrants","Persons","249","units","0","v509053","2.2","3272","","","","0"
"2007-01","Prince Edward Island","2021A000211","In-migrants","Persons","249","units","0","v509044","3.1","581","","","","0"
"2007-01","Prince Edward Island","2021A000211","Out-migrants","Persons","249","units","0","v509059","3.2","736","","","","0"
"2007-01","Nova Scotia","2021A000212","In-migrants","Persons","249","units","0","v509045","4.1","2699","","","","0"
"2007-01","Nova Scotia","2021A000212","Out-migrants","Persons","249","units","0","v509060","4.2","3781","","","","0"
"2007-01","New Brunswick","2021A000213","In-migrants","Persons","249","units","0","v509046","5.1","2369","","","","0"
"2007-01","New Brunswick","2021A000213","Out-migrants","Persons","249","units","0","v509061","5.2","2674","","","","0"
"2007-01","Quebec","2021A000224","In-migrants","Persons","249","units","0","v509047","6.1","3223","","","","0"
"2007-01","Quebec","2021A000224","Out-migrants","Persons","249","units","0","v509062","6.2","5726","","","","0"
"2007-01","Ontario","2021A000235","In-migrants","Persons","249","units","0","v509048","7.1","12144","","","","0"
"2007-01","Ontario","2021A000235","Out-migrants","Persons","249","units","0","v509063","7.2","14329","","","","0"
"2007-01","Manitoba","2021A000246","In-migrants","Persons","249","units","0","v509049","8.1","2850","","","","0"
"2007-01","Manitoba","2021A000246","Out-migrants","Persons","249","units","0","v509064","8.2","3228","","","","0"
"2007-01","Saskatchewan","2021A000247","In-migrants","Persons","249","units","0","v509050","9.1","4147","","","","0"
"2007-01","Saskatchewan","2021A000247","Out-migrants","Persons","249","units","0","v509065","9.2","3720","","","","0"
"2007-01","Alberta","2021A000248","In-migrants","Persons","249","units","0","v509051","10.1","18625","","","","0"
"2007-01","Alberta","2021A000248","Out-migrants","Persons","249","units","0","v509066","10.2","13900","","","","0"
"2007-01","British Columbia","2021A000259","In-migrants","Persons","249","units","0","v509039","11.1","11705","","","","0"
"2007-01","British Columbia","2021A000259","Out-migrants","Persons","249","units","0","v509054","11.2","8467","","","","0"
"2007-01","Yukon","2021A000260","In-migrants","Persons","249","units","0","v509040","12.1","277","","","","0"
"2007-01","Yukon","2021A000260","Out-migrants","Persons","249","units","0","v509055","12.2","353","","","","0"
"2007-01","Northwest Territories","2021A000261","In-migrants","Persons","249","units","0","v509042","14.1","471","","","","0"
"2007-01","Northwest Territories","2021A000261","Out-migrants","Persons","249","units","0","v509057","14.2","546","","","","0"
"2007-01","Nunavut","2021A000262","In-migrants","Persons","249","units","0","v509043","15.1","228","","","","0"
"2007-01","Nunavut","2021A000262","Out-migrants","Persons","249","units","0","v509058","15.2","188","","","","0"
"2007-04","Canada","2021A000011124","In-migrants","Persons","249","units","0","v509037","1.1","77629","","","","0"
"2007-04","Canada","2021A000011124","Out-migrants","Persons","249","units","0","v509052","1.2","77629","","","","0"
"2007-04","Newfoundland and Labrador","2021A000210","In-migrants","Persons","249","units","0","v509038","2.1","2327","","","","0"
"2007-04","Newfoundland and Labrador","2021A000210","Out-migrants","Persons","249","units","0","v509053","2.2","3118","","","","0"
"2007-04","Prince Edward Island","2021A000211","In-migrants","Persons","249","units","0","v509044","3.1","684","","","","0"
"2007-04","Prince Edward Island","2021A000211","Out-migrants","Persons","249","units","0","v509059","3.2","900","","","","0"
"2007-04","Nova Scotia","2021A000212","In-migrants","Persons","249","units","0","v509045","4.1","3668","","","","0"
"2007-04","Nova Scotia","2021A000212","Out-migrants","Persons","249","units","0","v509060","4.2","4117","","","","0"
"2007-04","New Brunswick","2021A000213","In-migrants","Persons","249","units","0","v509046","5.1","3170","","","","0"
"2007-04","New Brunswick","2021A000213","Out-migrants","Persons","249","units","0","v509061","5.2","3290","","","","0"
"2007-04","Quebec","2021A000224","In-migrants","Persons","249","units","0","v509047","6.1","4972","","","","0"
"2007-04","Quebec","2021A000224","Out-migrants","Persons","249","units","0","v509062","6.2","9637","","","","0"
"2007-04","Ontario","2021A000235","In-migrants","Persons","249","units","0","v509048","7.1","15805","","","","0"
"2007-04","Ontario","2021A000235","Out-migrants","Persons","249","units","0","v509063","7.2","19256","","","","0"
"2007-04","Manitoba","2021A000246","In-migrants","Persons","249","units","0","v509049","8.1","2939","","","","0"
"2007-04","Manitoba","2021A000246","Out-migrants","Persons","249","units","0","v509064","8.2","4207","","","","0"
"2007-04","Saskatchewan","2021A000247","In-migrants","Persons","249","units","0","v509050","9.1","5615","","","","0"
"2007-04","Saskatchewan","2021A000247","Out-migrants","Persons","249","units","0","v509065","9.2","3924","","","","0"
"2007-04","Alberta","2021A000248","In-migrants","Persons","249","units","0","v509051","10.1","21947","","","","0"
"2007-04","Alberta","2021A000248","Out-migrants","Persons","249","units","0","v509066","10.2","17270","","","","0"
"2007-04","British Columbia","2021A000259","In-migrants","Persons","249","units","0","v509039","11.1","15164","","","","0"
"2007-04","British Columbia","2021A000259","Out-migrants","Persons","249","units","0","v509054","11.2","10827","","","","0"
"2007-04","Yukon","2021A000260","In-migrants","Persons","249","units","0","v509040","12.1","386","","","","0"
"2007-04","Yukon","2021A000260","Out-migrants","Persons","249","units","0","v509055","12.2","232","","","","0"
"2007-04","Northwest Territories","2021A000261","In-migrants","Persons","249","units","0","v509042","14.1","667","","","","0"
"2007-04","Northwest Territories","2021A000261","Out-migrants","Persons","249","units","0","v509057","14.2","573","","","","0"
"2007-04","Nunavut","2021A000262","In-migrants","Persons","249","units","0","v509043","15.1","285","","","","0"
"2007-04","Nunavut","2021A000262","Out-migrants","Persons","249","units","0","v509058","15.2","278","","","","0"
"2007-07","Canada","2021A000011124","In-migrants","Persons","249","units","0","v509037","1.1","99163","","","","0"
"2007-07","Canada","2021A000011124","Out-migrants","Persons","249","units","0","v509052","1.2","99163","","","","0"
"2007-07","Newfoundland and Labrador","2021A000210","In-migrants","Persons","249","units","0","v509038","2.1","2999","","","","0"
"2007-07","Newfoundland and Labrador","2021A000210","Out-migrants","Persons","249","units","0","v509053","2.2","2706","","","","0"
"2007-07","Prince Edward Island","2021A000211","In-migrants","Persons","249","units","0","v509044","3.1","773","","","","0"
"2007-07","Prince Edward Island","2021A000211","Out-migrants","Persons","249","units","0","v509059","3.2","951","","","","0"
"2007-07","Nova Scotia","2021A000212","In-migrants","Persons","249","units","0","v509045","4.1","5092","","","","0"
"2007-07","Nova Scotia","2021A000212","Out-migrants","Persons","249","units","0","v509060","4.2","6096","","","","0"
"2007-07","New Brunswick","2021A000213","In-migrants","Persons","249","units","0","v509046","5.1","4023","","","","0"
"2007-07","New Brunswick","2021A000213","Out-migrants","Persons","249","units","0","v509061","5.2","4293","","","","0"
"2007-07","Quebec","2021A000224","In-migrants","Persons","249","units","0","v509047","6.1","7145","","","","0"
"2007-07","Quebec","2021A000224","Out-migrants","Persons","249","units","0","v509062","6.2","10661","","","","0"
"2007-07","Ontario","2021A000235","In-migrants","Persons","249","units","0","v509048","7.1","20760","","","","0"
"2007-07","Ontario","2021A000235","Out-migrants","Persons","249","units","0","v509063","7.2","24962","","","","0"
"2007-07","Manitoba","2021A000246","In-migrants","Persons","249","units","0","v509049","8.1","4269","","","","0"
"2007-07","Manitoba","2021A000246","Out-migrants","Persons","249","units","0","v509064","8.2","5619","","","","0"
"2007-07","Saskatchewan","2021A000247","In-migrants","Persons","249","units","0","v509050","9.1","7000","","","","0"
"2007-07","Saskatchewan","2021A000247","Out-migrants","Persons","249","units","0","v509065","9.2","4847","","","","0"
"2007-07","Alberta","2021A000248","In-migrants","Persons","249","units","0","v509051","10.1","26228","","","","0"
"2007-07","Alberta","2021A000248","Out-migrants","Persons","249","units","0","v509066","10.2","24023","","","","0"
"2007-07","British Columbia","2021A000259","In-migrants","Persons","249","units","0","v509039","11.1","19576","","","","0"
"2007-07","British Columbia","2021A000259","Out-migrants","Persons","249","units","0","v509054","11.2","13449","","","","0"
"2007-07","Yukon","2021A000260","In-migrants","Persons","249","units","0","v509040","12.1","460","","","","0"
"2007-07","Yukon","2021A000260","Out-migrants","Persons","249","units","0","v509055","12.2","407","","","","0"
"2007-07","Northwest Territories","2021A000261","In-migrants","Persons","249","units","0","v509042","14.1","606","","","","0"
"2007-07","Northwest Territories","2021A000261","Out-migrants","Persons","249","units","0","v509057","14.2","833","","","","0"
"2007-07","Nunavut","2021A000262","In-migrants","Persons","249","units","0","v509043","15.1","232","","","","0"
"2007-07","Nunavut","2021A000262","Out-migrants","Persons","249","units","0","v509058","15.2","316","","","","0"
"2007-10","Canada","2021A000011124","In-migrants","Persons","249","units","0","v509037","1.1","55440","","","","0"
"2007-10","Canada","2021A000011124","Out-migrants","Persons","249","units","0","v509052","1.2","55440","","","","0"
"2007-10","Newfoundland and Labrador","2021A000210","In-migrants","Persons","249","units","0","v509038","2.1","1959","","","","0"
"2007-10","Newfoundland and Labrador","2021A000210","Out-migrants","Persons","249","units","0","v509053","2.2","1844","","","","0"
"2007-10","Prince Edward Island","2021A000211","In-migrants","Persons","249","units","0","v509044","3.1","487","","","","0"
"2007-10","Prince Edward Island","2021A000211","Out-migrants","Persons","249","units","0","v509059","3.2","637","","","","0"
"2007-10","Nova Scotia","2021A000212","In-migrants","Persons","249","units","0","v509045","4.1","2973","","","","0"
"2007-10","Nova Scotia","2021A000212","Out-migrants","Persons","249","units","0","v509060","4.2","3012","","","","0"
"2007-10","New Brunswick","2021A000213","In-migrants","Persons","249","units","0","v509046","5.1","2336","","","","0"
"2007-10","New Brunswick","2021A000213","Out-migrants","Persons","249","units","0","v509061","5.2","2421","","","","0"
"2007-10","Quebec","2021A000224","In-migrants","Persons","249","units","0","v509047","6.1","3446","","","","0"
"2007-10","Quebec","2021A000224","Out-migrants","Persons","249","units","0","v509062","6.2","5437","","","","0"
"2007-10","Ontario","2021A000235","In-migrants","Persons","249","units","0","v509048","7.1","10797","","","","0"
"2007-10","Ontario","2021A000235","Out-migrants","Persons","249","units","0","v509063","7.2","14385","","","","0"
"2007-10","Manitoba","2021A000246","In-migrants","Persons","249","units","0","v509049","8.1","2385","","","","0"
"2007-10","Manitoba","2021A000246","Out-migrants","Persons","249","units","0","v509064","8.2","2838","","","","0"
"2007-10","Saskatchewan","2021A000247","In-migrants","Persons","249","units","0","v509050","9.1","3920","","","","0"
"2007-10","Saskatchewan","2021A000247","Out-migrants","Persons","249","units","0","v509065","9.2","2946","","","","0"
"2007-10","Alberta","2021A000248","In-migrants","Persons","249","units","0","v509051","10.1","15614","","","","0"
"2007-10","Alberta","2021A000248","Out-migrants","Persons","249","units","0","v509066","10.2","13579","","","","0"
"2007-10","British Columbia","2021A000259","In-migrants","Persons","249","units","0","v509039","11.1","10587","","","","0"
"2007-10","British Columbia","2021A000259","Out-migrants","Persons","249","units","0","v509054","11.2","7513","","","","0"
"2007-10","Yukon","2021A000260","In-migrants","Persons","249","units","0","v509040","12.1","340","","","","0"
"2007-10","Yukon","2021A000260","Out-migrants","Persons","249","units","0","v509055","12.2","261","","","","0"
"2007-10","Northwest Territories","2021A000261","In-migrants","Persons","249","units","0","v509042","14.1","486","","","","0"
"2007-10","Northwest Territories","2021A000261","Out-migrants","Persons","249","units","0","v509057","14.2","387","","","","0"
"2007-10","Nunavut","2021A000262","In-migrants","Persons","249","units","0","v509043","15.1","110","","","","0"
"2007-10","Nunavut","2021A000262","Out-migrants","Persons","249","units","0","v509058","15.2","180","","","","0"
"2008-01","Canada","2021A000011124","In-migrants","Persons","249","units","0","v509037","1.1","63981","","","","0"
"2008-01","Canada","2021A000011124","Out-migrants","Persons","249","units","0","v509052","1.2","63981","","","","0"
"2008-01","Newfoundland and Labrador","2021A000210","In-migrants","Persons","249","units","0","v509038","2.1","2233","","","","0"
"2008-01","Newfoundland and Labrador","2021A000210","Out-migrants","Persons","249","units","0","v509053","2.2","2679","","","","0"
"2008-01","Prince Edward Island","2021A000211","In-migrants","Persons","249","units","0","v509044","3.1","609","","","","0"
"2008-01","Prince Edward Island","2021A000211","Out-migrants","Persons","249","units","0","v509059","3.2","729","","","","0"
"2008-01","Nova Scotia","2021A000212","In-migrants","Persons","249","units","0","v509045","4.1","3605","","","","0"
"2008-01","Nova Scotia","2021A000212","Out-migrants","Persons","249","units","0","v509060","4.2","3864","","","","0"
"2008-01","New Brunswick","2021A000213","In-migrants","Persons","249","units","0","v509046","5.1","2447","","","","0"
"2008-01","New Brunswick","2021A000213","Out-migrants","Persons","249","units","0","v509061","5.2","2697","","","","0"
"2008-01","Quebec","2021A000224","In-migrants","Persons","249","units","0","v509047","6.1","3812","","","","0"
"2008-01","Quebec","2021A000224","Out-migrants","Persons","249","units","0","v509062","6.2","5588","","","","0"
"2008-01","Ontario","2021A000235","In-migrants","Persons","249","units","0","v509048","7.1","12655","","","","0"
"2008-01","Ontario","2021A000235","Out-migrants","Persons","249","units","0","v509063","7.2","16113","","","","0"
"2008-01","Manitoba","2021A000246","In-migrants","Persons","249","units","0","v509049","8.1","2827","","","","0"
"2008-01","Manitoba","2021A000246","Out-migrants","Persons","249","units","0","v509064","8.2","3579","","","","0"
"2008-01","Saskatchewan","2021A000247","In-migrants","Persons","249","units","0","v509050","9.1","4293","","","","0"
"2008-01","Saskatchewan","2021A000247","Out-migrants","Persons","249","units","0","v509065","9.2","3611","","","","0"
"2008-01","Alberta","2021A000248","In-migrants","Persons","249","units","0","v509051","10.1","18572","","","","0"
"2008-01","Alberta","2021A000248","Out-migrants","Persons","249","units","0","v509066","10.2","14710","","","","0"
"2008-01","British Columbia","2021A000259","In-migrants","Persons","249","units","0","v509039","11.1","11851","","","","0"
"2008-01","British Columbia","2021A000259","Out-migrants","Persons","249","units","0","v509054","11.2","9224","","","","0"
"2008-01","Yukon","2021A000260","In-migrants","Persons","249","units","0","v509040","12.1","375","","","","0"
"2008-01","Yukon","2021A000260","Out-migrants","Persons","249","units","0","v509055","12.2","285","","","","0"
"2008-01","Northwest Territories","2021A000261","In-migrants","Persons","249","units","0","v509042","14.1","499","","","","0"
"2008-01","Northwest Territories","2021A000261","Out-migrants","Persons","249","units","0","v509057","14.2","591","","","","0"
"2008-01","Nunavut","2021A000262","In-migrants","Persons","249","units","0","v509043","15.1","203","","","","0"
"2008-01","Nunavut","2021A000262","Out-migrants","Persons","249","units","0","v509058","15.2","311","","","","0"
"2008-04","Canada","2021A000011124","In-migrants","Persons","249","units","0","v509037","1.1","82653","","","","0"
"2008-04","Canada","2021A000011124","Out-migrants","Persons","249","units","0","v509052","1.2","82653","","","","0"
"2008-04","Newfoundland and Labrador","2021A000210","In-migrants","Persons","249","units","0","v509038","2.1","2568","","","","0"
"2008-04","Newfoundland and Labrador","2021A000210","Out-migrants","Persons","249","units","0","v509053","2.2","3058","","","","0"
"2008-04","Prince Edward Island","2021A000211","In-migrants","Persons","249","units","0","v509044","3.1","952","","","","0"
"2008-04","Prince Edward Island","2021A000211","Out-migrants","Persons","249","units","0","v509059","3.2","795","","","","0"
"2008-04","Nova Scotia","2021A000212","In-migrants","Persons","249","units","0","v509045","4.1","4320","","","","0"
"2008-04","Nova Scotia","2021A000212","Out-migrants","Persons","249","units","0","v509060","4.2","4812","","","","0"
"2008-04","New Brunswick","2021A000213","In-migrants","Persons","249","units","0","v509046","5.1","2871","","","","0"
"2008-04","New Brunswick","2021A000213","Out-migrants","Persons","249","units","0","v509061","5.2","3174","","","","0"
"2008-04","Quebec","2021A000224","In-migrants","Persons","249","units","0","v509047","6.1","5699","","","","0"
"2008-04","Quebec","2021A000224","Out-migrants","Persons","249","units","0","v509062","6.2","10098","","","","0"
"2008-04","Ontario","2021A000235","In-migrants","Persons","249","units","0","v509048","7.1","17506","","","","0"
"2008-04","Ontario","2021A000235","Out-migrants","Persons","249","units","0","v509063","7.2","21008","","","","0"
"2008-04","Manitoba","2021A000246","In-migrants","Persons","249","units","0","v509049","8.1","3230","","","","0"
"2008-04","Manitoba","2021A000246","Out-migrants","Persons","249","units","0","v509064","8.2","4378","","","","0"
"2008-04","Saskatchewan","2021A000247","In-migrants","Persons","249","units","0","v509050","9.1","4984","","","","0"
"2008-04","Saskatchewan","2021A000247","Out-migrants","Persons","249","units","0","v509065","9.2","4622","","","","0"
"2008-04","Alberta","2021A000248","In-migrants","Persons","249","units","0","v509051","10.1","24023","","","","0"
"2008-04","Alberta","2021A000248","Out-migrants","Persons","249","units","0","v509066","10.2","16808","","","","0"
"2008-04","British Columbia","2021A000259","In-migrants","Persons","249","units","0","v509039","11.1","15382","","","","0"
"2008-04","British Columbia","2021A000259","Out-migrants","Persons","249","units","0","v509054","11.2","12567","","","","0"
"2008-04","Yukon","2021A000260","In-migrants","Persons","249","units","0","v509040","12.1","301","","","","0"
"2008-04","Yukon","2021A000260","Out-migrants","Persons","249","units","0","v509055","12.2","288","","","","0"
"2008-04","Northwest Territories","2021A000261","In-migrants","Persons","249","units","0","v509042","14.1","493","","","","0"
"2008-04","Northwest Territories","2021A000261","Out-migrants","Persons","249","units","0","v509057","14.2","693","","","","0"
"2008-04","Nunavut","2021A000262","In-migrants","Persons","249","units","0","v509043","15.1","324","","","","0"
"2008-04","Nunavut","2021A000262","Out-migrants","Persons","249","units","0","v509058","15.2","352","","","","0"
"2008-07","Canada","2021A000011124","In-migrants","Persons","249","units","0","v509037","1.1","90957","","","","0"
"2008-07","Canada","2021A000011124","Out-migrants","Persons","249","units","0","v509052","1.2","90957","","","","0"
"2008-07","Newfoundland and Labrador","2021A000210","In-migrants","Persons","249","units","0","v509038","2.1","2956","","","","0"
"2008-07","Newfoundland and Labrador","2021A000210","Out-migrants","Persons","249","units","0","v509053","2.2","2336","","","","0"
"2008-07","Prince Edward Island","2021A000211","In-migrants","Persons","249","units","0","v509044","3.1","852","","","","0"
"2008-07","Prince Edward Island","2021A000211","Out-migrants","Persons","249","units","0","v509059","3.2","802","","","","0"
"2008-07","Nova Scotia","2021A000212","In-migrants","Persons","249","units","0","v509045","4.1","5139","","","","0"
"2008-07","Nova Scotia","2021A000212","Out-migrants","Persons","249","units","0","v509060","4.2","5693","","","","0"
"2008-07","New Brunswick","2021A000213","In-migrants","Persons","249","units","0","v509046","5.1","3872","","","","0"
"2008-07","New Brunswick","2021A000213","Out-migrants","Persons","249","units","0","v509061","5.2","4406","","","","0"
"2008-07","Quebec","2021A000224","In-migrants","Persons","249","units","0","v509047","6.1","7548","","","","0"
"2008-07","Quebec","2021A000224","Out-migrants","Persons","249","units","0","v509062","6.2","9634","","","","0"
"2008-07","Ontario","2021A000235","In-migrants","Persons","249","units","0","v509048","7.1","20001","","","","0"
"2008-07","Ontario","2021A000235","Out-migrants","Persons","249","units","0","v509063","7.2","22929","","","","0"
"2008-07","Manitoba","2021A000246","In-migrants","Persons","249","units","0","v509049","8.1","3725","","","","0"
"2008-07","Manitoba","2021A000246","Out-migrants","Persons","249","units","0","v509064","8.2","5561","","","","0"
"2008-07","Saskatchewan","2021A000247","In-migrants","Persons","249","units","0","v509050","9.1","5939","","","","0"
"2008-07","Saskatchewan","2021A000247","Out-migrants","Persons","249","units","0","v509065","9.2","4399","","","","0"
"2008-07","Alberta","2021A000248","In-migrants","Persons","249","units","0","v509051","10.1","22732","","","","0"
"2008-07","Alberta","2021A000248","Out-migrants","Persons","249","units","0","v509066","10.2","20075","","","","0"
"2008-07","British Columbia","2021A000259","In-migrants","Persons","249","units","0","v509039","11.1","16951","","","","0"
"2008-07","British Columbia","2021A000259","Out-migrants","Persons","249","units","0","v509054","11.2","13739","","","","0"
"2008-07","Yukon","2021A000260","In-migrants","Persons","249","units","0","v509040","12.1","507","","","","0"
"2008-07","Yukon","2021A000260","Out-migrants","Persons","249","units","0","v509055","12.2","380","","","","0"
"2008-07","Northwest Territories","2021A000261","In-migrants","Persons","249","units","0","v509042","14.1","553","","","","0"
"2008-07","Northwest Territories","2021A000261","Out-migrants","Persons","249","units","0","v509057","14.2","707","","","","0"
"2008-07","Nunavut","2021A000262","In-migrants","Persons","249","units","0","v509043","15.1","182","","","","0"
"2008-07","Nunavut","2021A000262","Out-migrants","Persons","249","units","0","v509058","15.2","296","","","","0"
"2008-10","Canada","2021A000011124","In-migrants","Persons","249","units","0","v509037","1.1","51448","","","","0"
"2008-10","Canada","2021A000011124","Out-migrants","Persons","249","units","0","v509052","1.2","51448","","","","0"
"2008-10","Newfoundland and Labrador","2021A000210","In-migrants","Persons","249","units","0","v509038","2.1","1929","","","","0"
"2008-10","Newfoundland and Labrador","2021A000210","Out-migrants","Persons","249","units","0","v509053","2.2","1670","","","","0"
"2008-10","Prince Edward Island","2021A000211","In-migrants","Persons","249","units","0","v509044","3.1","347","","","","0"
"2008-10","Prince Edward Island","2021A000211","Out-migrants","Persons","249","units","0","v509059","3.2","728","","","","0"
"2008-10","Nova Scotia","2021A000212","In-migrants","Persons","249","units","0","v509045","4.1","2987","","","","0"
"2008-10","Nova Scotia","2021A000212","Out-migrants","Persons","249","units","0","v509060","4.2","2871","","","","0"
"2008-10","New Brunswick","2021A000213","In-migrants","Persons","249","units","0","v509046","5.1","1981","","","","0"
"2008-10","New Brunswick","2021A000213","Out-migrants","Persons","249","units","0","v509061","5.2","1761","","","","0"
"2008-10","Quebec","2021A000224","In-migrants","Persons","249","units","0","v509047","6.1","3542","","","","0"
"2008-10","Quebec","2021A000224","Out-migrants","Persons","249","units","0","v509062","6.2","4988","","","","0"
"2008-10","Ontario","2021A000235","In-migrants","Persons","249","units","0","v509048","7.1","9541","","","","0"
"2008-10","Ontario","2021A000235","Out-migrants","Persons","249","units","0","v509063","7.2","14794","","","","0"
"2008-10","Manitoba","2021A000246","In-migrants","Persons","249","units","0","v509049","8.1","2427","","","","0"
"2008-10","Manitoba","2021A000246","Out-migrants","Persons","249","units","0","v509064","8.2","2622","","","","0"
"2008-10","Saskatchewan","2021A000247","In-migrants","Persons","249","units","0","v509050","9.1","3368","","","","0"
"2008-10","Saskatchewan","2021A000247","Out-migrants","Persons","249","units","0","v509065","9.2","2743","","","","0"
"2008-10","Alberta","2021A000248","In-migrants","Persons","249","units","0","v509051","10.1","15137","","","","0"
"2008-10","Alberta","2021A000248","Out-migrants","Persons","249","units","0","v509066","10.2","11026","","","","0"
"2008-10","British Columbia","2021A000259","In-migrants","Persons","249","units","0","v509039","11.1","9479","","","","0"
"2008-10","British Columbia","2021A000259","Out-migrants","Persons","249","units","0","v509054","11.2","7284","","","","0"
"2008-10","Yukon","2021A000260","In-migrants","Persons","249","units","0","v509040","12.1","260","","","","0"
"2008-10","Yukon","2021A000260","Out-migrants","Persons","249","units","0","v509055","12.2","172","","","","0"
"2008-10","Northwest Territories","2021A000261","In-migrants","Persons","249","units","0","v509042","14.1","352","","","","0"
"2008-10","Northwest Territories","2021A000261","Out-migrants","Persons","249","units","0","v509057","14.2","632","","","","0"
"2008-10","Nunavut","2021A000262","In-migrants","Persons","249","units","0","v509043","15.1","98","","","","0"
"2008-10","Nunavut","2021A000262","Out-migrants","Persons","249","units","0","v509058","15.2","157","","","","0"
"2009-01","Canada","2021A000011124","In-migrants","Persons","249","units","0","v509037","1.1","64164","","","","0"
"2009-01","Canada","2021A000011124","Out-migrants","Persons","249","units","0","v509052","1.2","64164","","","","0"
"2009-01","Newfoundland and Labrador","2021A000210","In-migrants","Persons","249","units","0","v509038","2.1","2404","","","","0"
"2009-01","Newfoundland and Labrador","2021A000210","Out-migrants","Persons","249","units","0","v509053","2.2","2398","","","","0"
"2009-01","Prince Edward Island","2021A000211","In-migrants","Persons","249","units","0","v509044","3.1","687","","","","0"
"2009-01","Prince Edward Island","2021A000211","Out-migrants","Persons","249","units","0","v509059","3.2","795","","","","0"
"2009-01","Nova Scotia","2021A000212","In-migrants","Persons","249","units","0","v509045","4.1","3519","","","","0"
"2009-01","Nova Scotia","2021A000212","Out-migrants","Persons","249","units","0","v509060","4.2","3782","","","","0"
"2009-01","New Brunswick","2021A000213","In-migrants","Persons","249","units","0","v509046","5.1","2561","","","","0"
"2009-01","New Brunswick","2021A000213","Out-migrants","Persons","249","units","0","v509061","5.2","2514","","","","0"
"2009-01","Quebec","2021A000224","In-migrants","Persons","249","units","0","v509047","6.1","4059","","","","0"
"2009-01","Quebec","2021A000224","Out-migrants","Persons","249","units","0","v509062","6.2","5498","","","","0"
"2009-01","Ontario","2021A000235","In-migrants","Persons","249","units","0","v509048","7.1","12767","","","","0"
"2009-01","Ontario","2021A000235","Out-migrants","Persons","249","units","0","v509063","7.2","16924","","","","0"
"2009-01","Manitoba","2021A000246","In-migrants","Persons","249","units","0","v509049","8.1","2822","","","","0"
"2009-01","Manitoba","2021A000246","Out-migrants","Persons","249","units","0","v509064","8.2","3462","","","","0"
"2009-01","Saskatchewan","2021A000247","In-migrants","Persons","249","units","0","v509050","9.1","4321","","","","0"
"2009-01","Saskatchewan","2021A000247","Out-migrants","Persons","249","units","0","v509065","9.2","3983","","","","0"
"2009-01","Alberta","2021A000248","In-migrants","Persons","249","units","0","v509051","10.1","18711","","","","0"
"2009-01","Alberta","2021A000248","Out-migrants","Persons","249","units","0","v509066","10.2","14026","","","","0"
"2009-01","British Columbia","2021A000259","In-migrants","Persons","249","units","0","v509039","11.1","11143","","","","0"
"2009-01","British Columbia","2021A000259","Out-migrants","Persons","249","units","0","v509054","11.2","9672","","","","0"
"2009-01","Yukon","2021A000260","In-migrants","Persons","249","units","0","v509040","12.1","350","","","","0"
"2009-01","Yukon","2021A000260","Out-migrants","Persons","249","units","0","v509055","12.2","346","","","","0"
"2009-01","Northwest Territories","2021A000261","In-migrants","Persons","249","units","0","v509042","14.1","484","","","","0"
"2009-01","Northwest Territories","2021A000261","Out-migrants","Persons","249","units","0","v509057","14.2","545","","","","0"
"2009-01","Nunavut","2021A000262","In-migrants","Persons","249","units","0","v509043","15.1","336","","","","0"
"2009-01","Nunavut","2021A000262","Out-migrants","Persons","249","units","0","v509058","15.2","219","","","","0"
"2009-04","Canada","2021A000011124","In-migrants","Persons","249","units","0","v509037","1.1","71277","","","","0"
"2009-04","Canada","2021A000011124","Out-migrants","Persons","249","units","0","v509052","1.2","71277","","","","0"
"2009-04","Newfoundland and Labrador","2021A000210","In-migrants","Persons","249","units","0","v509038","2.1","2973","","","","0"
"2009-04","Newfoundland and Labrador","2021A000210","Out-migrants","Persons","249","units","0","v509053","2.2","1981","","","","0"
"2009-04","Prince Edward Island","2021A000211","In-migrants","Persons","249","units","0","v509044","3.1","636","","","","0"
"2009-04","Prince Edward Island","2021A000211","Out-migrants","Persons","249","units","0","v509059","3.2","733","","","","0"
"2009-04","Nova Scotia","2021A000212","In-migrants","Persons","249","units","0","v509045","4.1","3822","","","","0"
"2009-04","Nova Scotia","2021A000212","Out-migrants","Persons","249","units","0","v509060","4.2","3872","","","","0"
"2009-04","New Brunswick","2021A000213","In-migrants","Persons","249","units","0","v509046","5.1","2854","","","","0"
"2009-04","New Brunswick","2021A000213","Out-migrants","Persons","249","units","0","v509061","5.2","2824","","","","0"
"2009-04","Quebec","2021A000224","In-migrants","Persons","249","units","0","v509047","6.1","5158","","","","0"
"2009-04","Quebec","2021A000224","Out-migrants","Persons","249","units","0","v509062","6.2","7606","","","","0"
"2009-04","Ontario","2021A000235","In-migrants","Persons","249","units","0","v509048","7.1","15149","","","","0"
"2009-04","Ontario","2021A000235","Out-migrants","Persons","249","units","0","v509063","7.2","18412","","","","0"
"2009-04","Manitoba","2021A000246","In-migrants","Persons","249","units","0","v509049","8.1","2942","","","","0"
"2009-04","Manitoba","2021A000246","Out-migrants","Persons","249","units","0","v509064","8.2","3382","","","","0"
"2009-04","Saskatchewan","2021A000247","In-migrants","Persons","249","units","0","v509050","9.1","4499","","","","0"
"2009-04","Saskatchewan","2021A000247","Out-migrants","Persons","249","units","0","v509065","9.2","4019","","","","0"
"2009-04","Alberta","2021A000248","In-migrants","Persons","249","units","0","v509051","10.1","18658","","","","0"
"2009-04","Alberta","2021A000248","Out-migrants","Persons","249","units","0","v509066","10.2","16927","","","","0"
"2009-04","British Columbia","2021A000259","In-migrants","Persons","249","units","0","v509039","11.1","13488","","","","0"
"2009-04","British Columbia","2021A000259","Out-migrants","Persons","249","units","0","v509054","11.2","10371","","","","0"
"2009-04","Yukon","2021A000260","In-migrants","Persons","249","units","0","v509040","12.1","331","","","","0"
"2009-04","Yukon","2021A000260","Out-migrants","Persons","249","units","0","v509055","12.2","322","","","","0"
"2009-04","Northwest Territories","2021A000261","In-migrants","Persons","249","units","0","v509042","14.1","474","","","","0"
"2009-04","Northwest Territories","2021A000261","Out-migrants","Persons","249","units","0","v509057","14.2","556","","","","0"
"2009-04","Nunavut","2021A000262","In-migrants","Persons","249","units","0","v509043","15.1","293","","","","0"
"2009-04","Nunavut","2021A000262","Out-migrants","Persons","249","units","0","v509058","15.2","272","","","","0"
"2009-07","Canada","2021A000011124","In-migrants","Persons","249","units","0","v509037","1.1","77224","","","","0"
"2009-07","Canada","2021A000011124","Out-migrants","Persons","249","units","0","v509052","1.2","77224","","","","0"
"2009-07","Newfoundland and Labrador","2021A000210","In-migrants","Persons","249","units","0","v509038","2.1","2692","","","","0"
"2009-07","Newfoundland and Labrador","2021A000210","Out-migrants","Persons","249","units","0","v509053","2.2","1811","","","","0"
"2009-07","Prince Edward Island","2021A000211","In-migrants","Persons","249","units","0","v509044","3.1","822","","","","0"
"2009-07","Prince Edward Island","2021A000211","Out-migrants","Persons","249","units","0","v509059","3.2","764","","","","0"
"2009-07","Nova Scotia","2021A000212","In-migrants","Persons","249","units","0","v509045","4.1","4579","","","","0"
"2009-07","Nova Scotia","2021A000212","Out-migrants","Persons","249","units","0","v509060","4.2","4222","","","","0"
"2009-07","New Brunswick","2021A000213","In-migrants","Persons","249","units","0","v509046","5.1","3368","","","","0"
"2009-07","New Brunswick","2021A000213","Out-migrants","Persons","249","units","0","v509061","5.2","3356","","","","0"
"2009-07","Quebec","2021A000224","In-migrants","Persons","249","units","0","v509047","6.1","7263","","","","0"
"2009-07","Quebec","2021A000224","Out-migrants","Persons","249","units","0","v509062","6.2","7638","","","","0"
"2009-07","Ontario","2021A000235","In-migrants","Persons","249","units","0","v509048","7.1","18343","","","","0"
"2009-07","Ontario","2021A000235","Out-migrants","Persons","249","units","0","v509063","7.2","19631","","","","0"
"2009-07","Manitoba","2021A000246","In-migrants","Persons","249","units","0","v509049","8.1","3384","","","","0"
"2009-07","Manitoba","2021A000246","Out-migrants","Persons","249","units","0","v509064","8.2","4217","","","","0"
"2009-07","Saskatchewan","2021A000247","In-migrants","Persons","249","units","0","v509050","9.1","4901","","","","0"
"2009-07","Saskatchewan","2021A000247","Out-migrants","Persons","249","units","0","v509065","9.2","4524","","","","0"
"2009-07","Alberta","2021A000248","In-migrants","Persons","249","units","0","v509051","10.1","16263","","","","0"
"2009-07","Alberta","2021A000248","Out-migrants","Persons","249","units","0","v509066","10.2","18283","","","","0"
"2009-07","British Columbia","2021A000259","In-migrants","Persons","249","units","0","v509039","11.1","14579","","","","0"
"2009-07","British Columbia","2021A000259","Out-migrants","Persons","249","units","0","v509054","11.2","11543","","","","0"
"2009-07","Yukon","2021A000260","In-migrants","Persons","249","units","0","v509040","12.1","439","","","","0"
"2009-07","Yukon","2021A000260","Out-migrants","Persons","249","units","0","v509055","12.2","264","","","","0"
"2009-07","Northwest Territories","2021A000261","In-migrants","Persons","249","units","0","v509042","14.1","432","","","","0"
"2009-07","Northwest Territories","2021A000261","Out-migrants","Persons","249","units","0","v509057","14.2","796","","","","0"
"2009-07","Nunavut","2021A000262","In-migrants","Persons","249","units","0","v509043","15.1","159","","","","0"
"2009-07","Nunavut","2021A000262","Out-migrants","Persons","249","units","0","v509058","15.2","175","","","","0"
"2009-10","Canada","2021A000011124","In-migrants","Persons","249","units","0","v509037","1.1","44902","","","","0"
"2009-10","Canada","2021A000011124","Out-migrants","Persons","249","units","0","v509052","1.2","44902","","","","0"
"2009-10","Newfoundland and Labrador","2021A000210","In-migrants","Persons","249","units","0","v509038","2.1","1806","","","","0"
"2009-10","Newfoundland and Labrador","2021A000210","Out-migrants","Persons","249","units","0","v509053","2.2","1229","","","","0"
"2009-10","Prince Edward Island","2021A000211","In-migrants","Persons","249","units","0","v509044","3.1","360","","","","0"
"2009-10","Prince Edward Island","2021A000211","Out-migrants","Persons","249","units","0","v509059","3.2","484","","","","0"
"2009-10","Nova Scotia","2021A000212","In-migrants","Persons","249","units","0","v509045","4.1","2669","","","","0"
"2009-10","Nova Scotia","2021A000212","Out-migrants","Persons","249","units","0","v509060","4.2","2314","","","","0"
"2009-10","New Brunswick","2021A000213","In-migrants","Persons","249","units","0","v509046","5.1","1933","","","","0"
"2009-10","New Brunswick","2021A000213","Out-migrants","Persons","249","units","0","v509061","5.2","1820","","","","0"
"2009-10","Quebec","2021A000224","In-migrants","Persons","249","units","0","v509047","6.1","3759","","","","0"
"2009-10","Quebec","2021A000224","Out-migrants","Persons","249","units","0","v509062","6.2","3744","","","","0"
"2009-10","Ontario","2021A000235","In-migrants","Persons","249","units","0","v509048","7.1","10431","","","","0"
"2009-10","Ontario","2021A000235","Out-migrants","Persons","249","units","0","v509063","7.2","10956","","","","0"
"2009-10","Manitoba","2021A000246","In-migrants","Persons","249","units","0","v509049","8.1","1946","","","","0"
"2009-10","Manitoba","2021A000246","Out-migrants","Persons","249","units","0","v509064","8.2","2547","","","","0"
"2009-10","Saskatchewan","2021A000247","In-migrants","Persons","249","units","0","v509050","9.1","3061","","","","0"
"2009-10","Saskatchewan","2021A000247","Out-migrants","Persons","249","units","0","v509065","9.2","2598","","","","0"
"2009-10","Alberta","2021A000248","In-migrants","Persons","249","units","0","v509051","10.1","9436","","","","0"
"2009-10","Alberta","2021A000248","Out-migrants","Persons","249","units","0","v509066","10.2","11638","","","","0"
"2009-10","British Columbia","2021A000259","In-migrants","Persons","249","units","0","v509039","11.1","8899","","","","0"
"2009-10","British Columbia","2021A000259","Out-migrants","Persons","249","units","0","v509054","11.2","6851","","","","0"
"2009-10","Yukon","2021A000260","In-migrants","Persons","249","units","0","v509040","12.1","232","","","","0"
"2009-10","Yukon","2021A000260","Out-migrants","Persons","249","units","0","v509055","12.2","238","","","","0"
"2009-10","Northwest Territories","2021A000261","In-migrants","Persons","249","units","0","v509042","14.1","271","","","","0"
"2009-10","Northwest Territories","2021A000261","Out-migrants","Persons","249","units","0","v509057","14.2","317","","","","0"
"2009-10","Nunavut","2021A000262","In-migrants","Persons","249","units","0","v509043","15.1","99","","","","0"
"2009-10","Nunavut","2021A000262","Out-migrants","Persons","249","units","0","v509058","15.2","166","","","","0"
"2010-01","Canada","2021A000011124","In-migrants","Persons","249","units","0","v509037","1.1","62564","","","","0"
"2010-01","Canada","2021A000011124","Out-migrants","Persons","249","units","0","v509052","1.2","62564","","","","0"
"2010-01","Newfoundland and Labrador","2021A000210","In-migrants","Persons","249","units","0","v509038","2.1","2392","","","","0"
"2010-01","Newfoundland and Labrador","2021A000210","Out-migrants","Persons","249","units","0","v509053","2.2","2154","","","","0"
"2010-01","Prince Edward Island","2021A000211","In-migrants","Persons","249","units","0","v509044","3.1","716","","","","0"
"2010-01","Prince Edward Island","2021A000211","Out-migrants","Persons","249","units","0","v509059","3.2","603","","","","0"
"2010-01","Nova Scotia","2021A000212","In-migrants","Persons","249","units","0","v509045","4.1","3852","","","","0"
"2010-01","Nova Scotia","2021A000212","Out-migrants","Persons","249","units","0","v509060","4.2","4226","","","","0"
"2010-01","New Brunswick","2021A000213","In-migrants","Persons","249","units","0","v509046","5.1","2819","","","","0"
"2010-01","New Brunswick","2021A000213","Out-migrants","Persons","249","units","0","v509061","5.2","2576","","","","0"
"2010-01","Quebec","2021A000224","In-migrants","Persons","249","units","0","v509047","6.1","4129","","","","0"
"2010-01","Quebec","2021A000224","Out-migrants","Persons","249","units","0","v509062","6.2","5334","","","","0"
"2010-01","Ontario","2021A000235","In-migrants","Persons","249","units","0","v509048","7.1","13444","","","","0"
"2010-01","Ontario","2021A000235","Out-migrants","Persons","249","units","0","v509063","7.2","14840","","","","0"
"2010-01","Manitoba","2021A000246","In-migrants","Persons","249","units","0","v509049","8.1","3088","","","","0"
"2010-01","Manitoba","2021A000246","Out-migrants","Persons","249","units","0","v509064","8.2","3312","","","","0"
"2010-01","Saskatchewan","2021A000247","In-migrants","Persons","249","units","0","v509050","9.1","4363","","","","0"
"2010-01","Saskatchewan","2021A000247","Out-migrants","Persons","249","units","0","v509065","9.2","3606","","","","0"
"2010-01","Alberta","2021A000248","In-migrants","Persons","249","units","0","v509051","10.1","15008","","","","0"
"2010-01","Alberta","2021A000248","Out-migrants","Persons","249","units","0","v509066","10.2","14860","","","","0"
"2010-01","British Columbia","2021A000259","In-migrants","Persons","249","units","0","v509039","11.1","11474","","","","0"
"2010-01","British Columbia","2021A000259","Out-migrants","Persons","249","units","0","v509054","11.2","9861","","","","0"
"2010-01","Yukon","2021A000260","In-migrants","Persons","249","units","0","v509040","12.1","264","","","","0"
"2010-01","Yukon","2021A000260","Out-migrants","Persons","249","units","0","v509055","12.2","245","","","","0"
"2010-01","Northwest Territories","2021A000261","In-migrants","Persons","249","units","0","v509042","14.1","653","","","","0"
"2010-01","Northwest Territories","2021A000261","Out-migrants","Persons","249","units","0","v509057","14.2","600","","","","0"
"2010-01","Nunavut","2021A000262","In-migrants","Persons","249","units","0","v509043","15.1","362","","","","0"
"2010-01","Nunavut","2021A000262","Out-migrants","Persons","249","units","0","v509058","15.2","347","","","","0"
"2010-04","Canada","2021A000011124","In-migrants","Persons","249","units","0","v509037","1.1","74544","","","","0"
"2010-04","Canada","2021A000011124","Out-migrants","Persons","249","units","0","v509052","1.2","74544","","","","0"
"2010-04","Newfoundland and Labrador","2021A000210","In-migrants","Persons","249","units","0","v509038","2.1","2108","","","","0"
"2010-04","Newfoundland and Labrador","2021A000210","Out-migrants","Persons","249","units","0","v509053","2.2","2246","","","","0"
"2010-04","Prince Edward Island","2021A000211","In-migrants","Persons","249","units","0","v509044","3.1","811","","","","0"
"2010-04","Prince Edward Island","2021A000211","Out-migrants","Persons","249","units","0","v509059","3.2","798","","","","0"
"2010-04","Nova Scotia","2021A000212","In-migrants","Persons","249","units","0","v509045","4.1","4072","","","","0"
"2010-04","Nova Scotia","2021A000212","Out-migrants","Persons","249","units","0","v509060","4.2","3798","","","","0"
"2010-04","New Brunswick","2021A000213","In-migrants","Persons","249","units","0","v509046","5.1","2763","","","","0"
"2010-04","New Brunswick","2021A000213","Out-migrants","Persons","249","units","0","v509061","5.2","2560","","","","0"
"2010-04","Quebec","2021A000224","In-migrants","Persons","249","units","0","v509047","6.1","5897","","","","0"
"2010-04","Quebec","2021A000224","Out-migrants","Persons","249","units","0","v509062","6.2","7590","","","","0"
"2010-04","Ontario","2021A000235","In-migrants","Persons","249","units","0","v509048","7.1","17523","","","","0"
"2010-04","Ontario","2021A000235","Out-migrants","Persons","249","units","0","v509063","7.2","18976","","","","0"
"2010-04","Manitoba","2021A000246","In-migrants","Persons","249","units","0","v509049","8.1","3368","","","","0"
"2010-04","Manitoba","2021A000246","Out-migrants","Persons","249","units","0","v509064","8.2","4122","","","","0"
"2010-04","Saskatchewan","2021A000247","In-migrants","Persons","249","units","0","v509050","9.1","4912","","","","0"
"2010-04","Saskatchewan","2021A000247","Out-migrants","Persons","249","units","0","v509065","9.2","4356","","","","0"
"2010-04","Alberta","2021A000248","In-migrants","Persons","249","units","0","v509051","10.1","17251","","","","0"
"2010-04","Alberta","2021A000248","Out-migrants","Persons","249","units","0","v509066","10.2","16448","","","","0"
"2010-04","British Columbia","2021A000259","In-migrants","Persons","249","units","0","v509039","11.1","14517","","","","0"
"2010-04","British Columbia","2021A000259","Out-migrants","Persons","249","units","0","v509054","11.2","12486","","","","0"
"2010-04","Yukon","2021A000260","In-migrants","Persons","249","units","0","v509040","12.1","483","","","","0"
"2010-04","Yukon","2021A000260","Out-migrants","Persons","249","units","0","v509055","12.2","346","","","","0"
"2010-04","Northwest Territories","2021A000261","In-migrants","Persons","249","units","0","v509042","14.1","579","","","","0"
"2010-04","Northwest Territories","2021A000261","Out-migrants","Persons","249","units","0","v509057","14.2","573","","","","0"
"2010-04","Nunavut","2021A000262","In-migrants","Persons","249","units","0","v509043","15.1","260","","","","0"
"2010-04","Nunavut","2021A000262","Out-migrants","Persons","249","units","0","v509058","15.2","245","","","","0"
"2010-07","Canada","2021A000011124","In-migrants","Persons","249","units","0","v509037","1.1","76021","","","","0"
"2010-07","Canada","2021A000011124","Out-migrants","Persons","249","units","0","v509052","1.2","76021","","","","0"
"2010-07","Newfoundland and Labrador","2021A000210","In-migrants","Persons","249","units","0","v509038","2.1","1904","","","","0"
"2010-07","Newfoundland and Labrador","2021A000210","Out-migrants","Persons","249","units","0","v509053","2.2","2208","","","","0"
"2010-07","Prince Edward Island","2021A000211","In-migrants","Persons","249","units","0","v509044","3.1","675","","","","0"
"2010-07","Prince Edward Island","2021A000211","Out-migrants","Persons","249","units","0","v509059","3.2","874","","","","0"
"2010-07","Nova Scotia","2021A000212","In-migrants","Persons","249","units","0","v509045","4.1","4678","","","","0"
"2010-07","Nova Scotia","2021A000212","Out-migrants","Persons","249","units","0","v509060","4.2","4591","","","","0"
"2010-07","New Brunswick","2021A000213","In-migrants","Persons","249","units","0","v509046","5.1","3110","","","","0"
"2010-07","New Brunswick","2021A000213","Out-migrants","Persons","249","units","0","v509061","5.2","3210","","","","0"
"2010-07","Quebec","2021A000224","In-migrants","Persons","249","units","0","v509047","6.1","6823","","","","0"
"2010-07","Quebec","2021A000224","Out-migrants","Persons","249","units","0","v509062","6.2","7534","","","","0"
"2010-07","Ontario","2021A000235","In-migrants","Persons","249","units","0","v509048","7.1","18920","","","","0"
"2010-07","Ontario","2021A000235","Out-migrants","Persons","249","units","0","v509063","7.2","18030","","","","0"
"2010-07","Manitoba","2021A000246","In-migrants","Persons","249","units","0","v509049","8.1","3112","","","","0"
"2010-07","Manitoba","2021A000246","Out-migrants","Persons","249","units","0","v509064","8.2","4367","","","","0"
"2010-07","Saskatchewan","2021A000247","In-migrants","Persons","249","units","0","v509050","9.1","4705","","","","0"
"2010-07","Saskatchewan","2021A000247","Out-migrants","Persons","249","units","0","v509065","9.2","4551","","","","0"
"2010-07","Alberta","2021A000248","In-migrants","Persons","249","units","0","v509051","10.1","16766","","","","0"
"2010-07","Alberta","2021A000248","Out-migrants","Persons","249","units","0","v509066","10.2","16767","","","","0"
"2010-07","British Columbia","2021A000259","In-migrants","Persons","249","units","0","v509039","11.1","14420","","","","0"
"2010-07","British Columbia","2021A000259","Out-migrants","Persons","249","units","0","v509054","11.2","12957","","","","0"
"2010-07","Yukon","2021A000260","In-migrants","Persons","249","units","0","v509040","12.1","334","","","","0"
"2010-07","Yukon","2021A000260","Out-migrants","Persons","249","units","0","v509055","12.2","279","","","","0"
"2010-07","Northwest Territories","2021A000261","In-migrants","Persons","249","units","0","v509042","14.1","345","","","","0"
"2010-07","Northwest Territories","2021A000261","Out-migrants","Persons","249","units","0","v509057","14.2","439","","","","0"
"2010-07","Nunavut","2021A000262","In-migrants","Persons","249","units","0","v509043","15.1","229","","","","0"
"2010-07","Nunavut","2021A000262","Out-migrants","Persons","249","units","0","v509058","15.2","214","","","","0"
"2010-10","Canada","2021A000011124","In-migrants","Persons","249","units","0","v509037","1.1","50002","","","","0"
"2010-10","Canada","2021A000011124","Out-migrants","Persons","249","units","0","v509052","1.2","50002","","","","0"
"2010-10","Newfoundland and Labrador","2021A000210","In-migrants","Persons","249","units","0","v509038","2.1","1698","","","","0"
"2010-10","Newfoundland and Labrador","2021A000210","Out-migrants","Persons","249","units","0","v509053","2.2","1345","","","","0"
"2010-10","Prince Edward Island","2021A000211","In-migrants","Persons","249","units","0","v509044","3.1","434","","","","0"
"2010-10","Prince Edward Island","2021A000211","Out-migrants","Persons","249","units","0","v509059","3.2","494","","","","0"
"2010-10","Nova Scotia","2021A000212","In-migrants","Persons","249","units","0","v509045","4.1","2755","","","","0"
"2010-10","Nova Scotia","2021A000212","Out-migrants","Persons","249","units","0","v509060","4.2","2671","","","","0"
"2010-10","New Brunswick","2021A000213","In-migrants","Persons","249","units","0","v509046","5.1","1930","","","","0"
"2010-10","New Brunswick","2021A000213","Out-migrants","Persons","249","units","0","v509061","5.2","1781","","","","0"
"2010-10","Quebec","2021A000224","In-migrants","Persons","249","units","0","v509047","6.1","3760","","","","0"
"2010-10","Quebec","2021A000224","Out-migrants","Persons","249","units","0","v509062","6.2","4499","","","","0"
"2010-10","Ontario","2021A000235","In-migrants","Persons","249","units","0","v509048","7.1","11178","","","","0"
"2010-10","Ontario","2021A000235","Out-migrants","Persons","249","units","0","v509063","7.2","13128","","","","0"
"2010-10","Manitoba","2021A000246","In-migrants","Persons","249","units","0","v509049","8.1","2367","","","","0"
"2010-10","Manitoba","2021A000246","Out-migrants","Persons","249","units","0","v509064","8.2","2724","","","","0"
"2010-10","Saskatchewan","2021A000247","In-migrants","Persons","249","units","0","v509050","9.1","3098","","","","0"
"2010-10","Saskatchewan","2021A000247","Out-migrants","Persons","249","units","0","v509065","9.2","2863","","","","0"
"2010-10","Alberta","2021A000248","In-migrants","Persons","249","units","0","v509051","10.1","12428","","","","0"
"2010-10","Alberta","2021A000248","Out-migrants","Persons","249","units","0","v509066","10.2","11098","","","","0"
"2010-10","British Columbia","2021A000259","In-migrants","Persons","249","units","0","v509039","11.1","9639","","","","0"
"2010-10","British Columbia","2021A000259","Out-migrants","Persons","249","units","0","v509054","11.2","8534","","","","0"
"2010-10","Yukon","2021A000260","In-migrants","Persons","249","units","0","v509040","12.1","281","","","","0"
"2010-10","Yukon","2021A000260","Out-migrants","Persons","249","units","0","v509055","12.2","260","","","","0"
"2010-10","Northwest Territories","2021A000261","In-migrants","Persons","249","units","0","v509042","14.1","313","","","","0"
"2010-10","Northwest Territories","2021A000261","Out-migrants","Persons","249","units","0","v509057","14.2","448","","","","0"
"2010-10","Nunavut","2021A000262","In-migrants","Persons","249","units","0","v509043","15.1","121","","","","0"
"2010-10","Nunavut","2021A000262","Out-migrants","Persons","249","units","0","v509058","15.2","157","","","","0"
"2011-01","Canada","2021A000011124","In-migrants","Persons","249","units","0","v509037","1.1","58571","","","","0"
"2011-01","Canada","2021A000011124","Out-migrants","Persons","249","units","0","v509052","1.2","58571","","","","0"
"2011-01","Newfoundland and Labrador","2021A000210","In-migrants","Persons","249","units","0","v509038","2.1","2012","","","","0"
"2011-01","Newfoundland and Labrador","2021A000210","Out-migrants","Persons","249","units","0","v509053","2.2","2081","","","","0"
"2011-01","Prince Edward Island","2021A000211","In-migrants","Persons","249","units","0","v509044","3.1","534","","","","0"
"2011-01","Prince Edward Island","2021A000211","Out-migrants","Persons","249","units","0","v509059","3.2","546","","","","0"
"2011-01","Nova Scotia","2021A000212","In-migrants","Persons","249","units","0","v509045","4.1","3243","","","","0"
"2011-01","Nova Scotia","2021A000212","Out-migrants","Persons","249","units","0","v509060","4.2","3434","","","","0"
"2011-01","New Brunswick","2021A000213","In-migrants","Persons","249","units","0","v509046","5.1","2353","","","","0"
"2011-01","New Brunswick","2021A000213","Out-migrants","Persons","249","units","0","v509061","5.2","2527","","","","0"
"2011-01","Quebec","2021A000224","In-migrants","Persons","249","units","0","v509047","6.1","3843","","","","0"
"2011-01","Quebec","2021A000224","Out-migrants","Persons","249","units","0","v509062","6.2","4987","","","","0"
"2011-01","Ontario","2021A000235","In-migrants","Persons","249","units","0","v509048","7.1","12362","","","","0"
"2011-01","Ontario","2021A000235","Out-migrants","Persons","249","units","0","v509063","7.2","13365","","","","0"
"2011-01","Manitoba","2021A000246","In-migrants","Persons","249","units","0","v509049","8.1","2713","","","","0"
"2011-01","Manitoba","2021A000246","Out-migrants","Persons","249","units","0","v509064","8.2","3628","","","","0"
"2011-01","Saskatchewan","2021A000247","In-migrants","Persons","249","units","0","v509050","9.1","3706","","","","0"
"2011-01","Saskatchewan","2021A000247","Out-migrants","Persons","249","units","0","v509065","9.2","4131","","","","0"
"2011-01","Alberta","2021A000248","In-migrants","Persons","249","units","0","v509051","10.1","15768","","","","0"
"2011-01","Alberta","2021A000248","Out-migrants","Persons","249","units","0","v509066","10.2","12608","","","","0"
"2011-01","British Columbia","2021A000259","In-migrants","Persons","249","units","0","v509039","11.1","10899","","","","0"
"2011-01","British Columbia","2021A000259","Out-migrants","Persons","249","units","0","v509054","11.2","10119","","","","0"
"2011-01","Yukon","2021A000260","In-migrants","Persons","249","units","0","v509040","12.1","370","","","","0"
"2011-01","Yukon","2021A000260","Out-migrants","Persons","249","units","0","v509055","12.2","263","","","","0"
"2011-01","Northwest Territories","2021A000261","In-migrants","Persons","249","units","0","v509042","14.1","549","","","","0"
"2011-01","Northwest Territories","2021A000261","Out-migrants","Persons","249","units","0","v509057","14.2","665","","","","0"
"2011-01","Nunavut","2021A000262","In-migrants","Persons","249","units","0","v509043","15.1","219","","","","0"
"2011-01","Nunavut","2021A000262","Out-migrants","Persons","249","units","0","v509058","15.2","217","","","","0"
"2011-04","Canada","2021A000011124","In-migrants","Persons","249","units","0","v509037","1.1","72491","","","","0"
"2011-04","Canada","2021A000011124","Out-migrants","Persons","249","units","0","v509052","1.2","72491","","","","0"
"2011-04","Newfoundland and Labrador","2021A000210","In-migrants","Persons","249","units","0","v509038","2.1","2171","","","","0"
"2011-04","Newfoundland and Labrador","2021A000210","Out-migrants","Persons","249","units","0","v509053","2.2","2121","","","","0"
"2011-04","Prince Edward Island","2021A000211","In-migrants","Persons","249","units","0","v509044","3.1","851","","","","0"
"2011-04","Prince Edward Island","2021A000211","Out-migrants","Persons","249","units","0","v509059","3.2","790","","","","0"
"2011-04","Nova Scotia","2021A000212","In-migrants","Persons","249","units","0","v509045","4.1","3877","","","","0"
"2011-04","Nova Scotia","2021A000212","Out-migrants","Persons","249","units","0","v509060","4.2","3898","","","","0"
"2011-04","New Brunswick","2021A000213","In-migrants","Persons","249","units","0","v509046","5.1","2774","","","","0"
"2011-04","New Brunswick","2021A000213","Out-migrants","Persons","249","units","0","v509061","5.2","2807","","","","0"
"2011-04","Quebec","2021A000224","In-migrants","Persons","249","units","0","v509047","6.1","5458","","","","0"
"2011-04","Quebec","2021A000224","Out-migrants","Persons","249","units","0","v509062","6.2","7627","","","","0"
"2011-04","Ontario","2021A000235","In-migrants","Persons","249","units","0","v509048","7.1","15857","","","","0"
"2011-04","Ontario","2021A000235","Out-migrants","Persons","249","units","0","v509063","7.2","17801","","","","0"
"2011-04","Manitoba","2021A000246","In-migrants","Persons","249","units","0","v509049","8.1","2893","","","","0"
"2011-04","Manitoba","2021A000246","Out-migrants","Persons","249","units","0","v509064","8.2","3883","","","","0"
"2011-04","Saskatchewan","2021A000247","In-migrants","Persons","249","units","0","v509050","9.1","5093","","","","0"
"2011-04","Saskatchewan","2021A000247","Out-migrants","Persons","249","units","0","v509065","9.2","4512","","","","0"
"2011-04","Alberta","2021A000248","In-migrants","Persons","249","units","0","v509051","10.1","19013","","","","0"
"2011-04","Alberta","2021A000248","Out-migrants","Persons","249","units","0","v509066","10.2","15059","","","","0"
"2011-04","British Columbia","2021A000259","In-migrants","Persons","249","units","0","v509039","11.1","12896","","","","0"
"2011-04","British Columbia","2021A000259","Out-migrants","Persons","249","units","0","v509054","11.2","12823","","","","0"
"2011-04","Yukon","2021A000260","In-migrants","Persons","249","units","0","v509040","12.1","492","","","","0"
"2011-04","Yukon","2021A000260","Out-migrants","Persons","249","units","0","v509055","12.2","312","","","","0"
"2011-04","Northwest Territories","2021A000261","In-migrants","Persons","249","units","0","v509042","14.1","783","","","","0"
"2011-04","Northwest Territories","2021A000261","Out-migrants","Persons","249","units","0","v509057","14.2","617","","","","0"
"2011-04","Nunavut","2021A000262","In-migrants","Persons","249","units","0","v509043","15.1","333","","","","0"
"2011-04","Nunavut","2021A000262","Out-migrants","Persons","249","units","0","v509058","15.2","241","","","","0"
"2011-07","Canada","2021A000011124","In-migrants","Persons","249","units","0","v509037","1.1","89862","","","","0"
"2011-07","Canada","2021A000011124","Out-migrants","Persons","249","units","0","v509052","1.2","89862","","","","0"
"2011-07","Newfoundland and Labrador","2021A000210","In-migrants","Persons","249","units","0","v509038","2.1","2719","","","","0"
"2011-07","Newfoundland and Labrador","2021A000210","Out-migrants","Persons","249","units","0","v509053","2.2","2172","","","","0"
"2011-07","Prince Edward Island","2021A000211","In-migrants","Persons","249","units","0","v509044","3.1","904","","","","0"
"2011-07","Prince Edward Island","2021A000211","Out-migrants","Persons","249","units","0","v509059","3.2","1042","","","","0"
"2011-07","Nova Scotia","2021A000212","In-migrants","Persons","249","units","0","v509045","4.1","4802","","","","0"
"2011-07","Nova Scotia","2021A000212","Out-migrants","Persons","249","units","0","v509060","4.2","5264","","","","0"
"2011-07","New Brunswick","2021A000213","In-migrants","Persons","249","units","0","v509046","5.1","3376","","","","0"
"2011-07","New Brunswick","2021A000213","Out-migrants","Persons","249","units","0","v509061","5.2","4093","","","","0"
"2011-07","Quebec","2021A000224","In-migrants","Persons","249","units","0","v509047","6.1","8000","","","","0"
"2011-07","Quebec","2021A000224","Out-migrants","Persons","249","units","0","v509062","6.2","8971","","","","0"
"2011-07","Ontario","2021A000235","In-migrants","Persons","249","units","0","v509048","7.1","21751","","","","0"
"2011-07","Ontario","2021A000235","Out-migrants","Persons","249","units","0","v509063","7.2","22585","","","","0"
"2011-07","Manitoba","2021A000246","In-migrants","Persons","249","units","0","v509049","8.1","3637","","","","0"
"2011-07","Manitoba","2021A000246","Out-migrants","Persons","249","units","0","v509064","8.2","5111","","","","0"
"2011-07","Saskatchewan","2021A000247","In-migrants","Persons","249","units","0","v509050","9.1","5895","","","","0"
"2011-07","Saskatchewan","2021A000247","Out-migrants","Persons","249","units","0","v509065","9.2","5301","","","","0"
"2011-07","Alberta","2021A000248","In-migrants","Persons","249","units","0","v509051","10.1","22147","","","","0"
"2011-07","Alberta","2021A000248","Out-migrants","Persons","249","units","0","v509066","10.2","18189","","","","0"
"2011-07","British Columbia","2021A000259","In-migrants","Persons","249","units","0","v509039","11.1","15465","","","","0"
"2011-07","British Columbia","2021A000259","Out-migrants","Persons","249","units","0","v509054","11.2","16041","","","","0"
"2011-07","Yukon","2021A000260","In-migrants","Persons","249","units","0","v509040","12.1","435","","","","0"
"2011-07","Yukon","2021A000260","Out-migrants","Persons","249","units","0","v509055","12.2","295","","","","0"
"2011-07","Northwest Territories","2021A000261","In-migrants","Persons","249","units","0","v509042","14.1","475","","","","0"
"2011-07","Northwest Territories","2021A000261","Out-migrants","Persons","249","units","0","v509057","14.2","551","","","","0"
"2011-07","Nunavut","2021A000262","In-migrants","Persons","249","units","0","v509043","15.1","256","","","","0"
"2011-07","Nunavut","2021A000262","Out-migrants","Persons","249","units","0","v509058","15.2","247","","","","0"
"2011-10","Canada","2021A000011124","In-migrants","Persons","249","units","0","v509037","1.1","55322","","","","0"
"2011-10","Canada","2021A000011124","Out-migrants","Persons","249","units","0","v509052","1.2","55322","","","","0"
"2011-10","Newfoundland and Labrador","2021A000210","In-migrants","Persons","249","units","0","v509038","2.1","1517","","","","0"
"2011-10","Newfoundland and Labrador","2021A000210","Out-migrants","Persons","249","units","0","v509053","2.2","1294","","","","0"
"2011-10","Prince Edward Island","2021A000211","In-migrants","Persons","249","units","0","v509044","3.1","468","","","","0"
"2011-10","Prince Edward Island","2021A000211","Out-migrants","Persons","249","units","0","v509059","3.2","693","","","","0"
"2011-10","Nova Scotia","2021A000212","In-migrants","Persons","249","units","0","v509045","4.1","2831","","","","0"
"2011-10","Nova Scotia","2021A000212","Out-migrants","Persons","249","units","0","v509060","4.2","3805","","","","0"
"2011-10","New Brunswick","2021A000213","In-migrants","Persons","249","units","0","v509046","5.1","2097","","","","0"
"2011-10","New Brunswick","2021A000213","Out-migrants","Persons","249","units","0","v509061","5.2","2190","","","","0"
"2011-10","Quebec","2021A000224","In-migrants","Persons","249","units","0","v509047","6.1","4016","","","","0"
"2011-10","Quebec","2021A000224","Out-migrants","Persons","249","units","0","v509062","6.2","5472","","","","0"
"2011-10","Ontario","2021A000235","In-migrants","Persons","249","units","0","v509048","7.1","11722","","","","0"
"2011-10","Ontario","2021A000235","Out-migrants","Persons","249","units","0","v509063","7.2","13683","","","","0"
"2011-10","Manitoba","2021A000246","In-migrants","Persons","249","units","0","v509049","8.1","2267","","","","0"
"2011-10","Manitoba","2021A000246","Out-migrants","Persons","249","units","0","v509064","8.2","3059","","","","0"
"2011-10","Saskatchewan","2021A000247","In-migrants","Persons","249","units","0","v509050","9.1","3990","","","","0"
"2011-10","Saskatchewan","2021A000247","Out-migrants","Persons","249","units","0","v509065","9.2","3939","","","","0"
"2011-10","Alberta","2021A000248","In-migrants","Persons","249","units","0","v509051","10.1","15797","","","","0"
"2011-10","Alberta","2021A000248","Out-migrants","Persons","249","units","0","v509066","10.2","10901","","","","0"
"2011-10","British Columbia","2021A000259","In-migrants","Persons","249","units","0","v509039","11.1","9757","","","","0"
"2011-10","British Columbia","2021A000259","Out-migrants","Persons","249","units","0","v509054","11.2","9323","","","","0"
"2011-10","Yukon","2021A000260","In-migrants","Persons","249","units","0","v509040","12.1","345","","","","0"
"2011-10","Yukon","2021A000260","Out-migrants","Persons","249","units","0","v509055","12.2","262","","","","0"
"2011-10","Northwest Territories","2021A000261","In-migrants","Persons","249","units","0","v509042","14.1","362","","","","0"
"2011-10","Northwest Territories","2021A000261","Out-migrants","Persons","249","units","0","v509057","14.2","441","","","","0"
"2011-10","Nunavut","2021A000262","In-migrants","Persons","249","units","0","v509043","15.1","153","","","","0"
"2011-10","Nunavut","2021A000262","Out-migrants","Persons","249","units","0","v509058","15.2","260","","","","0"
"2012-01","Canada","2021A000011124","In-migrants","Persons","249","units","0","v509037","1.1","69238","","","","0"
"2012-01","Canada","2021A000011124","Out-migrants","Persons","249","units","0","v509052","1.2","69238","","","","0"
"2012-01","Newfoundland and Labrador","2021A000210","In-migrants","Persons","249","units","0","v509038","2.1","2288","","","","0"
"2012-01","Newfoundland and Labrador","2021A000210","Out-migrants","Persons","249","units","0","v509053","2.2","2763","","","","0"
"2012-01","Prince Edward Island","2021A000211","In-migrants","Persons","249","units","0","v509044","3.1","787","","","","0"
"2012-01","Prince Edward Island","2021A000211","Out-migrants","Persons","249","units","0","v509059","3.2","728","","","","0"
"2012-01","Nova Scotia","2021A000212","In-migrants","Persons","249","units","0","v509045","4.1","3991","","","","0"
"2012-01","Nova Scotia","2021A000212","Out-migrants","Persons","249","units","0","v509060","4.2","4839","","","","0"
"2012-01","New Brunswick","2021A000213","In-migrants","Persons","249","units","0","v509046","5.1","2396","","","","0"
"2012-01","New Brunswick","2021A000213","Out-migrants","Persons","249","units","0","v509061","5.2","3188","","","","0"
"2012-01","Quebec","2021A000224","In-migrants","Persons","249","units","0","v509047","6.1","3690","","","","0"
"2012-01","Quebec","2021A000224","Out-migrants","Persons","249","units","0","v509062","6.2","5928","","","","0"
"2012-01","Ontario","2021A000235","In-migrants","Persons","249","units","0","v509048","7.1","13990","","","","0"
"2012-01","Ontario","2021A000235","Out-migrants","Persons","249","units","0","v509063","7.2","17332","","","","0"
"2012-01","Manitoba","2021A000246","In-migrants","Persons","249","units","0","v509049","8.1","2801","","","","0"
"2012-01","Manitoba","2021A000246","Out-migrants","Persons","249","units","0","v509064","8.2","3583","","","","0"
"2012-01","Saskatchewan","2021A000247","In-migrants","Persons","249","units","0","v509050","9.1","4643","","","","0"
"2012-01","Saskatchewan","2021A000247","Out-migrants","Persons","249","units","0","v509065","9.2","4658","","","","0"
"2012-01","Alberta","2021A000248","In-migrants","Persons","249","units","0","v509051","10.1","22632","","","","0"
"2012-01","Alberta","2021A000248","Out-migrants","Persons","249","units","0","v509066","10.2","12201","","","","0"
"2012-01","British Columbia","2021A000259","In-migrants","Persons","249","units","0","v509039","11.1","10753","","","","0"
"2012-01","British Columbia","2021A000259","Out-migrants","Persons","249","units","0","v509054","11.2","12542","","","","0"
"2012-01","Yukon","2021A000260","In-migrants","Persons","249","units","0","v509040","12.1","349","","","","0"
"2012-01","Yukon","2021A000260","Out-migrants","Persons","249","units","0","v509055","12.2","476","","","","0"
"2012-01","Northwest Territories","2021A000261","In-migrants","Persons","249","units","0","v509042","14.1","538","","","","0"
"2012-01","Northwest Territories","2021A000261","Out-migrants","Persons","249","units","0","v509057","14.2","667","","","","0"
"2012-01","Nunavut","2021A000262","In-migrants","Persons","249","units","0","v509043","15.1","380","","","","0"
"2012-01","Nunavut","2021A000262","Out-migrants","Persons","249","units","0","v509058","15.2","333","","","","0"
"2012-04","Canada","2021A000011124","In-migrants","Persons","249","units","0","v509037","1.1","90003","","","","0"
"2012-04","Canada","2021A000011124","Out-migrants","Persons","249","units","0","v509052","1.2","90003","","","","0"
"2012-04","Newfoundland and Labrador","2021A000210","In-migrants","Persons","249","units","0","v509038","2.1","2762","","","","0"
"2012-04","Newfoundland and Labrador","2021A000210","Out-migrants","Persons","249","units","0","v509053","2.2","2512","","","","0"
"2012-04","Prince Edward Island","2021A000211","In-migrants","Persons","249","units","0","v509044","3.1","770","","","","0"
"2012-04","Prince Edward Island","2021A000211","Out-migrants","Persons","249","units","0","v509059","3.2","1084","","","","0"
"2012-04","Nova Scotia","2021A000212","In-migrants","Persons","249","units","0","v509045","4.1","4372","","","","0"
"2012-04","Nova Scotia","2021A000212","Out-migrants","Persons","249","units","0","v509060","4.2","4954","","","","0"
"2012-04","New Brunswick","2021A000213","In-migrants","Persons","249","units","0","v509046","5.1","2974","","","","0"
"2012-04","New Brunswick","2021A000213","Out-migrants","Persons","249","units","0","v509061","5.2","3178","","","","0"
"2012-04","Quebec","2021A000224","In-migrants","Persons","249","units","0","v509047","6.1","6492","","","","0"
"2012-04","Quebec","2021A000224","Out-migrants","Persons","249","units","0","v509062","6.2","8742","","","","0"
"2012-04","Ontario","2021A000235","In-migrants","Persons","249","units","0","v509048","7.1","18469","","","","0"
"2012-04","Ontario","2021A000235","Out-migrants","Persons","249","units","0","v509063","7.2","22943","","","","0"
"2012-04","Manitoba","2021A000246","In-migrants","Persons","249","units","0","v509049","8.1","3932","","","","0"
"2012-04","Manitoba","2021A000246","Out-migrants","Persons","249","units","0","v509064","8.2","5096","","","","0"
"2012-04","Saskatchewan","2021A000247","In-migrants","Persons","249","units","0","v509050","9.1","7094","","","","0"
"2012-04","Saskatchewan","2021A000247","Out-migrants","Persons","249","units","0","v509065","9.2","5846","","","","0"
"2012-04","Alberta","2021A000248","In-migrants","Persons","249","units","0","v509051","10.1","26008","","","","0"
"2012-04","Alberta","2021A000248","Out-migrants","Persons","249","units","0","v509066","10.2","17641","","","","0"
"2012-04","British Columbia","2021A000259","In-migrants","Persons","249","units","0","v509039","11.1","15695","","","","0"
"2012-04","British Columbia","2021A000259","Out-migrants","Persons","249","units","0","v509054","11.2","16475","","","","0"
"2012-04","Yukon","2021A000260","In-migrants","Persons","249","units","0","v509040","12.1","506","","","","0"
"2012-04","Yukon","2021A000260","Out-migrants","Persons","249","units","0","v509055","12.2","289","","","","0"
"2012-04","Northwest Territories","2021A000261","In-migrants","Persons","249","units","0","v509042","14.1","608","","","","0"
"2012-04","Northwest Territories","2021A000261","Out-migrants","Persons","249","units","0","v509057","14.2","820","","","","0"
"2012-04","Nunavut","2021A000262","In-migrants","Persons","249","units","0","v509043","15.1","321","","","","0"
"2012-04","Nunavut","2021A000262","Out-migrants","Persons","249","units","0","v509058","15.2","423","","","","0"
"2012-07","Canada","2021A000011124","In-migrants","Persons","249","units","0","v509037","1.1","85820","","","","0"
"2012-07","Canada","2021A000011124","Out-migrants","Persons","249","units","0","v509052","1.2","85820","","","","0"
"2012-07","Newfoundland and Labrador","2021A000210","In-migrants","Persons","249","units","0","v509038","2.1","2204","","","","0"
"2012-07","Newfoundland and Labrador","2021A000210","Out-migrants","Persons","249","units","0","v509053","2.2","1923","","","","0"
"2012-07","Prince Edward Island","2021A000211","In-migrants","Persons","249","units","0","v509044","3.1","701","","","","0"
"2012-07","Prince Edward Island","2021A000211","Out-migrants","Persons","249","units","0","v509059","3.2","1009","","","","0"
"2012-07","Nova Scotia","2021A000212","In-migrants","Persons","249","units","0","v509045","4.1","4242","","","","0"
"2012-07","Nova Scotia","2021A000212","Out-migrants","Persons","249","units","0","v509060","4.2","5401","","","","0"
"2012-07","New Brunswick","2021A000213","In-migrants","Persons","249","units","0","v509046","5.1","2929","","","","0"
"2012-07","New Brunswick","2021A000213","Out-migrants","Persons","249","units","0","v509061","5.2","4033","","","","0"
"2012-07","Quebec","2021A000224","In-migrants","Persons","249","units","0","v509047","6.1","6718","","","","0"
"2012-07","Quebec","2021A000224","Out-migrants","Persons","249","units","0","v509062","6.2","9230","","","","0"
"2012-07","Ontario","2021A000235","In-migrants","Persons","249","units","0","v509048","7.1","18837","","","","0"
"2012-07","Ontario","2021A000235","Out-migrants","Persons","249","units","0","v509063","7.2","22529","","","","0"
"2012-07","Manitoba","2021A000246","In-migrants","Persons","249","units","0","v509049","8.1","3389","","","","0"
"2012-07","Manitoba","2021A000246","Out-migrants","Persons","249","units","0","v509064","8.2","4743","","","","0"
"2012-07","Saskatchewan","2021A000247","In-migrants","Persons","249","units","0","v509050","9.1","5787","","","","0"
"2012-07","Saskatchewan","2021A000247","Out-migrants","Persons","249","units","0","v509065","9.2","5072","","","","0"
"2012-07","Alberta","2021A000248","In-migrants","Persons","249","units","0","v509051","10.1","25552","","","","0"
"2012-07","Alberta","2021A000248","Out-migrants","Persons","249","units","0","v509066","10.2","15767","","","","0"
"2012-07","British Columbia","2021A000259","In-migrants","Persons","249","units","0","v509039","11.1","14439","","","","0"
"2012-07","British Columbia","2021A000259","Out-migrants","Persons","249","units","0","v509054","11.2","15034","","","","0"
"2012-07","Yukon","2021A000260","In-migrants","Persons","249","units","0","v509040","12.1","349","","","","0"
"2012-07","Yukon","2021A000260","Out-migrants","Persons","249","units","0","v509055","12.2","291","","","","0"
"2012-07","Northwest Territories","2021A000261","In-migrants","Persons","249","units","0","v509042","14.1","457","","","","0"
"2012-07","Northwest Territories","2021A000261","Out-migrants","Persons","249","units","0","v509057","14.2","562","","","","0"
"2012-07","Nunavut","2021A000262","In-migrants","Persons","249","units","0","v509043","15.1","216","","","","0"
"2012-07","Nunavut","2021A000262","Out-migrants","Persons","249","units","0","v509058","15.2","226","","","","0"
"2012-10","Canada","2021A000011124","In-migrants","Persons","249","units","0","v509037","1.1","47531","","","","0"
"2012-10","Canada","2021A000011124","Out-migrants","Persons","249","units","0","v509052","1.2","47531","","","","0"
"2012-10","Newfoundland and Labrador","2021A000210","In-migrants","Persons","249","units","0","v509038","2.1","1319","","","","0"
"2012-10","Newfoundland and Labrador","2021A000210","Out-migrants","Persons","249","units","0","v509053","2.2","1140","","","","0"
"2012-10","Prince Edward Island","2021A000211","In-migrants","Persons","249","units","0","v509044","3.1","336","","","","0"
"2012-10","Prince Edward Island","2021A000211","Out-migrants","Persons","249","units","0","v509059","3.2","687","","","","0"
"2012-10","Nova Scotia","2021A000212","In-migrants","Persons","249","units","0","v509045","4.1","2390","","","","0"
"2012-10","Nova Scotia","2021A000212","Out-migrants","Persons","249","units","0","v509060","4.2","3043","","","","0"
"2012-10","New Brunswick","2021A000213","In-migrants","Persons","249","units","0","v509046","5.1","1377","","","","0"
"2012-10","New Brunswick","2021A000213","Out-migrants","Persons","249","units","0","v509061","5.2","2346","","","","0"
"2012-10","Quebec","2021A000224","In-migrants","Persons","249","units","0","v509047","6.1","2953","","","","0"
"2012-10","Quebec","2021A000224","Out-migrants","Persons","249","units","0","v509062","6.2","4928","","","","0"
"2012-10","Ontario","2021A000235","In-migrants","Persons","249","units","0","v509048","7.1","10365","","","","0"
"2012-10","Ontario","2021A000235","Out-migrants","Persons","249","units","0","v509063","7.2","11995","","","","0"
"2012-10","Manitoba","2021A000246","In-migrants","Persons","249","units","0","v509049","8.1","1975","","","","0"
"2012-10","Manitoba","2021A000246","Out-migrants","Persons","249","units","0","v509064","8.2","2603","","","","0"
"2012-10","Saskatchewan","2021A000247","In-migrants","Persons","249","units","0","v509050","9.1","3051","","","","0"
"2012-10","Saskatchewan","2021A000247","Out-migrants","Persons","249","units","0","v509065","9.2","3413","","","","0"
"2012-10","Alberta","2021A000248","In-migrants","Persons","249","units","0","v509051","10.1","15730","","","","0"
"2012-10","Alberta","2021A000248","Out-migrants","Persons","249","units","0","v509066","10.2","8026","","","","0"
"2012-10","British Columbia","2021A000259","In-migrants","Persons","249","units","0","v509039","11.1","7404","","","","0"
"2012-10","British Columbia","2021A000259","Out-migrants","Persons","249","units","0","v509054","11.2","8562","","","","0"
"2012-10","Yukon","2021A000260","In-migrants","Persons","249","units","0","v509040","12.1","248","","","","0"
"2012-10","Yukon","2021A000260","Out-migrants","Persons","249","units","0","v509055","12.2","293","","","","0"
"2012-10","Northwest Territories","2021A000261","In-migrants","Persons","249","units","0","v509042","14.1","261","","","","0"
"2012-10","Northwest Territories","2021A000261","Out-migrants","Persons","249","units","0","v509057","14.2","345","","","","0"
"2012-10","Nunavut","2021A000262","In-migrants","Persons","249","units","0","v509043","15.1","122","","","","0"
"2012-10","Nunavut","2021A000262","Out-migrants","Persons","249","units","0","v509058","15.2","150","","","","0"
"2013-01","Canada","2021A000011124","In-migrants","Persons","249","units","0","v509037","1.1","62699","","","","0"
"2013-01","Canada","2021A000011124","Out-migrants","Persons","249","units","0","v509052","1.2","62699","","","","0"
"2013-01","Newfoundland and Labrador","2021A000210","In-migrants","Persons","249","units","0","v509038","2.1","2162","","","","0"
"2013-01","Newfoundland and Labrador","2021A000210","Out-migrants","Persons","249","units","0","v509053","2.2","1860","","","","0"
"2013-01","Prince Edward Island","2021A000211","In-migrants","Persons","249","units","0","v509044","3.1","675","","","","0"
"2013-01","Prince Edward Island","2021A000211","Out-migrants","Persons","249","units","0","v509059","3.2","764","","","","0"
"2013-01","Nova Scotia","2021A000212","In-migrants","Persons","249","units","0","v509045","4.1","2978","","","","0"
"2013-01","Nova Scotia","2021A000212","Out-migrants","Persons","249","units","0","v509060","4.2","3999","","","","0"
"2013-01","New Brunswick","2021A000213","In-migrants","Persons","249","units","0","v509046","5.1","2315","","","","0"
"2013-01","New Brunswick","2021A000213","Out-migrants","Persons","249","units","0","v509061","5.2","2918","","","","0"
"2013-01","Quebec","2021A000224","In-migrants","Persons","249","units","0","v509047","6.1","3619","","","","0"
"2013-01","Quebec","2021A000224","Out-migrants","Persons","249","units","0","v509062","6.2","5173","","","","0"
"2013-01","Ontario","2021A000235","In-migrants","Persons","249","units","0","v509048","7.1","11865","","","","0"
"2013-01","Ontario","2021A000235","Out-migrants","Persons","249","units","0","v509063","7.2","16436","","","","0"
"2013-01","Manitoba","2021A000246","In-migrants","Persons","249","units","0","v509049","8.1","2663","","","","0"
"2013-01","Manitoba","2021A000246","Out-migrants","Persons","249","units","0","v509064","8.2","3694","","","","0"
"2013-01","Saskatchewan","2021A000247","In-migrants","Persons","249","units","0","v509050","9.1","3868","","","","0"
"2013-01","Saskatchewan","2021A000247","Out-migrants","Persons","249","units","0","v509065","9.2","4372","","","","0"
"2013-01","Alberta","2021A000248","In-migrants","Persons","249","units","0","v509051","10.1","21438","","","","0"
"2013-01","Alberta","2021A000248","Out-migrants","Persons","249","units","0","v509066","10.2","11692","","","","0"
"2013-01","British Columbia","2021A000259","In-migrants","Persons","249","units","0","v509039","11.1","9975","","","","0"
"2013-01","British Columbia","2021A000259","Out-migrants","Persons","249","units","0","v509054","11.2","10358","","","","0"
"2013-01","Yukon","2021A000260","In-migrants","Persons","249","units","0","v509040","12.1","249","","","","0"
"2013-01","Yukon","2021A000260","Out-migrants","Persons","249","units","0","v509055","12.2","368","","","","0"
"2013-01","Northwest Territories","2021A000261","In-migrants","Persons","249","units","0","v509042","14.1","660","","","","0"
"2013-01","Northwest Territories","2021A000261","Out-migrants","Persons","249","units","0","v509057","14.2","701","","","","0"
"2013-01","Nunavut","2021A000262","In-migrants","Persons","249","units","0","v509043","15.1","232","","","","0"
"2013-01","Nunavut","2021A000262","Out-migrants","Persons","249","units","0","v509058","15.2","364","","","","0"
"2013-04","Canada","2021A000011124","In-migrants","Persons","249","units","0","v509037","1.1","96253","","","","0"
"2013-04","Canada","2021A000011124","Out-migrants","Persons","249","units","0","v509052","1.2","96253","","","","0"
"2013-04","Newfoundland and Labrador","2021A000210","In-migrants","Persons","249","units","0","v509038","2.1","2580","","","","0"
"2013-04","Newfoundland and Labrador","2021A000210","Out-migrants","Persons","249","units","0","v509053","2.2","2847","","","","0"
"2013-04","Prince Edward Island","2021A000211","In-migrants","Persons","249","units","0","v509044","3.1","1013","","","","0"
"2013-04","Prince Edward Island","2021A000211","Out-migrants","Persons","249","units","0","v509059","3.2","1166","","","","0"
"2013-04","Nova Scotia","2021A000212","In-migrants","Persons","249","units","0","v509045","4.1","4642","","","","0"
"2013-04","Nova Scotia","2021A000212","Out-migrants","Persons","249","units","0","v509060","4.2","5326","","","","0"
"2013-04","New Brunswick","2021A000213","In-migrants","Persons","249","units","0","v509046","5.1","3147","","","","0"
"2013-04","New Brunswick","2021A000213","Out-migrants","Persons","249","units","0","v509061","5.2","3761","","","","0"
"2013-04","Quebec","2021A000224","In-migrants","Persons","249","units","0","v509047","6.1","6004","","","","0"
"2013-04","Quebec","2021A000224","Out-migrants","Persons","249","units","0","v509062","6.2","10394","","","","0"
"2013-04","Ontario","2021A000235","In-migrants","Persons","249","units","0","v509048","7.1","20640","","","","0"
"2013-04","Ontario","2021A000235","Out-migrants","Persons","249","units","0","v509063","7.2","24648","","","","0"
"2013-04","Manitoba","2021A000246","In-migrants","Persons","249","units","0","v509049","8.1","3488","","","","0"
"2013-04","Manitoba","2021A000246","Out-migrants","Persons","249","units","0","v509064","8.2","5481","","","","0"
"2013-04","Saskatchewan","2021A000247","In-migrants","Persons","249","units","0","v509050","9.1","6620","","","","0"
"2013-04","Saskatchewan","2021A000247","Out-migrants","Persons","249","units","0","v509065","9.2","6077","","","","0"
"2013-04","Alberta","2021A000248","In-migrants","Persons","249","units","0","v509051","10.1","29833","","","","0"
"2013-04","Alberta","2021A000248","Out-migrants","Persons","249","units","0","v509066","10.2","18470","","","","0"
"2013-04","British Columbia","2021A000259","In-migrants","Persons","249","units","0","v509039","11.1","16690","","","","0"
"2013-04","British Columbia","2021A000259","Out-migrants","Persons","249","units","0","v509054","11.2","16422","","","","0"
"2013-04","Yukon","2021A000260","In-migrants","Persons","249","units","0","v509040","12.1","529","","","","0"
"2013-04","Yukon","2021A000260","Out-migrants","Persons","249","units","0","v509055","12.2","517","","","","0"
"2013-04","Northwest Territories","2021A000261","In-migrants","Persons","249","units","0","v509042","14.1","613","","","","0"
"2013-04","Northwest Territories","2021A000261","Out-migrants","Persons","249","units","0","v509057","14.2","865","","","","0"
"2013-04","Nunavut","2021A000262","In-migrants","Persons","249","units","0","v509043","15.1","454","","","","0"
"2013-04","Nunavut","2021A000262","Out-migrants","Persons","249","units","0","v509058","15.2","279","","","","0"
"2013-07","Canada","2021A000011124","In-migrants","Persons","249","units","0","v509037","1.1","81855","","","","0"
"2013-07","Canada","2021A000011124","Out-migrants","Persons","249","units","0","v509052","1.2","81855","","","","0"
"2013-07","Newfoundland and Labrador","2021A000210","In-migrants","Persons","249","units","0","v509038","2.1","1805","","","","0"
"2013-07","Newfoundland and Labrador","2021A000210","Out-migrants","Persons","249","units","0","v509053","2.2","1860","","","","0"
"2013-07","Prince Edward Island","2021A000211","In-migrants","Persons","249","units","0","v509044","3.1","695","","","","0"
"2013-07","Prince Edward Island","2021A000211","Out-migrants","Persons","249","units","0","v509059","3.2","975","","","","0"
"2013-07","Nova Scotia","2021A000212","In-migrants","Persons","249","units","0","v509045","4.1","3567","","","","0"
"2013-07","Nova Scotia","2021A000212","Out-migrants","Persons","249","units","0","v509060","4.2","4881","","","","0"
"2013-07","New Brunswick","2021A000213","In-migrants","Persons","249","units","0","v509046","5.1","2741","","","","0"
"2013-07","New Brunswick","2021A000213","Out-migrants","Persons","249","units","0","v509061","5.2","4070","","","","0"
"2013-07","Quebec","2021A000224","In-migrants","Persons","249","units","0","v509047","6.1","5709","","","","0"
"2013-07","Quebec","2021A000224","Out-migrants","Persons","249","units","0","v509062","6.2","10445","","","","0"
"2013-07","Ontario","2021A000235","In-migrants","Persons","249","units","0","v509048","7.1","19031","","","","0"
"2013-07","Ontario","2021A000235","Out-migrants","Persons","249","units","0","v509063","7.2","21093","","","","0"
"2013-07","Manitoba","2021A000246","In-migrants","Persons","249","units","0","v509049","8.1","3035","","","","0"
"2013-07","Manitoba","2021A000246","Out-migrants","Persons","249","units","0","v509064","8.2","4745","","","","0"
"2013-07","Saskatchewan","2021A000247","In-migrants","Persons","249","units","0","v509050","9.1","4970","","","","0"
"2013-07","Saskatchewan","2021A000247","Out-migrants","Persons","249","units","0","v509065","9.2","5046","","","","0"
"2013-07","Alberta","2021A000248","In-migrants","Persons","249","units","0","v509051","10.1","25511","","","","0"
"2013-07","Alberta","2021A000248","Out-migrants","Persons","249","units","0","v509066","10.2","15277","","","","0"
"2013-07","British Columbia","2021A000259","In-migrants","Persons","249","units","0","v509039","11.1","14145","","","","0"
"2013-07","British Columbia","2021A000259","Out-migrants","Persons","249","units","0","v509054","11.2","12323","","","","0"
"2013-07","Yukon","2021A000260","In-migrants","Persons","249","units","0","v509040","12.1","148","","","","0"
"2013-07","Yukon","2021A000260","Out-migrants","Persons","249","units","0","v509055","12.2","403","","","","0"
"2013-07","Northwest Territories","2021A000261","In-migrants","Persons","249","units","0","v509042","14.1","312","","","","0"
"2013-07","Northwest Territories","2021A000261","Out-migrants","Persons","249","units","0","v509057","14.2","539","","","","0"
"2013-07","Nunavut","2021A000262","In-migrants","Persons","249","units","0","v509043","15.1","186","","","","0"
"2013-07","Nunavut","2021A000262","Out-migrants","Persons","249","units","0","v509058","15.2","198","","","","0"
"2013-10","Canada","2021A000011124","In-migrants","Persons","249","units","0","v509037","1.1","52761","","","","0"
"2013-10","Canada","2021A000011124","Out-migrants","Persons","249","units","0","v509052","1.2","52761","","","","0"
"2013-10","Newfoundland and Labrador","2021A000210","In-migrants","Persons","249","units","0","v509038","2.1","1220","","","","0"
"2013-10","Newfoundland and Labrador","2021A000210","Out-migrants","Persons","249","units","0","v509053","2.2","978","","","","0"
"2013-10","Prince Edward Island","2021A000211","In-migrants","Persons","249","units","0","v509044","3.1","391","","","","0"
"2013-10","Prince Edward Island","2021A000211","Out-migrants","Persons","249","units","0","v509059","3.2","599","","","","0"
"2013-10","Nova Scotia","2021A000212","In-migrants","Persons","249","units","0","v509045","4.1","2500","","","","0"
"2013-10","Nova Scotia","2021A000212","Out-migrants","Persons","249","units","0","v509060","4.2","2399","","","","0"
"2013-10","New Brunswick","2021A000213","In-migrants","Persons","249","units","0","v509046","5.1","1842","","","","0"
"2013-10","New Brunswick","2021A000213","Out-migrants","Persons","249","units","0","v509061","5.2","2136","","","","0"
"2013-10","Quebec","2021A000224","In-migrants","Persons","249","units","0","v509047","6.1","3614","","","","0"
"2013-10","Quebec","2021A000224","Out-migrants","Persons","249","units","0","v509062","6.2","6280","","","","0"
"2013-10","Ontario","2021A000235","In-migrants","Persons","249","units","0","v509048","7.1","12002","","","","0"
"2013-10","Ontario","2021A000235","Out-migrants","Persons","249","units","0","v509063","7.2","13348","","","","0"
"2013-10","Manitoba","2021A000246","In-migrants","Persons","249","units","0","v509049","8.1","1782","","","","0"
"2013-10","Manitoba","2021A000246","Out-migrants","Persons","249","units","0","v509064","8.2","3194","","","","0"
"2013-10","Saskatchewan","2021A000247","In-migrants","Persons","249","units","0","v509050","9.1","3131","","","","0"
"2013-10","Saskatchewan","2021A000247","Out-migrants","Persons","249","units","0","v509065","9.2","3570","","","","0"
"2013-10","Alberta","2021A000248","In-migrants","Persons","249","units","0","v509051","10.1","16387","","","","0"
"2013-10","Alberta","2021A000248","Out-migrants","Persons","249","units","0","v509066","10.2","10900","","","","0"
"2013-10","British Columbia","2021A000259","In-migrants","Persons","249","units","0","v509039","11.1","9362","","","","0"
"2013-10","British Columbia","2021A000259","Out-migrants","Persons","249","units","0","v509054","11.2","8555","","","","0"
"2013-10","Yukon","2021A000260","In-migrants","Persons","249","units","0","v509040","12.1","174","","","","0"
"2013-10","Yukon","2021A000260","Out-migrants","Persons","249","units","0","v509055","12.2","270","","","","0"
"2013-10","Northwest Territories","2021A000261","In-migrants","Persons","249","units","0","v509042","14.1","286","","","","0"
"2013-10","Northwest Territories","2021A000261","Out-migrants","Persons","249","units","0","v509057","14.2","369","","","","0"
"2013-10","Nunavut","2021A000262","In-migrants","Persons","249","units","0","v509043","15.1","70","","","","0"
"2013-10","Nunavut","2021A000262","Out-migrants","Persons","249","units","0","v509058","15.2","163","","","","0"
"2014-01","Canada","2021A000011124","In-migrants","Persons","249","units","0","v509037","1.1","67097","","","","0"
"2014-01","Canada","2021A000011124","Out-migrants","Persons","249","units","0","v509052","1.2","67097","","","","0"
"2014-01","Newfoundland and Labrador","2021A000210","In-migrants","Persons","249","units","0","v509038","2.1","1839","","","","0"
"2014-01","Newfoundland and Labrador","2021A000210","Out-migrants","Persons","249","units","0","v509053","2.2","2098","","","","0"
"2014-01","Prince Edward Island","2021A000211","In-migrants","Persons","249","units","0","v509044","3.1","478","","","","0"
"2014-01","Prince Edward Island","2021A000211","Out-migrants","Persons","249","units","0","v509059","3.2","718","","","","0"
"2014-01","Nova Scotia","2021A000212","In-migrants","Persons","249","units","0","v509045","4.1","3259","","","","0"
"2014-01","Nova Scotia","2021A000212","Out-migrants","Persons","249","units","0","v509060","4.2","4227","","","","0"
"2014-01","New Brunswick","2021A000213","In-migrants","Persons","249","units","0","v509046","5.1","2328","","","","0"
"2014-01","New Brunswick","2021A000213","Out-migrants","Persons","249","units","0","v509061","5.2","2962","","","","0"
"2014-01","Quebec","2021A000224","In-migrants","Persons","249","units","0","v509047","6.1","3534","","","","0"
"2014-01","Quebec","2021A000224","Out-migrants","Persons","249","units","0","v509062","6.2","5780","","","","0"
"2014-01","Ontario","2021A000235","In-migrants","Persons","249","units","0","v509048","7.1","12726","","","","0"
"2014-01","Ontario","2021A000235","Out-migrants","Persons","249","units","0","v509063","7.2","17067","","","","0"
"2014-01","Manitoba","2021A000246","In-migrants","Persons","249","units","0","v509049","8.1","2367","","","","0"
"2014-01","Manitoba","2021A000246","Out-migrants","Persons","249","units","0","v509064","8.2","4013","","","","0"
"2014-01","Saskatchewan","2021A000247","In-migrants","Persons","249","units","0","v509050","9.1","4499","","","","0"
"2014-01","Saskatchewan","2021A000247","Out-migrants","Persons","249","units","0","v509065","9.2","4728","","","","0"
"2014-01","Alberta","2021A000248","In-migrants","Persons","249","units","0","v509051","10.1","22290","","","","0"
"2014-01","Alberta","2021A000248","Out-migrants","Persons","249","units","0","v509066","10.2","13522","","","","0"
"2014-01","British Columbia","2021A000259","In-migrants","Persons","249","units","0","v509039","11.1","12352","","","","0"
"2014-01","British Columbia","2021A000259","Out-migrants","Persons","249","units","0","v509054","11.2","10629","","","","0"
"2014-01","Yukon","2021A000260","In-migrants","Persons","249","units","0","v509040","12.1","488","","","","0"
"2014-01","Yukon","2021A000260","Out-migrants","Persons","249","units","0","v509055","12.2","326","","","","0"
"2014-01","Northwest Territories","2021A000261","In-migrants","Persons","249","units","0","v509042","14.1","666","","","","0"
"2014-01","Northwest Territories","2021A000261","Out-migrants","Persons","249","units","0","v509057","14.2","806","","","","0"
"2014-01","Nunavut","2021A000262","In-migrants","Persons","249","units","0","v509043","15.1","271","","","","0"
"2014-01","Nunavut","2021A000262","Out-migrants","Persons","249","units","0","v509058","15.2","221","","","","0"
"2014-04","Canada","2021A000011124","In-migrants","Persons","249","units","0","v509037","1.1","102756","","","","0"
"2014-04","Canada","2021A000011124","Out-migrants","Persons","249","units","0","v509052","1.2","102756","","","","0"
"2014-04","Newfoundland and Labrador","2021A000210","In-migrants","Persons","249","units","0","v509038","2.1","2923","","","","0"
"2014-04","Newfoundland and Labrador","2021A000210","Out-migrants","Persons","249","units","0","v509053","2.2","2617","","","","0"
"2014-04","Prince Edward Island","2021A000211","In-migrants","Persons","249","units","0","v509044","3.1","809","","","","0"
"2014-04","Prince Edward Island","2021A000211","Out-migrants","Persons","249","units","0","v509059","3.2","1022","","","","0"
"2014-04","Nova Scotia","2021A000212","In-migrants","Persons","249","units","0","v509045","4.1","5229","","","","0"
"2014-04","Nova Scotia","2021A000212","Out-migrants","Persons","249","units","0","v509060","4.2","5619","","","","0"
"2014-04","New Brunswick","2021A000213","In-migrants","Persons","249","units","0","v509046","5.1","3240","","","","0"
"2014-04","New Brunswick","2021A000213","Out-migrants","Persons","249","units","0","v509061","5.2","4500","","","","0"
"2014-04","Quebec","2021A000224","In-migrants","Persons","249","units","0","v509047","6.1","5816","","","","0"
"2014-04","Quebec","2021A000224","Out-migrants","Persons","249","units","0","v509062","6.2","10480","","","","0"
"2014-04","Ontario","2021A000235","In-migrants","Persons","249","units","0","v509048","7.1","20079","","","","0"
"2014-04","Ontario","2021A000235","Out-migrants","Persons","249","units","0","v509063","7.2","26894","","","","0"
"2014-04","Manitoba","2021A000246","In-migrants","Persons","249","units","0","v509049","8.1","3551","","","","0"
"2014-04","Manitoba","2021A000246","Out-migrants","Persons","249","units","0","v509064","8.2","5634","","","","0"
"2014-04","Saskatchewan","2021A000247","In-migrants","Persons","249","units","0","v509050","9.1","6229","","","","0"
"2014-04","Saskatchewan","2021A000247","Out-migrants","Persons","249","units","0","v509065","9.2","7324","","","","0"
"2014-04","Alberta","2021A000248","In-migrants","Persons","249","units","0","v509051","10.1","31613","","","","0"
"2014-04","Alberta","2021A000248","Out-migrants","Persons","249","units","0","v509066","10.2","20720","","","","0"
"2014-04","British Columbia","2021A000259","In-migrants","Persons","249","units","0","v509039","11.1","21302","","","","0"
"2014-04","British Columbia","2021A000259","Out-migrants","Persons","249","units","0","v509054","11.2","16179","","","","0"
"2014-04","Yukon","2021A000260","In-migrants","Persons","249","units","0","v509040","12.1","688","","","","0"
"2014-04","Yukon","2021A000260","Out-migrants","Persons","249","units","0","v509055","12.2","448","","","","0"
"2014-04","Northwest Territories","2021A000261","In-migrants","Persons","249","units","0","v509042","14.1","835","","","","0"
"2014-04","Northwest Territories","2021A000261","Out-migrants","Persons","249","units","0","v509057","14.2","873","","","","0"
"2014-04","Nunavut","2021A000262","In-migrants","Persons","249","units","0","v509043","15.1","442","","","","0"
"2014-04","Nunavut","2021A000262","Out-migrants","Persons","249","units","0","v509058","15.2","446","","","","0"
"2014-07","Canada","2021A000011124","In-migrants","Persons","249","units","0","v509037","1.1","79966","","","","0"
"2014-07","Canada","2021A000011124","Out-migrants","Persons","249","units","0","v509052","1.2","79966","","","","0"
"2014-07","Newfoundland and Labrador","2021A000210","In-migrants","Persons","249","units","0","v509038","2.1","1619","","","","0"
"2014-07","Newfoundland and Labrador","2021A000210","Out-migrants","Persons","249","units","0","v509053","2.2","1866","","","","0"
"2014-07","Prince Edward Island","2021A000211","In-migrants","Persons","249","units","0","v509044","3.1","558","","","","0"
"2014-07","Prince Edward Island","2021A000211","Out-migrants","Persons","249","units","0","v509059","3.2","855","","","","0"
"2014-07","Nova Scotia","2021A000212","In-migrants","Persons","249","units","0","v509045","4.1","3927","","","","0"
"2014-07","Nova Scotia","2021A000212","Out-migrants","Persons","249","units","0","v509060","4.2","4461","","","","0"
"2014-07","New Brunswick","2021A000213","In-migrants","Persons","249","units","0","v509046","5.1","2570","","","","0"
"2014-07","New Brunswick","2021A000213","Out-migrants","Persons","249","units","0","v509061","5.2","3658","","","","0"
"2014-07","Quebec","2021A000224","In-migrants","Persons","249","units","0","v509047","6.1","5394","","","","0"
"2014-07","Quebec","2021A000224","Out-migrants","Persons","249","units","0","v509062","6.2","10846","","","","0"
"2014-07","Ontario","2021A000235","In-migrants","Persons","249","units","0","v509048","7.1","19289","","","","0"
"2014-07","Ontario","2021A000235","Out-migrants","Persons","249","units","0","v509063","7.2","20588","","","","0"
"2014-07","Manitoba","2021A000246","In-migrants","Persons","249","units","0","v509049","8.1","2651","","","","0"
"2014-07","Manitoba","2021A000246","Out-migrants","Persons","249","units","0","v509064","8.2","4785","","","","0"
"2014-07","Saskatchewan","2021A000247","In-migrants","Persons","249","units","0","v509050","9.1","4318","","","","0"
"2014-07","Saskatchewan","2021A000247","Out-migrants","Persons","249","units","0","v509065","9.2","5219","","","","0"
"2014-07","Alberta","2021A000248","In-migrants","Persons","249","units","0","v509051","10.1","22189","","","","0"
"2014-07","Alberta","2021A000248","Out-migrants","Persons","249","units","0","v509066","10.2","15803","","","","0"
"2014-07","British Columbia","2021A000259","In-migrants","Persons","249","units","0","v509039","11.1","16558","","","","0"
"2014-07","British Columbia","2021A000259","Out-migrants","Persons","249","units","0","v509054","11.2","10964","","","","0"
"2014-07","Yukon","2021A000260","In-migrants","Persons","249","units","0","v509040","12.1","303","","","","0"
"2014-07","Yukon","2021A000260","Out-migrants","Persons","249","units","0","v509055","12.2","296","","","","0"
"2014-07","Northwest Territories","2021A000261","In-migrants","Persons","249","units","0","v509042","14.1","463","","","","0"
"2014-07","Northwest Territories","2021A000261","Out-migrants","Persons","249","units","0","v509057","14.2","431","","","","0"
"2014-07","Nunavut","2021A000262","In-migrants","Persons","249","units","0","v509043","15.1","127","","","","0"
"2014-07","Nunavut","2021A000262","Out-migrants","Persons","249","units","0","v509058","15.2","194","","","","0"
"2014-10","Canada","2021A000011124","In-migrants","Persons","249","units","0","v509037","1.1","51170","","","","0"
"2014-10","Canada","2021A000011124","Out-migrants","Persons","249","units","0","v509052","1.2","51170","","","","0"
"2014-10","Newfoundland and Labrador","2021A000210","In-migrants","Persons","249","units","0","v509038","2.1","1155","","","","0"
"2014-10","Newfoundland and Labrador","2021A000210","Out-migrants","Persons","249","units","0","v509053","2.2","1001","","","","0"
"2014-10","Prince Edward Island","2021A000211","In-migrants","Persons","249","units","0","v509044","3.1","357","","","","0"
"2014-10","Prince Edward Island","2021A000211","Out-migrants","Persons","249","units","0","v509059","3.2","506","","","","0"
"2014-10","Nova Scotia","2021A000212","In-migrants","Persons","249","units","0","v509045","4.1","2153","","","","0"
"2014-10","Nova Scotia","2021A000212","Out-migrants","Persons","249","units","0","v509060","4.2","2499","","","","0"
"2014-10","New Brunswick","2021A000213","In-migrants","Persons","249","units","0","v509046","5.1","1681","","","","0"
"2014-10","New Brunswick","2021A000213","Out-migrants","Persons","249","units","0","v509061","5.2","1939","","","","0"
"2014-10","Quebec","2021A000224","In-migrants","Persons","249","units","0","v509047","6.1","3648","","","","0"
"2014-10","Quebec","2021A000224","Out-migrants","Persons","249","units","0","v509062","6.2","5789","","","","0"
"2014-10","Ontario","2021A000235","In-migrants","Persons","249","units","0","v509048","7.1","11332","","","","0"
"2014-10","Ontario","2021A000235","Out-migrants","Persons","249","units","0","v509063","7.2","13518","","","","0"
"2014-10","Manitoba","2021A000246","In-migrants","Persons","249","units","0","v509049","8.1","1726","","","","0"
"2014-10","Manitoba","2021A000246","Out-migrants","Persons","249","units","0","v509064","8.2","2747","","","","0"
"2014-10","Saskatchewan","2021A000247","In-migrants","Persons","249","units","0","v509050","9.1","3109","","","","0"
"2014-10","Saskatchewan","2021A000247","Out-migrants","Persons","249","units","0","v509065","9.2","3436","","","","0"
"2014-10","Alberta","2021A000248","In-migrants","Persons","249","units","0","v509051","10.1","14650","","","","0"
"2014-10","Alberta","2021A000248","Out-migrants","Persons","249","units","0","v509066","10.2","11574","","","","0"
"2014-10","British Columbia","2021A000259","In-migrants","Persons","249","units","0","v509039","11.1","10820","","","","0"
"2014-10","British Columbia","2021A000259","Out-migrants","Persons","249","units","0","v509054","11.2","7401","","","","0"
"2014-10","Yukon","2021A000260","In-migrants","Persons","249","units","0","v509040","12.1","145","","","","0"
"2014-10","Yukon","2021A000260","Out-migrants","Persons","249","units","0","v509055","12.2","287","","","","0"
"2014-10","Northwest Territories","2021A000261","In-migrants","Persons","249","units","0","v509042","14.1","295","","","","0"
"2014-10","Northwest Territories","2021A000261","Out-migrants","Persons","249","units","0","v509057","14.2","342","","","","0"
"2014-10","Nunavut","2021A000262","In-migrants","Persons","249","units","0","v509043","15.1","99","","","","0"
"2014-10","Nunavut","2021A000262","Out-migrants","Persons","249","units","0","v509058","15.2","131","","","","0"
"2015-01","Canada","2021A000011124","In-migrants","Persons","249","units","0","v509037","1.1","74452","","","","0"
"2015-01","Canada","2021A000011124","Out-migrants","Persons","249","units","0","v509052","1.2","74452","","","","0"
"2015-01","Newfoundland and Labrador","2021A000210","In-migrants","Persons","249","units","0","v509038","2.1","2241","","","","0"
"2015-01","Newfoundland and Labrador","2021A000210","Out-migrants","Persons","249","units","0","v509053","2.2","1993","","","","0"
"2015-01","Prince Edward Island","2021A000211","In-migrants","Persons","249","units","0","v509044","3.1","694","","","","0"
"2015-01","Prince Edward Island","2021A000211","Out-migrants","Persons","249","units","0","v509059","3.2","805","","","","0"
"2015-01","Nova Scotia","2021A000212","In-migrants","Persons","249","units","0","v509045","4.1","3453","","","","0"
"2015-01","Nova Scotia","2021A000212","Out-migrants","Persons","249","units","0","v509060","4.2","4782","","","","0"
"2015-01","New Brunswick","2021A000213","In-migrants","Persons","249","units","0","v509046","5.1","2801","","","","0"
"2015-01","New Brunswick","2021A000213","Out-migrants","Persons","249","units","0","v509061","5.2","3341","","","","0"
"2015-01","Quebec","2021A000224","In-migrants","Persons","249","units","0","v509047","6.1","3885","","","","0"
"2015-01","Quebec","2021A000224","Out-migrants","Persons","249","units","0","v509062","6.2","6594","","","","0"
"2015-01","Ontario","2021A000235","In-migrants","Persons","249","units","0","v509048","7.1","15075","","","","0"
"2015-01","Ontario","2021A000235","Out-migrants","Persons","249","units","0","v509063","7.2","18350","","","","0"
"2015-01","Manitoba","2021A000246","In-migrants","Persons","249","units","0","v509049","8.1","2922","","","","0"
"2015-01","Manitoba","2021A000246","Out-migrants","Persons","249","units","0","v509064","8.2","4660","","","","0"
"2015-01","Saskatchewan","2021A000247","In-migrants","Persons","249","units","0","v509050","9.1","4450","","","","0"
"2015-01","Saskatchewan","2021A000247","Out-migrants","Persons","249","units","0","v509065","9.2","5886","","","","0"
"2015-01","Alberta","2021A000248","In-migrants","Persons","249","units","0","v509051","10.1","22849","","","","0"
"2015-01","Alberta","2021A000248","Out-migrants","Persons","249","units","0","v509066","10.2","16367","","","","0"
"2015-01","British Columbia","2021A000259","In-migrants","Persons","249","units","0","v509039","11.1","15016","","","","0"
"2015-01","British Columbia","2021A000259","Out-migrants","Persons","249","units","0","v509054","11.2","10524","","","","0"
"2015-01","Yukon","2021A000260","In-migrants","Persons","249","units","0","v509040","12.1","312","","","","0"
"2015-01","Yukon","2021A000260","Out-migrants","Persons","249","units","0","v509055","12.2","225","","","","0"
"2015-01","Northwest Territories","2021A000261","In-migrants","Persons","249","units","0","v509042","14.1","565","","","","0"
"2015-01","Northwest Territories","2021A000261","Out-migrants","Persons","249","units","0","v509057","14.2","636","","","","0"
"2015-01","Nunavut","2021A000262","In-migrants","Persons","249","units","0","v509043","15.1","189","","","","0"
"2015-01","Nunavut","2021A000262","Out-migrants","Persons","249","units","0","v509058","15.2","289","","","","0"
"2015-04","Canada","2021A000011124","In-migrants","Persons","249","units","0","v509037","1.1","108765","","","","0"
"2015-04","Canada","2021A000011124","Out-migrants","Persons","249","units","0","v509052","1.2","108765","","","","0"
"2015-04","Newfoundland and Labrador","2021A000210","In-migrants","Persons","249","units","0","v509038","2.1","2772","","","","0"
"2015-04","Newfoundland and Labrador","2021A000210","Out-migrants","Persons","249","units","0","v509053","2.2","2766","","","","0"
"2015-04","Prince Edward Island","2021A000211","In-migrants","Persons","249","units","0","v509044","3.1","1077","","","","0"
"2015-04","Prince Edward Island","2021A000211","Out-migrants","Persons","249","units","0","v509059","3.2","1202","","","","0"
"2015-04","Nova Scotia","2021A000212","In-migrants","Persons","249","units","0","v509045","4.1","5948","","","","0"
"2015-04","Nova Scotia","2021A000212","Out-migrants","Persons","249","units","0","v509060","4.2","6050","","","","0"
"2015-04","New Brunswick","2021A000213","In-migrants","Persons","249","units","0","v509046","5.1","3271","","","","0"
"2015-04","New Brunswick","2021A000213","Out-migrants","Persons","249","units","0","v509061","5.2","4175","","","","0"
"2015-04","Quebec","2021A000224","In-migrants","Persons","249","units","0","v509047","6.1","6118","","","","0"
"2015-04","Quebec","2021A000224","Out-migrants","Persons","249","units","0","v509062","6.2","11958","","","","0"
"2015-04","Ontario","2021A000235","In-migrants","Persons","249","units","0","v509048","7.1","24225","","","","0"
"2015-04","Ontario","2021A000235","Out-migrants","Persons","249","units","0","v509063","7.2","26160","","","","0"
"2015-04","Manitoba","2021A000246","In-migrants","Persons","249","units","0","v509049","8.1","4364","","","","0"
"2015-04","Manitoba","2021A000246","Out-migrants","Persons","249","units","0","v509064","8.2","6149","","","","0"
"2015-04","Saskatchewan","2021A000247","In-migrants","Persons","249","units","0","v509050","9.1","6199","","","","0"
"2015-04","Saskatchewan","2021A000247","Out-migrants","Persons","249","units","0","v509065","9.2","8063","","","","0"
"2015-04","Alberta","2021A000248","In-migrants","Persons","249","units","0","v509051","10.1","29786","","","","0"
"2015-04","Alberta","2021A000248","Out-migrants","Persons","249","units","0","v509066","10.2","24136","","","","0"
"2015-04","British Columbia","2021A000259","In-migrants","Persons","249","units","0","v509039","11.1","23313","","","","0"
"2015-04","British Columbia","2021A000259","Out-migrants","Persons","249","units","0","v509054","11.2","16439","","","","0"
"2015-04","Yukon","2021A000260","In-migrants","Persons","249","units","0","v509040","12.1","663","","","","0"
"2015-04","Yukon","2021A000260","Out-migrants","Persons","249","units","0","v509055","12.2","528","","","","0"
"2015-04","Northwest Territories","2021A000261","In-migrants","Persons","249","units","0","v509042","14.1","594","","","","0"
"2015-04","Northwest Territories","2021A000261","Out-migrants","Persons","249","units","0","v509057","14.2","731","","","","0"
"2015-04","Nunavut","2021A000262","In-migrants","Persons","249","units","0","v509043","15.1","435","","","","0"
"2015-04","Nunavut","2021A000262","Out-migrants","Persons","249","units","0","v509058","15.2","408","","","","0"
"2015-07","Canada","2021A000011124","In-migrants","Persons","249","units","0","v509037","1.1","87901","","","","0"
"2015-07","Canada","2021A000011124","Out-migrants","Persons","249","units","0","v509052","1.2","87901","","","","0"
"2015-07","Newfoundland and Labrador","2021A000210","In-migrants","Persons","249","units","0","v509038","2.1","1871","","","","0"
"2015-07","Newfoundland and Labrador","2021A000210","Out-migrants","Persons","249","units","0","v509053","2.2","1811","","","","0"
"2015-07","Prince Edward Island","2021A000211","In-migrants","Persons","249","units","0","v509044","3.1","680","","","","0"
"2015-07","Prince Edward Island","2021A000211","Out-migrants","Persons","249","units","0","v509059","3.2","774","","","","0"
"2015-07","Nova Scotia","2021A000212","In-migrants","Persons","249","units","0","v509045","4.1","4564","","","","0"
"2015-07","Nova Scotia","2021A000212","Out-migrants","Persons","249","units","0","v509060","4.2","4701","","","","0"
"2015-07","New Brunswick","2021A000213","In-migrants","Persons","249","units","0","v509046","5.1","3120","","","","0"
"2015-07","New Brunswick","2021A000213","Out-migrants","Persons","249","units","0","v509061","5.2","3723","","","","0"
"2015-07","Quebec","2021A000224","In-migrants","Persons","249","units","0","v509047","6.1","6830","","","","0"
"2015-07","Quebec","2021A000224","Out-migrants","Persons","249","units","0","v509062","6.2","10410","","","","0"
"2015-07","Ontario","2021A000235","In-migrants","Persons","249","units","0","v509048","7.1","23363","","","","0"
"2015-07","Ontario","2021A000235","Out-migrants","Persons","249","units","0","v509063","7.2","21452","","","","0"
"2015-07","Manitoba","2021A000246","In-migrants","Persons","249","units","0","v509049","8.1","3523","","","","0"
"2015-07","Manitoba","2021A000246","Out-migrants","Persons","249","units","0","v509064","8.2","5166","","","","0"
"2015-07","Saskatchewan","2021A000247","In-migrants","Persons","249","units","0","v509050","9.1","4777","","","","0"
"2015-07","Saskatchewan","2021A000247","Out-migrants","Persons","249","units","0","v509065","9.2","5692","","","","0"
"2015-07","Alberta","2021A000248","In-migrants","Persons","249","units","0","v509051","10.1","19080","","","","0"
"2015-07","Alberta","2021A000248","Out-migrants","Persons","249","units","0","v509066","10.2","21077","","","","0"
"2015-07","British Columbia","2021A000259","In-migrants","Persons","249","units","0","v509039","11.1","19017","","","","0"
"2015-07","British Columbia","2021A000259","Out-migrants","Persons","249","units","0","v509054","11.2","11834","","","","0"
"2015-07","Yukon","2021A000260","In-migrants","Persons","249","units","0","v509040","12.1","348","","","","0"
"2015-07","Yukon","2021A000260","Out-migrants","Persons","249","units","0","v509055","12.2","433","","","","0"
"2015-07","Northwest Territories","2021A000261","In-migrants","Persons","249","units","0","v509042","14.1","581","","","","0"
"2015-07","Northwest Territories","2021A000261","Out-migrants","Persons","249","units","0","v509057","14.2","576","","","","0"
"2015-07","Nunavut","2021A000262","In-migrants","Persons","249","units","0","v509043","15.1","147","","","","0"
"2015-07","Nunavut","2021A000262","Out-migrants","Persons","249","units","0","v509058","15.2","252","","","","0"
"2015-10","Canada","2021A000011124","In-migrants","Persons","249","units","0","v509037","1.1","47708","","","","0"
"2015-10","Canada","2021A000011124","Out-migrants","Persons","249","units","0","v509052","1.2","47708","","","","0"
"2015-10","Newfoundland and Labrador","2021A000210","In-migrants","Persons","249","units","0","v509038","2.1","1091","","","","0"
"2015-10","Newfoundland and Labrador","2021A000210","Out-migrants","Persons","249","units","0","v509053","2.2","1036","","","","0"
"2015-10","Prince Edward Island","2021A000211","In-migrants","Persons","249","units","0","v509044","3.1","492","","","","0"
"2015-10","Prince Edward Island","2021A000211","Out-migrants","Persons","249","units","0","v509059","3.2","500","","","","0"
"2015-10","Nova Scotia","2021A000212","In-migrants","Persons","249","units","0","v509045","4.1","2660","","","","0"
"2015-10","Nova Scotia","2021A000212","Out-migrants","Persons","249","units","0","v509060","4.2","2225","","","","0"
"2015-10","New Brunswick","2021A000213","In-migrants","Persons","249","units","0","v509046","5.1","1749","","","","0"
"2015-10","New Brunswick","2021A000213","Out-migrants","Persons","249","units","0","v509061","5.2","1677","","","","0"
"2015-10","Quebec","2021A000224","In-migrants","Persons","249","units","0","v509047","6.1","3217","","","","0"
"2015-10","Quebec","2021A000224","Out-migrants","Persons","249","units","0","v509062","6.2","5288","","","","0"
"2015-10","Ontario","2021A000235","In-migrants","Persons","249","units","0","v509048","7.1","11738","","","","0"
"2015-10","Ontario","2021A000235","Out-migrants","Persons","249","units","0","v509063","7.2","10412","","","","0"
"2015-10","Manitoba","2021A000246","In-migrants","Persons","249","units","0","v509049","8.1","1965","","","","0"
"2015-10","Manitoba","2021A000246","Out-migrants","Persons","249","units","0","v509064","8.2","2658","","","","0"
"2015-10","Saskatchewan","2021A000247","In-migrants","Persons","249","units","0","v509050","9.1","2996","","","","0"
"2015-10","Saskatchewan","2021A000247","Out-migrants","Persons","249","units","0","v509065","9.2","3531","","","","0"
"2015-10","Alberta","2021A000248","In-migrants","Persons","249","units","0","v509051","10.1","10187","","","","0"
"2015-10","Alberta","2021A000248","Out-migrants","Persons","249","units","0","v509066","10.2","12898","","","","0"
"2015-10","British Columbia","2021A000259","In-migrants","Persons","249","units","0","v509039","11.1","11029","","","","0"
"2015-10","British Columbia","2021A000259","Out-migrants","Persons","249","units","0","v509054","11.2","6751","","","","0"
"2015-10","Yukon","2021A000260","In-migrants","Persons","249","units","0","v509040","12.1","153","","","","0"
"2015-10","Yukon","2021A000260","Out-migrants","Persons","249","units","0","v509055","12.2","189","","","","0"
"2015-10","Northwest Territories","2021A000261","In-migrants","Persons","249","units","0","v509042","14.1","307","","","","0"
"2015-10","Northwest Territories","2021A000261","Out-migrants","Persons","249","units","0","v509057","14.2","379","","","","0"
"2015-10","Nunavut","2021A000262","In-migrants","Persons","249","units","0","v509043","15.1","124","","","","0"
"2015-10","Nunavut","2021A000262","Out-migrants","Persons","249","units","0","v509058","15.2","164","","","","0"
"2016-01","Canada","2021A000011124","In-migrants","Persons","249","units","0","v509037","1.1","70384","","","","0"
"2016-01","Canada","2021A000011124","Out-migrants","Persons","249","units","0","v509052","1.2","70384","","","","0"
"2016-01","Newfoundland and Labrador","2021A000210","In-migrants","Persons","249","units","0","v509038","2.1","2102","","","","0"
"2016-01","Newfoundland and Labrador","2021A000210","Out-migrants","Persons","249","units","0","v509053","2.2","1942","","","","0"
"2016-01","Prince Edward Island","2021A000211","In-migrants","Persons","249","units","0","v509044","3.1","747","","","","0"
"2016-01","Prince Edward Island","2021A000211","Out-migrants","Persons","249","units","0","v509059","3.2","607","","","","0"
"2016-01","Nova Scotia","2021A000212","In-migrants","Persons","249","units","0","v509045","4.1","4019","","","","0"
"2016-01","Nova Scotia","2021A000212","Out-migrants","Persons","249","units","0","v509060","4.2","3967","","","","0"
"2016-01","New Brunswick","2021A000213","In-migrants","Persons","249","units","0","v509046","5.1","2872","","","","0"
"2016-01","New Brunswick","2021A000213","Out-migrants","Persons","249","units","0","v509061","5.2","2823","","","","0"
"2016-01","Quebec","2021A000224","In-migrants","Persons","249","units","0","v509047","6.1","4431","","","","0"
"2016-01","Quebec","2021A000224","Out-migrants","Persons","249","units","0","v509062","6.2","5679","","","","0"
"2016-01","Ontario","2021A000235","In-migrants","Persons","249","units","0","v509048","7.1","16649","","","","0"
"2016-01","Ontario","2021A000235","Out-migrants","Persons","249","units","0","v509063","7.2","15038","","","","0"
"2016-01","Manitoba","2021A000246","In-migrants","Persons","249","units","0","v509049","8.1","3166","","","","0"
"2016-01","Manitoba","2021A000246","Out-migrants","Persons","249","units","0","v509064","8.2","4054","","","","0"
"2016-01","Saskatchewan","2021A000247","In-migrants","Persons","249","units","0","v509050","9.1","4259","","","","0"
"2016-01","Saskatchewan","2021A000247","Out-migrants","Persons","249","units","0","v509065","9.2","5700","","","","0"
"2016-01","Alberta","2021A000248","In-migrants","Persons","249","units","0","v509051","10.1","15118","","","","0"
"2016-01","Alberta","2021A000248","Out-migrants","Persons","249","units","0","v509066","10.2","19508","","","","0"
"2016-01","British Columbia","2021A000259","In-migrants","Persons","249","units","0","v509039","11.1","15673","","","","0"
"2016-01","British Columbia","2021A000259","Out-migrants","Persons","249","units","0","v509054","11.2","9734","","","","0"
"2016-01","Yukon","2021A000260","In-migrants","Persons","249","units","0","v509040","12.1","453","","","","0"
"2016-01","Yukon","2021A000260","Out-migrants","Persons","249","units","0","v509055","12.2","350","","","","0"
"2016-01","Northwest Territories","2021A000261","In-migrants","Persons","249","units","0","v509042","14.1","555","","","","0"
"2016-01","Northwest Territories","2021A000261","Out-migrants","Persons","249","units","0","v509057","14.2","601","","","","0"
"2016-01","Nunavut","2021A000262","In-migrants","Persons","249","units","0","v509043","15.1","340","","","","0"
"2016-01","Nunavut","2021A000262","Out-migrants","Persons","249","units","0","v509058","15.2","381","","","","0"
"2016-04","Canada","2021A000011124","In-migrants","Persons","249","units","0","v509037","1.1","98130","","","","0"
"2016-04","Canada","2021A000011124","Out-migrants","Persons","249","units","0","v509052","1.2","98130","","","","0"
"2016-04","Newfoundland and Labrador","2021A000210","In-migrants","Persons","249","units","0","v509038","2.1","2397","","","","0"
"2016-04","Newfoundland and Labrador","2021A000210","Out-migrants","Persons","249","units","0","v509053","2.2","2440","","","","0"
"2016-04","Prince Edward Island","2021A000211","In-migrants","Persons","249","units","0","v509044","3.1","1145","","","","0"
"2016-04","Prince Edward Island","2021A000211","Out-migrants","Persons","249","units","0","v509059","3.2","1153","","","","0"
"2016-04","Nova Scotia","2021A000212","In-migrants","Persons","249","units","0","v509045","4.1","5440","","","","0"
"2016-04","Nova Scotia","2021A000212","Out-migrants","Persons","249","units","0","v509060","4.2","5036","","","","0"
"2016-04","New Brunswick","2021A000213","In-migrants","Persons","249","units","0","v509046","5.1","3237","","","","0"
"2016-04","New Brunswick","2021A000213","Out-migrants","Persons","249","units","0","v509061","5.2","3868","","","","0"
"2016-04","Quebec","2021A000224","In-migrants","Persons","249","units","0","v509047","6.1","6697","","","","0"
"2016-04","Quebec","2021A000224","Out-migrants","Persons","249","units","0","v509062","6.2","10916","","","","0"
"2016-04","Ontario","2021A000235","In-migrants","Persons","249","units","0","v509048","7.1","26128","","","","0"
"2016-04","Ontario","2021A000235","Out-migrants","Persons","249","units","0","v509063","7.2","21899","","","","0"
"2016-04","Manitoba","2021A000246","In-migrants","Persons","249","units","0","v509049","8.1","3824","","","","0"
"2016-04","Manitoba","2021A000246","Out-migrants","Persons","249","units","0","v509064","8.2","5481","","","","0"
"2016-04","Saskatchewan","2021A000247","In-migrants","Persons","249","units","0","v509050","9.1","5369","","","","0"
"2016-04","Saskatchewan","2021A000247","Out-migrants","Persons","249","units","0","v509065","9.2","6750","","","","0"
"2016-04","Alberta","2021A000248","In-migrants","Persons","249","units","0","v509051","10.1","19513","","","","0"
"2016-04","Alberta","2021A000248","Out-migrants","Persons","249","units","0","v509066","10.2","25523","","","","0"
"2016-04","British Columbia","2021A000259","In-migrants","Persons","249","units","0","v509039","11.1","22690","","","","0"
"2016-04","British Columbia","2021A000259","Out-migrants","Persons","249","units","0","v509054","11.2","13517","","","","0"
"2016-04","Yukon","2021A000260","In-migrants","Persons","249","units","0","v509040","12.1","688","","","","0"
"2016-04","Yukon","2021A000260","Out-migrants","Persons","249","units","0","v509055","12.2","394","","","","0"
"2016-04","Northwest Territories","2021A000261","In-migrants","Persons","249","units","0","v509042","14.1","641","","","","0"
"2016-04","Northwest Territories","2021A000261","Out-migrants","Persons","249","units","0","v509057","14.2","778","","","","0"
"2016-04","Nunavut","2021A000262","In-migrants","Persons","249","units","0","v509043","15.1","361","","","","0"
"2016-04","Nunavut","2021A000262","Out-migrants","Persons","249","units","0","v509058","15.2","375","","","","0"
"2016-07","Canada","2021A000011124","In-migrants","Persons","249","units","0","v509037","1.1","83965","","","","0"
"2016-07","Canada","2021A000011124","Out-migrants","Persons","249","units","0","v509052","1.2","83965","","","","0"
"2016-07","Newfoundland and Labrador","2021A000210","In-migrants","Persons","249","units","0","v509038","2.1","1445","","","","0"
"2016-07","Newfoundland and Labrador","2021A000210","Out-migrants","Persons","249","units","0","v509053","2.2","1965","","","","0"
"2016-07","Prince Edward Island","2021A000211","In-migrants","Persons","249","units","0","v509044","3.1","734","","","","0"
"2016-07","Prince Edward Island","2021A000211","Out-migrants","Persons","249","units","0","v509059","3.2","927","","","","0"
"2016-07","Nova Scotia","2021A000212","In-migrants","Persons","249","units","0","v509045","4.1","4779","","","","0"
"2016-07","Nova Scotia","2021A000212","Out-migrants","Persons","249","units","0","v509060","4.2","4214","","","","0"
"2016-07","New Brunswick","2021A000213","In-migrants","Persons","249","units","0","v509046","5.1","3367","","","","0"
"2016-07","New Brunswick","2021A000213","Out-migrants","Persons","249","units","0","v509061","5.2","3304","","","","0"
"2016-07","Quebec","2021A000224","In-migrants","Persons","249","units","0","v509047","6.1","6701","","","","0"
"2016-07","Quebec","2021A000224","Out-migrants","Persons","249","units","0","v509062","6.2","10247","","","","0"
"2016-07","Ontario","2021A000235","In-migrants","Persons","249","units","0","v509048","7.1","25564","","","","0"
"2016-07","Ontario","2021A000235","Out-migrants","Persons","249","units","0","v509063","7.2","17913","","","","0"
"2016-07","Manitoba","2021A000246","In-migrants","Persons","249","units","0","v509049","8.1","2909","","","","0"
"2016-07","Manitoba","2021A000246","Out-migrants","Persons","249","units","0","v509064","8.2","5204","","","","0"
"2016-07","Saskatchewan","2021A000247","In-migrants","Persons","249","units","0","v509050","9.1","4018","","","","0"
"2016-07","Saskatchewan","2021A000247","Out-migrants","Persons","249","units","0","v509065","9.2","5648","","","","0"
"2016-07","Alberta","2021A000248","In-migrants","Persons","249","units","0","v509051","10.1","16345","","","","0"
"2016-07","Alberta","2021A000248","Out-migrants","Persons","249","units","0","v509066","10.2","20911","","","","0"
"2016-07","British Columbia","2021A000259","In-migrants","Persons","249","units","0","v509039","11.1","17202","","","","0"
"2016-07","British Columbia","2021A000259","Out-migrants","Persons","249","units","0","v509054","11.2","12445","","","","0"
"2016-07","Yukon","2021A000260","In-migrants","Persons","249","units","0","v509040","12.1","375","","","","0"
"2016-07","Yukon","2021A000260","Out-migrants","Persons","249","units","0","v509055","12.2","289","","","","0"
"2016-07","Northwest Territories","2021A000261","In-migrants","Persons","249","units","0","v509042","14.1","398","","","","0"
"2016-07","Northwest Territories","2021A000261","Out-migrants","Persons","249","units","0","v509057","14.2","656","","","","0"
"2016-07","Nunavut","2021A000262","In-migrants","Persons","249","units","0","v509043","15.1","128","","","","0"
"2016-07","Nunavut","2021A000262","Out-migrants","Persons","249","units","0","v509058","15.2","242","","","","0"
"2016-10","Canada","2021A000011124","In-migrants","Persons","249","units","0","v509037","1.1","43017","","","","0"
"2016-10","Canada","2021A000011124","Out-migrants","Persons","249","units","0","v509052","1.2","43017","","","","0"
"2016-10","Newfoundland and Labrador","2021A000210","In-migrants","Persons","249","units","0","v509038","2.1","883","","","","0"
"2016-10","Newfoundland and Labrador","2021A000210","Out-migrants","Persons","249","units","0","v509053","2.2","946","","","","0"
"2016-10","Prince Edward Island","2021A000211","In-migrants","Persons","249","units","0","v509044","3.1","432","","","","0"
"2016-10","Prince Edward Island","2021A000211","Out-migrants","Persons","249","units","0","v509059","3.2","331","","","","0"
"2016-10","Nova Scotia","2021A000212","In-migrants","Persons","249","units","0","v509045","4.1","2136","","","","0"
"2016-10","Nova Scotia","2021A000212","Out-migrants","Persons","249","units","0","v509060","4.2","1881","","","","0"
"2016-10","New Brunswick","2021A000213","In-migrants","Persons","249","units","0","v509046","5.1","1383","","","","0"
"2016-10","New Brunswick","2021A000213","Out-migrants","Persons","249","units","0","v509061","5.2","1594","","","","0"
"2016-10","Quebec","2021A000224","In-migrants","Persons","249","units","0","v509047","6.1","3009","","","","0"
"2016-10","Quebec","2021A000224","Out-migrants","Persons","249","units","0","v509062","6.2","4588","","","","0"
"2016-10","Ontario","2021A000235","In-migrants","Persons","249","units","0","v509048","7.1","11650","","","","0"
"2016-10","Ontario","2021A000235","Out-migrants","Persons","249","units","0","v509063","7.2","9401","","","","0"
"2016-10","Manitoba","2021A000246","In-migrants","Persons","249","units","0","v509049","8.1","1920","","","","0"
"2016-10","Manitoba","2021A000246","Out-migrants","Persons","249","units","0","v509064","8.2","2498","","","","0"
"2016-10","Saskatchewan","2021A000247","In-migrants","Persons","249","units","0","v509050","9.1","2422","","","","0"
"2016-10","Saskatchewan","2021A000247","Out-migrants","Persons","249","units","0","v509065","9.2","3402","","","","0"
"2016-10","Alberta","2021A000248","In-migrants","Persons","249","units","0","v509051","10.1","8889","","","","0"
"2016-10","Alberta","2021A000248","Out-migrants","Persons","249","units","0","v509066","10.2","11753","","","","0"
"2016-10","British Columbia","2021A000259","In-migrants","Persons","249","units","0","v509039","11.1","9797","","","","0"
"2016-10","British Columbia","2021A000259","Out-migrants","Persons","249","units","0","v509054","11.2","6077","","","","0"
"2016-10","Yukon","2021A000260","In-migrants","Persons","249","units","0","v509040","12.1","220","","","","0"
"2016-10","Yukon","2021A000260","Out-migrants","Persons","249","units","0","v509055","12.2","177","","","","0"
"2016-10","Northwest Territories","2021A000261","In-migrants","Persons","249","units","0","v509042","14.1","200","","","","0"
"2016-10","Northwest Territories","2021A000261","Out-migrants","Persons","249","units","0","v509057","14.2","265","","","","0"
"2016-10","Nunavut","2021A000262","In-migrants","Persons","249","units","0","v509043","15.1","76","","","","0"
"2016-10","Nunavut","2021A000262","Out-migrants","Persons","249","units","0","v509058","15.2","104","","","","0"
"2017-01","Canada","2021A000011124","In-migrants","Persons","249","units","0","v509037","1.1","67121","","","","0"
"2017-01","Canada","2021A000011124","Out-migrants","Persons","249","units","0","v509052","1.2","67121","","","","0"
"2017-01","Newfoundland and Labrador","2021A000210","In-migrants","Persons","249","units","0","v509038","2.1","1584","","","","0"
"2017-01","Newfoundland and Labrador","2021A000210","Out-migrants","Persons","249","units","0","v509053","2.2","2054","","","","0"
"2017-01","Prince Edward Island","2021A000211","In-migrants","Persons","249","units","0","v509044","3.1","873","","","","0"
"2017-01","Prince Edward Island","2021A000211","Out-migrants","Persons","249","units","0","v509059","3.2","744","","","","0"
"2017-01","Nova Scotia","2021A000212","In-migrants","Persons","249","units","0","v509045","4.1","4241","","","","0"
"2017-01","Nova Scotia","2021A000212","Out-migrants","Persons","249","units","0","v509060","4.2","3263","","","","0"
"2017-01","New Brunswick","2021A000213","In-migrants","Persons","249","units","0","v509046","5.1","2870","","","","0"
"2017-01","New Brunswick","2021A000213","Out-migrants","Persons","249","units","0","v509061","5.2","2645","","","","0"
"2017-01","Quebec","2021A000224","In-migrants","Persons","249","units","0","v509047","6.1","4637","","","","0"
"2017-01","Quebec","2021A000224","Out-migrants","Persons","249","units","0","v509062","6.2","5078","","","","0"
"2017-01","Ontario","2021A000235","In-migrants","Persons","249","units","0","v509048","7.1","16258","","","","0"
"2017-01","Ontario","2021A000235","Out-migrants","Persons","249","units","0","v509063","7.2","16025","","","","0"
"2017-01","Manitoba","2021A000246","In-migrants","Persons","249","units","0","v509049","8.1","2993","","","","0"
"2017-01","Manitoba","2021A000246","Out-migrants","Persons","249","units","0","v509064","8.2","3876","","","","0"
"2017-01","Saskatchewan","2021A000247","In-migrants","Persons","249","units","0","v509050","9.1","3714","","","","0"
"2017-01","Saskatchewan","2021A000247","Out-migrants","Persons","249","units","0","v509065","9.2","4955","","","","0"
"2017-01","Alberta","2021A000248","In-migrants","Persons","249","units","0","v509051","10.1","14342","","","","0"
"2017-01","Alberta","2021A000248","Out-migrants","Persons","249","units","0","v509066","10.2","17421","","","","0"
"2017-01","British Columbia","2021A000259","In-migrants","Persons","249","units","0","v509039","11.1","14136","","","","0"
"2017-01","British Columbia","2021A000259","Out-migrants","Persons","249","units","0","v509054","11.2","9845","","","","0"
"2017-01","Yukon","2021A000260","In-migrants","Persons","249","units","0","v509040","12.1","535","","","","0"
"2017-01","Yukon","2021A000260","Out-migrants","Persons","249","units","0","v509055","12.2","293","","","","0"
"2017-01","Northwest Territories","2021A000261","In-migrants","Persons","249","units","0","v509042","14.1","708","","","","0"
"2017-01","Northwest Territories","2021A000261","Out-migrants","Persons","249","units","0","v509057","14.2","669","","","","0"
"2017-01","Nunavut","2021A000262","In-migrants","Persons","249","units","0","v509043","15.1","230","","","","0"
"2017-01","Nunavut","2021A000262","Out-migrants","Persons","249","units","0","v509058","15.2","253","","","","0"
"2017-04","Canada","2021A000011124","In-migrants","Persons","249","units","0","v509037","1.1","95870","","","","0"
"2017-04","Canada","2021A000011124","Out-migrants","Persons","249","units","0","v509052","1.2","95870","","","","0"
"2017-04","Newfoundland and Labrador","2021A000210","In-migrants","Persons","249","units","0","v509038","2.1","2251","","","","0"
"2017-04","Newfoundland and Labrador","2021A000210","Out-migrants","Persons","249","units","0","v509053","2.2","2628","","","","0"
"2017-04","Prince Edward Island","2021A000211","In-migrants","Persons","249","units","0","v509044","3.1","1432","","","","0"
"2017-04","Prince Edward Island","2021A000211","Out-migrants","Persons","249","units","0","v509059","3.2","1025","","","","0"
"2017-04","Nova Scotia","2021A000212","In-migrants","Persons","249","units","0","v509045","4.1","5618","","","","0"
"2017-04","Nova Scotia","2021A000212","Out-migrants","Persons","249","units","0","v509060","4.2","4577","","","","0"
"2017-04","New Brunswick","2021A000213","In-migrants","Persons","249","units","0","v509046","5.1","3383","","","","0"
"2017-04","New Brunswick","2021A000213","Out-migrants","Persons","249","units","0","v509061","5.2","3026","","","","0"
"2017-04","Quebec","2021A000224","In-migrants","Persons","249","units","0","v509047","6.1","7303","","","","0"
"2017-04","Quebec","2021A000224","Out-migrants","Persons","249","units","0","v509062","6.2","9864","","","","0"
"2017-04","Ontario","2021A000235","In-migrants","Persons","249","units","0","v509048","7.1","24935","","","","0"
"2017-04","Ontario","2021A000235","Out-migrants","Persons","249","units","0","v509063","7.2","21686","","","","0"
"2017-04","Manitoba","2021A000246","In-migrants","Persons","249","units","0","v509049","8.1","3991","","","","0"
"2017-04","Manitoba","2021A000246","Out-migrants","Persons","249","units","0","v509064","8.2","5359","","","","0"
"2017-04","Saskatchewan","2021A000247","In-migrants","Persons","249","units","0","v509050","9.1","5166","","","","0"
"2017-04","Saskatchewan","2021A000247","Out-migrants","Persons","249","units","0","v509065","9.2","7075","","","","0"
"2017-04","Alberta","2021A000248","In-migrants","Persons","249","units","0","v509051","10.1","18991","","","","0"
"2017-04","Alberta","2021A000248","Out-migrants","Persons","249","units","0","v509066","10.2","24041","","","","0"
"2017-04","British Columbia","2021A000259","In-migrants","Persons","249","units","0","v509039","11.1","21159","","","","0"
"2017-04","British Columbia","2021A000259","Out-migrants","Persons","249","units","0","v509054","11.2","15093","","","","0"
"2017-04","Yukon","2021A000260","In-migrants","Persons","249","units","0","v509040","12.1","548","","","","0"
"2017-04","Yukon","2021A000260","Out-migrants","Persons","249","units","0","v509055","12.2","342","","","","0"
"2017-04","Northwest Territories","2021A000261","In-migrants","Persons","249","units","0","v509042","14.1","658","","","","0"
"2017-04","Northwest Territories","2021A000261","Out-migrants","Persons","249","units","0","v509057","14.2","749","","","","0"
"2017-04","Nunavut","2021A000262","In-migrants","Persons","249","units","0","v509043","15.1","435","","","","0"
"2017-04","Nunavut","2021A000262","Out-migrants","Persons","249","units","0","v509058","15.2","405","","","","0"
"2017-07","Canada","2021A000011124","In-migrants","Persons","249","units","0","v509037","1.1","74564","","","","0"
"2017-07","Canada","2021A000011124","Out-migrants","Persons","249","units","0","v509052","1.2","74564","","","","0"
"2017-07","Newfoundland and Labrador","2021A000210","In-migrants","Persons","249","units","0","v509038","2.1","1422","","","","0"
"2017-07","Newfoundland and Labrador","2021A000210","Out-migrants","Persons","249","units","0","v509053","2.2","2187","","","","0"
"2017-07","Prince Edward Island","2021A000211","In-migrants","Persons","249","units","0","v509044","3.1","692","","","","0"
"2017-07","Prince Edward Island","2021A000211","Out-migrants","Persons","249","units","0","v509059","3.2","802","","","","0"
"2017-07","Nova Scotia","2021A000212","In-migrants","Persons","249","units","0","v509045","4.1","4512","","","","0"
"2017-07","Nova Scotia","2021A000212","Out-migrants","Persons","249","units","0","v509060","4.2","3507","","","","0"
"2017-07","New Brunswick","2021A000213","In-migrants","Persons","249","units","0","v509046","5.1","2939","","","","0"
"2017-07","New Brunswick","2021A000213","Out-migrants","Persons","249","units","0","v509061","5.2","3138","","","","0"
"2017-07","Quebec","2021A000224","In-migrants","Persons","249","units","0","v509047","6.1","6397","","","","0"
"2017-07","Quebec","2021A000224","Out-migrants","Persons","249","units","0","v509062","6.2","8593","","","","0"
"2017-07","Ontario","2021A000235","In-migrants","Persons","249","units","0","v509048","7.1","21264","","","","0"
"2017-07","Ontario","2021A000235","Out-migrants","Persons","249","units","0","v509063","7.2","16275","","","","0"
"2017-07","Manitoba","2021A000246","In-migrants","Persons","249","units","0","v509049","8.1","2880","","","","0"
"2017-07","Manitoba","2021A000246","Out-migrants","Persons","249","units","0","v509064","8.2","4833","","","","0"
"2017-07","Saskatchewan","2021A000247","In-migrants","Persons","249","units","0","v509050","9.1","3177","","","","0"
"2017-07","Saskatchewan","2021A000247","Out-migrants","Persons","249","units","0","v509065","9.2","5389","","","","0"
"2017-07","Alberta","2021A000248","In-migrants","Persons","249","units","0","v509051","10.1","15592","","","","0"
"2017-07","Alberta","2021A000248","Out-migrants","Persons","249","units","0","v509066","10.2","16866","","","","0"
"2017-07","British Columbia","2021A000259","In-migrants","Persons","249","units","0","v509039","11.1","14794","","","","0"
"2017-07","British Columbia","2021A000259","Out-migrants","Persons","249","units","0","v509054","11.2","12066","","","","0"
"2017-07","Yukon","2021A000260","In-migrants","Persons","249","units","0","v509040","12.1","232","","","","0"
"2017-07","Yukon","2021A000260","Out-migrants","Persons","249","units","0","v509055","12.2","236","","","","0"
"2017-07","Northwest Territories","2021A000261","In-migrants","Persons","249","units","0","v509042","14.1","519","","","","0"
"2017-07","Northwest Territories","2021A000261","Out-migrants","Persons","249","units","0","v509057","14.2","449","","","","0"
"2017-07","Nunavut","2021A000262","In-migrants","Persons","249","units","0","v509043","15.1","144","","","","0"
"2017-07","Nunavut","2021A000262","Out-migrants","Persons","249","units","0","v509058","15.2","223","","","","0"
"2017-10","Canada","2021A000011124","In-migrants","Persons","249","units","0","v509037","1.1","47162","","","","0"
"2017-10","Canada","2021A000011124","Out-migrants","Persons","249","units","0","v509052","1.2","47162","","","","0"
"2017-10","Newfoundland and Labrador","2021A000210","In-migrants","Persons","249","units","0","v509038","2.1","934","","","","0"
"2017-10","Newfoundland and Labrador","2021A000210","Out-migrants","Persons","249","units","0","v509053","2.2","1184","","","","0"
"2017-10","Prince Edward Island","2021A000211","In-migrants","Persons","249","units","0","v509044","3.1","506","","","","0"
"2017-10","Prince Edward Island","2021A000211","Out-migrants","Persons","249","units","0","v509059","3.2","625","","","","0"
"2017-10","Nova Scotia","2021A000212","In-migrants","Persons","249","units","0","v509045","4.1","2657","","","","0"
"2017-10","Nova Scotia","2021A000212","Out-migrants","Persons","249","units","0","v509060","4.2","2203","","","","0"
"2017-10","New Brunswick","2021A000213","In-migrants","Persons","249","units","0","v509046","5.1","1761","","","","0"
"2017-10","New Brunswick","2021A000213","Out-migrants","Persons","249","units","0","v509061","5.2","1622","","","","0"
"2017-10","Quebec","2021A000224","In-migrants","Persons","249","units","0","v509047","6.1","3934","","","","0"
"2017-10","Quebec","2021A000224","Out-migrants","Persons","249","units","0","v509062","6.2","4736","","","","0"
"2017-10","Ontario","2021A000235","In-migrants","Persons","249","units","0","v509048","7.1","13393","","","","0"
"2017-10","Ontario","2021A000235","Out-migrants","Persons","249","units","0","v509063","7.2","10906","","","","0"
"2017-10","Manitoba","2021A000246","In-migrants","Persons","249","units","0","v509049","8.1","1522","","","","0"
"2017-10","Manitoba","2021A000246","Out-migrants","Persons","249","units","0","v509064","8.2","2870","","","","0"
"2017-10","Saskatchewan","2021A000247","In-migrants","Persons","249","units","0","v509050","9.1","2281","","","","0"
"2017-10","Saskatchewan","2021A000247","Out-migrants","Persons","249","units","0","v509065","9.2","3746","","","","0"
"2017-10","Alberta","2021A000248","In-migrants","Persons","249","units","0","v509051","10.1","10077","","","","0"
"2017-10","Alberta","2021A000248","Out-migrants","Persons","249","units","0","v509066","10.2","11088","","","","0"
"2017-10","British Columbia","2021A000259","In-migrants","Persons","249","units","0","v509039","11.1","9645","","","","0"
"2017-10","British Columbia","2021A000259","Out-migrants","Persons","249","units","0","v509054","11.2","7434","","","","0"
"2017-10","Yukon","2021A000260","In-migrants","Persons","249","units","0","v509040","12.1","259","","","","0"
"2017-10","Yukon","2021A000260","Out-migrants","Persons","249","units","0","v509055","12.2","207","","","","0"
"2017-10","Northwest Territories","2021A000261","In-migrants","Persons","249","units","0","v509042","14.1","166","","","","0"
"2017-10","Northwest Territories","2021A000261","Out-migrants","Persons","249","units","0","v509057","14.2","319","","","","0"
"2017-10","Nunavut","2021A000262","In-migrants","Persons","249","units","0","v509043","15.1","27","","","","0"
"2017-10","Nunavut","2021A000262","Out-migrants","Persons","249","units","0","v509058","15.2","222","","","","0"
"2018-01","Canada","2021A000011124","In-migrants","Persons","249","units","0","v509037","1.1","65794","","","","0"
"2018-01","Canada","2021A000011124","Out-migrants","Persons","249","units","0","v509052","1.2","65794","","","","0"
"2018-01","Newfoundland and Labrador","2021A000210","In-migrants","Persons","249","units","0","v509038","2.1","1398","","","","0"
"2018-01","Newfoundland and Labrador","2021A000210","Out-migrants","Persons","249","units","0","v509053","2.2","2169","","","","0"
"2018-01","Prince Edward Island","2021A000211","In-migrants","Persons","249","units","0","v509044","3.1","699","","","","0"
"2018-01","Prince Edward Island","2021A000211","Out-migrants","Persons","249","units","0","v509059","3.2","706","","","","0"
"2018-01","Nova Scotia","2021A000212","In-migrants","Persons","249","units","0","v509045","4.1","3767","","","","0"
"2018-01","Nova Scotia","2021A000212","Out-migrants","Persons","249","units","0","v509060","4.2","3458","","","","0"
"2018-01","New Brunswick","2021A000213","In-migrants","Persons","249","units","0","v509046","5.1","3018","","","","0"
"2018-01","New Brunswick","2021A000213","Out-migrants","Persons","249","units","0","v509061","5.2","2596","","","","0"
"2018-01","Quebec","2021A000224","In-migrants","Persons","249","units","0","v509047","6.1","5148","","","","0"
"2018-01","Quebec","2021A000224","Out-migrants","Persons","249","units","0","v509062","6.2","5667","","","","0"
"2018-01","Ontario","2021A000235","In-migrants","Persons","249","units","0","v509048","7.1","16582","","","","0"
"2018-01","Ontario","2021A000235","Out-migrants","Persons","249","units","0","v509063","7.2","14800","","","","0"
"2018-01","Manitoba","2021A000246","In-migrants","Persons","249","units","0","v509049","8.1","2448","","","","0"
"2018-01","Manitoba","2021A000246","Out-migrants","Persons","249","units","0","v509064","8.2","4227","","","","0"
"2018-01","Saskatchewan","2021A000247","In-migrants","Persons","249","units","0","v509050","9.1","3302","","","","0"
"2018-01","Saskatchewan","2021A000247","Out-migrants","Persons","249","units","0","v509065","9.2","5406","","","","0"
"2018-01","Alberta","2021A000248","In-migrants","Persons","249","units","0","v509051","10.1","14897","","","","0"
"2018-01","Alberta","2021A000248","Out-migrants","Persons","249","units","0","v509066","10.2","15069","","","","0"
"2018-01","British Columbia","2021A000259","In-migrants","Persons","249","units","0","v509039","11.1","13316","","","","0"
"2018-01","British Columbia","2021A000259","Out-migrants","Persons","249","units","0","v509054","11.2","10579","","","","0"
"2018-01","Yukon","2021A000260","In-migrants","Persons","249","units","0","v509040","12.1","397","","","","0"
"2018-01","Yukon","2021A000260","Out-migrants","Persons","249","units","0","v509055","12.2","336","","","","0"
"2018-01","Northwest Territories","2021A000261","In-migrants","Persons","249","units","0","v509042","14.1","591","","","","0"
"2018-01","Northwest Territories","2021A000261","Out-migrants","Persons","249","units","0","v509057","14.2","507","","","","0"
"2018-01","Nunavut","2021A000262","In-migrants","Persons","249","units","0","v509043","15.1","231","","","","0"
"2018-01","Nunavut","2021A000262","Out-migrants","Persons","249","units","0","v509058","15.2","274","","","","0"
"2018-04","Canada","2021A000011124","In-migrants","Persons","249","units","0","v509037","1.1","100935","","","","0"
"2018-04","Canada","2021A000011124","Out-migrants","Persons","249","units","0","v509052","1.2","100935","","","","0"
"2018-04","Newfoundland and Labrador","2021A000210","In-migrants","Persons","249","units","0","v509038","2.1","2146","","","","0"
"2018-04","Newfoundland and Labrador","2021A000210","Out-migrants","Persons","249","units","0","v509053","2.2","3093","","","","0"
"2018-04","Prince Edward Island","2021A000211","In-migrants","Persons","249","units","0","v509044","3.1","1634","","","","0"
"2018-04","Prince Edward Island","2021A000211","Out-migrants","Persons","249","units","0","v509059","3.2","1221","","","","0"
"2018-04","Nova Scotia","2021A000212","In-migrants","Persons","249","units","0","v509045","4.1","5816","","","","0"
"2018-04","Nova Scotia","2021A000212","Out-migrants","Persons","249","units","0","v509060","4.2","4536","","","","0"
"2018-04","New Brunswick","2021A000213","In-migrants","Persons","249","units","0","v509046","5.1","4181","","","","0"
"2018-04","New Brunswick","2021A000213","Out-migrants","Persons","249","units","0","v509061","5.2","4062","","","","0"
"2018-04","Quebec","2021A000224","In-migrants","Persons","249","units","0","v509047","6.1","7650","","","","0"
"2018-04","Quebec","2021A000224","Out-migrants","Persons","249","units","0","v509062","6.2","9826","","","","0"
"2018-04","Ontario","2021A000235","In-migrants","Persons","249","units","0","v509048","7.1","25177","","","","0"
"2018-04","Ontario","2021A000235","Out-migrants","Persons","249","units","0","v509063","7.2","24491","","","","0"
"2018-04","Manitoba","2021A000246","In-migrants","Persons","249","units","0","v509049","8.1","3906","","","","0"
"2018-04","Manitoba","2021A000246","Out-migrants","Persons","249","units","0","v509064","8.2","5974","","","","0"
"2018-04","Saskatchewan","2021A000247","In-migrants","Persons","249","units","0","v509050","9.1","4891","","","","0"
"2018-04","Saskatchewan","2021A000247","Out-migrants","Persons","249","units","0","v509065","9.2","7585","","","","0"
"2018-04","Alberta","2021A000248","In-migrants","Persons","249","units","0","v509051","10.1","21298","","","","0"
"2018-04","Alberta","2021A000248","Out-migrants","Persons","249","units","0","v509066","10.2","22088","","","","0"
"2018-04","British Columbia","2021A000259","In-migrants","Persons","249","units","0","v509039","11.1","22343","","","","0"
"2018-04","British Columbia","2021A000259","Out-migrants","Persons","249","units","0","v509054","11.2","16030","","","","0"
"2018-04","Yukon","2021A000260","In-migrants","Persons","249","units","0","v509040","12.1","609","","","","0"
"2018-04","Yukon","2021A000260","Out-migrants","Persons","249","units","0","v509055","12.2","484","","","","0"
"2018-04","Northwest Territories","2021A000261","In-migrants","Persons","249","units","0","v509042","14.1","562","","","","0"
"2018-04","Northwest Territories","2021A000261","Out-migrants","Persons","249","units","0","v509057","14.2","992","","","","0"
"2018-04","Nunavut","2021A000262","In-migrants","Persons","249","units","0","v509043","15.1","722","","","","0"
"2018-04","Nunavut","2021A000262","Out-migrants","Persons","249","units","0","v509058","15.2","553","","","","0"
"2018-07","Canada","2021A000011124","In-migrants","Persons","249","units","0","v509037","1.1","71976","","","","0"
"2018-07","Canada","2021A000011124","Out-migrants","Persons","249","units","0","v509052","1.2","71976","","","","0"
"2018-07","Newfoundland and Labrador","2021A000210","In-migrants","Persons","249","units","0","v509038","2.1","1312","","","","0"
"2018-07","Newfoundland and Labrador","2021A000210","Out-migrants","Persons","249","units","0","v509053","2.2","1868","","","","0"
"2018-07","Prince Edward Island","2021A000211","In-migrants","Persons","249","units","0","v509044","3.1","974","","","","0"
"2018-07","Prince Edward Island","2021A000211","Out-migrants","Persons","249","units","0","v509059","3.2","878","","","","0"
"2018-07","Nova Scotia","2021A000212","In-migrants","Persons","249","units","0","v509045","4.1","4414","","","","0"
"2018-07","Nova Scotia","2021A000212","Out-migrants","Persons","249","units","0","v509060","4.2","3402","","","","0"
"2018-07","New Brunswick","2021A000213","In-migrants","Persons","249","units","0","v509046","5.1","2960","","","","0"
"2018-07","New Brunswick","2021A000213","Out-migrants","Persons","249","units","0","v509061","5.2","3063","","","","0"
"2018-07","Quebec","2021A000224","In-migrants","Persons","249","units","0","v509047","6.1","6579","","","","0"
"2018-07","Quebec","2021A000224","Out-migrants","Persons","249","units","0","v509062","6.2","8640","","","","0"
"2018-07","Ontario","2021A000235","In-migrants","Persons","249","units","0","v509048","7.1","21358","","","","0"
"2018-07","Ontario","2021A000235","Out-migrants","Persons","249","units","0","v509063","7.2","16251","","","","0"
"2018-07","Manitoba","2021A000246","In-migrants","Persons","249","units","0","v509049","8.1","2582","","","","0"
"2018-07","Manitoba","2021A000246","Out-migrants","Persons","249","units","0","v509064","8.2","4814","","","","0"
"2018-07","Saskatchewan","2021A000247","In-migrants","Persons","249","units","0","v509050","9.1","2893","","","","0"
"2018-07","Saskatchewan","2021A000247","Out-migrants","Persons","249","units","0","v509065","9.2","5617","","","","0"
"2018-07","Alberta","2021A000248","In-migrants","Persons","249","units","0","v509051","10.1","14480","","","","0"
"2018-07","Alberta","2021A000248","Out-migrants","Persons","249","units","0","v509066","10.2","14721","","","","0"
"2018-07","British Columbia","2021A000259","In-migrants","Persons","249","units","0","v509039","11.1","13502","","","","0"
"2018-07","British Columbia","2021A000259","Out-migrants","Persons","249","units","0","v509054","11.2","11630","","","","0"
"2018-07","Yukon","2021A000260","In-migrants","Persons","249","units","0","v509040","12.1","338","","","","0"
"2018-07","Yukon","2021A000260","Out-migrants","Persons","249","units","0","v509055","12.2","331","","","","0"
"2018-07","Northwest Territories","2021A000261","In-migrants","Persons","249","units","0","v509042","14.1","436","","","","0"
"2018-07","Northwest Territories","2021A000261","Out-migrants","Persons","249","units","0","v509057","14.2","569","","","","0"
"2018-07","Nunavut","2021A000262","In-migrants","Persons","249","units","0","v509043","15.1","148","","","","0"
"2018-07","Nunavut","2021A000262","Out-migrants","Persons","249","units","0","v509058","15.2","192","","","","0"
"2018-10","Canada","2021A000011124","In-migrants","Persons","249","units","0","v509037","1.1","49822","","","","0"
"2018-10","Canada","2021A000011124","Out-migrants","Persons","249","units","0","v509052","1.2","49822","","","","0"
"2018-10","Newfoundland and Labrador","2021A000210","In-migrants","Persons","249","units","0","v509038","2.1","837","","","","0"
"2018-10","Newfoundland and Labrador","2021A000210","Out-migrants","Persons","249","units","0","v509053","2.2","1522","","","","0"
"2018-10","Prince Edward Island","2021A000211","In-migrants","Persons","249","units","0","v509044","3.1","532","","","","0"
"2018-10","Prince Edward Island","2021A000211","Out-migrants","Persons","249","units","0","v509059","3.2","511","","","","0"
"2018-10","Nova Scotia","2021A000212","In-migrants","Persons","249","units","0","v509045","4.1","2627","","","","0"
"2018-10","Nova Scotia","2021A000212","Out-migrants","Persons","249","units","0","v509060","4.2","1882","","","","0"
"2018-10","New Brunswick","2021A000213","In-migrants","Persons","249","units","0","v509046","5.1","1987","","","","0"
"2018-10","New Brunswick","2021A000213","Out-migrants","Persons","249","units","0","v509061","5.2","1893","","","","0"
"2018-10","Quebec","2021A000224","In-migrants","Persons","249","units","0","v509047","6.1","3980","","","","0"
"2018-10","Quebec","2021A000224","Out-migrants","Persons","249","units","0","v509062","6.2","5324","","","","0"
"2018-10","Ontario","2021A000235","In-migrants","Persons","249","units","0","v509048","7.1","13797","","","","0"
"2018-10","Ontario","2021A000235","Out-migrants","Persons","249","units","0","v509063","7.2","11755","","","","0"
"2018-10","Manitoba","2021A000246","In-migrants","Persons","249","units","0","v509049","8.1","1870","","","","0"
"2018-10","Manitoba","2021A000246","Out-migrants","Persons","249","units","0","v509064","8.2","3287","","","","0"
"2018-10","Saskatchewan","2021A000247","In-migrants","Persons","249","units","0","v509050","9.1","2335","","","","0"
"2018-10","Saskatchewan","2021A000247","Out-migrants","Persons","249","units","0","v509065","9.2","3778","","","","0"
"2018-10","Alberta","2021A000248","In-migrants","Persons","249","units","0","v509051","10.1","10911","","","","0"
"2018-10","Alberta","2021A000248","Out-migrants","Persons","249","units","0","v509066","10.2","10853","","","","0"
"2018-10","British Columbia","2021A000259","In-migrants","Persons","249","units","0","v509039","11.1","10068","","","","0"
"2018-10","British Columbia","2021A000259","Out-migrants","Persons","249","units","0","v509054","11.2","8274","","","","0"
"2018-10","Yukon","2021A000260","In-migrants","Persons","249","units","0","v509040","12.1","348","","","","0"
"2018-10","Yukon","2021A000260","Out-migrants","Persons","249","units","0","v509055","12.2","206","","","","0"
"2018-10","Northwest Territories","2021A000261","In-migrants","Persons","249","units","0","v509042","14.1","425","","","","0"
"2018-10","Northwest Territories","2021A000261","Out-migrants","Persons","249","units","0","v509057","14.2","337","","","","0"
"2018-10","Nunavut","2021A000262","In-migrants","Persons","249","units","0","v509043","15.1","105","","","","0"
"2018-10","Nunavut","2021A000262","Out-migrants","Persons","249","units","0","v509058","15.2","200","","","","0"
"2019-01","Canada","2021A000011124","In-migrants","Persons","249","units","0","v509037","1.1","61423","","","","0"
"2019-01","Canada","2021A000011124","Out-migrants","Persons","249","units","0","v509052","1.2","61423","","","","0"
"2019-01","Newfoundland and Labrador","2021A000210","In-migrants","Persons","249","units","0","v509038","2.1","1429","","","","0"
"2019-01","Newfoundland and Labrador","2021A000210","Out-migrants","Persons","249","units","0","v509053","2.2","1964","","","","0"
"2019-01","Prince Edward Island","2021A000211","In-migrants","Persons","249","units","0","v509044","3.1","790","","","","0"
"2019-01","Prince Edward Island","2021A000211","Out-migrants","Persons","249","units","0","v509059","3.2","665","","","","0"
"2019-01","Nova Scotia","2021A000212","In-migrants","Persons","249","units","0","v509045","4.1","3903","","","","0"
"2019-01","Nova Scotia","2021A000212","Out-migrants","Persons","249","units","0","v509060","4.2","3355","","","","0"
"2019-01","New Brunswick","2021A000213","In-migrants","Persons","249","units","0","v509046","5.1","2831","","","","0"
"2019-01","New Brunswick","2021A000213","Out-migrants","Persons","249","units","0","v509061","5.2","2127","","","","0"
"2019-01","Quebec","2021A000224","In-migrants","Persons","249","units","0","v509047","6.1","4625","","","","0"
"2019-01","Quebec","2021A000224","Out-migrants","Persons","249","units","0","v509062","6.2","4966","","","","0"
"2019-01","Ontario","2021A000235","In-migrants","Persons","249","units","0","v509048","7.1","14481","","","","0"
"2019-01","Ontario","2021A000235","Out-migrants","Persons","249","units","0","v509063","7.2","14396","","","","0"
"2019-01","Manitoba","2021A000246","In-migrants","Persons","249","units","0","v509049","8.1","2626","","","","0"
"2019-01","Manitoba","2021A000246","Out-migrants","Persons","249","units","0","v509064","8.2","4120","","","","0"
"2019-01","Saskatchewan","2021A000247","In-migrants","Persons","249","units","0","v509050","9.1","3058","","","","0"
"2019-01","Saskatchewan","2021A000247","Out-migrants","Persons","249","units","0","v509065","9.2","5608","","","","0"
"2019-01","Alberta","2021A000248","In-migrants","Persons","249","units","0","v509051","10.1","13741","","","","0"
"2019-01","Alberta","2021A000248","Out-migrants","Persons","249","units","0","v509066","10.2","13599","","","","0"
"2019-01","British Columbia","2021A000259","In-migrants","Persons","249","units","0","v509039","11.1","12867","","","","0"
"2019-01","British Columbia","2021A000259","Out-migrants","Persons","249","units","0","v509054","11.2","9339","","","","0"
"2019-01","Yukon","2021A000260","In-migrants","Persons","249","units","0","v509040","12.1","361","","","","0"
"2019-01","Yukon","2021A000260","Out-migrants","Persons","249","units","0","v509055","12.2","339","","","","0"
"2019-01","Northwest Territories","2021A000261","In-migrants","Persons","249","units","0","v509042","14.1","392","","","","0"
"2019-01","Northwest Territories","2021A000261","Out-migrants","Persons","249","units","0","v509057","14.2","616","","","","0"
"2019-01","Nunavut","2021A000262","In-migrants","Persons","249","units","0","v509043","15.1","319","","","","0"
"2019-01","Nunavut","2021A000262","Out-migrants","Persons","249","units","0","v509058","15.2","329","","","","0"
"2019-04","Canada","2021A000011124","In-migrants","Persons","249","units","0","v509037","1.1","97002","","","","0"
"2019-04","Canada","2021A000011124","Out-migrants","Persons","249","units","0","v509052","1.2","97002","","","","0"
"2019-04","Newfoundland and Labrador","2021A000210","In-migrants","Persons","249","units","0","v509038","2.1","1966","","","","0"
"2019-04","Newfoundland and Labrador","2021A000210","Out-migrants","Persons","249","units","0","v509053","2.2","2787","","","","0"
"2019-04","Prince Edward Island","2021A000211","In-migrants","Persons","249","units","0","v509044","3.1","1515","","","","0"
"2019-04","Prince Edward Island","2021A000211","Out-migrants","Persons","249","units","0","v509059","3.2","1095","","","","0"
"2019-04","Nova Scotia","2021A000212","In-migrants","Persons","249","units","0","v509045","4.1","6040","","","","0"
"2019-04","Nova Scotia","2021A000212","Out-migrants","Persons","249","units","0","v509060","4.2","4713","","","","0"
"2019-04","New Brunswick","2021A000213","In-migrants","Persons","249","units","0","v509046","5.1","3977","","","","0"
"2019-04","New Brunswick","2021A000213","Out-migrants","Persons","249","units","0","v509061","5.2","3003","","","","0"
"2019-04","Quebec","2021A000224","In-migrants","Persons","249","units","0","v509047","6.1","8681","","","","0"
"2019-04","Quebec","2021A000224","Out-migrants","Persons","249","units","0","v509062","6.2","9063","","","","0"
"2019-04","Ontario","2021A000235","In-migrants","Persons","249","units","0","v509048","7.1","24075","","","","0"
"2019-04","Ontario","2021A000235","Out-migrants","Persons","249","units","0","v509063","7.2","24680","","","","0"
"2019-04","Manitoba","2021A000246","In-migrants","Persons","249","units","0","v509049","8.1","3594","","","","0"
"2019-04","Manitoba","2021A000246","Out-migrants","Persons","249","units","0","v509064","8.2","5802","","","","0"
"2019-04","Saskatchewan","2021A000247","In-migrants","Persons","249","units","0","v509050","9.1","4916","","","","0"
"2019-04","Saskatchewan","2021A000247","Out-migrants","Persons","249","units","0","v509065","9.2","7640","","","","0"
"2019-04","Alberta","2021A000248","In-migrants","Persons","249","units","0","v509051","10.1","19357","","","","0"
"2019-04","Alberta","2021A000248","Out-migrants","Persons","249","units","0","v509066","10.2","21348","","","","0"
"2019-04","British Columbia","2021A000259","In-migrants","Persons","249","units","0","v509039","11.1","21251","","","","0"
"2019-04","British Columbia","2021A000259","Out-migrants","Persons","249","units","0","v509054","11.2","15120","","","","0"
"2019-04","Yukon","2021A000260","In-migrants","Persons","249","units","0","v509040","12.1","664","","","","0"
"2019-04","Yukon","2021A000260","Out-migrants","Persons","249","units","0","v509055","12.2","493","","","","0"
"2019-04","Northwest Territories","2021A000261","In-migrants","Persons","249","units","0","v509042","14.1","557","","","","0"
"2019-04","Northwest Territories","2021A000261","Out-migrants","Persons","249","units","0","v509057","14.2","757","","","","0"
"2019-04","Nunavut","2021A000262","In-migrants","Persons","249","units","0","v509043","15.1","409","","","","0"
"2019-04","Nunavut","2021A000262","Out-migrants","Persons","249","units","0","v509058","15.2","501","","","","0"
"2019-07","Canada","2021A000011124","In-migrants","Persons","249","units","0","v509037","1.1","85614","","","","0"
"2019-07","Canada","2021A000011124","Out-migrants","Persons","249","units","0","v509052","1.2","85614","","","","0"
"2019-07","Newfoundland and Labrador","2021A000210","In-migrants","Persons","249","units","0","v509038","2.1","1732","","","","0"
"2019-07","Newfoundland and Labrador","2021A000210","Out-migrants","Persons","249","units","0","v509053","2.2","2253","","","","0"
"2019-07","Prince Edward Island","2021A000211","In-migrants","Persons","249","units","0","v509044","3.1","857","","","","0"
"2019-07","Prince Edward Island","2021A000211","Out-migrants","Persons","249","units","0","v509059","3.2","1056","","","","0"
"2019-07","Nova Scotia","2021A000212","In-migrants","Persons","249","units","0","v509045","4.1","5640","","","","0"
"2019-07","Nova Scotia","2021A000212","Out-migrants","Persons","249","units","0","v509060","4.2","3761","","","","0"
"2019-07","New Brunswick","2021A000213","In-migrants","Persons","249","units","0","v509046","5.1","3655","","","","0"
"2019-07","New Brunswick","2021A000213","Out-migrants","Persons","249","units","0","v509061","5.2","3186","","","","0"
"2019-07","Quebec","2021A000224","In-migrants","Persons","249","units","0","v509047","6.1","8756","","","","0"
"2019-07","Quebec","2021A000224","Out-migrants","Persons","249","units","0","v509062","6.2","10505","","","","0"
"2019-07","Ontario","2021A000235","In-migrants","Persons","249","units","0","v509048","7.1","25690","","","","0"
"2019-07","Ontario","2021A000235","Out-migrants","Persons","249","units","0","v509063","7.2","21294","","","","0"
"2019-07","Manitoba","2021A000246","In-migrants","Persons","249","units","0","v509049","8.1","2806","","","","0"
"2019-07","Manitoba","2021A000246","Out-migrants","Persons","249","units","0","v509064","8.2","6049","","","","0"
"2019-07","Saskatchewan","2021A000247","In-migrants","Persons","249","units","0","v509050","9.1","3070","","","","0"
"2019-07","Saskatchewan","2021A000247","Out-migrants","Persons","249","units","0","v509065","9.2","6418","","","","0"
"2019-07","Alberta","2021A000248","In-migrants","Persons","249","units","0","v509051","10.1","16777","","","","0"
"2019-07","Alberta","2021A000248","Out-migrants","Persons","249","units","0","v509066","10.2","16706","","","","0"
"2019-07","British Columbia","2021A000259","In-migrants","Persons","249","units","0","v509039","11.1","15678","","","","0"
"2019-07","British Columbia","2021A000259","Out-migrants","Persons","249","units","0","v509054","11.2","13359","","","","0"
"2019-07","Yukon","2021A000260","In-migrants","Persons","249","units","0","v509040","12.1","382","","","","0"
"2019-07","Yukon","2021A000260","Out-migrants","Persons","249","units","0","v509055","12.2","297","","","","0"
"2019-07","Northwest Territories","2021A000261","In-migrants","Persons","249","units","0","v509042","14.1","474","","","","0"
"2019-07","Northwest Territories","2021A000261","Out-migrants","Persons","249","units","0","v509057","14.2","481","","","","0"
"2019-07","Nunavut","2021A000262","In-migrants","Persons","249","units","0","v509043","15.1","97","","","","0"
"2019-07","Nunavut","2021A000262","Out-migrants","Persons","249","units","0","v509058","15.2","249","","","","0"
"2019-10","Canada","2021A000011124","In-migrants","Persons","249","units","0","v509037","1.1","52884","","","","0"
"2019-10","Canada","2021A000011124","Out-migrants","Persons","249","units","0","v509052","1.2","52884","","","","0"
"2019-10","Newfoundland and Labrador","2021A000210","In-migrants","Persons","249","units","0","v509038","2.1","862","","","","0"
"2019-10","Newfoundland and Labrador","2021A000210","Out-migrants","Persons","249","units","0","v509053","2.2","1170","","","","0"
"2019-10","Prince Edward Island","2021A000211","In-migrants","Persons","249","units","0","v509044","3.1","1016","","","","0"
"2019-10","Prince Edward Island","2021A000211","Out-migrants","Persons","249","units","0","v509059","3.2","790","","","","0"
"2019-10","Nova Scotia","2021A000212","In-migrants","Persons","249","units","0","v509045","4.1","3205","","","","0"
"2019-10","Nova Scotia","2021A000212","Out-migrants","Persons","249","units","0","v509060","4.2","2397","","","","0"
"2019-10","New Brunswick","2021A000213","In-migrants","Persons","249","units","0","v509046","5.1","2034","","","","0"
"2019-10","New Brunswick","2021A000213","Out-migrants","Persons","249","units","0","v509061","5.2","2109","","","","0"
"2019-10","Quebec","2021A000224","In-migrants","Persons","249","units","0","v509047","6.1","4870","","","","0"
"2019-10","Quebec","2021A000224","Out-migrants","Persons","249","units","0","v509062","6.2","5460","","","","0"
"2019-10","Ontario","2021A000235","In-migrants","Persons","249","units","0","v509048","7.1","14110","","","","0"
"2019-10","Ontario","2021A000235","Out-migrants","Persons","249","units","0","v509063","7.2","13287","","","","0"
"2019-10","Manitoba","2021A000246","In-migrants","Persons","249","units","0","v509049","8.1","1752","","","","0"
"2019-10","Manitoba","2021A000246","Out-migrants","Persons","249","units","0","v509064","8.2","3503","","","","0"
"2019-10","Saskatchewan","2021A000247","In-migrants","Persons","249","units","0","v509050","9.1","2443","","","","0"
"2019-10","Saskatchewan","2021A000247","Out-migrants","Persons","249","units","0","v509065","9.2","4369","","","","0"
"2019-10","Alberta","2021A000248","In-migrants","Persons","249","units","0","v509051","10.1","11463","","","","0"
"2019-10","Alberta","2021A000248","Out-migrants","Persons","249","units","0","v509066","10.2","10755","","","","0"
"2019-10","British Columbia","2021A000259","In-migrants","Persons","249","units","0","v509039","11.1","10548","","","","0"
"2019-10","British Columbia","2021A000259","Out-migrants","Persons","249","units","0","v509054","11.2","8261","","","","0"
"2019-10","Yukon","2021A000260","In-migrants","Persons","249","units","0","v509040","12.1","157","","","","0"
"2019-10","Yukon","2021A000260","Out-migrants","Persons","249","units","0","v509055","12.2","224","","","","0"
"2019-10","Northwest Territories","2021A000261","In-migrants","Persons","249","units","0","v509042","14.1","282","","","","0"
"2019-10","Northwest Territories","2021A000261","Out-migrants","Persons","249","units","0","v509057","14.2","361","","","","0"
"2019-10","Nunavut","2021A000262","In-migrants","Persons","249","units","0","v509043","15.1","142","","","","0"
"2019-10","Nunavut","2021A000262","Out-migrants","Persons","249","units","0","v509058","15.2","198","","","","0"
"2020-01","Canada","2021A000011124","In-migrants","Persons","249","units","0","v509037","1.1","77247","","","","0"
"2020-01","Canada","2021A000011124","Out-migrants","Persons","249","units","0","v509052","1.2","77247","","","","0"
"2020-01","Newfoundland and Labrador","2021A000210","In-migrants","Persons","249","units","0","v509038","2.1","1715","","","","0"
"2020-01","Newfoundland and Labrador","2021A000210","Out-migrants","Persons","249","units","0","v509053","2.2","2179","","","","0"
"2020-01","Prince Edward Island","2021A000211","In-migrants","Persons","249","units","0","v509044","3.1","1295","","","","0"
"2020-01","Prince Edward Island","2021A000211","Out-migrants","Persons","249","units","0","v509059","3.2","680","","","","0"
"2020-01","Nova Scotia","2021A000212","In-migrants","Persons","249","units","0","v509045","4.1","5247","","","","0"
"2020-01","Nova Scotia","2021A000212","Out-migrants","Persons","249","units","0","v509060","4.2","4258","","","","0"
"2020-01","New Brunswick","2021A000213","In-migrants","Persons","249","units","0","v509046","5.1","3443","","","","0"
"2020-01","New Brunswick","2021A000213","Out-migrants","Persons","249","units","0","v509061","5.2","2548","","","","0"
"2020-01","Quebec","2021A000224","In-migrants","Persons","249","units","0","v509047","6.1","5684","","","","0"
"2020-01","Quebec","2021A000224","Out-migrants","Persons","249","units","0","v509062","6.2","6241","","","","0"
"2020-01","Ontario","2021A000235","In-migrants","Persons","249","units","0","v509048","7.1","18296","","","","0"
"2020-01","Ontario","2021A000235","Out-migrants","Persons","249","units","0","v509063","7.2","19908","","","","0"
"2020-01","Manitoba","2021A000246","In-migrants","Persons","249","units","0","v509049","8.1","3188","","","","0"
"2020-01","Manitoba","2021A000246","Out-migrants","Persons","249","units","0","v509064","8.2","4818","","","","0"
"2020-01","Saskatchewan","2021A000247","In-migrants","Persons","249","units","0","v509050","9.1","3915","","","","0"
"2020-01","Saskatchewan","2021A000247","Out-migrants","Persons","249","units","0","v509065","9.2","7115","","","","0"
"2020-01","Alberta","2021A000248","In-migrants","Persons","249","units","0","v509051","10.1","17097","","","","0"
"2020-01","Alberta","2021A000248","Out-migrants","Persons","249","units","0","v509066","10.2","16202","","","","0"
"2020-01","British Columbia","2021A000259","In-migrants","Persons","249","units","0","v509039","11.1","15836","","","","0"
"2020-01","British Columbia","2021A000259","Out-migrants","Persons","249","units","0","v509054","11.2","11961","","","","0"
"2020-01","Yukon","2021A000260","In-migrants","Persons","249","units","0","v509040","12.1","643","","","","0"
"2020-01","Yukon","2021A000260","Out-migrants","Persons","249","units","0","v509055","12.2","338","","","","0"
"2020-01","Northwest Territories","2021A000261","In-migrants","Persons","249","units","0","v509042","14.1","630","","","","0"
"2020-01","Northwest Territories","2021A000261","Out-migrants","Persons","249","units","0","v509057","14.2","665","","","","0"
"2020-01","Nunavut","2021A000262","In-migrants","Persons","249","units","0","v509043","15.1","258","","","","0"
"2020-01","Nunavut","2021A000262","Out-migrants","Persons","249","units","0","v509058","15.2","334","","","","0"
"2020-04","Canada","2021A000011124","In-migrants","Persons","249","units","0","v509037","1.1","94097","","","","0"
"2020-04","Canada","2021A000011124","Out-migrants","Persons","249","units","0","v509052","1.2","94097","","","","0"
"2020-04","Newfoundland and Labrador","2021A000210","In-migrants","Persons","249","units","0","v509038","2.1","1769","","","","0"
"2020-04","Newfoundland and Labrador","2021A000210","Out-migrants","Persons","249","units","0","v509053","2.2","2492","","","","0"
"2020-04","Prince Edward Island","2021A000211","In-migrants","Persons","249","units","0","v509044","3.1","1648","","","","0"
"2020-04","Prince Edward Island","2021A000211","Out-migrants","Persons","249","units","0","v509059","3.2","1140","","","","0"
"2020-04","Nova Scotia","2021A000212","In-migrants","Persons","249","units","0","v509045","4.1","5961","","","","0"
"2020-04","Nova Scotia","2021A000212","Out-migrants","Persons","249","units","0","v509060","4.2","4070","","","","0"
"2020-04","New Brunswick","2021A000213","In-migrants","Persons","249","units","0","v509046","5.1","3701","","","","0"
"2020-04","New Brunswick","2021A000213","Out-migrants","Persons","249","units","0","v509061","5.2","3164","","","","0"
"2020-04","Quebec","2021A000224","In-migrants","Persons","249","units","0","v509047","6.1","8249","","","","0"
"2020-04","Quebec","2021A000224","Out-migrants","Persons","249","units","0","v509062","6.2","9789","","","","0"
"2020-04","Ontario","2021A000235","In-migrants","Persons","249","units","0","v509048","7.1","23506","","","","0"
"2020-04","Ontario","2021A000235","Out-migrants","Persons","249","units","0","v509063","7.2","24319","","","","0"
"2020-04","Manitoba","2021A000246","In-migrants","Persons","249","units","0","v509049","8.1","3626","","","","0"
"2020-04","Manitoba","2021A000246","Out-migrants","Persons","249","units","0","v509064","8.2","5299","","","","0"
"2020-04","Saskatchewan","2021A000247","In-migrants","Persons","249","units","0","v509050","9.1","4366","","","","0"
"2020-04","Saskatchewan","2021A000247","Out-migrants","Persons","249","units","0","v509065","9.2","7304","","","","0"
"2020-04","Alberta","2021A000248","In-migrants","Persons","249","units","0","v509051","10.1","16873","","","","0"
"2020-04","Alberta","2021A000248","Out-migrants","Persons","249","units","0","v509066","10.2","20924","","","","0"
"2020-04","British Columbia","2021A000259","In-migrants","Persons","249","units","0","v509039","11.1","22641","","","","0"
"2020-04","British Columbia","2021A000259","Out-migrants","Persons","249","units","0","v509054","11.2","14123","","","","0"
"2020-04","Yukon","2021A000260","In-migrants","Persons","249","units","0","v509040","12.1","689","","","","0"
"2020-04","Yukon","2021A000260","Out-migrants","Persons","249","units","0","v509055","12.2","523","","","","0"
"2020-04","Northwest Territories","2021A000261","In-migrants","Persons","249","units","0","v509042","14.1","542","","","","0"
"2020-04","Northwest Territories","2021A000261","Out-migrants","Persons","249","units","0","v509057","14.2","590","","","","0"
"2020-04","Nunavut","2021A000262","In-migrants","Persons","249","units","0","v509043","15.1","526","","","","0"
"2020-04","Nunavut","2021A000262","Out-migrants","Persons","249","units","0","v509058","15.2","360","","","","0"
"2020-07","Canada","2021A000011124","In-migrants","Persons","249","units","0","v509037","1.1","57002","","","","0"
"2020-07","Canada","2021A000011124","Out-migrants","Persons","249","units","0","v509052","1.2","57002","","","","0"
"2020-07","Newfoundland and Labrador","2021A000210","In-migrants","Persons","249","units","0","v509038","2.1","1149","","","","0"
"2020-07","Newfoundland and Labrador","2021A000210","Out-migrants","Persons","249","units","0","v509053","2.2","1482","","","","0"
"2020-07","Prince Edward Island","2021A000211","In-migrants","Persons","249","units","0","v509044","3.1","592","","","","0"
"2020-07","Prince Edward Island","2021A000211","Out-migrants","Persons","249","units","0","v509059","3.2","664","","","","0"
"2020-07","Nova Scotia","2021A000212","In-migrants","Persons","249","units","0","v509045","4.1","3964","","","","0"
"2020-07","Nova Scotia","2021A000212","Out-migrants","Persons","249","units","0","v509060","4.2","2457","","","","0"
"2020-07","New Brunswick","2021A000213","In-migrants","Persons","249","units","0","v509046","5.1","2382","","","","0"
"2020-07","New Brunswick","2021A000213","Out-migrants","Persons","249","units","0","v509061","5.2","2034","","","","0"
"2020-07","Quebec","2021A000224","In-migrants","Persons","249","units","0","v509047","6.1","6191","","","","0"
"2020-07","Quebec","2021A000224","Out-migrants","Persons","249","units","0","v509062","6.2","7441","","","","0"
"2020-07","Ontario","2021A000235","In-migrants","Persons","249","units","0","v509048","7.1","15148","","","","0"
"2020-07","Ontario","2021A000235","Out-migrants","Persons","249","units","0","v509063","7.2","15169","","","","0"
"2020-07","Manitoba","2021A000246","In-migrants","Persons","249","units","0","v509049","8.1","3041","","","","0"
"2020-07","Manitoba","2021A000246","Out-migrants","Persons","249","units","0","v509064","8.2","3439","","","","0"
"2020-07","Saskatchewan","2021A000247","In-migrants","Persons","249","units","0","v509050","9.1","2156","","","","0"
"2020-07","Saskatchewan","2021A000247","Out-migrants","Persons","249","units","0","v509065","9.2","4350","","","","0"
"2020-07","Alberta","2021A000248","In-migrants","Persons","249","units","0","v509051","10.1","10594","","","","0"
"2020-07","Alberta","2021A000248","Out-migrants","Persons","249","units","0","v509066","10.2","11228","","","","0"
"2020-07","British Columbia","2021A000259","In-migrants","Persons","249","units","0","v509039","11.1","11258","","","","0"
"2020-07","British Columbia","2021A000259","Out-migrants","Persons","249","units","0","v509054","11.2","7992","","","","0"
"2020-07","Yukon","2021A000260","In-migrants","Persons","249","units","0","v509040","12.1","236","","","","0"
"2020-07","Yukon","2021A000260","Out-migrants","Persons","249","units","0","v509055","12.2","202","","","","0"
"2020-07","Northwest Territories","2021A000261","In-migrants","Persons","249","units","0","v509042","14.1","207","","","","0"
"2020-07","Northwest Territories","2021A000261","Out-migrants","Persons","249","units","0","v509057","14.2","344","","","","0"
"2020-07","Nunavut","2021A000262","In-migrants","Persons","249","units","0","v509043","15.1","84","","","","0"
"2020-07","Nunavut","2021A000262","Out-migrants","Persons","249","units","0","v509058","15.2","200","","","","0"
"2020-10","Canada","2021A000011124","In-migrants","Persons","249","units","0","v509037","1.1","40587","","","","0"
"2020-10","Canada","2021A000011124","Out-migrants","Persons","249","units","0","v509052","1.2","40587","","","","0"
"2020-10","Newfoundland and Labrador","2021A000210","In-migrants","Persons","249","units","0","v509038","2.1","809","","","","0"
"2020-10","Newfoundland and Labrador","2021A000210","Out-migrants","Persons","249","units","0","v509053","2.2","769","","","","0"
"2020-10","Prince Edward Island","2021A000211","In-migrants","Persons","249","units","0","v509044","3.1","481","","","","0"
"2020-10","Prince Edward Island","2021A000211","Out-migrants","Persons","249","units","0","v509059","3.2","607","","","","0"
"2020-10","Nova Scotia","2021A000212","In-migrants","Persons","249","units","0","v509045","4.1","2606","","","","0"
"2020-10","Nova Scotia","2021A000212","Out-migrants","Persons","249","units","0","v509060","4.2","1808","","","","0"
"2020-10","New Brunswick","2021A000213","In-migrants","Persons","249","units","0","v509046","5.1","1858","","","","0"
"2020-10","New Brunswick","2021A000213","Out-migrants","Persons","249","units","0","v509061","5.2","1217","","","","0"
"2020-10","Quebec","2021A000224","In-migrants","Persons","249","units","0","v509047","6.1","3393","","","","0"
"2020-10","Quebec","2021A000224","Out-migrants","Persons","249","units","0","v509062","6.2","4649","","","","0"
"2020-10","Ontario","2021A000235","In-migrants","Persons","249","units","0","v509048","7.1","10526","","","","0"
"2020-10","Ontario","2021A000235","Out-migrants","Persons","249","units","0","v509063","7.2","10912","","","","0"
"2020-10","Manitoba","2021A000246","In-migrants","Persons","249","units","0","v509049","8.1","1887","","","","0"
"2020-10","Manitoba","2021A000246","Out-migrants","Persons","249","units","0","v509064","8.2","2769","","","","0"
"2020-10","Saskatchewan","2021A000247","In-migrants","Persons","249","units","0","v509050","9.1","2002","","","","0"
"2020-10","Saskatchewan","2021A000247","Out-migrants","Persons","249","units","0","v509065","9.2","3030","","","","0"
"2020-10","Alberta","2021A000248","In-migrants","Persons","249","units","0","v509051","10.1","7270","","","","0"
"2020-10","Alberta","2021A000248","Out-migrants","Persons","249","units","0","v509066","10.2","8699","","","","0"
"2020-10","British Columbia","2021A000259","In-migrants","Persons","249","units","0","v509039","11.1","9229","","","","0"
"2020-10","British Columbia","2021A000259","Out-migrants","Persons","249","units","0","v509054","11.2","5578","","","","0"
"2020-10","Yukon","2021A000260","In-migrants","Persons","249","units","0","v509040","12.1","233","","","","0"
"2020-10","Yukon","2021A000260","Out-migrants","Persons","249","units","0","v509055","12.2","213","","","","0"
"2020-10","Northwest Territories","2021A000261","In-migrants","Persons","249","units","0","v509042","14.1","242","","","","0"
"2020-10","Northwest Territories","2021A000261","Out-migrants","Persons","249","units","0","v509057","14.2","256","","","","0"
"2020-10","Nunavut","2021A000262","In-migrants","Persons","249","units","0","v509043","15.1","51","","","","0"
"2020-10","Nunavut","2021A000262","Out-migrants","Persons","249","units","0","v509058","15.2","80","","","","0"
"2021-01","Canada","2021A000011124","In-migrants","Persons","249","units","0","v509037","1.1","69630","","","","0"
"2021-01","Canada","2021A000011124","Out-migrants","Persons","249","units","0","v509052","1.2","69630","","","","0"
"2021-01","Newfoundland and Labrador","2021A000210","In-migrants","Persons","249","units","0","v509038","2.1","1392","","","","0"
"2021-01","Newfoundland and Labrador","2021A000210","Out-migrants","Persons","249","units","0","v509053","2.2","1207","","","","0"
"2021-01","Prince Edward Island","2021A000211","In-migrants","Persons","249","units","0","v509044","3.1","1196","","","","0"
"2021-01","Prince Edward Island","2021A000211","Out-migrants","Persons","249","units","0","v509059","3.2","726","","","","0"
"2021-01","Nova Scotia","2021A000212","In-migrants","Persons","249","units","0","v509045","4.1","5367","","","","0"
"2021-01","Nova Scotia","2021A000212","Out-migrants","Persons","249","units","0","v509060","4.2","2989","","","","0"
"2021-01","New Brunswick","2021A000213","In-migrants","Persons","249","units","0","v509046","5.1","3487","","","","0"
"2021-01","New Brunswick","2021A000213","Out-migrants","Persons","249","units","0","v509061","5.2","2191","","","","0"
"2021-01","Quebec","2021A000224","In-migrants","Persons","249","units","0","v509047","6.1","5556","","","","0"
"2021-01","Quebec","2021A000224","Out-migrants","Persons","249","units","0","v509062","6.2","6002","","","","0"
"2021-01","Ontario","2021A000235","In-migrants","Persons","249","units","0","v509048","7.1","14781","","","","0"
"2021-01","Ontario","2021A000235","Out-migrants","Persons","249","units","0","v509063","7.2","21006","","","","0"
"2021-01","Manitoba","2021A000246","In-migrants","Persons","249","units","0","v509049","8.1","3853","","","","0"
"2021-01","Manitoba","2021A000246","Out-migrants","Persons","249","units","0","v509064","8.2","4346","","","","0"
"2021-01","Saskatchewan","2021A000247","In-migrants","Persons","249","units","0","v509050","9.1","3770","","","","0"
"2021-01","Saskatchewan","2021A000247","Out-migrants","Persons","249","units","0","v509065","9.2","5182","","","","0"
"2021-01","Alberta","2021A000248","In-migrants","Persons","249","units","0","v509051","10.1","12778","","","","0"
"2021-01","Alberta","2021A000248","Out-migrants","Persons","249","units","0","v509066","10.2","15804","","","","0"
"2021-01","British Columbia","2021A000259","In-migrants","Persons","249","units","0","v509039","11.1","16186","","","","0"
"2021-01","British Columbia","2021A000259","Out-migrants","Persons","249","units","0","v509054","11.2","9194","","","","0"
"2021-01","Yukon","2021A000260","In-migrants","Persons","249","units","0","v509040","12.1","388","","","","0"
"2021-01","Yukon","2021A000260","Out-migrants","Persons","249","units","0","v509055","12.2","251","","","","0"
"2021-01","Northwest Territories","2021A000261","In-migrants","Persons","249","units","0","v509042","14.1","664","","","","0"
"2021-01","Northwest Territories","2021A000261","Out-migrants","Persons","249","units","0","v509057","14.2","480","","","","0"
"2021-01","Nunavut","2021A000262","In-migrants","Persons","249","units","0","v509043","15.1","212","","","","0"
"2021-01","Nunavut","2021A000262","Out-migrants","Persons","249","units","0","v509058","15.2","252","","","","0"
"2021-04","Canada","2021A000011124","In-migrants","Persons","249","units","0","v509037","1.1","108030","","","","0"
"2021-04","Canada","2021A000011124","Out-migrants","Persons","249","units","0","v509052","1.2","108030","","","","0"
"2021-04","Newfoundland and Labrador","2021A000210","In-migrants","Persons","249","units","0","v509038","2.1","2730","","","","0"
"2021-04","Newfoundland and Labrador","2021A000210","Out-migrants","Persons","249","units","0","v509053","2.2","2095","","","","0"
"2021-04","Prince Edward Island","2021A000211","In-migrants","Persons","249","units","0","v509044","3.1","1949","","","","0"
"2021-04","Prince Edward Island","2021A000211","Out-migrants","Persons","249","units","0","v509059","3.2","1001","","","","0"
"2021-04","Nova Scotia","2021A000212","In-migrants","Persons","249","units","0","v509045","4.1","8619","","","","0"
"2021-04","Nova Scotia","2021A000212","Out-migrants","Persons","249","units","0","v509060","4.2","4402","","","","0"
"2021-04","New Brunswick","2021A000213","In-migrants","Persons","249","units","0","v509046","5.1","5290","","","","0"
"2021-04","New Brunswick","2021A000213","Out-migrants","Persons","249","units","0","v509061","5.2","2985","","","","0"
"2021-04","Quebec","2021A000224","In-migrants","Persons","249","units","0","v509047","6.1","9227","","","","0"
"2021-04","Quebec","2021A000224","Out-migrants","Persons","249","units","0","v509062","6.2","9219","","","","0"
"2021-04","Ontario","2021A000235","In-migrants","Persons","249","units","0","v509048","7.1","21820","","","","0"
"2021-04","Ontario","2021A000235","Out-migrants","Persons","249","units","0","v509063","7.2","33593","","","","0"
"2021-04","Manitoba","2021A000246","In-migrants","Persons","249","units","0","v509049","8.1","5396","","","","0"
"2021-04","Manitoba","2021A000246","Out-migrants","Persons","249","units","0","v509064","8.2","6427","","","","0"
"2021-04","Saskatchewan","2021A000247","In-migrants","Persons","249","units","0","v509050","9.1","4730","","","","0"
"2021-04","Saskatchewan","2021A000247","Out-migrants","Persons","249","units","0","v509065","9.2","7270","","","","0"
"2021-04","Alberta","2021A000248","In-migrants","Persons","249","units","0","v509051","10.1","19769","","","","0"
"2021-04","Alberta","2021A000248","Out-migrants","Persons","249","units","0","v509066","10.2","24138","","","","0"
"2021-04","British Columbia","2021A000259","In-migrants","Persons","249","units","0","v509039","11.1","26828","","","","0"
"2021-04","British Columbia","2021A000259","Out-migrants","Persons","249","units","0","v509054","11.2","15361","","","","0"
"2021-04","Yukon","2021A000260","In-migrants","Persons","249","units","0","v509040","12.1","685","","","","0"
"2021-04","Yukon","2021A000260","Out-migrants","Persons","249","units","0","v509055","12.2","359","","","","0"
"2021-04","Northwest Territories","2021A000261","In-migrants","Persons","249","units","0","v509042","14.1","566","","","","0"
"2021-04","Northwest Territories","2021A000261","Out-migrants","Persons","249","units","0","v509057","14.2","775","","","","0"
"2021-04","Nunavut","2021A000262","In-migrants","Persons","249","units","0","v509043","15.1","421","","","","0"
"2021-04","Nunavut","2021A000262","Out-migrants","Persons","249","units","0","v509058","15.2","405","","","","0"
"2021-07","Canada","2021A000011124","In-migrants","Persons","249","units","0","v509037","1.1","95279","","","","0"
"2021-07","Canada","2021A000011124","Out-migrants","Persons","249","units","0","v509052","1.2","95279","","","","0"
"2021-07","Newfoundland and Labrador","2021A000210","In-migrants","Persons","249","units","0","v509038","2.1","1779","","","","0"
"2021-07","Newfoundland and Labrador","2021A000210","Out-migrants","Persons","249","units","0","v509053","2.2","1681","","","","0"
"2021-07","Prince Edward Island","2021A000211","In-migrants","Persons","249","units","0","v509044","3.1","1314","","","","0"
"2021-07","Prince Edward Island","2021A000211","Out-migrants","Persons","249","units","0","v509059","3.2","994","","","","0"
"2021-07","Nova Scotia","2021A000212","In-migrants","Persons","249","units","0","v509045","4.1","6160","","","","0"
"2021-07","Nova Scotia","2021A000212","Out-migrants","Persons","249","units","0","v509060","4.2","3768","","","","0"
"2021-07","New Brunswick","2021A000213","In-migrants","Persons","249","units","0","v509046","5.1","4583","","","","0"
"2021-07","New Brunswick","2021A000213","Out-migrants","Persons","249","units","0","v509061","5.2","3217","","","","0"
"2021-07","Quebec","2021A000224","In-migrants","Persons","249","units","0","v509047","6.1","9255","","","","0"
"2021-07","Quebec","2021A000224","Out-migrants","Persons","249","units","0","v509062","6.2","11822","","","","0"
"2021-07","Ontario","2021A000235","In-migrants","Persons","249","units","0","v509048","7.1","24222","","","","0"
"2021-07","Ontario","2021A000235","Out-migrants","Persons","249","units","0","v509063","7.2","27431","","","","0"
"2021-07","Manitoba","2021A000246","In-migrants","Persons","249","units","0","v509049","8.1","4042","","","","0"
"2021-07","Manitoba","2021A000246","Out-migrants","Persons","249","units","0","v509064","8.2","6742","","","","0"
"2021-07","Saskatchewan","2021A000247","In-migrants","Persons","249","units","0","v509050","9.1","3552","","","","0"
"2021-07","Saskatchewan","2021A000247","Out-migrants","Persons","249","units","0","v509065","9.2","7180","","","","0"
"2021-07","Alberta","2021A000248","In-migrants","Persons","249","units","0","v509051","10.1","18529","","","","0"
"2021-07","Alberta","2021A000248","Out-migrants","Persons","249","units","0","v509066","10.2","18283","","","","0"
"2021-07","British Columbia","2021A000259","In-migrants","Persons","249","units","0","v509039","11.1","20975","","","","0"
"2021-07","British Columbia","2021A000259","Out-migrants","Persons","249","units","0","v509054","11.2","13097","","","","0"
"2021-07","Yukon","2021A000260","In-migrants","Persons","249","units","0","v509040","12.1","270","","","","0"
"2021-07","Yukon","2021A000260","Out-migrants","Persons","249","units","0","v509055","12.2","309","","","","0"
"2021-07","Northwest Territories","2021A000261","In-migrants","Persons","249","units","0","v509042","14.1","463","","","","0"
"2021-07","Northwest Territories","2021A000261","Out-migrants","Persons","249","units","0","v509057","14.2","565","","","","0"
"2021-07","Nunavut","2021A000262","In-migrants","Persons","249","units","0","v509043","15.1","135","","","","0"
"2021-07","Nunavut","2021A000262","Out-migrants","Persons","249","units","0","v509058","15.2","190","","","","0"
"2021-10","Canada","2021A000011124","In-migrants","Persons","249","units","0","v509037","1.1","59264","","","","0"
"2021-10","Canada","2021A000011124","Out-migrants","Persons","249","units","0","v509052","1.2","59264","","","","0"
"2021-10","Newfoundland and Labrador","2021A000210","In-migrants","Persons","249","units","0","v509038","2.1","1402","","","","0"
"2021-10","Newfoundland and Labrador","2021A000210","Out-migrants","Persons","249","units","0","v509053","2.2","882","","","","0"
"2021-10","Prince Edward Island","2021A000211","In-migrants","Persons","249","units","0","v509044","3.1","939","","","","0"
"2021-10","Prince Edward Island","2021A000211","Out-migrants","Persons","249","units","0","v509059","3.2","705","","","","0"
"2021-10","Nova Scotia","2021A000212","In-migrants","Persons","249","units","0","v509045","4.1","4264","","","","0"
"2021-10","Nova Scotia","2021A000212","Out-migrants","Persons","249","units","0","v509060","4.2","2368","","","","0"
"2021-10","New Brunswick","2021A000213","In-migrants","Persons","249","units","0","v509046","5.1","3121","","","","0"
"2021-10","New Brunswick","2021A000213","Out-migrants","Persons","249","units","0","v509061","5.2","1675","","","","0"
"2021-10","Quebec","2021A000224","In-migrants","Persons","249","units","0","v509047","6.1","4857","","","","0"
"2021-10","Quebec","2021A000224","Out-migrants","Persons","249","units","0","v509062","6.2","6275","","","","0"
"2021-10","Ontario","2021A000235","In-migrants","Persons","249","units","0","v509048","7.1","13770","","","","0"
"2021-10","Ontario","2021A000235","Out-migrants","Persons","249","units","0","v509063","7.2","18095","","","","0"
"2021-10","Manitoba","2021A000246","In-migrants","Persons","249","units","0","v509049","8.1","2303","","","","0"
"2021-10","Manitoba","2021A000246","Out-migrants","Persons","249","units","0","v509064","8.2","4360","","","","0"
"2021-10","Saskatchewan","2021A000247","In-migrants","Persons","249","units","0","v509050","9.1","2557","","","","0"
"2021-10","Saskatchewan","2021A000247","Out-migrants","Persons","249","units","0","v509065","9.2","4165","","","","0"
"2021-10","Alberta","2021A000248","In-migrants","Persons","249","units","0","v509051","10.1","12149","","","","0"
"2021-10","Alberta","2021A000248","Out-migrants","Persons","249","units","0","v509066","10.2","11401","","","","0"
"2021-10","British Columbia","2021A000259","In-migrants","Persons","249","units","0","v509039","11.1","13246","","","","0"
"2021-10","British Columbia","2021A000259","Out-migrants","Persons","249","units","0","v509054","11.2","8536","","","","0"
"2021-10","Yukon","2021A000260","In-migrants","Persons","249","units","0","v509040","12.1","228","","","","0"
"2021-10","Yukon","2021A000260","Out-migrants","Persons","249","units","0","v509055","12.2","355","","","","0"
"2021-10","Northwest Territories","2021A000261","In-migrants","Persons","249","units","0","v509042","14.1","308","","","","0"
"2021-10","Northwest Territories","2021A000261","Out-migrants","Persons","249","units","0","v509057","14.2","259","","","","0"
"2021-10","Nunavut","2021A000262","In-migrants","Persons","249","units","0","v509043","15.1","120","","","","0"
"2021-10","Nunavut","2021A000262","Out-migrants","Persons","249","units","0","v509058","15.2","188","","","","0"
"2022-01","Canada","2021A000011124","In-migrants","Persons","249","units","0","v509037","1.1","83421","","","","0"
"2022-01","Canada","2021A000011124","Out-migrants","Persons","249","units","0","v509052","1.2","83421","","","","0"
"2022-01","Newfoundland and Labrador","2021A000210","In-migrants","Persons","249","units","0","v509038","2.1","2203","","","","0"
"2022-01","Newfoundland and Labrador","2021A000210","Out-migrants","Persons","249","units","0","v509053","2.2","1866","","","","0"
"2022-01","Prince Edward Island","2021A000211","In-migrants","Persons","249","units","0","v509044","3.1","1421","","","","0"
"2022-01","Prince Edward Island","2021A000211","Out-migrants","Persons","249","units","0","v509059","3.2","687","","","","0"
"2022-01","Nova Scotia","2021A000212","In-migrants","Persons","249","units","0","v509045","4.1","5840","","","","0"
"2022-01","Nova Scotia","2021A000212","Out-migrants","Persons","249","units","0","v509060","4.2","3649","","","","0"
"2022-01","New Brunswick","2021A000213","In-migrants","Persons","249","units","0","v509046","5.1","4619","","","","0"
"2022-01","New Brunswick","2021A000213","Out-migrants","Persons","249","units","0","v509061","5.2","2820","","","","0"
"2022-01","Quebec","2021A000224","In-migrants","Persons","249","units","0","v509047","6.1","6586","","","","0"
"2022-01","Quebec","2021A000224","Out-migrants","Persons","249","units","0","v509062","6.2","7056","","","","0"
"2022-01","Ontario","2021A000235","In-migrants","Persons","249","units","0","v509048","7.1","17049","","","","0"
"2022-01","Ontario","2021A000235","Out-migrants","Persons","249","units","0","v509063","7.2","25641","","","","0"
"2022-01","Manitoba","2021A000246","In-migrants","Persons","249","units","0","v509049","8.1","4070","","","","0"
"2022-01","Manitoba","2021A000246","Out-migrants","Persons","249","units","0","v509064","8.2","4958","","","","0"
"2022-01","Saskatchewan","2021A000247","In-migrants","Persons","249","units","0","v509050","9.1","4104","","","","0"
"2022-01","Saskatchewan","2021A000247","Out-migrants","Persons","249","units","0","v509065","9.2","5800","","","","0"
"2022-01","Alberta","2021A000248","In-migrants","Persons","249","units","0","v509051","10.1","18755","","","","0"
"2022-01","Alberta","2021A000248","Out-migrants","Persons","249","units","0","v509066","10.2","17455","","","","0"
"2022-01","British Columbia","2021A000259","In-migrants","Persons","249","units","0","v509039","11.1","17408","","","","0"
"2022-01","British Columbia","2021A000259","Out-migrants","Persons","249","units","0","v509054","11.2","12386","","","","0"
"2022-01","Yukon","2021A000260","In-migrants","Persons","249","units","0","v509040","12.1","523","","","","0"
"2022-01","Yukon","2021A000260","Out-migrants","Persons","249","units","0","v509055","12.2","237","","","","0"
"2022-01","Northwest Territories","2021A000261","In-migrants","Persons","249","units","0","v509042","14.1","505","","","","0"
"2022-01","Northwest Territories","2021A000261","Out-migrants","Persons","249","units","0","v509057","14.2","616","","","","0"
"2022-01","Nunavut","2021A000262","In-migrants","Persons","249","units","0","v509043","15.1","338","","","","0"
"2022-01","Nunavut","2021A000262","Out-migrants","Persons","249","units","0","v509058","15.2","250","","","","0"
"2022-04","Canada","2021A000011124","In-migrants","Persons","249","units","0","v509037","1.1","145159","","","","0"
"2022-04","Canada","2021A000011124","Out-migrants","Persons","249","units","0","v509052","1.2","145159","","","","0"
"2022-04","Newfoundland and Labrador","2021A000210","In-migrants","Persons","249","units","0","v509038","2.1","3413","","","","0"
"2022-04","Newfoundland and Labrador","2021A000210","Out-migrants","Persons","249","units","0","v509053","2.2","2566","","","","0"
"2022-04","Prince Edward Island","2021A000211","In-migrants","Persons","249","units","0","v509044","3.1","2031","","","","0"
"2022-04","Prince Edward Island","2021A000211","Out-migrants","Persons","249","units","0","v509059","3.2","1611","","","","0"
"2022-04","Nova Scotia","2021A000212","In-migrants","Persons","249","units","0","v509045","4.1","10751","","","","0"
"2022-04","Nova Scotia","2021A000212","Out-migrants","Persons","249","units","0","v509060","4.2","5529","","","","0"
"2022-04","New Brunswick","2021A000213","In-migrants","Persons","249","units","0","v509046","5.1","7400","","","","0"
"2022-04","New Brunswick","2021A000213","Out-migrants","Persons","249","units","0","v509061","5.2","4114","","","","0"
"2022-04","Quebec","2021A000224","In-migrants","Persons","249","units","0","v509047","6.1","11471","","","","0"
"2022-04","Quebec","2021A000224","Out-migrants","Persons","249","units","0","v509062","6.2","13545","","","","0"
"2022-04","Ontario","2021A000235","In-migrants","Persons","249","units","0","v509048","7.1","30838","","","","0"
"2022-04","Ontario","2021A000235","Out-migrants","Persons","249","units","0","v509063","7.2","45730","","","","0"
"2022-04","Manitoba","2021A000246","In-migrants","Persons","249","units","0","v509049","8.1","6662","","","","0"
"2022-04","Manitoba","2021A000246","Out-migrants","Persons","249","units","0","v509064","8.2","8468","","","","0"
"2022-04","Saskatchewan","2021A000247","In-migrants","Persons","249","units","0","v509050","9.1","6626","","","","0"
"2022-04","Saskatchewan","2021A000247","Out-migrants","Persons","249","units","0","v509065","9.2","9187","","","","0"
"2022-04","Alberta","2021A000248","In-migrants","Persons","249","units","0","v509051","10.1","32090","","","","0"
"2022-04","Alberta","2021A000248","Out-migrants","Persons","249","units","0","v509066","10.2","28738","","","","0"
"2022-04","British Columbia","2021A000259","In-migrants","Persons","249","units","0","v509039","11.1","32030","","","","0"
"2022-04","British Columbia","2021A000259","Out-migrants","Persons","249","units","0","v509054","11.2","23571","","","","0"
"2022-04","Yukon","2021A000260","In-migrants","Persons","249","units","0","v509040","12.1","828","","","","0"
"2022-04","Yukon","2021A000260","Out-migrants","Persons","249","units","0","v509055","12.2","661","","","","0"
"2022-04","Northwest Territories","2021A000261","In-migrants","Persons","249","units","0","v509042","14.1","696","","","","0"
"2022-04","Northwest Territories","2021A000261","Out-migrants","Persons","249","units","0","v509057","14.2","971","","","","0"
"2022-04","Nunavut","2021A000262","In-migrants","Persons","249","units","0","v509043","15.1","323","","","","0"
"2022-04","Nunavut","2021A000262","Out-migrants","Persons","249","units","0","v509058","15.2","468","","","","0"
"2022-07","Canada","2021A000011124","In-migrants","Persons","249","units","0","v509037","1.1","99721","","","","0"
"2022-07","Canada","2021A000011124","Out-migrants","Persons","249","units","0","v509052","1.2","99721","","","","0"
"2022-07","Newfoundland and Labrador","2021A000210","In-migrants","Persons","249","units","0","v509038","2.1","1866","","","","0"
"2022-07","Newfoundland and Labrador","2021A000210","Out-migrants","Persons","249","units","0","v509053","2.2","1770","","","","0"
"2022-07","Prince Edward Island","2021A000211","In-migrants","Persons","249","units","0","v509044","3.1","922","","","","0"
"2022-07","Prince Edward Island","2021A000211","Out-migrants","Persons","249","units","0","v509059","3.2","1078","","","","0"
"2022-07","Nova Scotia","2021A000212","In-migrants","Persons","249","units","0","v509045","4.1","6553","","","","0"
"2022-07","Nova Scotia","2021A000212","Out-migrants","Persons","249","units","0","v509060","4.2","4863","","","","0"
"2022-07","New Brunswick","2021A000213","In-migrants","Persons","249","units","0","v509046","5.1","4784","","","","0"
"2022-07","New Brunswick","2021A000213","Out-migrants","Persons","249","units","0","v509061","5.2","3786","","","","0"
"2022-07","Quebec","2021A000224","In-migrants","Persons","249","units","0","v509047","6.1","8771","","","","0"
"2022-07","Quebec","2021A000224","Out-migrants","Persons","249","units","0","v509062","6.2","12122","","","","0"
"2022-07","Ontario","2021A000235","In-migrants","Persons","249","units","0","v509048","7.1","24623","","","","0"
"2022-07","Ontario","2021A000235","Out-migrants","Persons","249","units","0","v509063","7.2","30514","","","","0"
"2022-07","Manitoba","2021A000246","In-migrants","Persons","249","units","0","v509049","8.1","4052","","","","0"
"2022-07","Manitoba","2021A000246","Out-migrants","Persons","249","units","0","v509064","8.2","6821","","","","0"
"2022-07","Saskatchewan","2021A000247","In-migrants","Persons","249","units","0","v509050","9.1","4120","","","","0"
"2022-07","Saskatchewan","2021A000247","Out-migrants","Persons","249","units","0","v509065","9.2","5498","","","","0"
"2022-07","Alberta","2021A000248","In-migrants","Persons","249","units","0","v509051","10.1","27534","","","","0"
"2022-07","Alberta","2021A000248","Out-migrants","Persons","249","units","0","v509066","10.2","14374","","","","0"
"2022-07","British Columbia","2021A000259","In-migrants","Persons","249","units","0","v509039","11.1","15758","","","","0"
"2022-07","British Columbia","2021A000259","Out-migrants","Persons","249","units","0","v509054","11.2","17896","","","","0"
"2022-07","Yukon","2021A000260","In-migrants","Persons","249","units","0","v509040","12.1","324","","","","0"
"2022-07","Yukon","2021A000260","Out-migrants","Persons","249","units","0","v509055","12.2","310","","","","0"
"2022-07","Northwest Territories","2021A000261","In-migrants","Persons","249","units","0","v509042","14.1","323","","","","0"
"2022-07","Northwest Territories","2021A000261","Out-migrants","Persons","249","units","0","v509057","14.2","488","","","","0"
"2022-07","Nunavut","2021A000262","In-migrants","Persons","249","units","0","v509043","15.1","91","","","","0"
"2022-07","Nunavut","2021A000262","Out-migrants","Persons","249","units","0","v509058","15.2","201","","","","0"
"2022-10","Canada","2021A000011124","In-migrants","Persons","249","units","0","v509037","1.1","63151","","","","0"
"2022-10","Canada","2021A000011124","Out-migrants","Persons","249","units","0","v509052","1.2","63151","","","","0"
"2022-10","Newfoundland and Labrador","2021A000210","In-migrants","Persons","249","units","0","v509038","2.1","1550","","","","0"
"2022-10","Newfoundland and Labrador","2021A000210","Out-migrants","Persons","249","units","0","v509053","2.2","1068","","","","0"
"2022-10","Prince Edward Island","2021A000211","In-migrants","Persons","249","units","0","v509044","3.1","1220","","","","0"
"2022-10","Prince Edward Island","2021A000211","Out-migrants","Persons","249","units","0","v509059","3.2","804","","","","0"
"2022-10","Nova Scotia","2021A000212","In-migrants","Persons","249","units","0","v509045","4.1","3657","","","","0"
"2022-10","Nova Scotia","2021A000212","Out-migrants","Persons","249","units","0","v509060","4.2","2930","","","","0"
"2022-10","New Brunswick","2021A000213","In-migrants","Persons","249","units","0","v509046","5.1","2665","","","","0"
"2022-10","New Brunswick","2021A000213","Out-migrants","Persons","249","units","0","v509061","5.2","1934","","","","0"
"2022-10","Quebec","2021A000224","In-migrants","Persons","249","units","0","v509047","6.1","4587","","","","0"
"2022-10","Quebec","2021A000224","Out-migrants","Persons","249","units","0","v509062","6.2","7399","","","","0"
"2022-10","Ontario","2021A000235","In-migrants","Persons","249","units","0","v509048","7.1","15256","","","","0"
"2022-10","Ontario","2021A000235","Out-migrants","Persons","249","units","0","v509063","7.2","19168","","","","0"
"2022-10","Manitoba","2021A000246","In-migrants","Persons","249","units","0","v509049","8.1","2242","","","","0"
"2022-10","Manitoba","2021A000246","Out-migrants","Persons","249","units","0","v509064","8.2","4397","","","","0"
"2022-10","Saskatchewan","2021A000247","In-migrants","Persons","249","units","0","v509050","9.1","2934","","","","0"
"2022-10","Saskatchewan","2021A000247","Out-migrants","Persons","249","units","0","v509065","9.2","3913","","","","0"
"2022-10","Alberta","2021A000248","In-migrants","Persons","249","units","0","v509051","10.1","17299","","","","0"
"2022-10","Alberta","2021A000248","Out-migrants","Persons","249","units","0","v509066","10.2","9524","","","","0"
"2022-10","British Columbia","2021A000259","In-migrants","Persons","249","units","0","v509039","11.1","11178","","","","0"
"2022-10","British Columbia","2021A000259","Out-migrants","Persons","249","units","0","v509054","11.2","11196","","","","0"
"2022-10","Yukon","2021A000260","In-migrants","Persons","249","units","0","v509040","12.1","283","","","","0"
"2022-10","Yukon","2021A000260","Out-migrants","Persons","249","units","0","v509055","12.2","220","","","","0"
"2022-10","Northwest Territories","2021A000261","In-migrants","Persons","249","units","0","v509042","14.1","187","","","","0"
"2022-10","Northwest Territories","2021A000261","Out-migrants","Persons","249","units","0","v509057","14.2","460","","","","0"
"2022-10","Nunavut","2021A000262","In-migrants","Persons","249","units","0","v509043","15.1","93","","","","0"
"2022-10","Nunavut","2021A000262","Out-migrants","Persons","249","units","0","v509058","15.2","138","","","","0"
"2023-01","Canada","2021A000011124","In-migrants","Persons","249","units","0","v509037","1.1","96160","","","","0"
"2023-01","Canada","2021A000011124","Out-migrants","Persons","249","units","0","v509052","1.2","96160","","","","0"
"2023-01","Newfoundland and Labrador","2021A000210","In-migrants","Persons","249","units","0","v509038","2.1","2265","","","","0"
"2023-01","Newfoundland and Labrador","2021A000210","Out-migrants","Persons","249","units","0","v509053","2.2","2121","","","","0"
"2023-01","Prince Edward Island","2021A000211","In-migrants","Persons","249","units","0","v509044","3.1","1838","","","","0"
"2023-01","Prince Edward Island","2021A000211","Out-migrants","Persons","249","units","0","v509059","3.2","1120","","","","0"
"2023-01","Nova Scotia","2021A000212","In-migrants","Persons","249","units","0","v509045","4.1","6488","","","","0"
"2023-01","Nova Scotia","2021A000212","Out-migrants","Persons","249","units","0","v509060","4.2","4237","","","","0"
"2023-01","New Brunswick","2021A000213","In-migrants","Persons","249","units","0","v509046","5.1","4724","","","","0"
"2023-01","New Brunswick","2021A000213","Out-migrants","Persons","249","units","0","v509061","5.2","3317","","","","0"
"2023-01","Quebec","2021A000224","In-migrants","Persons","249","units","0","v509047","6.1","6630","","","","0"
"2023-01","Quebec","2021A000224","Out-migrants","Persons","249","units","0","v509062","6.2","8348","","","","0"
"2023-01","Ontario","2021A000235","In-migrants","Persons","249","units","0","v509048","7.1","20016","","","","0"
"2023-01","Ontario","2021A000235","Out-migrants","Persons","249","units","0","v509063","7.2","29792","","","","0"
"2023-01","Manitoba","2021A000246","In-migrants","Persons","249","units","0","v509049","8.1","4090","","","","0"
"2023-01","Manitoba","2021A000246","Out-migrants","Persons","249","units","0","v509064","8.2","6411","","","","0"
"2023-01","Saskatchewan","2021A000247","In-migrants","Persons","249","units","0","v509050","9.1","4429","","","","0"
"2023-01","Saskatchewan","2021A000247","Out-migrants","Persons","249","units","0","v509065","9.2","6694","","","","0"
"2023-01","Alberta","2021A000248","In-migrants","Persons","249","units","0","v509051","10.1","26020","","","","0"
"2023-01","Alberta","2021A000248","Out-migrants","Persons","249","units","0","v509066","10.2","16248","","","","0"
"2023-01","British Columbia","2021A000259","In-migrants","Persons","249","units","0","v509039","11.1","18207","","","","0"
"2023-01","British Columbia","2021A000259","Out-migrants","Persons","249","units","0","v509054","11.2","16139","","","","0"
"2023-01","Yukon","2021A000260","In-migrants","Persons","249","units","0","v509040","12.1","458","","","","0"
"2023-01","Yukon","2021A000260","Out-migrants","Persons","249","units","0","v509055","12.2","379","","","","0"
"2023-01","Northwest Territories","2021A000261","In-migrants","Persons","249","units","0","v509042","14.1","723","","","","0"
"2023-01","Northwest Territories","2021A000261","Out-migrants","Persons","249","units","0","v509057","14.2","890","","","","0"
"2023-01","Nunavut","2021A000262","In-migrants","Persons","249","units","0","v509043","15.1","272","","","","0"
"2023-01","Nunavut","2021A000262","Out-migrants","Persons","249","units","0","v509058","15.2","464","","","","0"
"2023-04","Canada","2021A000011124","In-migrants","Persons","249","units","0","v509037","1.1","121205","","","","0"
"2023-04","Canada","2021A000011124","Out-migrants","Persons","249","units","0","v509052","1.2","121205","","","","0"
"2023-04","Newfoundland and Labrador","2021A000210","In-migrants","Persons","249","units","0","v509038","2.1","2552","","","","0"
"2023-04","Newfoundland and Labrador","2021A000210","Out-migrants","Persons","249","units","0","v509053","2.2","2214","","","","0"
"2023-04","Prince Edward Island","2021A000211","In-migrants","Persons","249","units","0","v509044","3.1","1918","","","","0"
"2023-04","Prince Edward Island","2021A000211","Out-migrants","Persons","249","units","0","v509059","3.2","1425","","","","0"
"2023-04","Nova Scotia","2021A000212","In-migrants","Persons","249","units","0","v509045","4.1","8082","","","","0"
"2023-04","Nova Scotia","2021A000212","Out-migrants","Persons","249","units","0","v509060","4.2","5761","","","","0"
"2023-04","New Brunswick","2021A000213","In-migrants","Persons","249","units","0","v509046","5.1","5313","","","","0"
"2023-04","New Brunswick","2021A000213","Out-migrants","Persons","249","units","0","v509061","5.2","3398","","","","0"
"2023-04","Quebec","2021A000224","In-migrants","Persons","249","units","0","v509047","6.1","9645","","","","0"
"2023-04","Quebec","2021A000224","Out-migrants","Persons","249","units","0","v509062","6.2","12097","","","","0"
"2023-04","Ontario","2021A000235","In-migrants","Persons","249","units","0","v509048","7.1","27059","","","","0"
"2023-04","Ontario","2021A000235","Out-migrants","Persons","249","units","0","v509063","7.2","37210","","","","0"
"2023-04","Manitoba","2021A000246","In-migrants","Persons","249","units","0","v509049","8.1","4793","","","","0"
"2023-04","Manitoba","2021A000246","Out-migrants","Persons","249","units","0","v509064","8.2","7476","","","","0"
"2023-04","Saskatchewan","2021A000247","In-migrants","Persons","249","units","0","v509050","9.1","5727","","","","0"
"2023-04","Saskatchewan","2021A000247","Out-migrants","Persons","249","units","0","v509065","9.2","7761","","","","0"
"2023-04","Alberta","2021A000248","In-migrants","Persons","249","units","0","v509051","10.1","29900","","","","0"
"2023-04","Alberta","2021A000248","Out-migrants","Persons","249","units","0","v509066","10.2","21199","","","","0"
"2023-04","British Columbia","2021A000259","In-migrants","Persons","249","units","0","v509039","11.1","24555","","","","0"
"2023-04","British Columbia","2021A000259","Out-migrants","Persons","249","units","0","v509054","11.2","21079","","","","0"
"2023-04","Yukon","2021A000260","In-migrants","Persons","249","units","0","v509040","12.1","723","","","","0"
"2023-04","Yukon","2021A000260","Out-migrants","Persons","249","units","0","v509055","12.2","629","","","","0"
"2023-04","Northwest Territories","2021A000261","In-migrants","Persons","249","units","0","v509042","14.1","610","","","","0"
"2023-04","Northwest Territories","2021A000261","Out-migrants","Persons","249","units","0","v509057","14.2","589","","","","0"
"2023-04","Nunavut","2021A000262","In-migrants","Persons","249","units","0","v509043","15.1","328","","","","0"
"2023-04","Nunavut","2021A000262","Out-migrants","Persons","249","units","0","v509058","15.2","367","","","","0"
"2023-07","Canada","2021A000011124","In-migrants","Persons","249","units","0","v509037","1.1","96900","","","","0"
"2023-07","Canada","2021A000011124","Out-migrants","Persons","249","units","0","v509052","1.2","96900","","","","0"
"2023-07","Newfoundland and Labrador","2021A000210","In-migrants","Persons","249","units","0","v509038","2.1","1983","","","","0"
"2023-07","Newfoundland and Labrador","2021A000210","Out-migrants","Persons","249","units","0","v509053","2.2","1765","","","","0"
"2023-07","Prince Edward Island","2021A000211","In-migrants","Persons","249","units","0","v509044","3.1","1261","","","","0"
"2023-07","Prince Edward Island","2021A000211","Out-migrants","Persons","249","units","0","v509059","3.2","1127","","","","0"
"2023-07","Nova Scotia","2021A000212","In-migrants","Persons","249","units","0","v509045","4.1","6417","","","","0"
"2023-07","Nova Scotia","2021A000212","Out-migrants","Persons","249","units","0","v509060","4.2","4656","","","","0"
"2023-07","New Brunswick","2021A000213","In-migrants","Persons","249","units","0","v509046","5.1","4712","","","","0"
"2023-07","New Brunswick","2021A000213","Out-migrants","Persons","249","units","0","v509061","5.2","3805","","","","0"
"2023-07","Quebec","2021A000224","In-migrants","Persons","249","units","0","v509047","6.1","8561","","","","0"
"2023-07","Quebec","2021A000224","Out-migrants","Persons","249","units","0","v509062","6.2","10997","","","","0"
"2023-07","Ontario","2021A000235","In-migrants","Persons","249","units","0","v509048","7.1","21748","","","","0"
"2023-07","Ontario","2021A000235","Out-migrants","Persons","249","units","0","v509063","7.2","31139","","","","0"
"2023-07","Manitoba","2021A000246","In-migrants","Persons","249","units","0","v509049","8.1","3214","","","","0"
"2023-07","Manitoba","2021A000246","Out-migrants","Persons","249","units","0","v509064","8.2","6624","","","","0"
"2023-07","Saskatchewan","2021A000247","In-migrants","Persons","249","units","0","v509050","9.1","4983","","","","0"
"2023-07","Saskatchewan","2021A000247","Out-migrants","Persons","249","units","0","v509065","9.2","5879","","","","0"
"2023-07","Alberta","2021A000248","In-migrants","Persons","249","units","0","v509051","10.1","28954","","","","0"
"2023-07","Alberta","2021A000248","Out-migrants","Persons","249","units","0","v509066","10.2","12440","","","","0"
"2023-07","British Columbia","2021A000259","In-migrants","Persons","249","units","0","v509039","11.1","14055","","","","0"
"2023-07","British Columbia","2021A000259","Out-migrants","Persons","249","units","0","v509054","11.2","17242","","","","0"
"2023-07","Yukon","2021A000260","In-migrants","Persons","249","units","0","v509040","12.1","514","","","","0"
"2023-07","Yukon","2021A000260","Out-migrants","Persons","249","units","0","v509055","12.2","445","","","","0"
"2023-07","Northwest Territories","2021A000261","In-migrants","Persons","249","units","0","v509042","14.1","320","","","","0"
"2023-07","Northwest Territories","2021A000261","Out-migrants","Persons","249","units","0","v509057","14.2","554","","","","0"
"2023-07","Nunavut","2021A000262","In-migrants","Persons","249","units","0","v509043","15.1","178","","","","0"
"2023-07","Nunavut","2021A000262","Out-migrants","Persons","249","units","0","v509058","15.2","227","","","","0"
"2023-10","Canada","2021A000011124","In-migrants","Persons","249","units","0","v509037","1.1","57879","","","","0"
"2023-10","Canada","2021A000011124","Out-migrants","Persons","249","units","0","v509052","1.2","57879","","","","0"
"2023-10","Newfoundland and Labrador","2021A000210","In-migrants","Persons","249","units","0","v509038","2.1","1034","","","","0"
"2023-10","Newfoundland and Labrador","2021A000210","Out-migrants","Persons","249","units","0","v509053","2.2","970","","","","0"
"2023-10","Prince Edward Island","2021A000211","In-migrants","Persons","249","units","0","v509044","3.1","747","","","","0"
"2023-10","Prince Edward Island","2021A000211","Out-migrants","Persons","249","units","0","v509059","3.2","788","","","","0"
"2023-10","Nova Scotia","2021A000212","In-migrants","Persons","249","units","0","v509045","4.1","4105","","","","0"
"2023-10","Nova Scotia","2021A000212","Out-migrants","Persons","249","units","0","v509060","4.2","2113","","","","0"
"2023-10","New Brunswick","2021A000213","In-migrants","Persons","249","units","0","v509046","5.1","3048","","","","0"
"2023-10","New Brunswick","2021A000213","Out-migrants","Persons","249","units","0","v509061","5.2","2264","","","","0"
"2023-10","Quebec","2021A000224","In-migrants","Persons","249","units","0","v509047","6.1","4426","","","","0"
"2023-10","Quebec","2021A000224","Out-migrants","Persons","249","units","0","v509062","6.2","6721","","","","0"
"2023-10","Ontario","2021A000235","In-migrants","Persons","249","units","0","v509048","7.1","12893","","","","0"
"2023-10","Ontario","2021A000235","Out-migrants","Persons","249","units","0","v509063","7.2","18421","","","","0"
"2023-10","Manitoba","2021A000246","In-migrants","Persons","249","units","0","v509049","8.1","2128","","","","0"
"2023-10","Manitoba","2021A000246","Out-migrants","Persons","249","units","0","v509064","8.2","3866","","","","0"
"2023-10","Saskatchewan","2021A000247","In-migrants","Persons","249","units","0","v509050","9.1","2882","","","","0"
"2023-10","Saskatchewan","2021A000247","Out-migrants","Persons","249","units","0","v509065","9.2","3691","","","","0"
"2023-10","Alberta","2021A000248","In-migrants","Persons","249","units","0","v509051","10.1","17281","","","","0"
"2023-10","Alberta","2021A000248","Out-migrants","Persons","249","units","0","v509066","10.2","7905","","","","0"
"2023-10","British Columbia","2021A000259","In-migrants","Persons","249","units","0","v509039","11.1","8860","","","","0"
"2023-10","British Columbia","2021A000259","Out-migrants","Persons","249","units","0","v509054","11.2","10499","","","","0"
"2023-10","Yukon","2021A000260","In-migrants","Persons","249","units","0","v509040","12.1","240","","","","0"
"2023-10","Yukon","2021A000260","Out-migrants","Persons","249","units","0","v509055","12.2","162","","","","0"
"2023-10","Northwest Territories","2021A000261","In-migrants","Persons","249","units","0","v509042","14.1","195","","","","0"
"2023-10","Northwest Territories","2021A000261","Out-migrants","Persons","249","units","0","v509057","14.2","307","","","","0"
"2023-10","Nunavut","2021A000262","In-migrants","Persons","249","units","0","v509043","15.1","40","","","","0"
"2023-10","Nunavut","2021A000262","Out-migrants","Persons","249","units","0","v509058","15.2","172","","","","0"
"2024-01","Canada","2021A000011124","In-migrants","Persons","249","units","0","v509037","1.1","94758","","","","0"
"2024-01","Canada","2021A000011124","Out-migrants","Persons","249","units","0","v509052","1.2","94758","","","","0"
"2024-01","Newfoundland and Labrador","2021A000210","In-migrants","Persons","249","units","0","v509038","2.1","2187","","","","0"
"2024-01","Newfoundland and Labrador","2021A000210","Out-migrants","Persons","249","units","0","v509053","2.2","1799","","","","0"
"2024-01","Prince Edward Island","2021A000211","In-migrants","Persons","249","units","0","v509044","3.1","1368","","","","0"
"2024-01","Prince Edward Island","2021A000211","Out-migrants","Persons","249","units","0","v509059","3.2","1058","","","","0"
"2024-01","Nova Scotia","2021A000212","In-migrants","Persons","249","units","0","v509045","4.1","6368","","","","0"
"2024-01","Nova Scotia","2021A000212","Out-migrants","Persons","249","units","0","v509060","4.2","4761","","","","0"
"2024-01","New Brunswick","2021A000213","In-migrants","Persons","249","units","0","v509046","5.1","5075","","","","0"
"2024-01","New Brunswick","2021A000213","Out-migrants","Persons","249","units","0","v509061","5.2","2783","","","","0"
"2024-01","Quebec","2021A000224","In-migrants","Persons","249","units","0","v509047","6.1","6974","","","","0"
"2024-01","Quebec","2021A000224","Out-migrants","Persons","249","units","0","v509062","6.2","8115","","","","0"
"2024-01","Ontario","2021A000235","In-migrants","Persons","249","units","0","v509048","7.1","19126","","","","0"
"2024-01","Ontario","2021A000235","Out-migrants","Persons","249","units","0","v509063","7.2","31828","","","","0"
"2024-01","Manitoba","2021A000246","In-migrants","Persons","249","units","0","v509049","8.1","3967","","","","0"
"2024-01","Manitoba","2021A000246","Out-migrants","Persons","249","units","0","v509064","8.2","5376","","","","0"
"2024-01","Saskatchewan","2021A000247","In-migrants","Persons","249","units","0","v509050","9.1","5442","","","","0"
"2024-01","Saskatchewan","2021A000247","Out-migrants","Persons","249","units","0","v509065","9.2","5858","","","","0"
"2024-01","Alberta","2021A000248","In-migrants","Persons","249","units","0","v509051","10.1","26952","","","","0"
"2024-01","Alberta","2021A000248","Out-migrants","Persons","249","units","0","v509066","10.2","15427","","","","0"
"2024-01","British Columbia","2021A000259","In-migrants","Persons","249","units","0","v509039","11.1","15583","","","","0"
"2024-01","British Columbia","2021A000259","Out-migrants","Persons","249","units","0","v509054","11.2","16354","","","","0"
"2024-01","Yukon","2021A000260","In-migrants","Persons","249","units","0","v509040","12.1","635","","","","0"
"2024-01","Yukon","2021A000260","Out-migrants","Persons","249","units","0","v509055","12.2","327","","","","0"
"2024-01","Northwest Territories","2021A000261","In-migrants","Persons","249","units","0","v509042","14.1","786","","","","0"
"2024-01","Northwest Territories","2021A000261","Out-migrants","Persons","249","units","0","v509057","14.2","680","","","","0"
"2024-01","Nunavut","2021A000262","In-migrants","Persons","249","units","0","v509043","15.1","295","","","","0"
"2024-01","Nunavut","2021A000262","Out-migrants","Persons","249","units","0","v509058","15.2","392","","","","0"
"2024-04","Canada","2021A000011124","In-migrants","Persons","249","units","0","v509037","1.1","123986","","","","0"
"2024-04","Canada","2021A000011124","Out-migrants","Persons","249","units","0","v509052","1.2","123986","","","","0"
"2024-04","Newfoundland and Labrador","2021A000210","In-migrants","Persons","249","units","0","v509038","2.1","2838","","","","0"
"2024-04","Newfoundland and Labrador","2021A000210","Out-migrants","Persons","249","units","0","v509053","2.2","2417","","","","0"
"2024-04","Prince Edward Island","2021A000211","In-migrants","Persons","249","units","0","v509044","3.1","1932","","","","0"
"2024-04","Prince Edward Island","2021A000211","Out-migrants","Persons","249","units","0","v509059","3.2","1350","","","","0"
"2024-04","Nova Scotia","2021A000212","In-migrants","Persons","249","units","0","v509045","4.1","9089","","","","0"
"2024-04","Nova Scotia","2021A000212","Out-migrants","Persons","249","units","0","v509060","4.2","5608","","","","0"
"2024-04","New Brunswick","2021A000213","In-migrants","Persons","249","units","0","v509046","5.1","5362","","","","0"
"2024-04","New Brunswick","2021A000213","Out-migrants","Persons","249","units","0","v509061","5.2","3926","","","","0"
"2024-04","Quebec","2021A000224","In-migrants","Persons","249","units","0","v509047","6.1","10201","","","","0"
"2024-04","Quebec","2021A000224","Out-migrants","Persons","249","units","0","v509062","6.2","11079","","","","0"
"2024-04","Ontario","2021A000235","In-migrants","Persons","249","units","0","v509048","7.1","26428","","","","0"
"2024-04","Ontario","2021A000235","Out-migrants","Persons","249","units","0","v509063","7.2","41496","","","","0"
"2024-04","Manitoba","2021A000246","In-migrants","Persons","249","units","0","v509049","8.1","4980","","","","0"
"2024-04","Manitoba","2021A000246","Out-migrants","Persons","249","units","0","v509064","8.2","6822","","","","0"
"2024-04","Saskatchewan","2021A000247","In-migrants","Persons","249","units","0","v509050","9.1","6527","","","","0"
"2024-04","Saskatchewan","2021A000247","Out-migrants","Persons","249","units","0","v509065","9.2","7459","","","","0"
"2024-04","Alberta","2021A000248","In-migrants","Persons","249","units","0","v509051","10.1","30961","","","","0"
"2024-04","Alberta","2021A000248","Out-migrants","Persons","249","units","0","v509066","10.2","19982","","","","0"
"2024-04","British Columbia","2021A000259","In-migrants","Persons","249","units","0","v509039","11.1","23818","","","","0"
"2024-04","British Columbia","2021A000259","Out-migrants","Persons","249","units","0","v509054","11.2","22348","","","","0"
"2024-04","Yukon","2021A000260","In-migrants","Persons","249","units","0","v509040","12.1","684","","","","0"
"2024-04","Yukon","2021A000260","Out-migrants","Persons","249","units","0","v509055","12.2","467","","","","0"
"2024-04","Northwest Territories","2021A000261","In-migrants","Persons","249","units","0","v509042","14.1","627","","","","0"
"2024-04","Northwest Territories","2021A000261","Out-migrants","Persons","249","units","0","v509057","14.2","608","","","","0"
"2024-04","Nunavut","2021A000262","In-migrants","Persons","249","units","0","v509043","15.1","539","","","","0"
"2024-04","Nunavut","2021A000262","Out-migrants","Persons","249","units","0","v509058","15.2","424","","","","0"
"2024-07","Canada","2021A000011124","In-migrants","Persons","249","units","0","v509037","1.1","80146","","","","0"
"2024-07","Canada","2021A000011124","Out-migrants","Persons","249","units","0","v509052","1.2","80146","","","","0"
"2024-07","Newfoundland and Labrador","2021A000210","In-migrants","Persons","249","units","0","v509038","2.1","1485","","","","0"
"2024-07","Newfoundland and Labrador","2021A000210","Out-migrants","Persons","249","units","0","v509053","2.2","1872","","","","0"
"2024-07","Prince Edward Island","2021A000211","In-migrants","Persons","249","units","0","v509044","3.1","837","","","","0"
"2024-07","Prince Edward Island","2021A000211","Out-migrants","Persons","249","units","0","v509059","3.2","1049","","","","0"
"2024-07","Nova Scotia","2021A000212","In-migrants","Persons","249","units","0","v509045","4.1","4764","","","","0"
"2024-07","Nova Scotia","2021A000212","Out-migrants","Persons","249","units","0","v509060","4.2","4079","","","","0"
"2024-07","New Brunswick","2021A000213","In-migrants","Persons","249","units","0","v509046","5.1","3199","","","","0"
"2024-07","New Brunswick","2021A000213","Out-migrants","Persons","249","units","0","v509061","5.2","4350","","","","0"
"2024-07","Quebec","2021A000224","In-migrants","Persons","249","units","0","v509047","6.1","7846","","","","0"
"2024-07","Quebec","2021A000224","Out-migrants","Persons","249","units","0","v509062","6.2","8103","","","","0"
"2024-07","Ontario","2021A000235","In-migrants","Persons","249","units","0","v509048","7.1","18651","","","","0"
"2024-07","Ontario","2021A000235","Out-migrants","Persons","249","units","0","v509063","7.2","22874","","","","0"
"2024-07","Manitoba","2021A000246","In-migrants","Persons","249","units","0","v509049","8.1","3233","","","","0"
"2024-07","Manitoba","2021A000246","Out-migrants","Persons","249","units","0","v509064","8.2","5128","","","","0"
"2024-07","Saskatchewan","2021A000247","In-migrants","Persons","249","units","0","v509050","9.1","4152","","","","0"
"2024-07","Saskatchewan","2021A000247","Out-migrants","Persons","249","units","0","v509065","9.2","4690","","","","0"
"2024-07","Alberta","2021A000248","In-migrants","Persons","249","units","0","v509051","10.1","22399","","","","0"
"2024-07","Alberta","2021A000248","Out-migrants","Persons","249","units","0","v509066","10.2","12134","","","","0"
"2024-07","British Columbia","2021A000259","In-migrants","Persons","249","units","0","v509039","11.1","12486","","","","0"
"2024-07","British Columbia","2021A000259","Out-migrants","Persons","249","units","0","v509054","11.2","14662","","","","0"
"2024-07","Yukon","2021A000260","In-migrants","Persons","249","units","0","v509040","12.1","334","","","","0"
"2024-07","Yukon","2021A000260","Out-migrants","Persons","249","units","0","v509055","12.2","374","","","","0"
"2024-07","Northwest Territories","2021A000261","In-migrants","Persons","249","units","0","v509042","14.1","537","","","","0"
"2024-07","Northwest Territories","2021A000261","Out-migrants","Persons","249","units","0","v509057","14.2","487","","","","0"
"2024-07","Nunavut","2021A000262","In-migrants","Persons","249","units","0","v509043","15.1","223","","","","0"
"2024-07","Nunavut","2021A000262","Out-migrants","Persons","249","units","0","v509058","15.2","344","","","","0"
"2024-10","Canada","2021A000011124","In-migrants","Persons","249","units","0","v509037","1.1","46800","","","","0"
"2024-10","Canada","2021A000011124","Out-migrants","Persons","249","units","0","v509052","1.2","46800","","","","0"
"2024-10","Newfoundland and Labrador","2021A000210","In-migrants","Persons","249","units","0","v509038","2.1","828","","","","0"
"2024-10","Newfoundland and Labrador","2021A000210","Out-migrants","Persons","249","units","0","v509053","2.2","794","","","","0"
"2024-10","Prince Edward Island","2021A000211","In-migrants","Persons","249","units","0","v509044","3.1","444","","","","0"
"2024-10","Prince Edward Island","2021A000211","Out-migrants","Persons","249","units","0","v509059","3.2","625","","","","0"
"2024-10","Nova Scotia","2021A000212","In-migrants","Persons","249","units","0","v509045","4.1","2895","","","","0"
"2024-10","Nova Scotia","2021A000212","Out-migrants","Persons","249","units","0","v509060","4.2","2359","","","","0"
"2024-10","New Brunswick","2021A000213","In-migrants","Persons","249","units","0","v509046","5.1","2307","","","","0"
"2024-10","New Brunswick","2021A000213","Out-migrants","Persons","249","units","0","v509061","5.2","1972","","","","0"
"2024-10","Quebec","2021A000224","In-migrants","Persons","249","units","0","v509047","6.1","3611","","","","0"
"2024-10","Quebec","2021A000224","Out-migrants","Persons","249","units","0","v509062","6.2","4704","","","","0"
"2024-10","Ontario","2021A000235","In-migrants","Persons","249","units","0","v509048","7.1","11314","","","","0"
"2024-10","Ontario","2021A000235","Out-migrants","Persons","249","units","0","v509063","7.2","13396","","","","0"
"2024-10","Manitoba","2021A000246","In-migrants","Persons","249","units","0","v509049","8.1","1791","","","","0"
"2024-10","Manitoba","2021A000246","Out-migrants","Persons","249","units","0","v509064","8.2","2604","","","","0"
"2024-10","Saskatchewan","2021A000247","In-migrants","Persons","249","units","0","v509050","9.1","2153","","","","0"
"2024-10","Saskatchewan","2021A000247","Out-migrants","Persons","249","units","0","v509065","9.2","3234","","","","0"
"2024-10","Alberta","2021A000248","In-migrants","Persons","249","units","0","v509051","10.1","12909","","","","0"
"2024-10","Alberta","2021A000248","Out-migrants","Persons","249","units","0","v509066","10.2","7916","","","","0"
"2024-10","British Columbia","2021A000259","In-migrants","Persons","249","units","0","v509039","11.1","7973","","","","0"
"2024-10","British Columbia","2021A000259","Out-migrants","Persons","249","units","0","v509054","11.2","8633","","","","0"
"2024-10","Yukon","2021A000260","In-migrants","Persons","249","units","0","v509040","12.1","179","","","","0"
"2024-10","Yukon","2021A000260","Out-migrants","Persons","249","units","0","v509055","12.2","177","","","","0"
"2024-10","Northwest Territories","2021A000261","In-migrants","Persons","249","units","0","v509042","14.1","248","","","","0"
"2024-10","Northwest Territories","2021A000261","Out-migrants","Persons","249","units","0","v509057","14.2","276","","","","0"
"2024-10","Nunavut","2021A000262","In-migrants","Persons","249","units","0","v509043","15.1","148","","","","0"
"2024-10","Nunavut","2021A000262","Out-migrants","Persons","249","units","0","v509058","15.2","110","","","","0"
"2025-01","Canada","2021A000011124","In-migrants","Persons","249","units","0","v509037","1.1","81108","","","","0"
"2025-01","Canada","2021A000011124","Out-migrants","Persons","249","units","0","v509052","1.2","81108","","","","0"
"2025-01","Newfoundland and Labrador","2021A000210","In-migrants","Persons","249","units","0","v509038","2.1","1774","","","","0"
"2025-01","Newfoundland and Labrador","2021A000210","Out-migrants","Persons","249","units","0","v509053","2.2","1626","","","","0"
"2025-01","Prince Edward Island","2021A000211","In-migrants","Persons","249","units","0","v509044","3.1","1389","","","","0"
"2025-01","Prince Edward Island","2021A000211","Out-migrants","Persons","249","units","0","v509059","3.2","852","","","","0"
"2025-01","Nova Scotia","2021A000212","In-migrants","Persons","249","units","0","v509045","4.1","4700","","","","0"
"2025-01","Nova Scotia","2021A000212","Out-migrants","Persons","249","units","0","v509060","4.2","3976","","","","0"
"2025-01","New Brunswick","2021A000213","In-migrants","Persons","249","units","0","v509046","5.1","3877","","","","0"
"2025-01","New Brunswick","2021A000213","Out-migrants","Persons","249","units","0","v509061","5.2","3787","","","","0"
"2025-01","Quebec","2021A000224","In-migrants","Persons","249","units","0","v509047","6.1","5998","","","","0"
"2025-01","Quebec","2021A000224","Out-migrants","Persons","249","units","0","v509062","6.2","7237","","","","0"
"2025-01","Ontario","2021A000235","In-migrants","Persons","249","units","0","v509048","7.1","18515","","","","0"
"2025-01","Ontario","2021A000235","Out-migrants","Persons","249","units","0","v509063","7.2","23835","","","","0"
"2025-01","Manitoba","2021A000246","In-migrants","Persons","249","units","0","v509049","8.1","3993","","","","0"
"2025-01","Manitoba","2021A000246","Out-migrants","Persons","249","units","0","v509064","8.2","4382","","","","0"
"2025-01","Saskatchewan","2021A000247","In-migrants","Persons","249","units","0","v509050","9.1","5424","","","","0"
"2025-01","Saskatchewan","2021A000247","Out-migrants","Persons","249","units","0","v509065","9.2","5289","","","","0"
"2025-01","Alberta","2021A000248","In-migrants","Persons","249","units","0","v509051","10.1","21111","","","","0"
"2025-01","Alberta","2021A000248","Out-migrants","Persons","249","units","0","v509066","10.2","14418","","","","0"
"2025-01","British Columbia","2021A000259","In-migrants","Persons","249","units","0","v509039","11.1","12930","","","","0"
"2025-01","British Columbia","2021A000259","Out-migrants","Persons","249","units","0","v509054","11.2","14164","","","","0"
"2025-01","Yukon","2021A000260","In-migrants","Persons","249","units","0","v509040","12.1","417","","","","0"
"2025-01","Yukon","2021A000260","Out-migrants","Persons","249","units","0","v509055","12.2","546","","","","0"
"2025-01","Northwest Territories","2021A000261","In-migrants","Persons","249","units","0","v509042","14.1","579","","","","0"
"2025-01","Northwest Territories","2021A000261","Out-migrants","Persons","249","units","0","v509057","14.2","559","","","","0"
"2025-01","Nunavut","2021A000262","In-migrants","Persons","249","units","0","v509043","15.1","401","","","","0"
"2025-01","Nunavut","2021A000262","Out-migrants","Persons","249","units","0","v509058","15.2","437","","","","0"
"2025-04","Canada","2021A000011124","In-migrants","Persons","249","units","0","v509037","1.1","110188","","","","0"
"2025-04","Canada","2021A000011124","Out-migrants","Persons","249","units","0","v509052","1.2","110188","","","","0"
"2025-04","Newfoundland and Labrador","2021A000210","In-migrants","Persons","249","units","0","v509038","2.1","2367","","","","0"
"2025-04","Newfoundland and Labrador","2021A000210","Out-migrants","Persons","249","units","0","v509053","2.2","2097","","","","0"
"2025-04","Prince Edward Island","2021A000211","In-migrants","Persons","249","units","0","v509044","3.1","2237","","","","0"
"2025-04","Prince Edward Island","2021A000211","Out-migrants","Persons","249","units","0","v509059","3.2","1338","","","","0"
"2025-04","Nova Scotia","2021A000212","In-migrants","Persons","249","units","0","v509045","4.1","6110","","","","0"
"2025-04","Nova Scotia","2021A000212","Out-migrants","Persons","249","units","0","v509060","4.2","4829","","","","0"
"2025-04","New Brunswick","2021A000213","In-migrants","Persons","249","units","0","v509046","5.1","4442","","","","0"
"2025-04","New Brunswick","2021A000213","Out-migrants","Persons","249","units","0","v509061","5.2","3902","","","","0"
"2025-04","Quebec","2021A000224","In-migrants","Persons","249","units","0","v509047","6.1","8509","","","","0"
"2025-04","Quebec","2021A000224","Out-migrants","Persons","249","units","0","v509062","6.2","11015","","","","0"
"2025-04","Ontario","2021A000235","In-migrants","Persons","249","units","0","v509048","7.1","26181","","","","0"
"2025-04","Ontario","2021A000235","Out-migrants","Persons","249","units","0","v509063","7.2","32335","","","","0"
"2025-04","Manitoba","2021A000246","In-migrants","Persons","249","units","0","v509049","8.1","5150","","","","0"
"2025-04","Manitoba","2021A000246","Out-migrants","Persons","249","units","0","v509064","8.2","6100","","","","0"
"2025-04","Saskatchewan","2021A000247","In-migrants","Persons","249","units","0","v509050","9.1","6240","","","","0"
"2025-04","Saskatchewan","2021A000247","Out-migrants","Persons","249","units","0","v509065","9.2","7262","","","","0"
"2025-04","Alberta","2021A000248","In-migrants","Persons","249","units","0","v509051","10.1","26297","","","","0"
"2025-04","Alberta","2021A000248","Out-migrants","Persons","249","units","0","v509066","10.2","20110","","","","0"
"2025-04","British Columbia","2021A000259","In-migrants","Persons","249","units","0","v509039","11.1","20846","","","","0"
"2025-04","British Columbia","2021A000259","Out-migrants","Persons","249","units","0","v509054","11.2","19168","","","","0"
"2025-04","Yukon","2021A000260","In-migrants","Persons","249","units","0","v509040","12.1","638","","","","0"
"2025-04","Yukon","2021A000260","Out-migrants","Persons","249","units","0","v509055","12.2","692","","","","0"
"2025-04","Northwest Territories","2021A000261","In-migrants","Persons","249","units","0","v509042","14.1","653","","","","0"
"2025-04","Northwest Territories","2021A000261","Out-migrants","Persons","249","units","0","v509057","14.2","705","","","","0"
"2025-04","Nunavut","2021A000262","In-migrants","Persons","249","units","0","v509043","15.1","518","","","","0"
"2025-04","Nunavut","2021A000262","Out-migrants","Persons","249","units","0","v509058","15.2","635","","","","0"
"2025-07","Canada","2021A000011124","In-migrants","Persons","249","units","0","v509037","1.1","75758","","","","0"
"2025-07","Canada","2021A000011124","Out-migrants","Persons","249","units","0","v509052","1.2","75758","","","","0"
"2025-07","Newfoundland and Labrador","2021A000210","In-migrants","Persons","249","units","0","v509038","2.1","1293","","","","0"
"2025-07","Newfoundland and Labrador","2021A000210","Out-migrants","Persons","249","units","0","v509053","2.2","1658","","","","0"
"2025-07","Prince Edward Island","2021A000211","In-migrants","Persons","249","units","0","v509044","3.1","1260","","","","0"
"2025-07","Prince Edward Island","2021A000211","Out-migrants","Persons","249","units","0","v509059","3.2","1002","","","","0"
"2025-07","Nova Scotia","2021A000212","In-migrants","Persons","249","units","0","v509045","4.1","4409","","","","0"
"2025-07","Nova Scotia","2021A000212","Out-migrants","Persons","249","units","0","v509060","4.2","3968","","","","0"
"2025-07","New Brunswick","2021A000213","In-migrants","Persons","249","units","0","v509046","5.1","3134","","","","0"
"2025-07","New Brunswick","2021A000213","Out-migrants","Persons","249","units","0","v509061","5.2","4055","","","","0"
"2025-07","Quebec","2021A000224","In-migrants","Persons","249","units","0","v509047","6.1","6717","","","","0"
"2025-07","Quebec","2021A000224","Out-migrants","Persons","249","units","0","v509062","6.2","8985","","","","0"
"2025-07","Ontario","2021A000235","In-migrants","Persons","249","units","0","v509048","7.1","19510","","","","0"
"2025-07","Ontario","2021A000235","Out-migrants","Persons","249","units","0","v509063","7.2","20482","","","","0"
"2025-07","Manitoba","2021A000246","In-migrants","Persons","249","units","0","v509049","8.1","3547","","","","0"
"2025-07","Manitoba","2021A000246","Out-migrants","Persons","249","units","0","v509064","8.2","5034","","","","0"
"2025-07","Saskatchewan","2021A000247","In-migrants","Persons","249","units","0","v509050","9.1","3344","","","","0"
"2025-07","Saskatchewan","2021A000247","Out-migrants","Persons","249","units","0","v509065","9.2","4866","","","","0"
"2025-07","Alberta","2021A000248","In-migrants","Persons","249","units","0","v509051","10.1","18165","","","","0"
"2025-07","Alberta","2021A000248","Out-migrants","Persons","249","units","0","v509066","10.2","12513","","","","0"
"2025-07","British Columbia","2021A000259","In-migrants","Persons","249","units","0","v509039","11.1","13547","","","","0"
"2025-07","British Columbia","2021A000259","Out-migrants","Persons","249","units","0","v509054","11.2","12043","","","","0"
"2025-07","Yukon","2021A000260","In-migrants","Persons","249","units","0","v509040","12.1","333","","","","0"
"2025-07","Yukon","2021A000260","Out-migrants","Persons","249","units","0","v509055","12.2","395","","","","0"
"2025-07","Northwest Territories","2021A000261","In-migrants","Persons","249","units","0","v509042","14.1","334","","","","0"
"2025-07","Northwest Territories","2021A000261","Out-migrants","Persons","249","units","0","v509057","14.2","539","","","","0"
"2025-07","Nunavut","2021A000262","In-migrants","Persons","249","units","0","v509043","15.1","165","","","","0"
"2025-07","Nunavut","2021A000262","Out-migrants","Persons","249","units","0","v509058","15.2","218","","","","0"
"2025-10","Canada","2021A000011124","In-migrants","Persons","249","units","0","v509037","1.1","49033","","","","0"
"2025-10","Canada","2021A000011124","Out-migrants","Persons","249","units","0","v509052","1.2","49033","","","","0"
"2025-10","Newfoundland and Labrador","2021A000210","In-migrants","Persons","249","units","0","v509038","2.1","973","","","","0"
"2025-10","Newfoundland and Labrador","2021A000210","Out-migrants","Persons","249","units","0","v509053","2.2","1001","","","","0"
"2025-10","Prince Edward Island","2021A000211","In-migrants","Persons","249","units","0","v509044","3.1","574","","","","0"
"2025-10","Prince Edward Island","2021A000211","Out-migrants","Persons","249","units","0","v509059","3.2","645","","","","0"
"2025-10","Nova Scotia","2021A000212","In-migrants","Persons","249","units","0","v509045","4.1","2865","","","","0"
"2025-10","Nova Scotia","2021A000212","Out-migrants","Persons","249","units","0","v509060","4.2","2039","","","","0"
"2025-10","New Brunswick","2021A000213","In-migrants","Persons","249","units","0","v509046","5.1","1796","","","","0"
"2025-10","New Brunswick","2021A000213","Out-migrants","Persons","249","units","0","v509061","5.2","2158","","","","0"
"2025-10","Quebec","2021A000224","In-migrants","Persons","249","units","0","v509047","6.1","4222","","","","0"
"2025-10","Quebec","2021A000224","Out-migrants","Persons","249","units","0","v509062","6.2","5801","","","","0"
"2025-10","Ontario","2021A000235","In-migrants","Persons","249","units","0","v509048","7.1","11967","","","","0"
"2025-10","Ontario","2021A000235","Out-migrants","Persons","249","units","0","v509063","7.2","13565","","","","0"
"2025-10","Manitoba","2021A000246","In-migrants","Persons","249","units","0","v509049","8.1","2094","","","","0"
"2025-10","Manitoba","2021A000246","Out-migrants","Persons","249","units","0","v509064","8.2","3006","","","","0"
"2025-10","Saskatchewan","2021A000247","In-migrants","Persons","249","units","0","v509050","9.1","2629","","","","0"
"2025-10","Saskatchewan","2021A000247","Out-migrants","Persons","249","units","0","v509065","9.2","3496","","","","0"
"2025-10","Alberta","2021A000248","In-migrants","Persons","249","units","0","v509051","10.1","12362","","","","0"
"2025-10","Alberta","2021A000248","Out-migrants","Persons","249","units","0","v509066","10.2","8678","","","","0"
"2025-10","British Columbia","2021A000259","In-migrants","Persons","249","units","0","v509039","11.1","9047","","","","0"
"2025-10","British Columbia","2021A000259","Out-migrants","Persons","249","units","0","v509054","11.2","7820","","","","0"
"2025-10","Yukon","2021A000260","In-migrants","Persons","249","units","0","v509040","12.1","221","","","","0"
"2025-10","Yukon","2021A000260","Out-migrants","Persons","249","units","0","v509055","12.2","244","","","","0"
"2025-10","Northwest Territories","2021A000261","In-migrants","Persons","249","units","0","v509042","14.1","221","","","","0"
"2025-10","Northwest Territories","2021A000261","Out-migrants","Persons","249","units","0","v509057","14.2","389","","","","0"
"2025-10","Nunavut","2021A000262","In-migrants","Persons","249","units","0","v509043","15.1","62","","","","0"
"2025-10","Nunavut","2021A000262","Out-migrants","Persons","249","units","0","v509058","15.2","191","","","","0"
"2026-01","Canada","2021A000011124","In-migrants","Persons","249","units","0","v509037","1.1","75285","","","","0"
"2026-01","Canada","2021A000011124","Out-migrants","Persons","249","units","0","v509052","1.2","75285","","","","0"
"2026-01","Newfoundland and Labrador","2021A000210","In-migrants","Persons","249","units","0","v509038","2.1","1807","","","","0"
"2026-01","Newfoundland and Labrador","2021A000210","Out-migrants","Persons","249","units","0","v509053","2.2","1614","","","","0"
"2026-01","Prince Edward Island","2021A000211","In-migrants","Persons","249","units","0","v509044","3.1","1216","","","","0"
"2026-01","Prince Edward Island","2021A000211","Out-migrants","Persons","249","units","0","v509059","3.2","1255","","","","0"
"2026-01","Nova Scotia","2021A000212","In-migrants","Persons","249","units","0","v509045","4.1","4565","","","","0"
"2026-01","Nova Scotia","2021A000212","Out-migrants","Persons","249","units","0","v509060","4.2","3362","","","","0"
"2026-01","New Brunswick","2021A000213","In-migrants","Persons","249","units","0","v509046","5.1","3092","","","","0"
"2026-01","New Brunswick","2021A000213","Out-migrants","Persons","249","units","0","v509061","5.2","3171","","","","0"
"2026-01","Quebec","2021A000224","In-migrants","Persons","249","units","0","v509047","6.1","5727","","","","0"
"2026-01","Quebec","2021A000224","Out-migrants","Persons","249","units","0","v509062","6.2","7598","","","","0"
"2026-01","Ontario","2021A000235","In-migrants","Persons","249","units","0","v509048","7.1","16582","","","","0"
"2026-01","Ontario","2021A000235","Out-migrants","Persons","249","units","0","v509063","7.2","22356","","","","0"
"2026-01","Manitoba","2021A000246","In-migrants","Persons","249","units","0","v509049","8.1","3882","","","","0"
"2026-01","Manitoba","2021A000246","Out-migrants","Persons","249","units","0","v509064","8.2","4516","","","","0"
"2026-01","Saskatchewan","2021A000247","In-migrants","Persons","249","units","0","v509050","9.1","4540","","","","0"
"2026-01","Saskatchewan","2021A000247","Out-migrants","Persons","249","units","0","v509065","9.2","5404","","","","0"
"2026-01","Alberta","2021A000248","In-migrants","Persons","249","units","0","v509051","10.1","19344","","","","0"
"2026-01","Alberta","2021A000248","Out-migrants","Persons","249","units","0","v509066","10.2","13338","","","","0"
"2026-01","British Columbia","2021A000259","In-migrants","Persons","249","units","0","v509039","11.1","13017","","","","0"
"2026-01","British Columbia","2021A000259","Out-migrants","Persons","249","units","0","v509054","11.2","11436","","","","0"
"2026-01","Yukon","2021A000260","In-migrants","Persons","249","units","0","v509040","12.1","559","","","","0"
"2026-01","Yukon","2021A000260","Out-migrants","Persons","249","units","0","v509055","12.2","280","","","","0"
"2026-01","Northwest Territories","2021A000261","In-migrants","Persons","249","units","0","v509042","14.1","553","","","","0"
"2026-01","Northwest Territories","2021A000261","Out-migrants","Persons","249","units","0","v509057","14.2","662","","","","0"
"2026-01","Nunavut","2021A000262","In-migrants","Persons","249","units","0","v509043","15.1","401","","","","0"
"2026-01","Nunavut","2021A000262","Out-migrants","Persons","249","units","0","v509058","15.2","293","","","","0"

