"Population estimates on July 1, by age and gender 1 2 3 4 5"
"Frequency: Annual"
"Table: 17-10-0005-01 (formerly CANSIM 051-0001)"
"Release date: 2025-09-24"
"Geography: Canada, Province or territory"
""
""

"Geography","Newfoundland and Labrador",,,,,,,,,,,,,,,,,,,,,,,,,,,,,,,,,,,,,,,,,,,,,,,,,,,,,,"Prince Edward Island",,,,,,,,,,,,,,,,,,,,,,,,,,,,,,,,,,,,,,,,,,,,,,,,,,,,,,"Nova Scotia",,,,,,,,,,,,,,,,,,,,,,,,,,,,,,,,,,,,,,,,,,,,,,,,,,,,,,"New Brunswick",,,,,,,,,,,,,,,,,,,,,,,,,,,,,,,,,,,,,,,,,,,,,,,,,,,,,,"Quebec",,,,,,,,,,,,,,,,,,,,,,,,,,,,,,,,,,,,,,,,,,,,,,,,,,,,,,"Ontario",,,,,,,,,,,,,,,,,,,,,,,,,,,,,,,,,,,,,,,,,,,,,,,,,,,,,,"Manitoba",,,,,,,,,,,,,,,,,,,,,,,,,,,,,,,,,,,,,,,,,,,,,,,,,,,,,,"Saskatchewan",,,,,,,,,,,,,,,,,,,,,,,,,,,,,,,,,,,,,,,,,,,,,,,,,,,,,,"Alberta",,,,,,,,,,,,,,,,,,,,,,,,,,,,,,,,,,,,,,,,,,,,,,,,,,,,,,"British Columbia",,,,,,,,,,,,,,,,,,,,,,,,,,,,,,,,,,,,,,,,,,,,,,,,,,,,,,"Yukon",,,,,,,,,,,,,,,,,,,,,,,,,,,,,,,,,,,,,,,,,,,,,,,,,,,,,,"Northwest Territories including Nunavut (Terminated) 7",,,,,,,,,,,,,,,,,,,,,,,,,,,,,,,,,,,,,,,,,,,,,,,,,,,,,,"Northwest Territories 8",,,,,,,,,,,,,,,,,,,,,,,,,,,,,,,,,,,,,,,,,,,,,,,,,,,,,,"Nunavut 8",,,,,,,,,,,,,,,,,,,,,,,,,,,,,,,,,,,,,,,,,,,,,,,,,,,,,
"Gender","Total - gender",,,,,,,,,,,,,,,,,,,,,,,,,,,,,,,,,,,,,,,,,,,,,,,,,,,,,,"Total - gender",,,,,,,,,,,,,,,,,,,,,,,,,,,,,,,,,,,,,,,,,,,,,,,,,,,,,,"Total - gender",,,,,,,,,,,,,,,,,,,,,,,,,,,,,,,,,,,,,,,,,,,,,,,,,,,,,,"Total - gender",,,,,,,,,,,,,,,,,,,,,,,,,,,,,,,,,,,,,,,,,,,,,,,,,,,,,,"Total - gender",,,,,,,,,,,,,,,,,,,,,,,,,,,,,,,,,,,,,,,,,,,,,,,,,,,,,,"Total - gender",,,,,,,,,,,,,,,,,,,,,,,,,,,,,,,,,,,,,,,,,,,,,,,,,,,,,,"Total - gender",,,,,,,,,,,,,,,,,,,,,,,,,,,,,,,,,,,,,,,,,,,,,,,,,,,,,,"Total - gender",,,,,,,,,,,,,,,,,,,,,,,,,,,,,,,,,,,,,,,,,,,,,,,,,,,,,,"Total - gender",,,,,,,,,,,,,,,,,,,,,,,,,,,,,,,,,,,,,,,,,,,,,,,,,,,,,,"Total - gender",,,,,,,,,,,,,,,,,,,,,,,,,,,,,,,,,,,,,,,,,,,,,,,,,,,,,,"Total - gender",,,,,,,,,,,,,,,,,,,,,,,,,,,,,,,,,,,,,,,,,,,,,,,,,,,,,,"Total - gender",,,,,,,,,,,,,,,,,,,,,,,,,,,,,,,,,,,,,,,,,,,,,,,,,,,,,,"Total - gender",,,,,,,,,,,,,,,,,,,,,,,,,,,,,,,,,,,,,,,,,,,,,,,,,,,,,,"Total - gender",,,,,,,,,,,,,,,,,,,,,,,,,,,,,,,,,,,,,,,,,,,,,,,,,,,,,
"Age group 3 6","1971","1972","1973","1974","1975","1976","1977","1978","1979","1980","1981","1982","1983","1984","1985","1986","1987","1988","1989","1990","1991","1992","1993","1994","1995","1996","1997","1998","1999","2000","2001","2002","2003","2004","2005","2006","2007","2008","2009","2010","2011","2012","2013","2014","2015","2016","2017","2018","2019","2020","2021","2022","2023","2024","1971","1972","1973","1974","1975","1976","1977","1978","1979","1980","1981","1982","1983","1984","1985","1986","1987","1988","1989","1990","1991","1992","1993","1994","1995","1996","1997","1998","1999","2000","2001","2002","2003","2004","2005","2006","2007","2008","2009","2010","2011","2012","2013","2014","2015","2016","2017","2018","2019","2020","2021","2022","2023","2024","1971","1972","1973","1974","1975","1976","1977","1978","1979","1980","1981","1982","1983","1984","1985","1986","1987","1988","1989","1990","1991","1992","1993","1994","1995","1996","1997","1998","1999","2000","2001","2002","2003","2004","2005","2006","2007","2008","2009","2010","2011","2012","2013","2014","2015","2016","2017","2018","2019","2020","2021","2022","2023","2024","1971","1972","1973","1974","1975","1976","1977","1978","1979","1980","1981","1982","1983","1984","1985","1986","1987","1988","1989","1990","1991","1992","1993","1994","1995","1996","1997","1998","1999","2000","2001","2002","2003","2004","2005","2006","2007","2008","2009","2010","2011","2012","2013","2014","2015","2016","2017","2018","2019","2020","2021","2022","2023","2024","1971","1972","1973","1974","1975","1976","1977","1978","1979","1980","1981","1982","1983","1984","1985","1986","1987","1988","1989","1990","1991","1992","1993","1994","1995","1996","1997","1998","1999","2000","2001","2002","2003","2004","2005","2006","2007","2008","2009","2010","2011","2012","2013","2014","2015","2016","2017","2018","2019","2020","2021","2022","2023","2024","1971","1972","1973","1974","1975","1976","1977","1978","1979","1980","1981","1982","1983","1984","1985","1986","1987","1988","1989","1990","1991","1992","1993","1994","1995","1996","1997","1998","1999","2000","2001","2002","2003","2004","2005","2006","2007","2008","2009","2010","2011","2012","2013","2014","2015","2016","2017","2018","2019","2020","2021","2022","2023","2024","1971","1972","1973","1974","1975","1976","1977","1978","1979","1980","1981","1982","1983","1984","1985","1986","1987","1988","1989","1990","1991","1992","1993","1994","1995","1996","1997","1998","1999","2000","2001","2002","2003","2004","2005","2006","2007","2008","2009","2010","2011","2012","2013","2014","2015","2016","2017","2018","2019","2020","2021","2022","2023","2024","1971","1972","1973","1974","1975","1976","1977","1978","1979","1980","1981","1982","1983","1984","1985","1986","1987","1988","1989","1990","1991","1992","1993","1994","1995","1996","1997","1998","1999","2000","2001","2002","2003","2004","2005","2006","2007","2008","2009","2010","2011","2012","2013","2014","2015","2016","2017","2018","2019","2020","2021","2022","2023","2024","1971","1972","1973","1974","1975","1976","1977","1978","1979","1980","1981","1982","1983","1984","1985","1986","1987","1988","1989","1990","1991","1992","1993","1994","1995","1996","1997","1998","1999","2000","2001","2002","2003","2004","2005","2006","2007","2008","2009","2010","2011","2012","2013","2014","2015","2016","2017","2018","2019","2020","2021","2022","2023","2024","1971","1972","1973","1974","1975","1976","1977","1978","1979","1980","1981","1982","1983","1984","1985","1986","1987","1988","1989","1990","1991","1992","1993","1994","1995","1996","1997","1998","1999","2000","2001","2002","2003","2004","2005","2006","2007","2008","2009","2010","2011","2012","2013","2014","2015","2016","2017","2018","2019","2020","2021","2022","2023","2024","1971","1972","1973","1974","1975","1976","1977","1978","1979","1980","1981","1982","1983","1984","1985","1986","1987","1988","1989","1990","1991","1992","1993","1994","1995","1996","1997","1998","1999","2000","2001","2002","2003","2004","2005","2006","2007","2008","2009","2010","2011","2012","2013","2014","2015","2016","2017","2018","2019","2020","2021","2022","2023","2024","1971","1972","1973","1974","1975","1976","1977","1978","1979","1980","1981","1982","1983","1984","1985","1986","1987","1988","1989","1990","1991","1992","1993","1994","1995","1996","1997","1998","1999","2000","2001","2002","2003","2004","2005","2006","2007","2008","2009","2010","2011","2012","2013","2014","2015","2016","2017","2018","2019","2020","2021","2022","2023","2024","1971","1972","1973","1974","1975","1976","1977","1978","1979","1980","1981","1982","1983","1984","1985","1986","1987","1988","1989","1990","1991","1992","1993","1994","1995","1996","1997","1998","1999","2000","2001","2002","2003","2004","2005","2006","2007","2008","2009","2010","2011","2012","2013","2014","2015","2016","2017","2018","2019","2020","2021","2022","2023","2024","1971","1972","1973","1974","1975","1976","1977","1978","1979","1980","1981","1982","1983","1984","1985","1986","1987","1988","1989","1990","1991","1992","1993","1994","1995","1996","1997","1998","1999","2000","2001","2002","2003","2004","2005","2006","2007","2008","2009","2010","2011","2012","2013","2014","2015","2016","2017","2018","2019","2020","2021","2022","2023","2024"
,"Persons",,,,,,,,,,,,,,,,,,,,,,,,,,,,,,,,,,,,,,,,,,,,,,,,,,,,,,,,,,,,,,,,,,,,,,,,,,,,,,,,,,,,,,,,,,,,,,,,,,,,,,,,,,,,,,,,,,,,,,,,,,,,,,,,,,,,,,,,,,,,,,,,,,,,,,,,,,,,,,,,,,,,,,,,,,,,,,,,,,,,,,,,,,,,,,,,,,,,,,,,,,,,,,,,,,,,,,,,,,,,,,,,,,,,,,,,,,,,,,,,,,,,,,,,,,,,,,,,,,,,,,,,,,,,,,,,,,,,,,,,,,,,,,,,,,,,,,,,,,,,,,,,,,,,,,,,,,,,,,,,,,,,,,,,,,,,,,,,,,,,,,,,,,,,,,,,,,,,,,,,,,,,,,,,,,,,,,,,,,,,,,,,,,,,,,,,,,,,,,,,,,,,,,,,,,,,,,,,,,,,,,,,,,,,,,,,,,,,,,,,,,,,,,,,,,,,,,,,,,,,,,,,,,,,,,,,,,,,,,,,,,,,,,,,,,,,,,,,,,,,,,,,,,,,,,,,,,,,,,,,,,,,,,,,,,,,,,,,,,,,,,,,,,,,,,,,,,,,,,,,,,,,,,,,,,,,,,,,,,,,,,,,,,,,,,,,,,,,,,,,,,,,,,,,,,,,,,,,,,,,,,,,,,,,,,,,,,,,,,,,,,,,,,,,,,,,,,,,,,,,,,,,,,,,,,,,,,,,,,,,,,,,,,,,,,,,,,,,,,,,,,,,,,,,,,,,,,,,,,,,,,,,,,,,,,,,,,,,,,,,,,,,,,,,,,,,,,,
"All ages","530,854","539,124","545,561","549,604","556,496","562,639","565,348","567,639","570,075","572,759","575,302","573,795","579,164","580,065","579,275","576,306","575,242","574,982","576,551","577,368","579,644","580,109","579,977","574,466","567,397","559,698","550,911","539,843","533,329","527,966","522,043","519,411","518,389","517,375","514,310","510,593","509,047","511,569","516,741","522,002","524,955","526,235","526,960","527,970","528,348","529,586","529,742","528,402","527,643","526,884","527,056","531,257","538,789","546,869","112,591","113,460","114,620","115,962","117,724","118,648","119,902","121,684","122,885","123,735","123,551","123,588","125,102","126,563","127,619","128,436","128,641","129,289","130,153","130,404","130,369","130,827","132,177","133,437","134,415","135,737","136,095","135,804","136,281","136,470","136,667","136,882","137,231","137,682","138,067","137,869","137,709","138,736","139,873","141,644","143,918","144,415","143,942","144,095","144,636","146,891","149,740","152,259","155,792","159,193","162,133","167,200","173,734","179,709","797,294","802,255","812,386","818,751","826,549","835,166","840,028","844,628","849,396","852,659","854,871","859,038","868,289","877,471","885,848","889,087","893,606","897,216","903,841","910,451","914,969","919,451","923,925","926,871","928,120","931,327","932,402","931,836","933,784","933,821","932,483","935,172","937,681","939,625","937,931","937,880","935,164","935,965","938,266","942,144","944,095","943,163","939,808","937,768","937,419","942,984","952,159","962,072","975,799","989,168","999,908","1,024,034","1,053,005","1,082,769","642,471","648,769","656,720","664,744","677,008","689,494","695,843","699,514","703,158","706,219","706,438","707,457","714,842","720,488","723,287","725,019","727,768","730,349","735,129","740,156","745,567","748,121","748,812","750,185","750,943","752,268","752,511","750,530","750,601","750,517","749,823","749,375","749,444","749,424","748,061","745,621","745,430","746,875","749,956","753,034","755,590","758,121","758,261","758,657","759,226","763,322","766,697","770,497","777,387","783,432","790,802","808,869","831,103","858,293","6,137,305","6,174,216","6,213,149","6,268,571","6,330,303","6,396,761","6,433,133","6,440,459","6,465,996","6,505,997","6,547,207","6,580,631","6,602,976","6,631,220","6,665,802","6,708,170","6,781,984","6,837,077","6,925,128","6,996,986","7,067,396","7,110,010","7,156,537","7,192,403","7,219,219","7,246,897","7,274,611","7,295,935","7,323,250","7,356,951","7,396,014","7,441,305","7,485,488","7,535,483","7,581,467","7,631,901","7,692,400","7,761,614","7,843,915","7,929,479","8,004,736","8,059,752","8,108,825","8,147,535","8,175,743","8,225,036","8,292,832","8,386,951","8,483,186","8,551,095","8,572,020","8,669,963","8,821,696","8,995,474","7,849,027","7,963,117","8,075,547","8,204,275","8,319,795","8,413,779","8,504,080","8,590,144","8,662,088","8,746,013","8,812,286","8,920,288","9,039,564","9,167,484","9,294,657","9,437,359","9,637,945","9,838,620","10,103,305","10,295,832","10,431,316","10,572,205","10,690,038","10,819,146","10,950,119","11,082,903","11,227,651","11,365,901","11,504,759","11,683,290","11,897,473","12,093,412","12,243,641","12,389,641","12,527,581","12,661,953","12,765,133","12,883,824","12,998,941","13,136,481","13,262,345","13,392,364","13,511,902","13,617,763","13,709,293","13,876,500","14,078,499","14,326,746","14,573,565","14,761,811","14,842,488","15,155,836","15,632,481","16,144,797","998,876","1,001,652","1,007,358","1,018,206","1,024,975","1,031,758","1,037,369","1,040,881","1,037,272","1,034,435","1,035,545","1,045,224","1,059,752","1,071,810","1,082,495","1,091,552","1,098,373","1,102,152","1,103,792","1,105,421","1,109,604","1,112,689","1,117,618","1,123,230","1,129,150","1,134,196","1,136,128","1,137,489","1,142,448","1,147,313","1,151,451","1,156,673","1,163,585","1,173,228","1,178,262","1,183,560","1,189,446","1,197,767","1,208,555","1,220,782","1,233,353","1,249,094","1,263,393","1,277,425","1,293,598","1,314,140","1,334,734","1,352,687","1,370,033","1,380,132","1,391,924","1,413,498","1,453,202","1,492,144","932,038","920,780","911,937","908,457","917,415","931,612","944,621","952,430","959,735","967,548","975,759","986,582","1,001,249","1,014,615","1,024,928","1,028,717","1,032,799","1,028,225","1,019,439","1,007,727","1,002,713","1,003,995","1,006,900","1,009,575","1,014,187","1,018,945","1,017,902","1,017,332","1,014,524","1,007,565","1,000,307","996,854","996,422","997,305","993,510","992,313","1,002,074","1,017,368","1,034,791","1,051,426","1,065,661","1,083,005","1,098,868","1,111,989","1,122,210","1,135,496","1,147,315","1,156,210","1,164,223","1,167,386","1,167,711","1,178,796","1,210,257","1,247,868","1,665,717","1,694,090","1,725,327","1,754,621","1,808,689","1,869,287","1,948,263","2,022,241","2,096,966","2,191,029","2,291,104","2,369,827","2,393,587","2,393,907","2,404,490","2,432,930","2,440,877","2,456,614","2,498,325","2,547,788","2,592,306","2,632,672","2,667,292","2,700,606","2,734,519","2,775,133","2,829,848","2,899,066","2,952,692","3,004,198","3,058,554","3,128,757","3,183,291","3,238,817","3,321,839","3,421,435","3,514,151","3,595,875","3,679,010","3,732,104","3,787,705","3,871,947","3,978,532","4,081,271","4,150,147","4,195,427","4,237,310","4,292,556","4,355,377","4,407,495","4,431,531","4,512,731","4,688,576","4,909,030","2,240,470","2,302,086","2,367,271","2,442,578","2,499,564","2,533,899","2,570,315","2,615,162","2,665,238","2,745,861","2,826,558","2,876,513","2,907,502","2,947,181","2,975,131","3,003,621","3,048,651","3,114,761","3,196,725","3,292,111","3,373,787","3,468,802","3,567,772","3,676,075","3,777,390","3,874,317","3,948,583","3,983,113","4,011,375","4,039,230","4,076,896","4,100,504","4,124,447","4,155,630","4,196,076","4,241,793","4,290,987","4,349,338","4,410,513","4,465,557","4,503,819","4,570,866","4,634,943","4,712,691","4,765,472","4,861,269","4,934,202","5,020,979","5,111,022","5,176,101","5,226,665","5,358,845","5,515,296","5,671,114","18,991","20,143","21,148","21,069","21,908","22,441","22,462","23,157","22,972","23,019","23,880","24,668","23,664","23,921","24,375","24,430","25,706","26,653","27,167","27,957","28,871","30,084","30,337","29,684","30,442","31,387","31,797","31,149","30,785","30,431","30,160","30,339","30,943","31,455","31,901","32,272","32,555","33,084","33,733","34,598","35,366","36,151","36,454","37,085","37,669","38,549","39,533","40,403","41,187","41,958","42,961","43,869","45,419","47,595","36,398t","38,771t","40,753t","41,131t","42,849t","44,324t","44,479t","45,264t","45,763t","46,393t","47,414t","49,331t","50,760t","52,328t","54,209t","54,651t","55,009t","55,809t","57,226t","58,937t","..t","..t","..t","..t","..t","..t","..t","..t","..t","..t","..t","..t","..t","..t","..t","..t","..t","..t","..t","..t","..t","..t","..t","..t","..t","..t","..t","..t","..t","..t","..t","..t","..t","..t","..","..","..","..","..","..","..","..","..","..","..","..","..","..","..","..","..","..","..","..","38,724","39,416","39,820","40,578","41,432","41,741","41,625","40,802","40,638","40,480","40,850","41,698","42,598","43,306","43,399","43,185","43,396","43,385","43,171","43,292","43,493","43,624","43,774","43,851","44,247","44,624","44,656","44,536","44,442","44,504","44,579","44,631","44,614","45,257","..","..","..","..","..","..","..","..","..","..","..","..","..","..","..","..","..","..","..","..","22,154","22,883","23,559","24,407","24,978","25,669","25,884","26,373","26,820","27,498","28,134","28,817","29,301","29,836","30,328","30,818","31,394","31,898","32,604","33,359","34,185","34,658","35,330","35,966","36,490","36,979","37,656","38,322","38,839","39,479","40,086","40,603","40,916","41,410"
"0 to 4 years","62,136","61,775","61,704","60,808","59,671","57,969","56,124","54,681","52,984","51,477","49,448","48,076","47,380","46,293","44,725","43,450","41,892","40,457","39,146","38,492","37,635","37,021","36,277","34,961","32,832","30,875","29,407","28,030","26,983","26,312","25,383","24,732","24,363","24,064","23,450","23,037","23,086","23,493","24,165","24,718","24,824","24,458","23,987","23,647","23,134","22,890","22,713","22,073","21,227","20,481","19,787","19,585","19,176","18,723","10,054","9,959","9,895","9,808","9,812","9,626","9,583","9,659","9,773","9,745","9,623","9,524","9,522","9,491","9,569","9,677","9,643","9,637","9,779","9,775","9,520","9,440","9,508","9,416","9,145","9,065","8,706","8,335","8,139","7,954","7,578","7,322","7,224","7,071","6,896","6,772","6,830","6,992","7,117","7,181","7,358","7,282","7,176","7,156","7,119","7,215","7,324","7,363","7,268","7,153","7,112","7,174","7,154","7,254","70,097","69,014","68,876","68,179","67,358","65,966","64,547","63,288","62,775","61,941","60,771","60,588","61,092","61,296","61,224","60,731","61,069","60,929","61,091","61,681","61,661","61,483","61,117","60,171","58,242","56,939","55,048","53,067","51,407","50,253","48,397","46,872","45,811","45,044","43,771","43,010","43,038","43,659","44,013","44,469","44,411","44,622","43,919","43,338","42,633","42,633","42,737","42,841","43,031","42,852","42,040","42,158","42,083","41,854","58,260","58,068","58,328","58,504","59,152","59,068","58,240","57,030","55,999","54,893","53,413","52,256","52,300","52,101","51,339","50,424","49,868","49,103","48,756","48,916","48,817","48,520","48,053","47,412","46,250","44,923","43,407","41,963","40,720","39,734","38,602","37,618","36,888","36,437","35,544","34,932","35,053","35,364","35,828","36,397","36,498","36,729","36,196","35,665","34,958","34,801","34,613","34,478","34,281","33,697","33,299","33,455","33,731","34,140","485,861","463,459","450,829","445,560","445,609","454,161","457,670","462,517","469,309","474,150","477,721","476,015","469,966","461,832","448,998","436,854","431,860","429,709","433,442","443,521","456,891","469,694","478,693","479,435","470,838","459,161","443,579","426,809","410,307","395,809","381,912","374,022","370,639","372,256","372,786","377,053","385,855","399,444","414,652","427,950","436,637","442,459","445,155","444,513","442,760","442,624","441,592","441,178","438,219","434,505","425,549","424,910","422,432","418,606","644,197","638,119","637,119","634,894","629,165","614,350","609,860","607,551","605,594","601,363","599,974","605,348","615,949","626,384","636,811","645,773","664,257","679,551","699,130","719,457","732,683","749,043","758,211","760,050","756,148","754,173","740,561","728,431","716,675","708,739","702,336","691,187","681,735","681,384","683,380","688,515","693,234","702,396","708,357","715,390","718,407","721,230","720,027","717,626","714,741","718,858","721,369","726,384","730,104","730,444","720,216","715,341","711,902","715,922","85,997","85,224","84,986","85,082","84,364","82,736","82,156","81,557","80,055","78,261","77,080","77,867","79,158","80,153","80,764","80,781","82,077","82,582","82,957","83,325","83,486","83,867","84,166","84,025","83,152","81,812","79,664","77,675","76,062","74,559","72,975","71,616","70,812","70,577","69,986","70,121","71,223","73,038","74,959","77,088","78,364","79,626","80,749","81,760","82,886","84,589","85,465","85,836","85,857","85,468","84,331","82,771","81,668","80,989","79,496","76,633","75,146","73,920","74,414","75,445","77,276","78,307","79,926","81,063","81,839","83,214","85,233","86,552","87,137","86,786","86,801","84,823","83,005","80,979","78,941","77,921","77,123","75,607","73,638","72,401","70,157","68,125","66,200","64,246","62,579","61,226","60,366","60,009","59,059","59,014","60,604","63,329","65,611","68,253","70,178","72,053","73,177","74,106","74,893","76,046","76,794","76,857","75,769","74,255","72,315","70,928","70,203","69,629","153,696","151,701","151,064","150,099","151,891","154,864","160,056","165,749","173,097","181,667","190,583","199,181","205,110","207,425","207,997","208,372","208,851","207,792","209,591","211,584","211,536","213,052","212,232","208,493","203,075","199,416","196,964","196,641","195,366","193,525","191,504","192,173","193,959","196,637","202,099","209,870","218,736","227,779","236,243","244,216","250,412","256,986","262,905","267,858","271,121","274,239","274,829","274,159","272,948","269,237","261,279","256,887","257,234","260,086","178,623","179,887","181,975","182,890","181,766","177,399","177,714","179,410","183,501","189,404","195,168","200,666","204,549","208,542","210,228","209,406","211,450","214,479","218,537","223,654","226,964","232,832","237,914","240,668","241,354","241,622","239,392","233,596","227,318","220,740","214,483","208,894","206,466","205,069","205,128","206,903","209,871","213,916","217,785","221,554","223,305","223,692","223,660","224,050","226,034","230,028","231,413","231,196","230,518","229,167","227,007","224,314","219,735","217,776","2,158","2,204","2,302","2,218","2,213","2,100","2,039","2,066","2,090","2,088","2,143","2,323","2,351","2,367","2,389","2,326","2,449","2,446","2,430","2,455","2,502","2,716","2,699","2,551","2,498","2,371","2,322","2,140","2,044","1,911","1,790","1,722","1,722","1,754","1,786","1,798","1,778","1,807","1,877","1,931","2,019","2,103","2,108","2,151","2,207","2,257","2,250","2,269","2,321","2,317","2,310","2,243","2,251","2,277","5,574t","5,872t","5,942t","5,733t","5,646t","5,633t","5,541t","5,570t","5,619t","5,715t","5,644t","5,956t","6,305t","6,498t","6,641t","6,532t","6,731t","6,887t","7,109t","7,448t","..t","..t","..t","..t","..t","..t","..t","..t","..t","..t","..t","..t","..t","..t","..t","..t","..t","..t","..t","..t","..t","..t","..t","..t","..t","..t","..t","..t","..t","..t","..t","..t","..t","..t","..","..","..","..","..","..","..","..","..","..","..","..","..","..","..","..","..","..","..","..","4,340","4,354","4,187","4,142","4,159","4,255","4,045","3,718","3,562","3,428","3,326","3,247","3,280","3,324","3,348","3,290","3,296","3,321","3,294","3,341","3,360","3,279","3,192","3,159","3,183","3,290","3,210","3,147","3,119","3,078","3,014","2,898","2,678","2,544","..","..","..","..","..","..","..","..","..","..","..","..","..","..","..","..","..","..","..","..","3,466","3,473","3,487","3,523","3,550","3,581","3,472","3,495","3,393","3,489","3,579","3,548","3,534","3,538","3,526","3,570","3,647","3,719","3,823","4,006","4,209","4,207","4,245","4,342","4,336","4,329","4,375","4,435","4,459","4,507","4,624","4,528","4,411","4,225"
"5 to 9 years","68,192","67,943","66,763","65,418","64,012","63,153","62,091","60,825","59,582","58,285","56,938","54,677","53,037","51,435","49,986","48,275","46,918","45,973","45,228","44,269","43,241","41,921","40,454","38,865","37,916","36,679","35,164","33,594","32,275","30,497","29,128","28,226","27,451","26,814","26,415","25,777","25,340","25,214","25,259","25,012","25,158","25,261","25,407","25,617","25,916","25,939","25,476","24,751","24,176","23,442","23,186","23,280","23,532","23,638","12,597","12,253","11,639","11,134","10,747","10,540","10,518","10,481","10,316","10,189","10,008","9,792","9,730","9,776","9,809","9,806","9,753","9,822","9,790","9,811","9,952","9,949","9,905","9,980","10,061","9,966","9,921","9,784","9,569","9,239","9,082","8,796","8,482","8,341","8,199","7,846","7,574","7,495","7,421","7,344","7,435","7,569","7,615","7,684","7,752","8,020","8,150","8,171","8,271","8,294","8,250","8,427","8,533","8,576","85,418","82,381","79,214","75,333","72,767","72,041","71,125","70,334","69,336","67,938","66,182","64,408","63,023","62,646","62,445","61,674","61,286","61,469","61,538","61,677","62,104","62,372","62,173","62,025","62,368","62,478","61,818","61,139","60,014","58,017","56,292","54,787","53,171","51,544","50,258","48,477","47,310","46,216","45,550","44,521","44,188","43,898","44,229","44,492","45,276","46,016","46,655","46,665","46,843","47,192","47,656","48,781","50,092","51,055","71,776","69,525","66,529","63,787","62,334","62,170","61,768","61,373","60,795","60,168","58,914","57,475","56,385","55,544","54,540","53,561","52,444","52,064","51,886","51,623","51,585","50,948","50,069","49,441","49,164","48,793","48,472","47,787","47,066","45,798","44,494","43,274","42,126","40,956","40,065","38,972","38,213","37,473","37,084","36,339","36,213","36,384","36,620","36,929","37,516","38,304","38,365","38,166","38,296","38,533","38,481","39,431","40,807","42,029","637,478","609,937","572,733","539,144","510,966","493,684","476,030","460,861","450,851","447,104","446,189","451,701","458,664","466,488","472,341","476,594","477,722","474,566","470,638","461,660","453,960","447,045","443,937","443,989","450,277","461,079","470,570","478,582","479,327","471,933","460,716","449,285","435,368","421,385","409,067","397,234","388,089","383,089","383,027","383,174","389,812","399,859","413,281","426,276","438,421","447,045","455,156","463,565","467,924","470,130","468,179","467,912","468,762","470,571","788,128","762,785","728,041","697,912","680,501","673,861","664,709","659,218","648,399","637,642","623,034","616,526","612,801","615,028","616,616","623,782","637,401","656,410","676,758","693,500","702,325","716,981","725,292","735,986","747,644","759,908","772,808","786,363","791,436","794,472","797,615","793,890","781,682","766,430","749,547","731,779","722,719","716,952","716,170","714,591","718,284","727,831","739,746","745,923","752,316","760,228","765,051","768,588","772,961","777,455","779,955","785,359","796,285","809,573","100,399","96,013","91,587","88,230","85,992","85,451","84,886","84,221","82,532","80,931","79,396","78,555","78,399","78,426","78,346","78,342","78,917","79,316","79,657","80,294","81,024","81,417","81,613","82,107","82,976","83,410","83,536","83,386","83,334","82,565","81,724","80,470","79,230","77,677","76,018","74,551","74,109","73,826","74,009","73,991","75,029","76,582","78,290","79,978","82,037","83,934","85,444","86,589","87,413","87,961","88,331","89,409","91,172","92,874","98,948","93,350","87,185","82,058","79,113","78,511","78,204","78,060","77,467","77,419","77,702","78,414","79,335","81,005","82,494","83,313","83,692","83,671","83,109","82,043","81,663","80,888","79,832","79,438","79,573","79,009","78,217","77,460","75,439","72,665","70,058","68,130","66,130","64,533","62,866","61,602","61,398","61,617","62,386","62,750","63,887","65,981","68,479","70,446","72,703","74,902","76,216","76,979","77,451","77,673","77,348","77,941","79,775","81,311","182,333","176,556","169,309","162,627","162,002","164,607","166,031","168,355","170,068","173,075","176,632","181,552","182,559","183,304","184,718","187,127","188,813","193,026","199,102","204,797","209,426","211,531","211,534","211,820","213,375","213,337","215,033","216,913","215,377","212,622","211,231","210,167","208,154","206,691","206,847","207,643","208,680","210,588","213,204","215,931","221,624","232,250","244,270","255,083","264,906","272,659","275,764","277,266","278,593","280,083","282,243","285,866","293,186","302,374","214,726","209,204","201,988","198,458","197,537","197,744","196,266","195,490","192,317","192,525","192,550","192,844","192,626","195,195","196,985","199,209","203,820","210,669","217,625","225,296","230,606","236,024","240,174","244,908","248,823","251,262","254,775","254,931","252,682","249,554","246,991","242,040","236,354","231,515","226,678","222,341","220,115","219,583","219,157","219,033","220,024","222,630","225,501","229,366","233,328","237,701","241,090","243,546","244,756","247,029","249,299","254,466","258,187","259,751","2,318","2,362","2,308","2,154","2,108","2,128","2,118","2,176","2,099","2,034","2,002","1,947","1,763","1,843","1,923","1,961","2,091","2,210","2,316","2,417","2,466","2,549","2,480","2,413","2,451","2,504","2,521","2,404","2,292","2,201","2,081","2,016","1,985","1,966","1,894","1,858","1,882","1,886","1,898","1,925","1,918","1,982","2,008","2,063","2,106","2,150","2,224","2,274","2,310","2,368","2,425","2,448","2,508","2,596","5,481t","5,629t","5,701t","5,587t","5,653t","5,727t","5,682t","5,605t","5,446t","5,268t","5,170t","5,150t","5,225t","5,433t","5,746t","5,803t","5,746t","5,819t","6,021t","6,104t","..t","..t","..t","..t","..t","..t","..t","..t","..t","..t","..t","..t","..t","..t","..t","..t","..t","..t","..t","..t","..t","..t","..t","..t","..t","..t","..t","..t","..t","..t","..t","..t","..t","..t","..","..","..","..","..","..","..","..","..","..","..","..","..","..","..","..","..","..","..","..","3,595","3,790","3,922","3,961","4,019","4,055","4,083","4,021","4,000","3,905","3,848","3,787","3,597","3,439","3,278","3,109","3,038","2,978","2,959","2,926","2,889","2,990","3,048","3,026","3,079","3,036","3,045","3,033","3,034","2,971","2,970","2,976","2,979","2,970","..","..","..","..","..","..","..","..","..","..","..","..","..","..","..","..","..","..","..","..","2,768","2,919","3,035","3,212","3,330","3,400","3,515","3,492","3,488","3,481","3,442","3,465","3,506","3,394","3,387","3,326","3,304","3,311","3,372","3,396","3,411","3,578","3,747","3,862","4,051","4,106","4,107","4,155","4,237","4,253","4,242","4,396","4,430","4,462"
"10 to 14 years","65,658","66,115","66,657","67,039","67,554","67,281","67,149","66,339","64,971","63,068","61,704","61,036","60,448","59,057","57,507","55,695","54,190","52,546","51,003","49,322","47,685","46,894","46,198","45,126","43,784","42,350","40,558","38,663","37,033","36,025","34,935","34,151","33,237","32,183","30,537","29,293","28,624","28,227","27,908","27,631","27,115","26,879","26,629","26,502","26,084","26,031","25,846","25,825","25,824","26,038","25,876","25,730","25,729","25,918","12,885","13,006","13,218","13,424","13,476","13,088","12,824","12,332","11,694","11,186","10,909","10,938","10,780","10,516","10,302","10,029","9,957","9,966","10,077","9,990","9,908","9,847","9,956","9,928","10,069","10,203","10,207","10,097","10,154","10,133","10,013","9,946","9,878","9,671","9,443","9,294","8,972","8,771","8,736","8,638","8,398","8,111","7,996","7,945","7,850","7,880","8,136","8,363","8,620","8,762","8,883","9,081","9,220","9,453","86,297","87,039","87,987","88,561","88,395","86,336","83,872","80,427","76,560","73,405","72,104","71,526","70,958","69,939","68,704","66,676","65,306","63,907","63,312","62,809","61,958","61,823","62,174","62,379","62,448","62,583","62,788","62,423","62,173","62,222","62,003","61,617","61,244","60,280","58,323","56,633","54,952","53,433","52,034","51,135","49,491","48,201","47,018","46,436","45,603","45,776","45,704","46,463","47,190","48,411","49,084","50,828","52,304","53,729","74,183","74,091","74,452","74,948","74,927","73,863","72,220","69,481","66,369","63,802","62,342","61,800","61,459","60,735","59,946","58,657","57,845","56,566","55,732","54,761","53,697","52,916","52,750","52,600","52,088","51,610","51,031","50,216","49,553","49,015","48,502","48,284","47,984","47,476","46,451","45,014","43,875","42,854","41,764","40,908","39,871","39,223","38,588","38,275","37,691","37,926","38,004","38,454","39,039","39,850","40,243","41,592","43,063","44,903","676,275","674,511","671,631","663,898","652,231","628,081","604,454","569,015","534,340","503,743","483,710","467,768","455,826","447,461","444,859","444,739","453,684","463,428","474,128","481,926","489,312","490,215","487,296","481,865","470,885","460,556","451,230","446,434","445,358","452,206","462,984","476,021","486,956","490,850","486,390","476,386","463,612","448,604","433,364","419,595","406,563","399,658","396,348","396,573","396,374","402,734","413,132","429,317","446,343","462,494","470,612","479,213","488,388","494,978","794,371","805,445","816,639","823,902","822,343","803,248","782,318","750,355","716,953","693,844","681,719","676,569","672,086","664,253","655,437","642,213","642,032","645,742","653,701","658,082","670,067","682,921","696,943","711,828","726,389","740,403","755,090","765,784","775,997","789,378","803,743","822,970","836,489","841,065","838,887","830,712","822,112","812,386","800,198","785,903","768,789","758,980","753,309","754,533","754,377","761,527","770,176","784,570","794,501","803,800","807,179","814,757","825,054","840,301","101,678","102,156","102,544","102,665","101,037","97,961","94,741","90,853","86,735","83,698","82,533","82,401","82,409","82,041","81,448","80,392","79,915","79,425","78,850","78,166","77,807","78,285","78,856","79,812","80,743","81,393","81,873","82,092","82,373","83,132","83,526","84,358","85,136","85,801","85,076","83,936","82,761","81,903","80,919","80,209","79,635","79,713","79,634","80,032","79,727","80,399","81,352","82,927","84,484","86,262","86,947","88,203","90,621","92,719","102,426","101,125","100,584","99,733","98,167","95,491","92,859","88,704","84,646","81,428","79,913","79,630","79,680","78,990","78,786","78,302","78,968","78,878","78,826","78,435","78,435","79,245","80,372","80,812","80,869","80,897","80,886","80,359","79,619","78,804","77,345","76,642","75,882","74,211","71,806","69,621","68,746","67,973","67,307","66,853","66,285","66,310","66,579","67,489","67,435","68,835","70,103","72,162","73,886","75,770","76,912","78,271","80,689","82,885","184,165","188,031","191,351","192,614","191,739","188,172","184,515","179,950","176,895","178,461","181,234","181,869","180,819","178,340","176,232","175,249","174,589","175,022","178,899","183,571","188,822","194,276","199,876","205,131","209,383","212,657","215,696","218,124","220,144","223,183","224,668","227,561","228,794","228,039","227,439","227,824","226,633","225,661","225,428","224,093","223,047","224,692","228,934","233,970","238,544","244,661","252,059","260,676","268,781","276,732","280,980","286,361","294,703","304,959","225,217","230,892","235,939","239,620","237,512","230,571","223,392","214,892","209,068","208,760","210,972","210,494","208,858","205,039","200,475","196,176","196,497","199,175","204,588","210,576","217,220","226,474","235,539","244,580","252,385","257,915","262,374","263,461","263,105","262,611","262,515","263,478","263,710","262,366","260,504","258,313","256,551","253,540","250,365","245,712","239,864","235,873","234,056","233,928","233,980","236,151","239,281","244,173","250,101","255,696","258,166","263,306","268,239","273,103","1,999","2,195","2,316","2,329","2,361","2,267","2,183","2,109","2,044","1,976","2,054","2,085","1,983","1,917","1,899","1,759","1,814","1,836","1,941","1,998","2,040","2,155","2,254","2,353","2,500","2,556","2,584","2,505","2,447","2,364","2,351","2,335","2,334","2,290","2,280","2,175","2,090","2,031","2,015","1,985","1,992","1,997","1,955","1,999","2,014","2,064","2,114","2,161","2,214","2,269","2,303","2,426","2,483","2,517","4,169t","4,534t","4,871t","5,076t","5,325t","5,356t","5,289t","5,319t","5,266t","5,265t","5,370t","5,356t","5,321t","5,204t","5,211t","5,149t","4,922t","4,902t","5,067t","5,298t","..t","..t","..t","..t","..t","..t","..t","..t","..t","..t","..t","..t","..t","..t","..t","..t","..t","..t","..t","..t","..t","..t","..t","..t","..t","..t","..t","..t","..t","..t","..t","..t","..t","..t","..","..","..","..","..","..","..","..","..","..","..","..","..","..","..","..","..","..","..","..","3,139","3,301","3,313","3,406","3,494","3,506","3,513","3,535","3,511","3,572","3,635","3,723","3,792","3,824","3,748","3,612","3,485","3,309","3,156","3,008","2,890","2,807","2,804","2,840","2,828","2,759","2,812","2,881","2,862","2,947","2,949","2,936","2,908","2,882","..","..","..","..","..","..","..","..","..","..","..","..","..","..","..","..","..","..","..","..","2,313","2,321","2,442","2,560","2,613","2,696","2,783","2,893","3,092","3,198","3,278","3,340","3,320","3,352","3,326","3,275","3,306","3,325","3,236","3,204","3,176","3,171","3,231","3,332","3,347","3,426","3,526","3,646","3,679","3,773","3,882","3,933","3,985","4,091"
"15 to 19 years","60,591","61,131","61,114","60,947","61,591","63,065","62,461","62,011","62,342","63,091","63,831","62,390","62,029","61,003","59,715","58,754","57,605","56,625","55,973","55,384","54,633","52,723","51,042","49,343","47,799","45,958","44,221","42,648","41,826","40,843","39,761","38,303","36,972","35,782","35,088","34,119","33,535","32,883","32,302","31,192","30,386","29,518","28,943","28,496","28,312","27,992","27,735","27,295","26,973","26,499","26,116","26,886","27,429","27,902","11,670","11,850","12,041","12,201","12,533","12,875","12,761","13,013","13,362","13,459","12,992","12,427","11,992","11,564","11,192","10,863","10,637","10,460","10,334","10,236","10,043","9,952","9,931","10,033","9,995","10,104","10,045","10,067","9,986","10,147","10,272","10,227","10,112","10,119","10,073","9,924","9,933","9,908","9,803","9,760","9,757","9,482","9,127","9,002","8,983","8,866","8,722","8,851","8,981","9,137","8,934","9,358","9,793","10,148","81,157","82,009","83,436","84,443","85,567","87,259","87,117","87,568","88,281","88,284","86,409","83,153","80,126","76,965","74,346","73,041","71,730","70,921","70,378","69,455","67,827","66,170","64,840","64,153","63,869","63,440","62,973","62,861","62,976","62,795","62,807","63,095","63,082","62,962","63,240","63,624","62,925","62,282","61,069","59,425","57,952","56,404","54,553","53,165","52,924","52,223","51,832","51,134","50,870","50,171","48,907","50,195","52,400","53,756","70,684","71,562","72,518","72,861","73,532","74,794","74,342","74,027","74,439","74,391","73,134","70,437","67,858","64,983","62,396","61,138","60,435","60,067","60,010","60,058","59,522","58,095","56,540","55,534","54,647","53,838","52,827","52,234","52,159","51,961","51,471","50,681","49,815","49,195","48,901","48,757","48,594","48,307","47,956","47,269","46,283","44,736","43,326","41,972","41,598","41,075","40,762","40,418","40,394","39,709","39,276","41,057","43,052","44,732","635,037","649,998","662,431","670,974","674,645","680,433","674,911","668,976","661,643","652,795","631,056","602,544","567,093","532,804","503,369","485,642","471,360","462,438","459,556","461,216","464,884","471,266","479,674","488,740","495,078","498,968","498,179","494,369","488,196","477,441","467,505","461,601","457,606","457,811","465,335","477,918","494,457","506,962","511,453","506,634","495,405","479,599","464,303","449,406","438,576","429,985","423,143","420,956","425,037","427,907","429,721","443,259","460,783","480,136","732,381","753,965","773,488","792,042","805,690","824,668","833,385","843,501","850,304","851,170","833,235","810,882","779,706","748,510","725,661","719,990","715,453","716,590","719,460","717,492","708,820","703,447","699,185","704,664","711,034","720,550","730,614","747,249","764,197","785,179","805,204","820,614","829,165","841,426","857,703","873,061","878,107","886,422","890,613","894,773","896,092","883,304","868,919","856,238","845,303","842,395","842,151","844,382","844,994","840,767","824,719","856,254","890,061","914,299","97,573","98,301","99,022","99,767","100,294","101,283","101,296","101,344","100,770","99,396","97,154","94,438","91,442","88,036","85,372","84,786","83,877","83,471","82,841","82,273","81,593","80,337","79,532","79,043","78,765","78,994","79,244","79,513","80,657","81,704","82,623","83,112","83,617","84,459","85,816","87,106","87,400","87,537","88,007","87,992","87,994","87,322","86,165","85,146","85,876","86,665","87,177","87,245","86,797","84,638","83,363","85,427","89,337","92,460","96,393","96,244","95,270","95,008","95,991","97,782","97,935","98,119","97,907","97,276","95,438","92,259","88,516","84,835","81,644","79,977","78,458","76,929","75,248","74,289","74,134","74,600","75,034","76,365","77,928","79,328","78,863","79,124","79,422","79,595","79,818","79,189","78,196","77,868","77,656","77,318","76,966","76,759","76,015","74,864","73,645","72,555","71,158","70,379","70,531","70,467","69,805","69,433","69,892","69,405","69,652","71,630","75,593","79,292","165,751","173,630","180,636","185,607","191,260","196,070","208,474","216,853","220,907","221,584","220,192","216,545","205,547","193,733","187,259","187,506","184,172","182,214","181,484","181,741","181,552","183,037","184,737","188,494","192,696","197,626","203,820","212,168","218,119","222,947","227,791","233,169","235,460","238,842","244,437","248,503","249,449","250,356","249,833","247,411","247,364","245,001","244,582","245,681","246,967","247,410","247,328","249,925","253,118","255,263","256,844","267,785","281,936","300,077","208,255","217,510","226,509","234,512","240,541","244,343","247,656","251,059","252,320","251,797","248,820","240,700","229,434","222,042","217,973","218,240","217,006","217,883","217,490","219,243","217,538","220,324","224,694","233,334","241,943","253,415","259,616","264,595","269,393","275,206","280,442","279,727","276,951","276,487","278,546","281,819","281,123","279,880","279,019","279,983","282,507","282,545","278,760","276,681","273,112","274,741","274,880","276,319","274,804","271,013","264,216","280,440","291,127","302,472","1,491","1,674","1,852","1,920","2,081","2,205","2,214","2,244","2,242","2,243","2,252","2,246","2,008","1,914","1,860","1,921","1,963","2,020","1,942","1,955","1,934","1,956","1,901","1,874","1,964","2,076","2,168","2,248","2,322","2,401","2,397","2,378","2,406","2,371","2,360","2,412","2,377","2,350","2,336","2,343","2,263","2,193","2,096","2,042","2,043","2,069","2,081","2,058","2,063","2,127","2,176","2,251","2,324","2,394","3,109t","3,403t","3,689t","3,888t","4,132t","4,474t","4,625t","4,833t","4,974t","5,139t","5,169t","5,331t","5,337t","5,238t","5,232t","5,280t","5,365t","5,376t","5,234t","5,147t","..t","..t","..t","..t","..t","..t","..t","..t","..t","..t","..t","..t","..t","..t","..t","..t","..t","..t","..t","..t","..t","..t","..t","..t","..t","..t","..t","..t","..t","..t","..t","..t","..t","..t","..","..","..","..","..","..","..","..","..","..","..","..","..","..","..","..","..","..","..","..","3,028","2,937","2,941","3,079","3,182","3,247","3,209","3,134","3,198","3,195","3,256","3,289","3,434","3,477","3,571","3,671","3,709","3,665","3,651","3,609","3,570","3,421","3,206","2,973","2,894","2,867","2,757","2,683","2,715","2,687","2,722","2,766","2,772","2,773","..","..","..","..","..","..","..","..","..","..","..","..","..","..","..","..","..","..","..","..","2,012","2,012","2,084","2,163","2,285","2,354","2,338","2,397","2,453","2,495","2,632","2,752","2,850","3,015","3,137","3,268","3,311","3,336","3,399","3,391","3,361","3,269","3,229","3,155","3,183","3,170","3,200","3,235","3,346","3,362","3,329","3,431","3,478","3,523"
"20 to 24 years","46,505","48,276","49,971","51,301","52,733","53,416","53,712","53,909","53,854","53,466","53,142","52,617","54,121","54,753","54,835","53,559","52,921","52,168","51,583","50,168","50,450","50,618","50,156","48,413","46,294","44,164","41,880","39,109","37,593","36,412","35,591","35,254","34,942","34,866","33,899","32,849","31,886","31,761","31,716","32,419","32,452","31,999","31,375","30,713","29,753","29,353","28,951","28,633","28,601","28,663","28,371","28,977","29,671","30,644","9,452","9,447","9,556","9,669","9,834","10,136","10,415","10,797","10,965","11,019","10,829","10,704","11,335","11,945","12,080","11,856","11,428","10,810","10,176","9,660","9,541","9,540","9,575","9,623","9,559","9,497","9,340","9,049","8,975","8,943","9,026","9,107","9,203","9,247","9,307","9,247","9,103","9,012","9,052","9,277","9,486","9,604","9,448","9,114","9,002","9,095","9,351","9,530","10,453","11,541","12,161","12,832","14,223","14,736","70,470","70,651","71,903","73,256","75,171","77,477","78,877","80,111","80,686","80,592","80,813","81,696","84,306","86,648","87,345","85,702","82,227","77,888","74,204","71,405","70,243","69,367","68,933","67,628","65,896","64,816","63,117","61,399","60,855","60,962","60,561","60,649","61,611","62,227","62,047","61,535","61,043","60,751","61,452","63,019","64,228","63,904","62,779","61,234","59,989","59,542","60,021","60,544","62,223","63,071","62,837","64,197","65,720","69,702","58,314","59,126","60,610","62,095","64,615","66,886","68,239","68,816","68,631","68,024","67,290","66,892","68,558","69,648","69,503","68,051","65,697","62,739","59,905","57,452","57,245","57,499","57,108","56,579","55,945","54,967","53,954","52,172","51,133","50,567","50,380","49,917","49,878","49,991","49,169","48,169","47,186","46,789","46,678","47,211","47,550","47,216","46,511","45,628","44,568","43,777","43,388","42,902","43,080","43,600","44,232","45,606","46,757","50,036","573,174","576,735","587,296","604,809","626,470","639,401","648,604","653,694","659,392","665,636","673,507","666,970","660,962","654,458","646,375","626,272","603,179","568,880","542,280","516,797","501,732","486,279","475,894","469,617","468,955","470,457","477,168","484,877","495,715","506,647","515,609","516,238","513,965","511,848","505,533","498,460","490,487","486,846","491,351","504,254","519,970","529,717","535,908","534,544","525,984","517,981","512,103","506,386","504,104","499,297","481,776","482,972","492,876","510,953","707,309","706,207","717,063","740,174","766,063","784,392","796,307","805,791","815,250","828,413","843,619","858,295","877,976","895,900","904,267","895,870","876,686","847,787","833,042","814,101","798,723","792,321","778,556","767,561","757,797","744,615","742,452","741,437","749,792","763,384","784,378","802,074","823,766","842,531","859,741","873,557","879,867","880,239","887,459","904,064","919,741","936,398","947,873","951,841","948,922","958,411","983,169","1,014,565","1,033,680","1,025,395","988,890","1,028,438","1,099,979","1,171,506","88,175","87,675","88,990","92,525","94,983","97,038","97,538","97,815","96,679","96,736","97,119","98,416","101,440","103,975","104,616","102,884","98,042","92,375","87,332","83,531","82,113","81,565","81,222","80,644","80,066","79,498","78,296","77,476","77,652","77,788","78,195","79,042","79,991","81,853","82,921","83,423","83,823","84,083","85,028","86,612","87,889","89,196","90,586","91,384","92,663","93,082","94,432","96,022","97,486","98,102","101,074","105,632","109,283","111,148","70,537","71,166","72,735","75,883","80,206","84,364","88,135","90,052","90,777","91,030","91,232","91,950","94,986","97,356","97,691","94,700","89,708","82,869","76,140","70,013","67,272","66,926","67,249","67,287","68,203","69,310","70,132","70,389","71,128","70,586","70,282","70,778","72,267","73,686","73,296","72,659","73,463","74,724","76,610","78,272","78,936","79,306","79,744","78,666","77,215","75,805","75,219","74,116","73,674","72,843","71,911","72,650","75,822","82,147","150,387","152,080","157,381","166,202","179,698","193,757","210,485","224,662","239,421","258,961","278,579","284,056","273,968","261,719","251,705","243,707","229,046","214,723","205,785","202,357","200,928","199,603","197,412","195,274","193,987","196,619","201,352","209,875","216,698","222,473","229,631","237,341","243,073","249,324","259,160","272,190","282,310","284,597","286,043","282,729","280,522","282,590","287,272","289,790","287,339","280,698","275,275","274,071","275,427","275,506","271,127","275,827","291,443","315,446","196,946","202,503","210,923","223,752","233,129","238,154","240,541","245,911","252,117","262,767","272,932","274,174","271,579","270,712","264,098","254,641","245,783","237,865","234,949","237,082","239,414","245,862","251,257","253,849","254,264","259,488","262,083","259,831","261,824","263,420","268,232","274,284","281,223","286,850","290,690","291,356","293,411","296,680","301,343","304,769","302,418","311,138","316,641","322,079","315,001","318,292","327,733","341,620","352,373","346,906","333,460","339,415","355,322","375,787","1,936","1,967","2,077","2,124","2,334","2,481","2,480","2,554","2,442","2,402","2,504","2,695","2,487","2,418","2,411","2,233","2,120","2,033","1,993","2,018","2,163","2,220","2,276","2,004","2,025","2,145","2,025","1,906","1,884","1,843","1,808","1,957","2,100","2,201","2,205","2,153","2,253","2,303","2,315","2,366","2,436","2,484","2,487","2,437","2,326","2,214","2,293","2,358","2,345","2,357","2,471","2,538","2,662","3,140","3,709t","3,934t","4,188t","4,105t","4,443t","4,642t","4,666t","4,745t","4,826t","4,842t","5,027t","5,373t","5,587t","5,781t","6,032t","5,850t","5,705t","5,798t","5,787t","5,867t","..t","..t","..t","..t","..t","..t","..t","..t","..t","..t","..t","..t","..t","..t","..t","..t","..t","..t","..t","..t","..t","..t","..t","..t","..t","..t","..t","..t","..t","..t","..t","..t","..t","..t","..","..","..","..","..","..","..","..","..","..","..","..","..","..","..","..","..","..","..","..","3,660","3,619","3,588","3,440","3,333","3,157","3,151","3,010","3,016","3,025","3,094","3,247","3,418","3,568","3,496","3,413","3,461","3,597","3,589","3,611","3,631","3,640","3,597","3,589","3,455","3,314","3,296","3,174","2,999","2,951","2,881","2,851","2,891","3,179","..","..","..","..","..","..","..","..","..","..","..","..","..","..","..","..","..","..","..","..","2,344","2,330","2,233","2,175","2,163","2,242","2,222","2,237","2,275","2,327","2,307","2,395","2,475","2,579","2,623","2,693","2,806","2,898","3,012","3,094","3,196","3,255","3,276","3,248","3,215","3,108","3,144","3,189","3,208","3,238","3,207","3,221","3,246","3,292"
"25 to 29 years","36,171","39,158","41,454","43,299","45,891","47,231","47,864","48,602","49,364","49,969","50,204","49,995","50,684","50,577","50,161","49,416","49,263","49,201","49,389","49,585","49,365","48,749","48,016","46,287","44,114","42,008","40,141","37,866","35,883","34,125","32,306","31,339","31,061","30,702","30,076","29,267","28,826","29,161","29,958","30,745","31,191","30,955","30,632","30,206","30,332","30,230","30,050","29,441","28,903","27,969","27,529","27,616","28,772","30,434","6,550","7,176","7,909","8,516","9,201","9,443","9,414","9,457","9,486","9,546","9,611","9,732","10,079","10,345","10,576","10,786","10,685","10,782","10,954","10,799","10,301","9,877","9,573","9,246","8,969","9,078","9,055","8,826","8,777","8,485","8,139","7,994","7,981","8,002","8,041","8,068","7,925","7,921","7,853","7,973","8,055","8,062","7,980","8,017","8,107","8,258","8,685","9,151","9,539","9,861","10,461","11,169","12,537","14,299","53,790","57,859","61,899","64,939","67,794","69,967","69,905","69,730","70,654","71,819","72,360","74,063","76,390","78,265","80,114","81,201","82,272","82,878","83,665","83,168","80,631","77,653","74,098","70,303","66,992","65,663","64,542","63,501","62,723","61,320","59,375","57,918","56,980","56,801","56,310","55,815","55,474","55,887","56,452","56,952","57,242","57,163","56,636","56,604","56,903","57,979","59,385","60,890","62,956","64,344","66,000","68,542","72,673","78,303","41,968","45,768","49,152","52,216","55,800","58,678","59,329","59,822","60,629","61,495","61,471","62,257","64,015","64,757","64,959","65,061","65,074","65,239","65,775","65,745","64,280","62,248","59,492","57,025","54,726","53,901","53,395","52,613","51,957","51,072","49,743","48,604","47,702","46,962","46,571","45,811","44,943","44,833","45,175","45,211","45,358","44,837","43,664","42,842","42,358","42,173","42,538","42,976","43,813","44,212","45,081","46,542","48,405","52,077","494,415","516,756","533,406","550,863","566,545","579,962","584,209","586,589","592,398","602,242","606,891","622,036","634,593","642,586","647,532","655,490","659,091","658,208","659,661","650,935","627,030","602,141","572,113","542,402","515,304","498,650","484,835","473,986","468,840","468,908","473,428","484,218","495,954","508,628","518,734","528,085","532,323","532,833","534,240","532,164","526,032","518,210","513,369","509,608","510,593","519,095","537,067","555,096","567,233","567,585","557,103","553,142","562,271","573,069","590,134","634,160","666,246","695,740","720,621","738,350","735,591","740,076","746,611","758,860","762,874","783,938","805,864","826,871","847,014","876,527","910,886","943,089","982,528","992,052","966,786","940,238","902,150","866,549","838,771","823,027","816,290","808,836","802,263","802,787","806,900","811,518","812,626","818,560","822,151","829,279","838,689","853,879","866,639","882,587","893,222","905,863","910,214","918,821","927,348","947,766","975,385","1,018,634","1,057,269","1,085,649","1,094,116","1,146,004","1,229,446","1,291,528","68,724","73,011","76,442","80,004","83,257","85,994","86,632","87,326","87,448","87,526","87,862","90,274","93,050","94,540","96,532","98,512","100,015","100,927","100,375","98,111","94,233","89,698","85,670","82,187","80,011","79,423","78,771","78,061","77,586","76,909","76,399","75,741","75,903","76,419","76,215","76,464","77,805","79,402","81,158","82,912","83,984","85,646","87,096","88,644","90,780","93,855","96,327","97,937","99,256","98,922","99,720","102,803","109,304","115,981","54,065","55,677","56,770","58,768","62,667","66,723","69,477","72,417","75,942","79,654","82,575","85,658","88,554","90,437","91,450","91,597","92,121","91,821","89,117","84,287","78,950","74,612","70,379","66,986","64,827","64,595","64,052","63,879","63,102","62,457","61,692","61,427","61,586","62,834","63,310","63,984","65,678","68,461","71,918","75,256","77,962","80,720","82,640","83,689","84,224","84,461","84,048","83,001","81,499","78,463","75,837","75,675","77,700","82,047","124,117","133,508","141,366","147,847","158,495","170,200","180,412","192,193","206,914","226,312","248,191","266,941","274,129","272,165","269,005","267,875","262,583","258,380","256,578","251,742","242,744","234,281","224,509","216,011","211,069","211,325","213,746","218,858","221,970","224,874","227,878","234,099","238,890","244,295","253,319","264,875","280,417","296,065","311,440","317,137","318,578","323,027","329,518","337,429","341,809","336,556","329,636","325,215","320,152","312,876","303,720","305,991","324,154","349,896","167,850","182,576","195,290","207,581","220,167","228,769","230,691","234,779","240,637","250,436","260,924","268,331","271,573","274,179","274,130","273,286","275,003","279,202","284,546","287,441","284,319","282,816","281,491","282,965","286,966","294,800","295,903","290,451","283,358","275,410","269,495","265,016","262,076","263,622","267,934","274,571","283,767","295,451","307,887","317,100","317,342","319,123","321,164","327,837","329,883","338,797","347,366","359,293","372,317","379,258","384,973","399,970","421,905","432,916","2,066","2,301","2,453","2,435","2,586","2,720","2,652","2,788","2,722","2,770","2,940","3,004","2,764","2,800","2,728","2,655","2,849","2,911","2,764","2,757","2,793","2,840","2,635","2,365","2,359","2,543","2,556","2,410","2,236","2,067","1,929","1,870","1,899","1,982","2,019","2,058","2,101","2,221","2,354","2,544","2,660","2,745","2,743","2,771","2,822","2,924","3,050","3,139","3,192","3,181","3,150","3,269","3,544","3,835","3,414t","3,709t","3,920t","4,007t","4,375t","4,653t","4,581t","4,692t","4,736t","4,879t","5,109t","5,388t","5,448t","5,658t","5,832t","5,985t","6,055t","6,101t","6,344t","6,616t","..t","..t","..t","..t","..t","..t","..t","..t","..t","..t","..t","..t","..t","..t","..t","..t","..t","..t","..t","..t","..t","..t","..t","..t","..t","..t","..t","..t","..t","..t","..t","..t","..t","..t","..","..","..","..","..","..","..","..","..","..","..","..","..","..","..","..","..","..","..","..","4,447","4,282","4,194","4,041","4,043","3,960","3,934","3,803","3,592","3,378","3,305","3,317","3,367","3,507","3,603","3,670","3,742","3,709","3,675","3,719","3,831","3,783","3,767","3,707","3,727","3,807","3,798","3,778","3,736","3,642","3,603","3,612","3,643","3,770","..","..","..","..","..","..","..","..","..","..","..","..","..","..","..","..","..","..","..","..","2,324","2,524","2,557","2,601","2,518","2,503","2,514","2,470","2,425","2,420","2,481","2,463","2,465","2,473","2,599","2,697","2,725","2,703","2,789","2,827","2,904","2,980","3,071","3,151","3,168","3,305","3,372","3,334","3,302","3,368","3,362","3,292","3,292","3,332"
"30 to 34 years","28,221","29,246","30,565","31,790","33,391","36,372","38,894","40,709","42,661","45,042","46,108","46,306","47,353","47,981","48,442","48,487","48,626","48,654","48,667","48,636","48,894","48,832","48,750","47,961","47,118","45,762","44,263","42,214","40,504","38,980","37,347","36,263","35,289","34,275","33,239","32,149","31,238","31,080","31,091","31,210","31,177","31,211","31,149","31,238","31,020","30,901","30,557","29,965","29,383","29,249","29,254","29,713","30,611","31,470","5,791","5,870","5,988","6,332","6,568","6,966","7,706","8,464","9,009","9,543","9,701","9,493","9,455","9,539","9,645","10,036","10,277","10,471","10,508","10,539","10,487","10,481","10,670","10,824","10,848","10,608","10,286","9,698","9,271","8,867","8,783","8,780","8,738","8,681","8,510","8,188","8,004","8,044","8,049","8,073","8,170","8,160","8,007","7,891","7,961","8,345","8,577","8,680","8,941","9,434","9,796","10,205","10,934","11,618","43,848","45,320","47,591","49,627","51,951","54,640","58,736","62,019","64,723","67,163","68,790","68,285","68,605","70,152","72,327","73,719","75,844","77,405","78,699","79,942","81,042","81,598","82,020","82,328","81,460","78,968","75,921","72,096","68,423","65,283","63,941","63,409","62,567","61,432","59,844","58,171","56,664","55,793","55,891","56,500","56,766","55,938","55,231","54,454","53,848","54,679","56,118","57,265","58,884","61,140","63,436","67,172","72,497","76,552","33,915","35,192","37,042","39,289","41,718","44,428","47,913","50,825","53,413","56,022","57,371","57,268","57,843","59,101","60,550","61,861","62,958","63,769","64,041","64,141","64,797","64,804","64,750","64,805","64,594","63,192","61,105","58,418","55,889","53,445","52,066","51,487","50,842","50,136","49,068","47,682","47,157","46,530","46,132","45,709","45,244","44,842","44,769","44,546","43,803","43,671","43,619","43,570","43,941","44,472","45,337","47,405","50,590","54,107","389,580","406,702","426,758","448,360","470,693","492,727","515,394","526,711","539,311","550,426","558,947","562,078","566,825","575,859","590,372","602,419","622,988","638,002","652,529","658,647","666,589","662,588","660,233","653,834","644,430","623,869","600,796","568,993","540,579","516,025","502,992","493,616","488,005","485,916","486,643","489,659","501,563","516,562","532,978","549,120","562,906","566,262","563,930","558,346","545,774","534,519","529,532","532,821","538,666","548,735","559,767","579,267","608,687","634,736","492,200","509,834","532,698","559,189","582,320","605,064","647,024","676,096","698,582","722,076","738,625","733,089","738,933","755,058","778,386","801,230","834,170","864,939","904,290","931,861","959,684","973,980","989,695","1,003,412","1,007,078","991,565","970,320","937,581","907,564","891,629","896,351","899,722","894,702","885,412","878,149","867,331","857,954","853,442","853,143","855,783","865,367","876,551","890,959","901,802","911,880","930,684","947,739","971,535","1,005,599","1,041,463","1,064,707","1,114,626","1,199,459","1,276,101","55,802","57,171","59,369","62,227","64,578","66,861","71,594","74,610","76,385","78,183","79,796","80,464","82,084","84,793","87,523","90,009","91,870","93,040","93,067","93,674","94,822","95,136","95,566","95,590","94,312","91,284","87,722","83,763","80,598","78,182","76,907","76,707","76,652","76,623","76,015","75,388","75,190","75,821","76,868","78,152","80,063","82,239","84,344","86,490","88,436","91,020","93,340","94,954","96,173","97,146","97,633","99,514","104,454","109,246","47,839","47,149","47,161","47,778","49,749","52,202","56,106","58,707","61,588","64,981","68,084","69,956","72,992","76,789","80,511","83,245","85,712","86,310","85,616","84,041","83,251","82,556","82,304","81,368","79,676","76,956","73,517","69,521","65,764","62,330","60,267","59,228","58,980","58,302","57,869","57,958","59,483","61,418","64,299","66,836","69,255","72,601","76,237","79,238","81,315","83,218","84,696","84,706","84,506","84,038","82,872","82,439","84,999","87,729","103,317","106,689","111,762","117,366","124,678","132,755","147,160","159,573","171,157","185,739","200,970","209,980","215,919","221,110","228,776","238,047","242,841","246,926","251,921","256,895","261,237","262,241","262,026","260,128","254,893","246,654","240,942","235,751","230,261","227,820","230,572","235,014","237,887","240,177","245,758","253,367","261,665","270,931","282,000","289,807","298,671","312,201","328,778","344,381","352,118","354,980","354,197","352,714","352,499","352,682","346,990","349,679","369,089","389,699","138,019","146,129","155,922","168,105","177,610","184,673","198,509","210,092","219,995","235,285","248,431","250,836","253,050","258,269","261,731","266,181","270,902","277,893","286,256","296,183","305,346","312,526","320,942","329,752","334,471","333,072","327,853","315,864","306,500","302,286","302,684","298,560","292,478","284,969","278,531","273,329","275,108","279,427","286,283","293,104","299,854","307,861","316,851","326,410","331,165","342,632","349,285","357,935","369,614","381,364","393,278","414,227","441,574","462,401","1,591","1,714","1,855","1,912","1,995","2,118","2,272","2,465","2,492","2,556","2,720","2,801","2,641","2,728","2,870","2,925","3,060","3,200","3,212","3,191","3,206","3,384","3,429","3,257","3,152","3,018","2,938","2,684","2,462","2,396","2,318","2,263","2,298","2,263","2,250","2,282","2,235","2,224","2,321","2,452","2,543","2,638","2,736","2,921","3,041","3,238","3,396","3,469","3,543","3,655","3,792","3,890","4,079","4,372","2,621t","2,864t","3,121t","3,199t","3,271t","3,384t","3,542t","3,685t","3,880t","4,077t","4,289t","4,503t","4,712t","4,973t","5,263t","5,252t","5,306t","5,369t","5,519t","5,642t","..t","..t","..t","..t","..t","..t","..t","..t","..t","..t","..t","..t","..t","..t","..t","..t","..t","..t","..t","..t","..t","..t","..t","..t","..t","..t","..t","..t","..t","..t","..t","..t","..t","..t","..","..","..","..","..","..","..","..","..","..","..","..","..","..","..","..","..","..","..","..","4,110","4,286","4,337","4,475","4,584","4,430","4,162","3,935","3,841","3,727","3,688","3,785","3,814","3,722","3,564","3,365","3,371","3,430","3,522","3,610","3,651","3,696","3,716","3,690","3,686","3,736","3,748","3,742","3,717","3,771","3,837","3,888","3,868","3,926","..","..","..","..","..","..","..","..","..","..","..","..","..","..","..","..","..","..","..","..","1,814","1,939","2,035","2,245","2,287","2,298","2,320","2,392","2,425","2,468","2,481","2,518","2,517","2,462","2,390","2,356","2,349","2,395","2,465","2,629","2,773","2,772","2,774","2,849","2,900","2,947","2,958","3,034","3,143","3,188","3,305","3,339","3,297","3,278"
"35 to 39 years","25,863","26,078","26,061","26,379","27,072","27,579","28,443","29,844","31,104","32,490","35,285","37,637","39,834","41,672","43,602","44,272","44,838","45,604","46,595","47,339","47,796","48,059","48,300","47,835","47,280","46,928","46,122","45,103","44,432","43,902","42,855","42,010","41,181","40,130","38,828","37,582","36,647","35,924","35,509","35,214","34,518","33,736","33,273","32,715","32,260","31,845","31,531","31,167","31,118","30,874","30,728","30,806","31,834","32,487","5,594","5,628","5,691","5,758","6,017","6,019","6,181","6,420","6,726","6,908","7,281","7,905","8,542","9,009","9,498","9,675","9,588","9,667","9,777","9,725","9,943","10,184","10,450","10,543","10,710","10,793","10,848","10,989","11,098","11,035","10,686","10,395","9,936","9,541","9,142","9,021","8,821","8,792","8,856","8,828","8,814","8,615","8,564","8,581","8,539","8,626","8,867","9,026","9,144","9,322","9,653","10,135","10,555","11,270","41,943","41,571","41,821","42,455","43,113","44,174","45,873","47,894","49,702","51,736","53,971","57,827","61,347","64,257","66,904","68,519","68,548","68,901","70,403","72,288","73,642","75,760","77,569","78,479","79,127","80,111","80,506","80,874","81,458","80,843","78,059","75,221","71,764","68,152","64,892","63,761","62,848","62,358","61,625","60,925","59,682","57,952","56,378","55,325","54,459","54,083","55,000","56,629","58,050","59,333","60,772","63,717","67,160","70,978","32,093","31,746","31,848","32,567","33,643","35,215","36,751","38,536","40,372","42,009","43,646","47,006","50,392","53,143","55,602","57,134","57,373","57,839","59,042","60,523","61,670","62,817","63,584","63,691","63,587","64,078","64,079","64,030","64,249","64,058","62,719","60,370","57,798","55,099","52,526","50,936","50,601","50,274","50,025","49,726","49,104","48,589","47,600","46,737","46,191","45,971","45,612","46,060","46,902","47,116","47,624","49,372","51,757","54,668","367,837","362,092","359,484","364,418","371,995","383,504","399,410","418,089","435,201","453,087","470,744","493,392","509,402","524,357","535,821","545,824","554,680","565,322","580,517","596,693","607,808","622,840","638,876","648,211","653,133","659,359","656,841","653,671","648,863","641,620","623,294","604,261","578,266","553,871","531,453","518,179","508,374","504,089","504,145","510,315","518,327","530,010","542,475","553,591","561,061","567,618","572,450","578,074","580,890","576,465","566,629","565,443","576,307","595,222","477,095","475,914","476,540","483,377","490,209","498,717","515,210","538,392","558,489","575,941","596,519","640,718","672,495","700,147","727,135","749,903","757,682","775,962","807,184","835,509","855,143","877,322","900,733","921,368","944,084","971,298","995,477","1,018,402","1,038,385","1,050,058","1,045,591","1,032,757","1,005,044","975,378","952,638","942,112","931,254","922,077","908,014","897,684","883,904","881,686","880,244","881,360","881,022","892,168","907,403","932,769","961,119","987,659","1,004,745","1,035,352","1,083,707","1,147,656","53,145","52,119","51,830","52,495","52,953","53,988","55,678","57,821","59,447","60,768","62,406","66,891","70,605","73,672","76,869","79,407","80,400","81,752","83,678","85,236","86,864","88,269","89,857","90,520","91,716","92,901","93,597","93,967","94,482","93,390","90,532","86,968","83,605","80,753","78,199","77,072","77,141","77,421","77,501","77,724","78,135","78,982","80,007","81,489","83,046","85,366","87,922","90,138","92,556","93,912","94,895","96,383","100,683","104,909","48,605","46,730","45,308","44,191","44,367","45,626","46,836","48,123","49,426","50,894","52,271","56,056","59,171","62,431","65,719","68,053","69,270","71,144","73,192","75,055","77,064","78,978","80,232","80,797","81,119","81,338","81,000","80,951","80,073","77,731","74,005","70,370","66,378","63,070","60,104","58,685","58,664","59,564","60,454","61,954","63,494","65,709","68,020","70,649","72,896","75,545","77,973","80,380","81,946","83,206","83,550","84,951","88,658","92,636","100,402","99,997","99,841","100,140","102,990","107,123","113,572","121,812","129,922","138,781","148,550","163,581","172,845","178,403","185,009","192,216","193,571","198,935","208,683","219,668","230,851","240,299","248,423","254,121","258,729","262,258","265,778","269,946","270,936","268,471","261,664","256,518","249,452","243,617","244,436","251,645","258,646","265,082","270,586","272,431","273,771","282,298","294,222","306,742","315,714","321,515","329,413","339,157","348,452","355,310","358,293","363,455","379,766","401,109","130,424","131,962","134,673","139,121","143,622","148,301","155,215","164,476","174,284","184,347","194,319","210,240","221,325","230,388","240,543","248,264","250,563","257,289","267,272","277,902","288,904","299,536","311,217","321,771","332,536","341,416","348,491","351,642","352,527","348,685","341,004","330,654","318,024","308,949","305,571","305,563","305,671","305,916","303,057","299,380","294,980","295,618","296,792","300,974","304,427","314,478","326,121","339,809","353,914","365,942","376,557","390,340","408,607","428,711","1,188","1,249","1,328","1,336","1,435","1,491","1,519","1,654","1,747","1,795","1,952","2,101","2,100","2,177","2,318","2,427","2,568","2,713","2,843","3,018","3,172","3,270","3,276","3,185","3,213","3,293","3,339","3,234","3,145","2,955","2,767","2,637","2,525","2,385","2,386","2,400","2,407","2,456","2,470","2,529","2,571","2,582","2,565","2,630","2,716","2,814","2,976","3,147","3,332","3,518","3,732","3,880","4,062","4,311","2,113t","2,215t","2,336t","2,341t","2,458t","2,502t","2,496t","2,632t","2,685t","2,684t","2,869t","3,217t","3,457t","3,761t","4,098t","4,278t","4,248t","4,269t","4,411t","4,657t","..t","..t","..t","..t","..t","..t","..t","..t","..t","..t","..t","..t","..t","..t","..t","..t","..t","..t","..t","..t","..t","..t","..t","..t","..t","..t","..t","..t","..t","..t","..t","..t","..t","..t","..","..","..","..","..","..","..","..","..","..","..","..","..","..","..","..","..","..","..","..","3,494","3,636","3,718","3,821","3,902","4,040","4,077","3,994","3,960","4,002","3,941","3,906","3,845","3,746","3,543","3,460","3,515","3,445","3,295","3,210","3,160","3,167","3,143","3,254","3,388","3,458","3,427","3,399","3,430","3,382","3,378","3,362","3,426","3,537","..","..","..","..","..","..","..","..","..","..","..","..","..","..","..","..","..","..","..","..","1,332","1,396","1,485","1,541","1,588","1,718","1,747","1,841","1,977","2,036","2,099","2,199","2,272","2,301","2,340","2,329","2,327","2,223","2,175","2,143","2,123","2,185","2,314","2,369","2,455","2,482","2,541","2,557","2,563","2,604","2,605","2,702","2,788","2,938"
"40 to 44 years","24,403","24,382","24,742","24,790","24,803","24,950","25,137","25,034","25,734","26,529","27,201","27,842","29,266","30,370","31,562","34,025","36,448","38,342","40,254","42,385","43,479","44,302","45,206","45,738","46,022","45,978","45,767","45,259","44,814","44,414","44,193","43,896","43,673","43,539","43,359","42,665","41,708","40,939","40,161","39,402","38,809","38,372","37,530","36,900","36,279","35,317","34,194","33,498","32,840","32,327","31,996","32,067","32,614","33,527","5,245","5,278","5,400","5,503","5,555","5,710","5,791","5,855","5,943","6,134","6,128","6,192","6,410","6,734","6,906","7,231","7,873","8,481","8,992","9,526","9,686","9,548","9,572","9,701","9,802","10,144","10,406","10,592","10,675","10,829","10,896","10,920","11,080","11,237","11,309","10,964","10,513","10,070","9,756","9,522","9,776","9,663","9,396","9,270","9,138","9,168","9,238","9,299","9,543","9,640","9,696","10,016","10,533","10,857","40,334","40,575","41,098","41,063","40,972","41,345","41,325","41,438","42,353","42,994","44,141","45,524","47,581","49,339","51,514","53,701","57,629","60,916","63,960","66,610","68,809","68,646","68,910","70,117","71,777","73,245","75,277","76,819","77,557","77,949","78,837","79,849","80,357","80,997","80,551","78,364","74,734","71,001","67,495","64,982","64,227","63,311","62,183","61,091","59,794","58,459","57,325","56,737","57,044","57,894","58,853","61,215","64,572","67,308","31,759","32,041","32,108","32,024","32,075","32,478","32,255","32,407","33,349","34,208","35,402","36,544","38,200","39,973","41,717","43,720","47,042","50,027","52,642","55,299","57,228","57,408","57,711","58,483","59,728","60,775","61,867","62,552","62,781","62,882","63,359","63,196","63,014","63,182","62,805","61,370","59,200","56,956","54,702","52,761","51,952","51,790","51,491","51,050","50,503","49,764","49,253","48,703","48,442","48,528","48,653","49,656","52,292","54,998","364,186","366,883","367,149","366,081","362,728","360,401","355,126","350,106","354,600","361,719","373,615","387,055","404,859","422,240","442,250","463,638","487,633","505,474","524,724","539,420","553,175","558,175","565,728","576,256","590,017","600,056","615,120","629,102","638,196","644,605","653,328","653,206","653,675","652,830","649,838","633,798","612,183","585,297","561,085","541,077","531,692","523,580","517,975","515,048","516,352","520,633","531,715","548,085","564,514","577,871","587,972","596,386","607,012","618,338","481,749","482,961","483,600","484,544","482,089","480,320","478,405","477,858","484,399","492,839","503,288","517,282","537,727","557,940","577,659","604,321","652,492","690,203","728,904","763,735","792,149","791,056","799,219","816,425","840,553","864,259","894,292","921,572","944,716","971,430","1,005,725","1,034,064","1,060,779","1,085,256","1,097,464","1,087,425","1,060,488","1,023,249","986,675","958,893","949,774","944,778","937,504","925,904","916,103","905,587","903,456","906,447","914,909","921,902","933,676","954,445","992,471","1,043,459","53,970","53,475","53,063","52,616","51,931","51,696","50,957","50,656","50,803","51,027","51,833","53,293","55,441","57,680","59,843","62,258","66,576","69,757","72,348","75,285","77,778","78,251","79,238","81,407","83,438","85,348","87,072","88,386","89,262","90,517","92,063","93,274","93,943","94,655","93,790","91,088","87,580","84,029","81,283","79,315","79,177","80,212","80,662","81,031","81,371","82,112","82,945","84,116","85,711","86,779","88,350","90,561","94,806","99,229","50,967","49,469","47,996","46,874","46,155","46,011","45,569","45,194","44,954","45,120","45,988","46,617","47,944","49,489","51,205","52,774","55,907","57,729","59,740","61,857","63,927","64,799","66,834","69,433","72,315","74,869","76,933","78,557","79,067","78,910","78,603","78,062","78,097","77,497","75,836","73,219","70,386","67,307","64,928","63,255","63,012","63,949","64,963","65,645","66,366","67,778","69,511","71,129","73,259","74,976","76,482","78,668","83,202","87,547","97,058","98,004","99,019","99,443","100,149","101,796","103,775","105,519","108,490","112,997","118,564","124,151","129,371","133,595","138,290","144,105","154,217","162,097","170,555","180,405","189,783","193,359","199,646","209,125","219,396","230,549","242,544","252,949","260,312","266,630","272,110","277,136","280,364","282,002","282,551","279,946","276,521","271,500","267,887","264,694","266,630","272,137","279,380","285,984","289,337","291,039","294,147","299,903","307,467","315,563","323,421","334,545","355,066","378,849","131,702","133,435","135,761","137,575","138,144","137,942","138,374","139,992","144,013","150,539","158,687","164,936","172,475","181,159","188,271","195,669","210,829","224,097","237,411","253,984","268,718","274,339","282,904","294,655","306,610","318,384","329,078","336,609","340,903","344,894","348,782","349,651","351,933","354,405","353,458","348,006","339,183","329,696","323,210","321,105","323,175","325,086","324,072","320,005","314,012","310,635","310,030","312,247","318,011","326,049","337,578","353,818","373,455","393,100","1,146","1,193","1,247","1,215","1,241","1,234","1,205","1,186","1,182","1,247","1,361","1,450","1,486","1,559","1,603","1,700","1,987","2,195","2,341","2,493","2,658","2,726","2,816","2,869","3,038","3,143","3,200","3,166","3,101","3,098","3,106","3,138","3,145","3,165","3,095","2,923","2,764","2,645","2,506","2,481","2,536","2,643","2,700","2,720","2,752","2,742","2,716","2,798","2,884","2,944","3,058","3,225","3,445","3,692","1,635t","1,770t","1,876t","1,949t","2,062t","2,179t","2,151t","2,130t","2,141t","2,166t","2,236t","2,337t","2,479t","2,622t","2,729t","2,897t","3,098t","3,296t","3,557t","3,777t","..t","..t","..t","..t","..t","..t","..t","..t","..t","..t","..t","..t","..t","..t","..t","..t","..t","..t","..t","..t","..t","..t","..t","..t","..t","..t","..t","..t","..t","..t","..t","..t","..t","..t","..","..","..","..","..","..","..","..","..","..","..","..","..","..","..","..","..","..","..","..","2,839","2,906","2,969","3,104","3,216","3,218","3,317","3,318","3,333","3,311","3,480","3,637","3,774","3,836","3,967","3,828","3,623","3,457","3,284","3,142","3,149","3,263","3,313","3,198","3,105","3,024","2,986","3,013","3,086","3,153","3,207","3,210","3,223","3,322","..","..","..","..","..","..","..","..","..","..","..","..","..","..","..","..","..","..","..","..","1,135","1,153","1,185","1,210","1,270","1,320","1,320","1,377","1,403","1,466","1,548","1,627","1,716","1,845","1,898","1,967","2,080","2,137","2,142","2,161","2,207","2,214","2,162","2,152","2,107","2,108","2,102","2,171","2,229","2,295","2,310","2,321","2,401","2,449"
"45 to 49 years","23,261","23,204","23,049","23,111","23,665","23,420","23,335","23,841","23,949","23,857","23,906","24,107","24,252","24,954","25,433","25,775","26,560","27,913","29,221","30,523","33,215","35,672","37,635","39,432","41,311","41,985","42,559","42,886","43,392","43,698","43,564","43,608","43,705","43,462","43,066","42,882","42,752","42,692","42,885","43,017","42,533","42,308","41,843","41,065","40,280","39,733","38,996","37,785","36,769","35,949","35,067","34,387","34,233","34,144","5,345","5,326","5,235","5,267","5,318","5,237","5,324","5,441","5,513","5,550","5,684","5,725","5,713","5,824","5,995","6,064","6,146","6,302","6,582","6,748","7,154","7,840","8,462","8,954","9,551","9,888","9,832","9,803","9,862","9,915","10,216","10,430","10,558","10,650","10,808","10,888","10,998","11,228","11,447","11,566","11,486","11,300","10,678","10,173","9,804","9,853","10,003","10,107","10,156","10,136","10,009","10,034","10,264","10,490","41,730","40,553","40,374","39,984","39,797","39,644","40,048","40,536","40,679","40,619","40,695","40,725","40,979","41,858","42,432","43,472","44,927","46,962","48,783","51,009","53,345","57,369","60,823","63,882","66,435","68,536","68,405","68,535","69,892","71,253","72,397","74,450","76,145","77,088","77,475","78,444","78,935","79,306","79,618","79,191","76,649","73,787","70,580","67,143","64,387","63,316","62,721","62,382","62,122","61,778","60,896","60,862","61,468","62,437","32,896","32,189","32,014","31,774","31,676","31,515","31,984","32,070","31,968","31,838","31,846","31,520","31,716","32,596","33,284","34,314","35,831","37,579","39,431","41,119","42,834","46,236","49,270","51,903","54,410","56,127","56,505","56,911","57,597","58,713","59,527","60,771","61,669","61,717","61,648","61,769","61,703","61,945","62,497","62,452","61,486","59,752","57,608","55,310","53,408","52,751","52,361","52,021","51,830","51,511","51,135","51,378","52,165","53,221","342,953","344,480","348,401","349,946","352,587","354,630","357,088","356,423","353,147","348,101","344,632","339,882","337,476","341,842","347,708","358,552","376,086","397,856","418,418","440,460","461,559","483,347","501,033","517,774","530,228","540,170","546,134","553,654","564,868","579,355","590,207","606,886","622,619","632,723","639,046","647,042","649,633","651,733","650,811","645,983","628,172","611,119","587,926","564,256","543,413","532,182","522,089","517,401","517,501","521,223","526,096","541,194","561,045","583,305","474,746","475,962","477,972","477,052","477,246","476,194","477,525","479,111","477,887","474,366","471,860","471,772","473,836","481,712","488,525","498,015","516,927","542,368","567,811","589,671","616,489","663,037","699,206","731,289","763,554","789,653","794,248","806,701","827,380","854,391","881,702","913,970","943,207","968,577","994,271","1,024,318","1,047,216","1,073,630","1,093,699","1,099,542","1,081,588","1,057,146","1,023,882","992,030","967,150","959,799","957,063","953,488","947,806","941,297","928,933","926,013","935,370","958,226","56,725","55,529","54,470","53,505","52,711","52,049","51,813","51,432","50,747","49,783","49,432","48,774","48,852","49,480","50,025","51,100","52,482","54,284","56,308","58,126","60,383","64,408","67,711","70,547","73,763","76,211","76,796","77,719","79,673","81,753","83,558","85,700","87,747","89,258","90,753","92,361","93,135","93,833","94,286","93,786","91,542","88,631","85,573","82,895","81,138","81,005","81,700","82,170","82,526","82,617","82,818","83,223","85,561","88,612","52,223","50,669","49,799","48,698","48,232","47,963","47,683","47,260","46,682","45,851","45,301","44,765","44,523","44,420","44,406","45,039","45,683","46,628","47,412","48,298","49,261","52,343","54,569","57,089","59,861","62,032","63,136","65,033","67,635","70,189","72,260","74,274","75,770","76,449","76,253","76,204","77,086","78,662","79,240","78,758","76,667","74,003","70,737","68,346","66,205","65,821","65,945","66,514","66,618","67,204","67,823","69,105","71,816","75,452","89,387","89,627","90,859","91,709","94,411","96,731","99,229","101,819","103,502","104,678","106,667","108,349","108,947","109,899","111,273","113,723","116,845","122,245","128,261","134,099","140,484","151,698","161,342","170,150","179,996","188,521","193,540","201,587","212,428","223,794","235,888","248,803","258,881","266,605","274,370","281,381","288,216","293,765","297,854","296,194","289,202","283,092","278,164","274,559","272,049","274,552","277,776","281,182","284,083","286,912","288,278","293,596","304,983","321,712","131,020","131,379","133,008","134,581","135,910","136,736","137,503","138,945","139,244","140,157","141,773","143,420","145,093","148,385","151,666","156,688","163,396","173,461","184,312","194,270","204,604","223,560","240,236","256,604","274,862","289,900","295,750","301,715","308,582","315,408","323,009","329,841","336,177","340,221","344,476","348,906","353,242","358,987","363,241","360,591","352,453","348,131","341,587","338,450","338,392","341,792","339,280","335,578","330,746","326,166","322,805","325,829","332,363","342,808","911","995","1,027","1,021","1,046","1,072","1,081","1,119","1,105","1,091","1,038","1,041","1,016","1,045","1,142","1,246","1,351","1,504","1,635","1,758","1,890","2,069","2,196","2,297","2,414","2,604","2,682","2,733","2,804","2,869","2,908","2,953","3,081","3,123","3,177","3,253","3,312","3,303","3,292","3,193","3,040","2,975","2,859","2,752","2,692","2,773","2,790","2,806","2,807","2,829","2,812","2,800","2,907","3,030","1,348t","1,392t","1,492t","1,491t","1,562t","1,657t","1,714t","1,777t","1,813t","1,857t","1,839t","1,880t","1,908t","2,008t","2,090t","2,132t","2,228t","2,297t","2,410t","2,473t","..t","..t","..t","..t","..t","..t","..t","..t","..t","..t","..t","..t","..t","..t","..t","..t","..t","..t","..t","..t","..t","..t","..t","..t","..t","..t","..t","..t","..t","..t","..t","..t","..t","..t","..","..","..","..","..","..","..","..","..","..","..","..","..","..","..","..","..","..","..","..","1,894","2,034","2,244","2,462","2,663","2,763","2,751","2,739","2,820","2,870","2,891","3,033","3,135","3,265","3,329","3,517","3,583","3,626","3,580","3,676","3,530","3,363","3,273","3,259","3,231","3,280","3,292","3,207","3,094","3,012","2,900","2,863","2,862","2,857","..","..","..","..","..","..","..","..","..","..","..","..","..","..","..","..","..","..","..","..","766","879","945","1,019","1,072","1,135","1,145","1,132","1,159","1,220","1,286","1,350","1,406","1,440","1,502","1,578","1,627","1,728","1,836","1,914","2,001","2,027","2,132","2,149","2,165","2,203","2,254","2,205","2,163","2,161","2,186","2,134","2,077","2,139"
"50 to 54 years","22,125","22,730","22,935","22,570","21,762","22,218","22,158","21,981","22,272","22,869","22,736","22,650","22,949","22,952","22,860","22,980","23,093","23,251","23,919","24,497","25,158","25,988","27,175","28,293","29,350","31,932","34,180","35,935","37,664","39,464","39,985","40,567","41,224","41,930","42,454","42,515","42,607","42,661","42,779","42,964","43,223","43,444","43,607","43,742","43,866","43,503","42,985","42,301","41,344","40,183","39,382","38,847","38,117","37,589","5,303","5,383","5,434","5,359","5,319","5,343","5,313","5,261","5,298","5,298","5,290","5,374","5,465","5,517","5,537","5,655","5,718","5,710","5,773","5,943","6,003","6,100","6,305","6,637","6,825","7,228","7,989","8,661","9,190","9,764","10,018","9,872","9,812","9,812","9,889","10,201","10,477","10,739","10,906","11,198","11,366","11,539","11,693","11,815","11,783","11,445","11,221","10,860","10,572","10,272","10,383","10,521","10,671","10,675","40,532","41,306","41,439","41,496","40,918","40,483","39,658","39,452","39,126","39,087","39,152","39,462","39,796","39,968","40,056","40,179","40,185","40,317","41,223","41,884","43,117","44,729","46,788","48,518","50,683","53,028","57,274","60,795","63,781","66,189","68,109","67,924","68,043","69,323","70,798","72,277","73,883","75,503","76,187","76,820","77,894","78,539","78,892","79,182","78,830","76,870","74,120","70,998","68,027","65,815","65,164","65,116","65,275","65,388","30,249","31,176","31,717","31,953","32,249","32,456","31,760","31,514","31,256","31,116","30,985","31,418","31,449","31,273","31,078","31,030","30,756","30,975","31,894","32,891","34,256","35,672","37,278","38,913","40,409","42,129","45,469","48,499","51,205","53,716","55,243","55,542","56,046","56,870","58,007","58,948","59,957","60,791","61,019","61,285","61,953","62,355","62,650","63,289","63,426","62,395","60,523","58,203","55,830","53,642","52,911","53,321","53,578","54,024","286,573","297,685","306,919","317,613","325,665","331,095","332,621","334,766","335,735","338,344","340,819","343,844","343,383","340,582","336,402","333,792","330,442","329,833","337,115","345,491","358,787","374,050","392,731","409,937","429,011","447,440","470,117","487,895","504,845","518,492","530,431","536,232","544,478","556,718","572,857","585,154","601,696","617,464","629,270","638,389","649,169","650,707","650,768","648,700","644,350","628,815","608,634","583,650","559,686","538,318","526,894","520,688","519,786","524,548","386,176","407,995","430,426","451,264","461,294","467,763","467,029","467,727","466,951","469,629","471,574","473,758","474,392","473,304","470,402","468,850","469,181","472,215","482,728","491,896","504,719","520,922","542,638","562,983","582,459","608,188","656,403","694,553","727,457","761,709","791,646","797,649","810,656","833,134","860,720","887,822","918,096","946,480","972,202","998,476","1,028,489","1,047,685","1,068,331","1,085,025","1,089,229","1,074,738","1,052,599","1,022,904","995,970","975,572","970,476","967,050","965,162","966,509","51,368","52,611","54,003","54,917","55,120","54,768","53,617","52,649","51,544","50,795","50,308","50,191","49,889","49,362","48,653","48,450","47,735","47,610","47,961","48,341","49,431","50,681","52,393","54,399","56,313","58,511","62,608","65,987","68,790","71,859","74,215","74,936","76,193","78,634","81,123","83,335","85,107","86,733","87,762","89,123","90,983","92,368","93,233","93,635","92,813","90,347","87,507","84,657","82,214","80,448","80,181","80,605","81,467","82,313","49,888","50,091","49,752","49,688","49,402","49,250","48,577","48,461","48,038","47,708","47,339","46,986","46,561","45,903","45,092","44,454","43,871","43,417","43,032","42,668","43,043","43,537","44,437","45,496","46,706","47,854","50,667","52,875","55,408","57,863","60,031","60,997","62,906","65,511","68,280","70,654","73,352","75,672","77,367","78,367","79,429","80,074","80,724","80,571","79,369","77,021","73,981","70,186","67,490","65,280","64,656","64,804","65,730","66,413","75,742","79,282","82,218","84,852","86,354","88,193","89,008","90,933","92,992","96,390","98,972","101,602","102,853","103,160","102,901","103,557","103,473","103,690","105,436","107,791","111,271","115,151","120,673","126,377","131,716","138,185","150,312","161,346","170,743","181,376","190,725","196,837","204,293","215,283","227,944","242,098","255,038","265,483","274,292","281,394","287,218","291,325","295,277","297,862","294,788","287,344","280,289","273,307","268,665","267,153","270,634","274,718","281,084","288,309","115,989","121,966","127,568","133,641","135,059","135,432","134,579","134,745","135,237","137,748","140,826","142,760","144,401","144,281","143,667","143,634","144,435","146,619","151,010","156,387","163,974","172,399","183,181","195,156","205,597","215,799","235,354","250,788","263,776","278,681","291,195","294,771","299,636","306,842","314,505","322,904","330,529","338,241","343,725","348,271","353,415","359,700","366,790","373,438","374,979","371,989","361,274","349,149","340,778","337,480","339,206","341,078","341,427","341,059","699","739","804","832","865","895","907","917","876","884","905","934","970","1,007","1,012","957","985","1,016","1,068","1,158","1,286","1,370","1,468","1,552","1,663","1,775","1,936","2,026","2,142","2,224","2,374","2,426","2,514","2,663","2,810","2,909","2,972","3,081","3,127","3,184","3,286","3,373","3,368","3,393","3,335","3,192","3,026","2,841","2,677","2,581","2,628","2,709","2,802","2,839","1,020t","1,128t","1,187t","1,227t","1,251t","1,268t","1,279t","1,329t","1,340t","1,373t","1,466t","1,518t","1,550t","1,587t","1,689t","1,735t","1,761t","1,795t","1,811t","1,853t","..t","..t","..t","..t","..t","..t","..t","..t","..t","..t","..t","..t","..t","..t","..t","..t","..t","..t","..t","..t","..t","..t","..t","..t","..t","..t","..t","..t","..t","..t","..t","..t","..t","..t","..","..","..","..","..","..","..","..","..","..","..","..","..","..","..","..","..","..","..","..","1,306","1,337","1,428","1,524","1,576","1,706","1,852","1,991","2,109","2,268","2,395","2,478","2,585","2,766","2,853","2,863","2,958","2,976","3,076","3,095","3,234","3,322","3,446","3,486","3,616","3,604","3,443","3,274","3,116","3,002","3,020","3,084","3,006","2,973","..","..","..","..","..","..","..","..","..","..","..","..","..","..","..","..","..","..","..","..","617","647","676","728","756","788","873","951","1,007","1,089","1,136","1,136","1,146","1,205","1,258","1,280","1,328","1,384","1,442","1,531","1,621","1,685","1,709","1,795","1,861","1,964","2,066","2,157","2,144","2,198","2,235","2,260","2,232","2,158"
"55 to 59 years","19,952","19,958","20,033","19,986","20,569","20,958","21,513","21,738","21,350","20,642","21,080","21,016","21,036","21,280","21,772","21,577","21,518","21,804","21,907","21,937","22,010","22,218","22,532","23,121","23,608","24,081","24,815","25,967","27,150","28,236","30,607","32,871","34,830","36,595","38,289","38,902","39,468","40,168","41,175","41,938","42,353","42,633","43,011","43,194","43,248","43,580","43,714","43,766","43,681","43,594","43,129","42,805","42,479","41,837","5,263","5,180","5,172","5,159","5,248","5,269","5,340","5,418","5,351","5,327","5,331","5,318","5,282","5,300","5,314","5,304","5,342","5,419","5,455","5,489","5,587","5,680","5,687","5,769","5,961","6,090","6,184","6,355","6,715","6,948","7,325","8,070","8,782","9,268","9,757","9,942","9,891","9,960","10,093","10,290","10,686","10,939","11,172","11,213","11,376","11,488","11,636","11,841","12,069","12,144","11,872","11,715","11,305","10,971","37,770","37,882","38,023","38,005","38,565","39,124","39,951","40,079","40,229","39,692","39,214","38,533","38,445","38,212","38,277","38,324","38,583","38,887","39,053","39,254","39,376","39,479","39,852","40,894","41,538","42,746","44,247","46,184","48,054","50,162","52,456","56,950","60,506","63,390","65,892","67,767","67,248","67,189","68,327","69,791","71,165","73,110","74,866","75,825","76,502","77,693","78,747","79,439","80,173","80,172","78,223","75,986","73,222","70,204","28,006","28,171","28,350","28,587","28,950","29,594","30,585","31,088","31,348","31,401","31,362","30,806","30,762","30,626","30,470","30,248","30,714","30,750","30,721","30,642","30,802","30,393","30,643","31,555","32,411","33,712","35,096","36,579","38,122","39,663","41,422","44,773","47,846","50,492","52,961","54,567","54,738","55,158","55,923","57,008","58,062","59,815","61,149","61,723","62,168","62,898","63,065","63,250","63,825","64,016","62,844","61,274","59,352","57,275","255,439","257,786","260,058","260,629","264,652","272,830","283,312","291,871","301,122","308,252","312,970","314,832","318,971","320,996","324,592","327,684","332,156","333,484","333,021","331,168","329,613","324,279","323,391","328,856","335,262","346,365","361,831","379,917","397,714","417,306","436,366","458,978","476,710","492,711","505,051","516,288","524,127","534,419","547,073","563,294","575,789","593,501","611,287","623,763","632,551","642,119","642,919","643,056","640,777","635,103","617,260","598,783","576,254","556,196","346,978","348,830","347,875","347,985","356,689","373,537","395,198","417,668","437,479","446,699","452,097","454,720","458,657","459,687","463,076","466,286","469,178","470,014","470,356","468,404","466,839","467,137","470,826","481,064","489,953","500,697","515,136","534,945","553,709","573,195","600,586","649,950","689,026","721,958","754,456","782,564","787,724","801,726","824,245","852,637","878,908","908,002","935,919","959,786","981,658","1,007,191","1,028,734","1,052,311","1,072,470","1,078,867","1,064,091","1,040,891","1,013,416","993,102","49,068","48,872","48,424","48,112","48,069","49,031","50,400","51,874","52,615","52,606","52,147","51,441","50,909","50,128","49,725","49,255","48,875","48,329","47,546","46,735","46,463","45,681","45,732","46,209","46,686","47,711","48,818","50,387","52,362","54,260","56,484","60,800","64,249","67,086","70,039","72,382","72,861","73,801","75,849","77,828","79,744","81,937","84,076","85,285","86,590","88,225","89,764","90,815","91,527","90,796","88,461","85,252","82,558","80,603","46,836","46,708","46,423","45,981","46,243","46,500","47,374","47,668","47,994","47,588","47,317","46,858","46,927","46,589","46,355","45,928","45,550","45,006","44,143","43,228","42,509","41,907","41,641","41,363","41,323","41,879","42,242","43,056","43,880","44,832","45,913","48,660","50,966","53,539","56,144","58,372","59,702","61,973","65,129","68,499","71,454","73,902","75,898","76,950","77,282","77,580","78,029","78,694","78,523","77,092","74,387","71,342","68,127","65,843","66,203","67,168","67,917","68,210","70,568","73,707","77,629","80,651","83,478","84,917","86,738","88,217","90,072","91,598","93,949","95,838","97,142","98,166","99,023","99,190","99,912","100,753","101,981","103,985","106,250","109,431","113,217","118,916","124,841","130,735","137,639","149,996","160,632","170,020","180,862","191,352","196,986","204,051","215,001","226,616","239,197","250,882","261,929","269,835","275,248","278,832","282,471","285,796","288,378","286,976","280,305","273,975","269,752","268,377","108,144","110,229","111,126","111,957","114,594","118,759","124,159","129,408","134,805","136,860","138,182","138,400","139,593","140,683","142,593","144,835","145,743","147,392","147,753","148,685","149,864","151,807","155,263","161,210","167,101","174,032","181,089","189,825","199,151","207,155","216,258","234,702","249,949","262,851","277,601","290,281","293,244","298,072","304,876","311,546","319,160","330,288","341,627","351,128","359,820","367,989","370,189","372,785","374,710","370,712","362,131","354,762","345,742","341,094","560","583","564","549","556","596","638","699","732","724","733","745","740","740","789","832","877","947","970","977","935","934","947","956","1,051","1,172","1,223","1,282","1,386","1,471","1,565","1,747","1,870","1,991","2,101","2,311","2,368","2,452","2,579","2,745","2,845","2,905","3,015","3,051","3,130","3,244","3,284","3,261","3,209","3,099","2,909","2,730","2,590","2,544","765t","804t","835t","854t","898t","948t","976t","991t","1,042t","1,074t","1,101t","1,130t","1,150t","1,193t","1,229t","1,273t","1,299t","1,334t","1,388t","1,446t","..t","..t","..t","..t","..t","..t","..t","..t","..t","..t","..t","..t","..t","..t","..t","..t","..t","..t","..t","..t","..t","..t","..t","..t","..t","..t","..t","..t","..t","..t","..t","..t","..t","..t","..","..","..","..","..","..","..","..","..","..","..","..","..","..","..","..","..","..","..","..","980","976","978","1,012","1,066","1,135","1,179","1,223","1,260","1,304","1,450","1,572","1,775","1,885","2,014","2,136","2,201","2,266","2,345","2,436","2,456","2,586","2,699","2,865","2,967","3,073","3,129","3,204","3,190","3,280","3,133","2,973","2,848","2,779","..","..","..","..","..","..","..","..","..","..","..","..","..","..","..","..","..","..","..","..","502","517","555","562","594","630","634","666","688","726","747","848","845","927","974","1,047","1,058","1,112","1,156","1,195","1,187","1,236","1,305","1,351","1,423","1,475","1,542","1,608","1,703","1,690","1,764","1,893","1,974","2,018"
"60 to 64 years","15,317","16,183","16,991","17,932","18,351","18,248","18,379","18,611","18,806","19,384","19,666","20,164","20,422","20,092","19,314","19,710","19,680","19,731","19,950","20,408","20,349","20,391","20,740","20,885","20,952","21,006","21,152","21,335","21,882","22,420","23,033","23,853","25,105","26,379","27,701","30,062","32,231","34,156","36,049","38,038","38,896","39,496","40,166","41,053","41,653","42,038","42,503","42,852","43,040","43,146","43,427","43,583","43,640","43,665","4,438","4,597","4,736","4,938","5,072","5,108","5,096","5,072","5,078","5,160","5,216","5,242","5,311","5,268","5,189","5,218","5,174","5,128","5,168","5,159","5,135","5,178","5,277","5,350","5,402","5,543","5,595","5,623","5,734","5,906","6,025","6,185","6,386","6,761","7,057","7,437","8,178","8,860","9,380","9,941","10,247","10,151","10,115","10,246","10,428","10,787","11,033","11,273","11,360","11,504","11,630","12,010","12,283","12,513","31,059","32,151","33,323","34,494","35,317","35,647","35,978","36,184","36,215","36,907","37,374","38,070","38,362","38,561","37,944","37,470","36,920","36,883","36,685","36,770","36,971","37,329","37,664","37,866","38,128","38,232","38,509","38,968","39,916","40,483","41,749","43,427","45,566","47,559","49,883","52,333","56,135","59,424","61,952","64,504","66,221","65,847","65,870","67,161","68,869","70,541","72,452","74,433","75,698","76,836","78,255","79,957","80,909","81,745","23,307","24,148","24,845","25,687","26,358","26,678","26,945","27,159","27,289","27,772","28,312","29,159","29,788","30,126","30,118","30,176","29,694","29,684","29,588","29,455","29,360","29,990","29,886","29,787","29,731","29,896","29,522","29,722","30,647","31,481","32,665","34,120","35,740","37,424","39,107","40,780","43,914","46,782","49,328","51,825","53,388","53,854","54,672","55,776","57,257","58,713","60,207","61,380","61,805","62,250","63,034","63,673","64,176","64,820","210,049","215,761","221,867","228,774","234,311","236,959","239,342","241,016","241,681","245,862","253,343","263,404","271,708","281,064","287,752","292,913","297,698","303,730","307,622","311,863","314,918","318,186","318,610","317,048","314,079","311,783","308,095","308,413","314,305","321,222","333,008","348,250","366,259","384,917","405,688","424,714","445,941","463,209","480,512","495,029","508,069","513,597","521,879","533,932","550,108","563,289","579,797","596,787","609,490","618,091","627,170","629,155","629,804","628,459","283,062","293,387","303,144","313,236","324,259","328,462","331,073","331,682","332,305","342,815","359,886","380,157","401,922","422,102","430,511","435,876","441,282","446,954","448,984","452,127","454,082","457,544","459,123","460,274","459,658","458,965","459,482","462,079","469,225","475,942","486,408","503,212","524,749","546,182","566,113","591,878","637,840","675,715","708,790","743,861","771,099","773,940","786,614","806,312","831,424","856,496","886,184","913,904","939,832","964,028","989,448","1,007,871","1,030,533","1,052,177","40,174","41,579","42,745","44,124","45,471","45,784","45,799","45,635","45,335","45,366","46,323","47,620","49,112","50,123","50,145","49,881","49,136","48,374","47,447","46,713","46,011","45,845","45,480","45,033","44,361","44,183","43,574","43,641","43,913","44,252","45,119","46,394","48,154","50,385","52,450","54,518","58,343","61,306","63,692","66,504","68,448","69,089","70,243","72,500","74,769","77,037","79,253","81,191","82,755","84,565","86,446","87,582","88,564","89,244","38,685","39,546","40,282","41,255","42,496","43,033","43,321","43,604","43,550","44,038","44,275","44,855","45,098","45,585","45,281","44,943","44,623","44,508","44,107","43,605","43,279","42,903","42,441","41,830","41,249","40,673","39,907","39,524","39,224","39,106","39,516","39,941","40,890","41,807","42,856","44,049","46,945","49,528","52,269","55,171","57,601","58,755","60,539","63,145","65,981","68,609","71,055","73,014","74,358","75,060","75,401","75,745","76,433","76,406","52,706","54,229","55,619","57,860","60,298","62,143","63,798","65,042","65,696","67,740","70,306","74,343","77,250","79,942","80,775","82,127","83,171","84,810","86,753","89,316","91,209","93,199","94,965","96,159","96,845","97,484","98,103","99,394","101,300","103,542","106,844","111,311","116,796","122,728","128,841","135,990","147,374","157,314","166,192","175,762","184,444","189,414","197,354","208,048","218,340","228,841","240,023","250,528","259,089","266,266","271,368","275,841","281,110","285,686","85,906","90,519","95,278","101,485","107,013","109,915","111,516","111,868","112,095","115,879","121,652","127,543","132,912","138,363","139,088","139,294","139,936","141,840","143,292","145,732","148,228","150,464","152,736","154,294","155,778","156,745","158,341","160,335","163,260","166,616","172,138","179,287","188,889","199,536","208,500","217,955","235,325","249,707","261,787","275,933","286,710","290,996","297,993","307,849","318,447","330,529","338,852","346,924","352,667","356,743","359,893","362,706","366,845","370,907","383","406","423","442","461","469","472","448","446","463","501","510","546","586","565","581","625","627","645","679","704","746","789","779","794","802","834","870","900","939","993","1,044","1,120","1,257","1,362","1,444","1,634","1,800","1,887","1,988","2,149","2,191","2,234","2,386","2,534","2,637","2,757","2,884","2,948","2,955","3,004","3,026","2,985","2,947","607t","629t","648t","669t","678t","683t","700t","699t","694t","708t","717t","759t","834t","865t","882t","878t","910t","903t","924t","971t","..t","..t","..t","..t","..t","..t","..t","..t","..t","..t","..t","..t","..t","..t","..t","..t","..t","..t","..t","..t","..t","..t","..t","..t","..t","..t","..t","..t","..t","..t","..t","..t","..t","..t","..","..","..","..","..","..","..","..","..","..","..","..","..","..","..","..","..","..","..","..","682","716","727","772","789","805","821","799","826","824","857","924","995","1,091","1,137","1,274","1,353","1,447","1,507","1,611","1,718","1,780","1,889","1,970","2,096","2,211","2,332","2,381","2,443","2,459","2,562","2,664","2,748","2,721","..","..","..","..","..","..","..","..","..","..","..","..","..","..","..","..","..","..","..","..","329","341","369","382","419","445","423","431","448","481","514","544","553","558","582","622","671","689","782","845","937","923","920","942","969","1,000","1,040","1,111","1,104","1,199","1,290","1,337","1,406","1,488"
"65 to 69 years","11,369","11,472","11,674","12,192","12,949","13,901","14,669","15,379","16,111","16,550","16,763","16,997","17,008","17,171","17,649","17,882","18,338","18,465","18,323","17,706","18,169","18,127","18,120","18,307","18,682","18,631","18,658","18,948","19,123","19,238","19,231","19,539","19,908","20,533","21,208","21,933","22,707","23,863","25,141","26,504","28,916","31,207","32,956","34,554","36,355","37,177","37,953","38,789","39,747","40,502","41,033","41,463","41,900","42,080","3,685","3,706","3,800","3,912","4,015","4,248","4,412","4,545","4,696","4,821","4,855","4,866","4,816","4,815","4,899","4,947","5,000","5,046","4,998","4,939","4,958","4,919","4,841","4,892","4,866","4,828","4,913","5,024","5,116","5,185","5,368","5,439","5,499","5,578","5,709","5,815","5,982","6,204","6,528","6,826","7,267","7,996","8,663","9,128","9,626","9,948","9,837","9,803","9,995","10,211","10,630","10,923","11,235","11,318","24,298","25,016","25,916","26,658","27,556","28,626","29,743","30,753","31,885","32,567","33,126","33,556","33,495","33,497","34,272","34,857","35,443","35,637","35,938","35,465","35,111","34,568","34,440","34,337","34,355","34,581","35,100","35,387","35,638","36,099","36,253","36,429","36,986","37,941","38,630","40,133","41,638","43,549","45,226","47,156","49,346","53,321","56,676","59,240","61,723","63,488","63,485","63,816","65,384","67,272","69,075","71,496","73,648","74,825","18,502","18,941","19,533","20,131","20,984","21,908","22,683","23,287","23,991","24,429","24,817","25,058","25,104","25,282","25,748","26,318","27,189","27,781","28,221","28,339","28,530","27,907","27,794","27,513","27,236","27,224","27,898","27,895","27,822","27,812","27,977","27,828","28,236","29,153","30,090","31,469","32,878","34,369","35,822","37,279","38,870","42,075","45,061","47,831","50,492","52,245","52,690","53,469","54,592","56,085","57,554","59,334","60,706","61,315","162,565","168,294","172,840","177,015","182,051","188,818","194,129","198,648","204,160","208,795","212,739","215,374","216,923","218,281","222,858","230,439","241,171","250,099","260,884","269,293","275,262","276,830","280,367","282,068","284,527","287,059","291,947","293,751","293,687","292,614","291,922","288,450","288,818","294,234","300,629","312,892","329,499","347,670","365,936","385,600","403,720","424,939","442,241","458,402","470,789","482,801","489,292","497,442","509,295","524,512","537,240","556,021","574,137","587,822","229,891","235,438","241,114","247,534","253,480","263,248","273,764","282,423","291,590","302,161","307,254","311,230","310,888","311,661","322,422","339,632","360,075","380,892","401,417","411,570","417,241","420,295","424,213","424,246","427,174","431,046","434,894","436,852","437,277","435,923","435,653","436,824","440,304","448,930","455,692","468,299","484,742","505,456","525,446","545,055","570,236","615,938","654,740","685,959","715,949","739,672","745,100","756,942","777,699","802,466","825,560","853,896","881,852","909,358","32,576","33,442","34,148","34,867","35,915","37,014","38,270","39,202","40,321","41,561","42,076","42,337","42,035","41,839","42,148","43,049","44,139","45,243","45,950","45,917","45,530","44,814","44,126","43,375","42,907","42,375","42,321","42,042","41,684","41,074","40,884","40,214","40,212","40,576","41,002","42,207","43,450","45,107","46,879","48,609","50,397","54,185","57,171","59,562","62,258","64,237","65,229","66,695","69,029","71,459","73,501","75,763","77,968","79,706","31,218","31,864","32,480","32,952","33,551","34,947","36,031","36,738","37,790","38,935","39,649","40,259","40,455","40,326","40,905","41,124","41,610","41,650","41,968","41,691","41,493","41,095","41,036","40,748","40,333","40,073","39,752","39,238","38,625","37,880","37,245","36,682","36,486","36,432","36,504","37,112","37,791","38,619","39,535","40,551","41,877","44,617","46,869","48,978","51,194","53,085","54,519","56,485","59,407","62,572","65,408","67,777","69,887","71,428","42,622","43,921","45,186","45,779","46,938","48,943","50,658","52,352","54,435","56,338","57,965","59,348","60,279","61,014","63,251","65,898","69,207","72,009","74,872","76,457","78,155","79,110","80,904","82,927","85,409","87,474","89,298","90,921","91,991","92,607","93,321","94,262","95,390","97,035","99,332","103,102","106,959","111,633","116,653","121,141","127,119","138,243","148,789","157,280","166,325","174,499","179,621","186,888","197,901","209,036","220,755","232,709","244,981","255,087","69,216","72,239","75,761","79,196","82,679","86,062","89,917","93,842","99,001","104,949","109,073","111,149","111,253","111,271","114,697","120,433","126,336","131,991","137,970","139,726","140,545","140,635","141,387","142,748","145,128","147,918","150,248","151,896","152,105","151,927","152,533","153,611","155,679","159,309","163,431","170,185","176,825","185,171","194,772","202,868","211,431","228,963","244,434","257,989","274,400","287,927","291,658","296,651","304,234","312,153","320,767","329,766","337,831","344,356","232","236","241","238","267","284","297","332","338","322","340","345","328","326","353","372","411","442","473","458","473","502","498","502","556","594","634","657","680","687","704","700","735","762","834","888","921","980","1,145","1,238","1,317","1,484","1,625","1,665","1,733","1,854","1,938","2,043","2,192","2,334","2,428","2,504","2,614","2,673","347t","386t","403t","419t","461t","513t","501t","512t","533t","543t","543t","540t","544t","577t","575t","616t","613t","653t","637t","623t","..t","..t","..t","..t","..t","..t","..t","..t","..t","..t","..t","..t","..t","..t","..t","..t","..t","..t","..t","..t","..t","..t","..t","..t","..t","..t","..t","..t","..t","..t","..t","..t","..t","..t","..","..","..","..","..","..","..","..","..","..","..","..","..","..","..","..","..","..","..","..","442","489","494","527","544","561","593","605","612","639","643","659","666","694","715","713","759","831","880","899","994","1,041","1,148","1,221","1,328","1,411","1,486","1,587","1,679","1,756","1,765","1,834","1,913","2,009","..","..","..","..","..","..","..","..","..","..","..","..","..","..","..","..","..","..","..","..","168","188","204","217","241","252","271","276","283","290","288","292","326","355","365","357","389","429","444","464","482","528","563","607","626","657","676","687","730","772","776","794","827","889"
"70 to 74 years","8,848","8,937","9,131","9,240","9,457","9,373","9,555","9,829","10,363","11,096","11,957","12,516","13,154","13,764","14,206","14,218","14,457","14,537","14,696","15,201","15,436","15,923","16,090","15,947","15,424","15,819","15,797","15,736","15,963","16,342","16,324","16,340","16,650","16,888","17,058","17,289","17,685","18,123","18,779","19,375","20,080","20,710","21,634","22,683","23,741","26,037","28,285","30,310","32,081","33,967","34,861","35,558","36,265","37,202","3,164","3,189","3,233","3,219","3,228","3,236","3,285","3,407","3,521","3,604","3,808","3,948","4,082","4,234","4,314","4,341","4,334","4,310","4,274","4,326","4,331","4,418","4,490","4,449","4,383","4,389","4,380","4,331","4,373","4,386","4,381","4,448","4,595","4,701","4,772","4,950","5,053","5,059","5,102","5,283","5,397","5,538","5,740","6,107","6,319","6,711","7,431","8,162","8,543","9,012","9,252","9,314","9,368","9,600","18,688","18,702","19,048","19,643","20,221","20,732","21,415","22,364","23,053","24,014","24,840","25,713","26,680","27,670","28,365","28,901","29,297","29,298","29,368","30,032","30,673","31,353","31,598","31,780","31,247","30,899","30,548","30,589","30,673","30,644","31,009","31,554","31,913","32,183","32,673","32,902","33,022","33,546","34,512","35,228","36,470","37,884","39,528","41,172","42,972","45,170","49,177","52,590","55,295","57,837","59,659","59,690","60,095","61,680","14,364","14,471","14,860","15,109","15,415","15,713","16,379","16,994","17,612","18,338","19,113","19,775","20,430","21,012","21,380","21,674","21,998","22,096","22,257","22,808","23,477","24,300","24,683","24,985","25,004","25,025","24,573","24,638","24,556","24,407","24,419","24,953","24,977","24,993","25,150","25,544","25,502","25,890","26,797","27,681","28,981","30,311","31,706","33,144","34,598","36,338","39,480","42,286","44,841","47,354","49,005","49,662","50,598","51,791","114,205","117,544","122,001","126,635","130,788","135,092","140,255","144,250","148,543","153,816","159,314","163,344","167,963","173,092","177,892","181,311","184,980","188,078","190,884","196,382","204,037","212,683","219,661","227,088","233,000","237,016","240,247","245,157","248,523","253,241","257,442","261,948","263,646","263,826","263,237","263,082","261,880","264,190","270,840","279,198","291,806","304,850","319,853","335,412","352,246","369,141","390,072","407,676","423,869","435,879","447,014","454,218","463,502","476,319","173,036","177,534","183,234","188,945","194,047","198,767","204,643","211,133","218,289","224,880","232,628","240,340","249,167","258,205","267,391","272,712","277,205","277,623","280,218","291,737","308,364","326,435","344,431","361,414","369,140","374,095","377,436","381,460","383,014","387,138","392,512","396,956","399,273","400,628","400,341","400,985","403,292","409,087","419,677","429,626","441,654","455,487","474,680","493,234","510,594","534,016","577,854","613,234","644,105","674,042","696,597","701,037","712,808","733,627","24,096","24,690","25,634","26,529","27,185","28,094","28,939","29,704","30,463","31,295","32,119","33,023","34,189","35,352","36,559","36,931","37,093","36,763","36,618","36,720","37,622","38,619","39,646","40,390","40,533","40,072","39,551","39,092","38,397","38,280","38,043","38,039","37,817","37,426","36,815","36,565","36,103","36,193","36,653","37,108","38,255","39,299","40,820","42,403","43,883","45,664","49,239","52,145","54,896","57,722","59,844","60,491","61,826","64,151","23,091","23,532","24,337","25,111","25,802","26,370","27,227","28,162","29,028","29,570","30,625","31,525","32,206","33,287","34,385","34,971","35,619","35,774","35,676","36,050","36,397","36,966","37,132","37,337","37,194","36,918","36,562","36,520","36,240","35,780","35,564","35,408","34,968","34,589","34,003","33,647","33,247","33,186","33,049","33,163","33,699","34,133","34,831","35,559","36,439","37,579","40,175","42,282","44,644","46,981","49,114","50,462","52,702","55,396","30,573","31,605","33,104","34,677","36,125","37,383","38,814","40,260","41,201","42,121","43,511","44,586","46,035","48,152","50,268","51,911","53,435","54,427","55,195","57,803","60,445","63,770","66,547","68,944","69,951","71,330","72,380","74,302","76,195","78,744","80,972","82,913","84,321","85,266","86,057","86,930","87,267","87,948","89,510","91,804","94,714","98,210","102,996","107,939","112,395","118,278","128,695","138,322","147,519","157,294","165,232","170,911","179,464","190,881","51,646","53,830","56,336","59,148","61,590","63,853","66,279","69,400","72,263","75,997","79,376","83,150","87,232","92,139","97,087","100,193","102,649","103,583","104,170","107,858","113,110","118,783","123,590","128,596","129,802","130,098","130,688","131,865","132,823","135,027","137,823","139,484","141,125","141,658","142,196","143,234","144,573","146,691","150,300","154,539","160,188","165,908","174,591","184,307","192,357","201,602","219,245","233,821","246,439","260,883","271,722","275,553","280,706","288,616","124","130","145","153","160","179","175","181","192","198","203","212","235","251","249","261","262","245","254","286","310","314","326","364","354","365","386","396","410","443","475","530","560","574","571","590","610","650","682","710","755","781","826","941","1,004","1,090","1,283","1,429","1,530","1,626","1,785","1,768","1,857","1,948","230t","239t","258t","281t","310t","323t","323t","311t","316t","341t","387t","394t","403t","408t","408t","413t","415t","406t","410t","416t","..t","..t","..t","..t","..t","..t","..t","..t","..t","..t","..t","..t","..t","..t","..t","..t","..t","..t","..t","..t","..t","..t","..t","..t","..t","..t","..t","..t","..t","..t","..t","..t","..t","..t","..","..","..","..","..","..","..","..","..","..","..","..","..","..","..","..","..","..","..","..","293","277","290","314","352","361","398","422","430","446","449","462","480","500","525","521","534","540","549","559","585","596","607","665","716","804","893","949","1,014","1,111","1,178","1,179","1,235","1,318","..","..","..","..","..","..","..","..","..","..","..","..","..","..","..","..","..","..","..","..","130","122","137","141","136","139","142","144","139","147","150","169","181","195","214","224","231","247","267","280","292","313","319","328","340","345","382","410","430","450","516","537","556","581"
"75 to 79 years","6,265","6,429","6,444","6,395","6,446","6,723","6,851","7,052","7,209","7,338","7,317","7,542","7,778","8,191","8,752","9,340","9,732","10,275","10,900","11,292","11,407","11,465","11,554","11,662","12,098","12,379","12,798","12,862","12,748","12,322","12,698","12,813","12,845","13,100","13,317","13,325","13,443","13,784","14,096","14,384","14,590","14,986","15,442","15,865","16,208","16,680","17,444","18,492","19,706","20,885","23,132","25,004","26,697","28,117","2,648","2,651","2,623","2,617","2,641","2,593","2,624","2,667","2,682","2,673","2,651","2,689","2,804","2,929","3,004","3,160","3,263","3,377","3,498","3,601","3,603","3,570","3,542","3,490","3,544","3,554","3,617","3,738","3,695","3,672","3,735","3,741","3,633","3,687","3,715","3,743","3,814","3,983","4,061","4,140","4,294","4,372","4,399","4,469","4,573","4,686","4,832","4,989","5,336","5,590","5,955","6,669","7,315","7,713","14,345","14,421","14,403","14,336","14,506","14,756","14,748","15,032","15,494","15,956","16,560","17,148","17,850","18,363","19,208","19,814","20,598","21,479","22,302","22,969","23,400","23,724","23,819","23,886","24,546","25,193","25,742","25,965","26,192","25,959","25,768","25,495","25,669","25,848","25,936","26,349","26,676","26,930","27,140","27,500","27,645","28,110","28,770","29,729","30,357","31,309","32,790","34,381","36,076","37,879","40,152","43,772","46,683","48,925","10,833","10,890","10,911","10,997","11,146","11,280","11,429","11,852","12,134","12,452","12,769","13,147","13,605","14,112","14,787","15,381","15,970","16,572","17,157","17,554","17,830","18,081","18,175","18,262","18,682","19,104","19,805","20,252","20,545","20,777","20,891","20,681","20,870","20,718","20,526","20,585","21,122","21,213","21,454","21,723","22,142","22,188","22,636","23,484","24,160","25,290","26,554","27,865","29,239","30,654","32,256","35,079","37,640","39,974","74,544","76,658","78,375","80,960","83,466","86,931","89,488","93,056","96,904","100,682","104,936","109,630","113,220","116,836","121,104","125,212","129,680","134,460","139,859","144,860","148,057","150,218","152,356","153,617","157,052","162,796","170,881","177,962","185,990","192,846","198,581","202,068","206,796","209,697","213,474","217,298","223,221","227,006","228,991","230,160","230,757","230,136","231,752","237,051","242,807","252,491","265,423","279,913","295,088","311,152","326,767","346,730","363,049","378,109","122,058","124,771","126,871","129,605","133,587","138,023","142,292","147,362","152,647","157,354","162,103","167,422","172,541","178,382","183,902","190,057","197,847","205,610","214,292","223,314","227,663","231,201","231,584","232,562","241,481","255,651","271,255","287,641","302,618","310,744","316,604","322,077","327,585","330,362","334,659","339,805","344,043","347,635","350,230","353,270","355,870","359,629","366,472","376,090","383,850","393,482","407,989","425,201","442,888","458,502","478,944","519,079","552,695","582,429","18,513","18,461","18,394","18,508","18,828","19,252","19,821","20,582","21,335","21,958","22,804","23,493","24,152","24,621","25,323","26,070","26,880","27,701","28,780","29,813","30,135","30,380","30,192","29,969","30,099","30,981","31,860","32,910","33,615","33,850","33,727","33,488","33,160","32,841","32,760","32,662","32,502","32,299","31,922","31,455","31,272","31,094","31,397","31,766","32,087","32,963","34,050","35,467","36,991","38,474","40,149","43,294","46,002","48,472","18,323","18,021","17,661","17,461","17,765","18,241","18,752","19,473","20,278","20,901","21,508","22,305","23,165","23,847","24,445","25,229","25,926","26,733","27,707","28,886","29,417","29,712","29,892","29,893","30,220","30,526","30,795","30,910","31,182","31,052","30,862","30,682","30,778","30,635","30,381","30,455","30,320","29,963","29,665","29,139","28,741","28,460","28,453","28,275","28,329","28,946","29,486","30,283","31,168","32,228","33,272","35,546","37,384","39,433","21,820","21,874","22,026","22,541","23,651","24,793","25,908","27,148","28,642","29,991","31,044","32,141","33,244","34,068","35,047","36,183","37,442","38,813","40,925","42,977","44,549","45,903","46,903","47,547","49,499","51,800","54,714","57,185","59,437","60,731","62,304","63,489","65,428","67,310","69,730","71,840","73,303","74,255","74,843","75,105","75,809","76,709","78,059","79,655","81,500","84,086","87,595","92,167","97,316","101,761","107,160","117,384","127,297","136,143","39,006","39,207","39,573","40,492","41,620","43,307","44,894","46,821","49,010","51,320","53,791","56,072","58,810","61,217","64,084","66,845","70,449","74,296","78,782","83,478","86,037","87,761","88,455","88,784","91,952","96,547","101,951","106,762","111,226","112,320","113,083","113,653","114,775","116,074","118,018","120,423","122,090","123,617","124,280","125,344","126,701","128,295","130,659","133,906","137,857","143,037","149,493","157,910","167,020","174,713","182,468","197,916","211,411","223,410","85","93","96","88","99","99","99","105","107","107","111","113","121","128","142","151","167","178","189","182","178","177","183","178","206","214","228","255","277","274","294","303","307","338","381","397","442","463","468","492","510","523","557","557","578","621","647","707","831","947","1,062","1,183","1,277","1,354","143t","147t","160t","161t","164t","195t","220t","238t","248t","260t","259t","260t","247t","255t","271t","288t","299t","296t","301t","290t","..t","..t","..t","..t","..t","..t","..t","..t","..t","..t","..t","..t","..t","..t","..t","..t","..t","..t","..t","..t","..t","..t","..t","..t","..t","..t","..t","..t","..t","..t","..t","..t","..t","..t","..","..","..","..","..","..","..","..","..","..","..","..","..","..","..","..","..","..","..","..","212","210","220","232","227","241","237","256","257","279","288","323","315","328","338","359","371","383","392","413","403","422","438","457","434","438","458","525","614","667","772","816","833","885","..","..","..","..","..","..","..","..","..","..","..","..","..","..","..","..","..","..","..","..","75","65","58","66","75","80","82","91","90","87","88","88","99","101","111","126","141","157","159","170","188","182","189","202","205","200","205","216","222","238","250","280","300","319"
"80 to 84 years","3,625","3,668","3,770","3,828","3,953","4,031","4,190","4,279","4,350","4,394","4,669","4,719","4,817","4,915","5,022","5,007","5,192","5,357","5,663","5,994","6,461","6,814","7,199","7,633","7,897","7,919","7,928","8,002","8,124","8,546","8,728","9,076","9,178","9,104","8,946","9,267","9,309","9,378","9,643","9,872","10,036","10,165","10,405","10,643","10,675","10,898","11,283","11,741","12,284","12,926","13,632","14,070","14,825","15,717","1,601","1,620","1,638","1,716","1,721","1,783","1,863","1,895","1,889","1,944","1,910","1,933","1,949","1,918","1,914","1,900","1,943","2,037","2,135","2,223","2,336","2,397","2,449","2,570","2,611","2,619","2,600","2,586","2,601","2,642","2,689","2,766","2,863","2,828","2,861","2,890","2,883","2,869","2,899","2,914","2,938","2,988","3,104","3,229","3,232","3,369","3,464","3,469","3,558","3,667","3,805","3,941","4,039","4,332","8,829","9,004","9,200","9,337","9,419","9,581","9,663","9,759","9,852","9,978","10,137","10,319","10,602","11,041","11,349","11,766","12,204","12,648","13,048","13,601","14,204","14,868","15,521","16,140","16,658","16,990","17,306","17,398","17,633","18,334","18,902","19,411","19,705","19,808","19,665","19,692","19,465","19,562","19,706","19,747","20,023","20,389","20,668","20,966","21,318","21,730","22,149","22,809","23,645","24,392","25,470","26,534","27,796","29,109","6,673","6,871","6,944","7,056","7,151","7,282","7,404","7,492","7,612","7,779","7,901","8,065","8,314","8,593","8,839","9,101","9,455","9,795","10,135","10,634","11,184","11,536","12,021","12,487","12,741","13,015","13,213","13,300","13,505","13,888","14,377","14,928","15,348","15,728","16,010","16,173","15,967","16,115","16,042","16,042","16,159","16,602","16,818","17,041","17,184","17,561","17,664","18,096","18,886","19,598","20,644","21,673","22,666","23,669","42,218","43,056","43,975","44,717","45,916","47,685","49,895","51,524","53,865","56,025","58,550","60,991","63,541","66,849","69,894","72,971","76,911","80,008","83,285","86,818","90,682","93,845","96,965","100,041","102,840","104,932","106,945","109,073","111,205","115,816","121,806","128,744","135,031","141,514","147,656","153,269","156,813","161,630","165,977","170,983","175,914","180,116","182,332","183,509","183,395","183,765","183,903","186,053","191,108","197,043","206,808","217,344","229,499","242,452","75,082","76,990","78,797","79,931","81,361","83,568","86,283","88,674","92,216","95,545","98,670","101,876","105,845","110,284","113,985","117,533","122,109","126,186","131,402","136,109","140,689","146,167","151,988","157,689","164,037","167,329","169,758","170,414","172,154","180,580","193,406","207,693","222,063","236,013","244,497","250,961","254,311","258,296","260,727","265,725","271,728","276,987","280,904","284,184","287,157","290,826","295,142","301,177","310,557","319,071","328,235","339,967","354,076","369,225","12,215","12,346","12,317","12,332","12,367","12,598","12,782","12,881","13,078","13,331","13,609","14,092","14,730","15,471","16,143","16,683","17,132","17,552","17,942","18,424","18,988","19,663","20,378","21,310","22,094","22,336","22,579","22,349","22,311","22,615","23,436","24,331","25,301","25,964","26,359","26,345","26,000","25,653","25,417","25,447","25,358","25,442","25,345","25,117","24,732","24,781","24,590","24,877","25,431","25,973","26,848","27,733","28,878","30,004","13,163","13,082","12,993","12,816","12,590","12,487","12,471","12,367","12,405","12,707","13,141","13,550","14,147","14,814","15,317","15,853","16,441","17,012","17,521","17,941","18,805","19,605","20,220","21,010","21,849","22,182","22,467","22,530","22,593","22,878","23,182","23,484","23,607","23,919","24,076","24,026","24,012","24,087","24,018","23,858","23,842","23,827","23,488","23,310","22,977","22,704","22,536","22,671","22,656","22,928","23,372","23,892","24,565","25,260","15,007","15,294","15,245","15,075","15,160","15,415","15,691","16,089","16,587","17,346","18,107","18,829","19,807","21,009","22,150","22,913","24,006","25,019","25,795","26,695","27,746","28,821","29,978","31,463","32,922","34,152","35,220","35,905","36,717","38,628","40,846","43,584","45,819","47,832","49,000","50,525","51,330","52,622","53,996","55,936","57,614","58,877","59,886","60,754","61,126","62,091","62,923","64,194","65,902","67,879","70,535","73,515","77,515","82,244","27,633","27,791","27,810","27,842","27,832","28,022","28,399","28,650","29,488","30,424","31,756","33,039","34,608","36,497","38,243","40,099","42,028","44,196","46,333","48,583","50,682","53,412","56,154","59,734","63,630","65,456","66,834","67,453","68,153","71,086","75,392","79,836","83,899","87,566","88,919","89,697","90,157","91,077","92,025","93,900","96,463","98,275","100,046","101,272","102,426","103,881","105,535","108,006","111,554","115,908","121,067","126,014","132,452","139,772","50","50","56","59","55","53","62","60","65","70","71","67","70","67","67","65","76","75","87","95","100","109","110","121","122","127","131","131","138","160","161","183","200","223","228","242","233","243","259","287","297","317","330","349","358","365","391","433","447","472","516","535","575","649","78t","77t","74t","83t","95t","106t","104t","113t","111t","114t","127t","140t","149t","166t","168t","163t","171t","163t","160t","172t","..t","..t","..t","..t","..t","..t","..t","..t","..t","..t","..t","..t","..t","..t","..t","..t","..t","..t","..t","..t","..t","..t","..t","..t","..t","..t","..t","..t","..t","..t","..t","..t","..t","..t","..","..","..","..","..","..","..","..","..","..","..","..","..","..","..","..","..","..","..","..","132","133","132","136","152","153","154","160","168","164","167","169","190","199","220","219","222","230","232","233","242","260","267","275","292","290","314","318","340","361","385","409","448","481","..","..","..","..","..","..","..","..","..","..","..","..","..","..","..","..","..","..","..","..","44","40","43","36","40","43","42","47","48","49","47","48","51","60","56","59","54","58","62","67","77","92","101","86","88","100","106","110","110","107","116","125","127","141"
"85 to 89 years","1,765","1,834","1,802","1,833","1,800","1,860","1,932","2,031","2,101","2,251","2,346","2,414","2,465","2,415","2,484","2,631","2,668","2,729","2,761","2,862","2,790","2,886","2,985","3,146","3,415","3,728","3,911","4,055","4,243","4,413","4,451","4,533","4,613","4,758","5,042","5,265","5,515","5,553","5,507","5,545","5,675","5,755","5,816","5,939","6,013","6,088","6,209","6,356","6,539","6,665","6,941","7,237","7,558","7,959","903","930","980","964","946","918","930","981","1,036","1,067","1,147","1,188","1,192","1,169","1,191","1,180","1,154","1,145","1,159","1,169","1,134","1,188","1,261","1,309","1,367","1,417","1,440","1,491","1,579","1,629","1,603","1,584","1,583","1,588","1,639","1,696","1,772","1,850","1,818","1,835","1,893","1,877","1,862","1,871","1,879","1,902","1,973","2,061","2,165","2,206","2,295","2,303","2,378","2,442","4,720","4,738","4,694","4,741","4,786","4,881","4,943","5,114","5,234","5,355","5,525","5,628","5,700","5,726","5,775","5,972","6,158","6,466","6,708","6,829","7,078","7,293","7,621","7,861","8,125","8,624","8,958","9,347","9,781","10,240","10,519","10,814","10,907","11,153","11,632","12,185","12,563","12,776","12,916","12,811","12,657","12,533","12,681","12,803","12,825","13,149","13,470","13,710","13,962","14,415","14,752","14,985","15,491","16,052","3,382","3,401","3,470","3,562","3,615","3,721","3,798","3,891","3,966","4,071","4,295","4,373","4,429","4,534","4,607","4,663","4,829","5,064","5,196","5,360","5,513","5,741","5,912","6,065","6,380","6,687","6,933","7,263","7,527","7,726","7,965","8,185","8,272","8,409","8,846","9,299","9,809","10,045","10,244","10,434","10,473","10,481","10,591","10,603","10,568","10,689","11,072","11,253","11,398","11,619","11,915","12,075","12,367","13,017","18,423","19,047","19,790","20,556","20,859","21,468","22,019","22,610","23,464","24,783","26,851","28,307","29,430","30,708","32,035","33,379","35,241","37,252","39,276","41,448","43,535","45,502","47,153","49,025","50,900","52,993","54,807","56,942","59,372","62,126","64,481","65,794","67,668","69,683","72,932","78,508","83,862","89,110","94,341","99,349","103,112","106,522","109,860","112,908","115,462","119,129","123,108","125,353","126,747","126,744","127,681","128,237","129,773","133,359","36,314","37,689","38,655","39,910","40,820","41,813","43,198","44,464","45,730","47,514","49,848","51,877","53,390","55,256","57,320","59,468","62,305","64,937","68,137","70,735","72,340","74,512","76,968","79,695","82,296","85,465","88,169","91,464","95,323","99,659","102,515","105,425","107,217","109,844","117,680","128,750","138,369","147,745","156,876","162,653","166,256","171,225","175,962","179,154","183,097","188,801","193,322","197,140","200,510","203,209","206,639","210,035","215,612","223,490","6,414","6,500","6,731","6,839","6,888","6,922","7,080","7,177","7,219","7,374","7,619","7,656","7,761","7,877","8,116","8,321","8,669","9,029","9,431","9,853","10,135","10,413","10,740","10,915","11,245","11,638","12,085","12,638","13,070","13,711","13,942","14,156","14,215","14,298","14,576","15,354","16,028","16,657","16,994","17,025","16,806","16,869","16,977","16,999","17,027","17,085","17,170","16,954","16,859","16,720","16,879","16,769","17,097","17,576","6,810","6,993","7,099","7,178","7,182","7,123","7,112","7,221","7,405","7,333","7,446","7,511","7,447","7,532","7,693","8,046","8,380","8,803","9,278","9,612","9,858","10,190","10,683","10,927","11,379","11,968","12,417","12,891","13,353","13,846","14,084","14,336","14,422","14,426","14,774","14,969","15,302","15,391","15,709","15,830","15,762","15,827","15,982","16,020","16,041","16,054","16,055","15,998","16,118","15,810","15,783","15,406","15,588","15,653","7,622","7,798","8,115","8,491","8,608","8,635","8,867","8,907","8,901","9,089","9,367","9,564","9,755","10,111","10,533","11,085","11,763","12,446","13,330","14,175","14,573","15,190","15,825","16,304","16,772","17,465","18,047","18,893","20,034","21,304","22,380","23,239","23,869","24,547","26,188","28,167","29,797","30,946","32,083","32,614","33,633","34,816","36,076","37,179","38,523","40,038","41,036","42,067","42,997","43,866","44,335","44,923","46,150","47,440","14,707","14,952","15,520","15,865","15,925","15,978","16,370","16,544","16,580","17,054","17,433","17,616","17,782","18,325","18,858","19,669","20,698","21,624","23,016","24,096","25,076","26,156","27,296","28,679","30,008","31,790","33,596","35,564","37,864","40,561","41,820","42,831","43,548","44,380","46,930","50,448","53,675","56,206","58,735","59,465","59,925","60,875","62,251","63,751","65,339","67,248","68,812","70,229","71,449","72,521","73,685","75,344","77,769","80,915","36","34","39","33","34","31","29","35","35","33","32","38","36","33","37","40","40","43","50","47","35","38","44","49","67","62","62","71","87","91","95","91","91","92","103","117","116","130","149","139","160","162","157","158","180","196","209","218","226","255","260","277","290","312","21t","27t","41t","49t","54t","56t","63t","56t","63t","56t","56t","62t","67t","64t","70t","88t","96t","99t","93t","90t","..t","..t","..t","..t","..t","..t","..t","..t","..t","..t","..t","..t","..t","..t","..t","..t","..t","..t","..t","..t","..t","..t","..t","..t","..t","..t","..t","..t","..t","..t","..t","..t","..t","..t","..","..","..","..","..","..","..","..","..","..","..","..","..","..","..","..","..","..","..","..","78","78","88","86","81","96","94","80","86","86","82","93","86","90","99","106","120","124","127","132","123","130","133","133","140","146","154","152","155","177","166","176","203","214","..","..","..","..","..","..","..","..","..","..","..","..","..","..","..","..","..","..","..","..","10","15","19","22","33","35","29","19","14","17","22","25","28","25","25","26","24","27","29","29","26","24","26","34","37","40","45","44","51","61","65","57","63","49"
"90 to 94 years","..","..","..","..","..","..","..","..","..","..","..","..","..","..","..","..","..","..","..","..","..","..","..","..","..","..","..","..","..","1,443","1,563","1,664","1,762","1,853","1,884","1,923","1,929","1,993","2,099","2,263","2,410","2,499","2,492","2,482","2,459","2,602","2,534","2,572","2,612","2,699","2,788","2,828","2,885","2,979","..","..","..","..","..","..","..","..","..","..","..","..","..","..","..","..","..","..","..","..","..","..","..","..","..","..","..","..","..","609","643","670","684","694","726","767","747","741","737","793","845","899","913","886","895","928","942","962","955","952","988","1,020","1,046","1,104","..","..","..","..","..","..","..","..","..","..","..","..","..","..","..","..","..","..","..","..","..","..","..","..","..","..","..","..","..","3,762","3,944","4,124","4,425","4,630","4,828","5,018","5,140","5,239","5,443","5,735","6,022","6,325","6,396","6,364","6,178","6,125","6,031","6,128","6,128","6,172","6,449","6,669","6,817","6,994","..","..","..","..","..","..","..","..","..","..","..","..","..","..","..","..","..","..","..","..","..","..","..","..","..","..","..","..","..","2,967","3,119","3,206","3,428","3,509","3,589","3,761","3,855","3,976","4,213","4,427","4,689","4,924","5,075","5,184","5,189","5,256","5,142","5,129","5,150","5,216","5,438","5,458","5,551","5,616","..","..","..","..","..","..","..","..","..","..","..","..","..","..","..","..","..","..","..","..","..","..","..","..","..","..","..","..","..","22,728","23,751","25,069","26,156","26,953","27,720","29,056","30,505","32,456","34,281","36,825","39,758","43,114","45,798","48,619","50,773","53,628","55,101","56,848","58,550","59,788","62,907","65,059","66,280","66,289","..","..","..","..","..","..","..","..","..","..","..","..","..","..","..","..","..","..","..","..","..","..","..","..","..","..","..","..","..","36,873","38,157","39,949","42,092","44,780","47,255","49,616","51,111","52,162","54,081","59,275","65,524","71,314","76,562","81,688","84,943","88,761","91,182","93,536","95,846","98,548","102,220","104,335","106,244","108,521","..","..","..","..","..","..","..","..","..","..","..","..","..","..","..","..","..","..","..","..","..","..","..","..","..","..","..","..","..","5,352","5,494","5,672","5,938","6,243","6,552","6,779","6,885","6,944","7,090","7,403","7,783","8,087","8,381","8,542","8,674","8,720","8,689","8,730","8,763","8,823","8,785","8,822","8,617","8,505","..","..","..","..","..","..","..","..","..","..","..","..","..","..","..","..","..","..","..","..","..","..","..","..","..","..","..","..","..","5,372","5,526","5,827","6,125","6,310","6,629","6,783","6,864","6,974","7,022","7,376","7,405","7,604","7,714","7,878","8,028","8,147","8,156","8,262","8,244","8,448","8,469","8,447","8,341","8,323","..","..","..","..","..","..","..","..","..","..","..","..","..","..","..","..","..","..","..","..","..","..","..","..","..","..","..","..","..","8,010","8,307","8,720","9,310","9,948","10,665","11,121","11,612","11,834","12,196","13,242","14,148","15,037","15,727","16,538","16,842","17,471","18,327","18,939","19,701","20,494","21,243","21,821","22,505","23,168","..","..","..","..","..","..","..","..","..","..","..","..","..","..","..","..","..","..","..","..","..","..","..","..","..","..","..","..","..","14,094","15,187","16,034","17,126","18,257","19,443","20,172","20,817","21,349","22,031","24,226","26,318","28,082","29,319","30,480","30,783","31,297","31,854","32,508","33,513","34,729","36,438","37,300","38,037","38,967","..","..","..","..","..","..","..","..","..","..","..","..","..","..","..","..","..","..","..","..","..","..","..","..","..","..","..","..","..","27","34","36","39","48","52","50","47","48","40","50","57","61","69","85","79","83","81","76","86","95","111","128","123","115","..t","..t","..t","..t","..t","..t","..t","..t","..t","..t","..t","..t","..t","..t","..t","..t","..t","..t","..t","..t","..t","..t","..t","..t","..t","..t","..t","..t","..t","..t","..t","..t","..t","..t","..t","..t","..t","..t","..t","..t","..t","..t","..t","..t","..t","..t","..t","..t","..t","..t","..t","..t","..t","..t","..","..","..","..","..","..","..","..","..","..","..","..","..","..","..","..","..","..","..","..","..","..","..","..","..","..","..","..","..","36","34","27","34","32","34","41","36","36","41","48","59","63","75","69","62","57","58","72","80","81","119","108","98","71","..","..","..","..","..","..","..","..","..","..","..","..","..","..","..","..","..","..","..","..","..","..","..","..","..","..","..","..","..","12","9","10","9","8","11","13","10","14","10","10","11","14","11","7","8","9","11","14","16","15","22","21","22","32"
"95 to 99 years","..","..","..","..","..","..","..","..","..","..","..","..","..","..","..","..","..","..","..","..","..","..","..","..","..","..","..","..","..","289","313","321","350","375","412","441","455","454","453","486","546","558","579","627","660","655","690","687","692","716","710","692","700","722","..","..","..","..","..","..","..","..","..","..","..","..","..","..","..","..","..","..","..","..","..","..","..","..","..","..","..","..","..","150","157","160","176","184","187","175","196","201","231","242","223","235","248","259","237","266","275","259","277","309","319","299","289","277","..","..","..","..","..","..","..","..","..","..","..","..","..","..","..","..","..","..","..","..","..","..","..","..","..","..","..","..","..","903","949","1,015","1,050","1,095","1,118","1,213","1,295","1,373","1,462","1,544","1,577","1,659","1,682","1,761","1,771","1,926","1,943","1,927","1,882","1,877","1,891","1,814","1,763","1,840","..","..","..","..","..","..","..","..","..","..","..","..","..","..","..","..","..","..","..","..","..","..","..","..","..","..","..","..","..","704","745","819","833","851","900","941","1,024","1,065","1,129","1,187","1,126","1,204","1,300","1,402","1,376","1,515","1,551","1,587","1,576","1,549","1,595","1,574","1,589","1,613","..","..","..","..","..","..","..","..","..","..","..","..","..","..","..","..","..","..","..","..","..","..","..","..","..","..","..","..","..","5,268","5,477","5,618","6,036","6,239","6,561","6,978","7,339","7,937","8,454","9,130","9,737","10,311","10,871","11,445","12,199","13,439","14,523","15,129","15,918","16,103","16,609","17,539","18,477","19,408","..","..","..","..","..","..","..","..","..","..","..","..","..","..","..","..","..","..","..","..","..","..","..","..","..","..","..","..","..","8,848","9,171","9,547","10,077","10,322","10,687","11,500","12,273","13,108","13,924","14,780","15,346","16,135","16,597","17,586","19,389","22,026","24,293","25,957","27,409","28,120","29,131","30,783","31,944","33,078","..","..","..","..","..","..","..","..","..","..","..","..","..","..","..","..","..","..","..","..","..","..","..","..","..","..","..","..","..","1,362","1,399","1,429","1,486","1,482","1,573","1,643","1,749","1,918","2,019","2,230","2,193","2,237","2,299","2,364","2,426","2,609","2,696","2,763","2,864","2,901","2,872","2,771","2,793","2,855","..","..","..","..","..","..","..","..","..","..","..","..","..","..","..","..","..","..","..","..","..","..","..","..","..","..","..","..","..","1,271","1,303","1,337","1,446","1,496","1,604","1,751","1,833","1,920","1,975","2,099","2,209","2,276","2,274","2,261","2,371","2,486","2,595","2,628","2,671","2,656","2,653","2,651","2,582","2,568","..","..","..","..","..","..","..","..","..","..","..","..","..","..","..","..","..","..","..","..","..","..","..","..","..","..","..","..","..","1,940","2,027","2,144","2,224","2,307","2,467","2,706","2,828","3,073","3,290","3,384","3,489","3,643","3,870","4,086","4,540","4,923","5,159","5,314","5,519","5,704","5,871","5,989","6,180","6,458","..","..","..","..","..","..","..","..","..","..","..","..","..","..","..","..","..","..","..","..","..","..","..","..","..","..","..","..","..","3,107","3,359","3,651","3,903","4,142","4,441","4,754","5,033","5,393","5,849","6,311","6,659","6,728","7,048","7,532","8,437","9,151","9,459","9,794","9,977","10,019","10,276","10,614","10,900","11,418","..","..","..","..","..","..","..","..","..","..","..","..","..","..","..","..","..","..","..","..","..","..","..","..","..","..","..","..","..","8","8","8","9","6","6","9","11","9","13","14","11","9","13","13","18","22","27","31","28","26","26","36","37","44","..t","..t","..t","..t","..t","..t","..t","..t","..t","..t","..t","..t","..t","..t","..t","..t","..t","..t","..t","..t","..t","..t","..t","..t","..t","..t","..t","..t","..t","..t","..t","..t","..t","..t","..t","..t","..t","..t","..t","..t","..t","..t","..t","..t","..t","..t","..t","..t","..t","..t","..t","..t","..t","..t","..","..","..","..","..","..","..","..","..","..","..","..","..","..","..","..","..","..","..","..","..","..","..","..","..","..","..","..","..","17","17","16","14","12","16","18","17","13","14","14","16","13","10","12","17","16","15","14","17","16","17","24","30","44","..","..","..","..","..","..","..","..","..","..","..","..","..","..","..","..","..","..","..","..","..","..","..","..","..","..","..","..","..","0","0","0","2","3","4","5","6","4","4","3","1","1","4","5","6","4","2","2","0","0","0","2","4","6"
"100 years and older","..","..","..","..","..","..","..","..","..","..","..","..","..","..","..","..","..","..","..","..","..","..","..","..","..","..","..","..","..","45","47","52","50","43","42","51","56","62","66","73","67","85","84","89","100","97","93","103","103","110","111","123","122","115","..","..","..","..","..","..","..","..","..","..","..","..","..","..","..","..","..","..","..","..","..","..","..","..","..","..","..","..","..","32","32","30","26","21","27","41","43","37","28","20","27","33","46","39","33","35","43","39","46","46","49","54","59","63","..","..","..","..","..","..","..","..","..","..","..","..","..","..","..","..","..","..","..","..","..","..","..","..","..","..","..","..","..","149","156","162","179","168","165","177","176","188","196","189","239","266","273","283","258","277","297","291","316","315","337","348","337","333","..","..","..","..","..","..","..","..","..","..","..","..","..","..","..","..","..","..","..","..","..","..","..","..","..","..","..","..","..","131","137","138","132","126","127","142","139","146","144","160","188","214","230","226","214","209","234","231","227","221","245","252","261","268","..","..","..","..","..","..","..","..","..","..","..","..","..","..","..","..","..","..","..","..","..","..","..","..","..","..","..","..","..","743","774","800","837","873","837","848","941","1,064","1,134","1,256","1,389","1,486","1,514","1,633","1,755","2,003","2,081","2,165","2,227","2,150","2,266","2,491","2,572","2,599","..","..","..","..","..","..","..","..","..","..","..","..","..","..","..","..","..","..","..","..","..","..","..","..","..","..","..","..","..","1,232","1,270","1,364","1,404","1,469","1,550","1,684","1,692","1,742","1,776","1,913","2,067","2,255","2,444","2,667","2,841","3,068","3,138","3,078","3,337","3,555","4,011","4,303","4,405","4,710","..","..","..","..","..","..","..","..","..","..","..","..","..","..","..","..","..","..","..","..","..","..","..","..","..","..","..","..","..","199","206","226","224","218","224","260","251","263","260","269","302","338","345","403","379","445","443","459","445","444","496","490","543","548","..","..","..","..","..","..","..","..","..","..","..","..","..","..","..","..","..","..","..","..","..","..","..","..","..","..","..","..","..","172","172","174","176","182","204","231","232","241","285","322","321","343","362","389","416","407","418","430","444","498","494","466","461","470","..","..","..","..","..","..","..","..","..","..","..","..","..","..","..","..","..","..","..","..","..","..","..","..","..","..","..","..","..","242","252","281","295","312","337","360","384","392","436","463","499","517","544","618","616","715","747","766","870","902","918","953","978","1,030","..","..","..","..","..","..","..","..","..","..","..","..","..","..","..","..","..","..","..","..","..","..","..","..","..","..","..","..","..","442","471","499","526","562","576","633","677","738","786","823","927","1,059","1,101","1,259","1,293","1,372","1,352","1,486","1,527","1,650","1,673","1,667","1,662","1,775","..","..","..","..","..","..","..","..","..","..","..","..","..","..","..","..","..","..","..","..","..","..","..","..","..","..","..","..","..","2","2","2","3","1","1","3","2","2","0","2","1","3","3","1","1","0","0","1","2","3","3","3","4","6","..t","..t","..t","..t","..t","..t","..t","..t","..t","..t","..t","..t","..t","..t","..t","..t","..t","..t","..t","..t","..t","..t","..t","..t","..t","..t","..t","..t","..t","..t","..t","..t","..t","..t","..t","..t","..t","..t","..t","..t","..t","..t","..t","..t","..t","..t","..t","..t","..t","..t","..t","..t","..t","..t","..","..","..","..","..","..","..","..","..","..","..","..","..","..","..","..","..","..","..","..","..","..","..","..","..","..","..","..","..","4","4","4","2","1","1","0","2","2","3","0","2","2","3","3","3","3","3","3","2","0","1","2","2","2","..","..","..","..","..","..","..","..","..","..","..","..","..","..","..","..","..","..","..","..","..","..","..","..","..","..","..","..","..","0","0","0","0","0","0","0","0","2","0","0","2","2","2","0","0","1","2","2","0","0","0","0","0","0"
,"Years",,,,,,,,,,,,,,,,,,,,,,,,,,,,,,,,,,,,,,,,,,,,,,,,,,,,,,,,,,,,,,,,,,,,,,,,,,,,,,,,,,,,,,,,,,,,,,,,,,,,,,,,,,,,,,,,,,,,,,,,,,,,,,,,,,,,,,,,,,,,,,,,,,,,,,,,,,,,,,,,,,,,,,,,,,,,,,,,,,,,,,,,,,,,,,,,,,,,,,,,,,,,,,,,,,,,,,,,,,,,,,,,,,,,,,,,,,,,,,,,,,,,,,,,,,,,,,,,,,,,,,,,,,,,,,,,,,,,,,,,,,,,,,,,,,,,,,,,,,,,,,,,,,,,,,,,,,,,,,,,,,,,,,,,,,,,,,,,,,,,,,,,,,,,,,,,,,,,,,,,,,,,,,,,,,,,,,,,,,,,,,,,,,,,,,,,,,,,,,,,,,,,,,,,,,,,,,,,,,,,,,,,,,,,,,,,,,,,,,,,,,,,,,,,,,,,,,,,,,,,,,,,,,,,,,,,,,,,,,,,,,,,,,,,,,,,,,,,,,,,,,,,,,,,,,,,,,,,,,,,,,,,,,,,,,,,,,,,,,,,,,,,,,,,,,,,,,,,,,,,,,,,,,,,,,,,,,,,,,,,,,,,,,,,,,,,,,,,,,,,,,,,,,,,,,,,,,,,,,,,,,,,,,,,,,,,,,,,,,,,,,,,,,,,,,,,,,,,,,,,,,,,,,,,,,,,,,,,,,,,,,,,,,,,,,,,,,,,,,,,,,,,,,,,,,,,,,,,,,,,,,,,,,,,,,,,,,,,,,,,,,,,,,,,,,,,,,,
"Median age","20.9","21.2","21.6","21.9","22.3","22.7","23.2","23.7","24.2","24.7","25.3","25.8","26.2","26.7","27.3","27.9","28.4","29.0","29.6","30.2","30.7","31.2","31.8","32.5","33.3","34.1","35.0","35.9","36.7","37.4","38.1","38.8","39.4","40.0","40.7","41.3","41.9","42.3","42.6","43.0","43.4","43.8","44.3","44.7","45.1","45.6","46.0","46.6","47.1","47.6","48.0","48.1","48.0","47.8","24.8","25.1","25.5","25.9","26.3","26.7","27.1","27.5","27.8","28.2","28.8","29.3","29.5","29.8","30.1","30.6","31.0","31.5","31.9","32.4","32.8","33.2","33.6","33.9","34.4","34.7","35.2","35.9","36.5","37.1","37.6","38.2","38.7","39.2","39.7","40.3","40.9","41.4","41.7","42.0","42.3","42.8","43.3","43.6","43.9","44.0","43.8","43.8","43.5","43.1","43.0","42.6","41.8","41.1","25.4","25.7","26.0","26.4","26.7","27.0","27.5","27.9","28.3","28.7","29.2","29.6","29.9","30.2","30.6","31.0","31.5","31.9","32.4","32.8","33.3","33.7","34.2","34.7","35.2","35.7","36.2","36.8","37.3","37.9","38.5","39.0","39.5","40.1","40.7","41.2","41.7","42.1","42.4","42.7","43.0","43.4","44.0","44.4","44.8","45.0","45.1","45.2","45.1","45.0","45.0","44.6","44.0","43.3","23.9","24.3","24.6","25.0","25.3","25.7","26.1","26.5","27.0","27.5","28.0","28.5","28.9","29.4","29.9","30.4","31.0","31.5","32.0","32.5","32.9","33.4","33.9","34.3","34.8","35.4","35.9","36.5","37.1","37.6","38.2","38.8","39.3","39.9","40.5","41.1","41.6","42.0","42.4","42.7","43.1","43.5","44.1","44.6","45.0","45.4","45.7","45.9","46.1","46.2","46.3","46.0","45.5","44.8","25.6","26.0","26.4","26.8","27.2","27.6","28.0","28.4","28.8","29.2","29.6","30.0","30.5","30.9","31.4","31.8","32.3","32.8","33.2","33.6","34.0","34.4","34.9","35.3","35.7","36.1","36.6","37.1","37.6","38.1","38.5","38.9","39.3","39.7","40.1","40.5","40.7","41.0","41.1","41.2","41.4","41.6","41.8","42.0","42.2","42.3","42.4","42.4","42.4","42.4","42.7","42.8","42.7","42.6","27.1","27.3","27.5","27.8","28.1","28.5","28.9","29.2","29.6","30.0","30.4","30.7","31.0","31.3","31.6","31.9","32.2","32.4","32.6","32.9","33.3","33.6","33.9","34.3","34.7","35.0","35.4","35.8","36.2","36.5","36.8","37.1","37.5","37.8","38.1","38.4","38.7","39.0","39.3","39.6","39.8","40.0","40.2","40.5","40.7","40.7","40.7","40.6","40.5","40.5","40.7","40.4","39.9","39.6","26.8","27.0","27.1","27.4","27.7","28.0","28.3","28.7","29.1","29.4","29.8","30.0","30.2","30.5","30.8","31.1","31.4","31.7","32.1","32.5","32.8","33.2","33.5","33.9","34.2","34.5","34.9","35.4","35.7","36.0","36.4","36.7","37.0","37.2","37.4","37.6","37.7","37.8","37.8","37.8","37.8","37.8","37.8","37.8","37.6","37.5","37.4","37.4","37.5","37.7","37.8","37.7","37.5","37.4","26.6","26.8","27.0","27.2","27.4","27.5","27.6","27.8","28.1","28.3","28.6","28.9","29.1","29.3","29.6","30.0","30.4","30.9","31.4","32.0","32.5","32.9","33.3","33.6","33.9","34.2","34.6","35.0","35.4","35.9","36.4","36.7","37.1","37.3","37.6","37.9","38.0","37.9","37.8","37.6","37.5","37.4","37.2","37.2","37.2","37.2","37.3","37.5","37.7","38.0","38.4","38.5","38.4","38.2","24.9","25.2","25.4","25.7","25.8","26.1","26.2","26.4","26.5","26.7","26.8","27.2","27.6","28.1","28.6","29.0","29.5","29.9","30.3","30.7","31.2","31.5","32.0","32.4","32.9","33.3","33.6","33.9","34.2","34.5","34.7","34.9","35.1","35.3","35.4","35.5","35.6","35.6","35.7","35.8","35.9","36.0","36.0","36.0","36.1","36.3","36.6","36.9","37.2","37.5","37.9","38.1","38.1","37.9","27.8","27.9","28.1","28.2","28.5","28.9","29.3","29.7","30.1","30.4","30.6","31.0","31.4","31.8","32.3","32.8","33.2","33.5","33.8","34.1","34.4","34.6","34.9","35.1","35.4","35.7","36.0","36.5","37.0","37.5","37.9","38.4","38.9","39.4","39.8","40.1","40.3","40.5","40.6","40.8","41.1","41.4","41.7","41.9","42.2","42.2","42.1","41.9","41.7","41.7","41.8","41.5","41.2","41.0","24.2","24.3","24.4","24.5","24.7","25.1","25.4","25.8","26.1","26.4","26.7","26.8","27.4","27.9","28.2","28.8","29.3","29.8","30.3","30.6","30.8","30.9","31.4","32.1","32.4","32.6","33.1","33.8","34.5","35.1","35.8","36.3","36.6","37.0","37.4","37.9","38.1","38.4","38.6","38.6","38.6","38.7","39.0","39.1","39.2","39.1","38.9","38.8","38.8","38.8","38.7","38.7","38.4","38.1","19.8t","19.9t","20.2t","20.4t","20.7t","21.1t","21.2t","21.4t","21.7t","21.9t","22.3t","22.6t","22.8t","23.3t","23.6t","24.0t","24.2t","24.3t","24.5t","24.7t","..t","..t","..t","..t","..t","..t","..t","..t","..t","..t","..t","..t","..t","..t","..t","..t","..t","..t","..t","..t","..t","..t","..t","..t","..t","..t","..t","..t","..t","..t","..t","..t","..t","..t","..","..","..","..","..","..","..","..","..","..","..","..","..","..","..","..","..","..","..","..","26.9","27.2","27.5","27.9","28.1","28.3","28.6","29.0","29.3","29.7","29.9","30.3","30.6","30.8","31.0","31.2","31.3","31.5","31.7","31.9","32.1","32.5","33.1","33.6","34.0","34.3","34.5","34.8","35.1","35.3","35.5","35.6","35.8","35.8","..","..","..","..","..","..","..","..","..","..","..","..","..","..","..","..","..","..","..","..","21.2","21.6","21.8","21.9","21.7","21.8","21.8","22.0","22.2","22.3","22.4","22.7","22.9","23.2","23.4","23.6","23.8","23.9","24.1","24.3","24.6","24.8","24.9","25.1","25.2","25.5","25.8","25.8","25.8","25.9","26.1","26.3","26.4","26.7"

Symbol legend:
.., not available for a specific reference period




Footnotes:
1,"Postcensal estimates are based on the 2021 Census counts adjusted for census net undercoverage (CNU) (including adjustment for incompletely enumerated reserves and settlements (IERS)) and the components of demographic growth that occurred since that census. Intercensal estimates are produced using counts from two consecutive censuses adjusted for CNU (including IERS) and postcensal estimates."
2,"Estimates are final intercensal up to 2020, final postcensal for 2021, updated postcensal for 2022, 2023 and 2024, and preliminary postcensal for 2025."
3,"Data for persons aged 90 to 100 years and older will be available from 2001."
4,"The population growth, which is used to calculate population estimates, is comprised of natural increase (Tables 17100006 and 17100016), international migration (Table 17100014) and interprovincial migration (Table 17100015)."
5,"The demographic estimates now incorporate the concept of gender, which was first introduced in the 2021 Census of Population. Gender refers to an individual's personal and social identity as a man, woman or non-binary person (a person who is not exclusively a man or a woman). Demographic estimates are available for the gender category "Men+", which includes men (and/or boys), as well as some non-binary persons, and for the gender category “Women+" category, which includes women (and/or girls), as well as some non-binary persons. For the sake of uniformity, all data products from the Demographic Estimates Program now adopt the term ‘gender’ for all years and periods. Prior to 2021, the demographic estimates are based on the concept of sex at birth. Although gender and sex at birth are two different concepts, this change does not cause a significant break in the trend because the two concepts produce very similar distributions. Population estimates by age and sex at birth are available upon request (please contact statcan.demography-demographie.statcan@statcan.gc.ca)."
6,"Age at last birthday in years."
7,"Population estimates for Northwest Territories and Nunavut are presented separately from 1991."
8,"Prior to 1991, only estimates of population for Northwest Territories and Nunavut combined are available."



"How to cite: Statistics Canada. Table 17-10-0005-01  Population estimates on July 1, by age and gender"
https://www150.statcan.gc.ca/t1/tbl1/en/tv.action?pid=1710000501
