"Estimates of deaths, by age and gender, annual 1 2 3 4 5 6"
"Frequency: Annual"
"Table: 17-10-0006-01 (formerly CANSIM 051-0002)"
"Release date: 2025-09-24"
"Geography: Canada, Province or territory"
""
""

"Geography","Newfoundland and Labrador",,,,,,,,,,,,,,,,,,,,,,,,,,,,,,,,,,,,,,,,,,,,,,,,"Prince Edward Island",,,,,,,,,,,,,,,,,,,,,,,,,,,,,,,,,,,,,,,,,,,,,,,,"Nova Scotia",,,,,,,,,,,,,,,,,,,,,,,,,,,,,,,,,,,,,,,,,,,,,,,,"New Brunswick",,,,,,,,,,,,,,,,,,,,,,,,,,,,,,,,,,,,,,,,,,,,,,,,"Quebec",,,,,,,,,,,,,,,,,,,,,,,,,,,,,,,,,,,,,,,,,,,,,,,,"Ontario",,,,,,,,,,,,,,,,,,,,,,,,,,,,,,,,,,,,,,,,,,,,,,,,"Manitoba",,,,,,,,,,,,,,,,,,,,,,,,,,,,,,,,,,,,,,,,,,,,,,,,"Saskatchewan",,,,,,,,,,,,,,,,,,,,,,,,,,,,,,,,,,,,,,,,,,,,,,,,"Alberta",,,,,,,,,,,,,,,,,,,,,,,,,,,,,,,,,,,,,,,,,,,,,,,,"British Columbia",,,,,,,,,,,,,,,,,,,,,,,,,,,,,,,,,,,,,,,,,,,,,,,,"Yukon",,,,,,,,,,,,,,,,,,,,,,,,,,,,,,,,,,,,,,,,,,,,,,,,"Northwest Territories including Nunavut (Terminated) 8",,,,,,,,,,,,,,,,,,,,,,,,,,,,,,,,,,,,,,,,,,,,,,,,"Northwest Territories 9",,,,,,,,,,,,,,,,,,,,,,,,,,,,,,,,,,,,,,,,,,,,,,,,"Nunavut 9",,,,,,,,,,,,,,,,,,,,,,,,,,,,,,,,,,,,,,,,,,,,,,,
"Gender","Men+",,,,,,,,,,,,,,,,,,,,,,,,"Women+",,,,,,,,,,,,,,,,,,,,,,,,"Men+",,,,,,,,,,,,,,,,,,,,,,,,"Women+",,,,,,,,,,,,,,,,,,,,,,,,"Men+",,,,,,,,,,,,,,,,,,,,,,,,"Women+",,,,,,,,,,,,,,,,,,,,,,,,"Men+",,,,,,,,,,,,,,,,,,,,,,,,"Women+",,,,,,,,,,,,,,,,,,,,,,,,"Men+",,,,,,,,,,,,,,,,,,,,,,,,"Women+",,,,,,,,,,,,,,,,,,,,,,,,"Men+",,,,,,,,,,,,,,,,,,,,,,,,"Women+",,,,,,,,,,,,,,,,,,,,,,,,"Men+",,,,,,,,,,,,,,,,,,,,,,,,"Women+",,,,,,,,,,,,,,,,,,,,,,,,"Men+",,,,,,,,,,,,,,,,,,,,,,,,"Women+",,,,,,,,,,,,,,,,,,,,,,,,"Men+",,,,,,,,,,,,,,,,,,,,,,,,"Women+",,,,,,,,,,,,,,,,,,,,,,,,"Men+",,,,,,,,,,,,,,,,,,,,,,,,"Women+",,,,,,,,,,,,,,,,,,,,,,,,"Men+",,,,,,,,,,,,,,,,,,,,,,,,"Women+",,,,,,,,,,,,,,,,,,,,,,,,"Men+",,,,,,,,,,,,,,,,,,,,,,,,"Women+",,,,,,,,,,,,,,,,,,,,,,,,"Men+",,,,,,,,,,,,,,,,,,,,,,,,"Women+",,,,,,,,,,,,,,,,,,,,,,,,"Men+",,,,,,,,,,,,,,,,,,,,,,,,"Women+",,,,,,,,,,,,,,,,,,,,,,,
"Age group 3 7","2001 / 2002","2002 / 2003","2003 / 2004","2004 / 2005","2005 / 2006","2006 / 2007","2007 / 2008","2008 / 2009","2009 / 2010","2010 / 2011","2011 / 2012","2012 / 2013","2013 / 2014","2014 / 2015","2015 / 2016","2016 / 2017","2017 / 2018","2018 / 2019","2019 / 2020","2020 / 2021","2021 / 2022","2022 / 2023","2023 / 2024","2024 / 2025","2001 / 2002","2002 / 2003","2003 / 2004","2004 / 2005","2005 / 2006","2006 / 2007","2007 / 2008","2008 / 2009","2009 / 2010","2010 / 2011","2011 / 2012","2012 / 2013","2013 / 2014","2014 / 2015","2015 / 2016","2016 / 2017","2017 / 2018","2018 / 2019","2019 / 2020","2020 / 2021","2021 / 2022","2022 / 2023","2023 / 2024","2024 / 2025","2001 / 2002","2002 / 2003","2003 / 2004","2004 / 2005","2005 / 2006","2006 / 2007","2007 / 2008","2008 / 2009","2009 / 2010","2010 / 2011","2011 / 2012","2012 / 2013","2013 / 2014","2014 / 2015","2015 / 2016","2016 / 2017","2017 / 2018","2018 / 2019","2019 / 2020","2020 / 2021","2021 / 2022","2022 / 2023","2023 / 2024","2024 / 2025","2001 / 2002","2002 / 2003","2003 / 2004","2004 / 2005","2005 / 2006","2006 / 2007","2007 / 2008","2008 / 2009","2009 / 2010","2010 / 2011","2011 / 2012","2012 / 2013","2013 / 2014","2014 / 2015","2015 / 2016","2016 / 2017","2017 / 2018","2018 / 2019","2019 / 2020","2020 / 2021","2021 / 2022","2022 / 2023","2023 / 2024","2024 / 2025","2001 / 2002","2002 / 2003","2003 / 2004","2004 / 2005","2005 / 2006","2006 / 2007","2007 / 2008","2008 / 2009","2009 / 2010","2010 / 2011","2011 / 2012","2012 / 2013","2013 / 2014","2014 / 2015","2015 / 2016","2016 / 2017","2017 / 2018","2018 / 2019","2019 / 2020","2020 / 2021","2021 / 2022","2022 / 2023","2023 / 2024","2024 / 2025","2001 / 2002","2002 / 2003","2003 / 2004","2004 / 2005","2005 / 2006","2006 / 2007","2007 / 2008","2008 / 2009","2009 / 2010","2010 / 2011","2011 / 2012","2012 / 2013","2013 / 2014","2014 / 2015","2015 / 2016","2016 / 2017","2017 / 2018","2018 / 2019","2019 / 2020","2020 / 2021","2021 / 2022","2022 / 2023","2023 / 2024","2024 / 2025","2001 / 2002","2002 / 2003","2003 / 2004","2004 / 2005","2005 / 2006","2006 / 2007","2007 / 2008","2008 / 2009","2009 / 2010","2010 / 2011","2011 / 2012","2012 / 2013","2013 / 2014","2014 / 2015","2015 / 2016","2016 / 2017","2017 / 2018","2018 / 2019","2019 / 2020","2020 / 2021","2021 / 2022","2022 / 2023","2023 / 2024","2024 / 2025","2001 / 2002","2002 / 2003","2003 / 2004","2004 / 2005","2005 / 2006","2006 / 2007","2007 / 2008","2008 / 2009","2009 / 2010","2010 / 2011","2011 / 2012","2012 / 2013","2013 / 2014","2014 / 2015","2015 / 2016","2016 / 2017","2017 / 2018","2018 / 2019","2019 / 2020","2020 / 2021","2021 / 2022","2022 / 2023","2023 / 2024","2024 / 2025","2001 / 2002","2002 / 2003","2003 / 2004","2004 / 2005","2005 / 2006","2006 / 2007","2007 / 2008","2008 / 2009","2009 / 2010","2010 / 2011","2011 / 2012","2012 / 2013","2013 / 2014","2014 / 2015","2015 / 2016","2016 / 2017","2017 / 2018","2018 / 2019","2019 / 2020","2020 / 2021","2021 / 2022","2022 / 2023","2023 / 2024","2024 / 2025","2001 / 2002","2002 / 2003","2003 / 2004","2004 / 2005","2005 / 2006","2006 / 2007","2007 / 2008","2008 / 2009","2009 / 2010","2010 / 2011","2011 / 2012","2012 / 2013","2013 / 2014","2014 / 2015","2015 / 2016","2016 / 2017","2017 / 2018","2018 / 2019","2019 / 2020","2020 / 2021","2021 / 2022","2022 / 2023","2023 / 2024","2024 / 2025","2001 / 2002","2002 / 2003","2003 / 2004","2004 / 2005","2005 / 2006","2006 / 2007","2007 / 2008","2008 / 2009","2009 / 2010","2010 / 2011","2011 / 2012","2012 / 2013","2013 / 2014","2014 / 2015","2015 / 2016","2016 / 2017","2017 / 2018","2018 / 2019","2019 / 2020","2020 / 2021","2021 / 2022","2022 / 2023","2023 / 2024","2024 / 2025","2001 / 2002","2002 / 2003","2003 / 2004","2004 / 2005","2005 / 2006","2006 / 2007","2007 / 2008","2008 / 2009","2009 / 2010","2010 / 2011","2011 / 2012","2012 / 2013","2013 / 2014","2014 / 2015","2015 / 2016","2016 / 2017","2017 / 2018","2018 / 2019","2019 / 2020","2020 / 2021","2021 / 2022","2022 / 2023","2023 / 2024","2024 / 2025","2001 / 2002","2002 / 2003","2003 / 2004","2004 / 2005","2005 / 2006","2006 / 2007","2007 / 2008","2008 / 2009","2009 / 2010","2010 / 2011","2011 / 2012","2012 / 2013","2013 / 2014","2014 / 2015","2015 / 2016","2016 / 2017","2017 / 2018","2018 / 2019","2019 / 2020","2020 / 2021","2021 / 2022","2022 / 2023","2023 / 2024","2024 / 2025","2001 / 2002","2002 / 2003","2003 / 2004","2004 / 2005","2005 / 2006","2006 / 2007","2007 / 2008","2008 / 2009","2009 / 2010","2010 / 2011","2011 / 2012","2012 / 2013","2013 / 2014","2014 / 2015","2015 / 2016","2016 / 2017","2017 / 2018","2018 / 2019","2019 / 2020","2020 / 2021","2021 / 2022","2022 / 2023","2023 / 2024","2024 / 2025","2001 / 2002","2002 / 2003","2003 / 2004","2004 / 2005","2005 / 2006","2006 / 2007","2007 / 2008","2008 / 2009","2009 / 2010","2010 / 2011","2011 / 2012","2012 / 2013","2013 / 2014","2014 / 2015","2015 / 2016","2016 / 2017","2017 / 2018","2018 / 2019","2019 / 2020","2020 / 2021","2021 / 2022","2022 / 2023","2023 / 2024","2024 / 2025","2001 / 2002","2002 / 2003","2003 / 2004","2004 / 2005","2005 / 2006","2006 / 2007","2007 / 2008","2008 / 2009","2009 / 2010","2010 / 2011","2011 / 2012","2012 / 2013","2013 / 2014","2014 / 2015","2015 / 2016","2016 / 2017","2017 / 2018","2018 / 2019","2019 / 2020","2020 / 2021","2021 / 2022","2022 / 2023","2023 / 2024","2024 / 2025","2001 / 2002","2002 / 2003","2003 / 2004","2004 / 2005","2005 / 2006","2006 / 2007","2007 / 2008","2008 / 2009","2009 / 2010","2010 / 2011","2011 / 2012","2012 / 2013","2013 / 2014","2014 / 2015","2015 / 2016","2016 / 2017","2017 / 2018","2018 / 2019","2019 / 2020","2020 / 2021","2021 / 2022","2022 / 2023","2023 / 2024","2024 / 2025","2001 / 2002","2002 / 2003","2003 / 2004","2004 / 2005","2005 / 2006","2006 / 2007","2007 / 2008","2008 / 2009","2009 / 2010","2010 / 2011","2011 / 2012","2012 / 2013","2013 / 2014","2014 / 2015","2015 / 2016","2016 / 2017","2017 / 2018","2018 / 2019","2019 / 2020","2020 / 2021","2021 / 2022","2022 / 2023","2023 / 2024","2024 / 2025","2001 / 2002","2002 / 2003","2003 / 2004","2004 / 2005","2005 / 2006","2006 / 2007","2007 / 2008","2008 / 2009","2009 / 2010","2010 / 2011","2011 / 2012","2012 / 2013","2013 / 2014","2014 / 2015","2015 / 2016","2016 / 2017","2017 / 2018","2018 / 2019","2019 / 2020","2020 / 2021","2021 / 2022","2022 / 2023","2023 / 2024","2024 / 2025","2001 / 2002","2002 / 2003","2003 / 2004","2004 / 2005","2005 / 2006","2006 / 2007","2007 / 2008","2008 / 2009","2009 / 2010","2010 / 2011","2011 / 2012","2012 / 2013","2013 / 2014","2014 / 2015","2015 / 2016","2016 / 2017","2017 / 2018","2018 / 2019","2019 / 2020","2020 / 2021","2021 / 2022","2022 / 2023","2023 / 2024","2024 / 2025","2001 / 2002","2002 / 2003","2003 / 2004","2004 / 2005","2005 / 2006","2006 / 2007","2007 / 2008","2008 / 2009","2009 / 2010","2010 / 2011","2011 / 2012","2012 / 2013","2013 / 2014","2014 / 2015","2015 / 2016","2016 / 2017","2017 / 2018","2018 / 2019","2019 / 2020","2020 / 2021","2021 / 2022","2022 / 2023","2023 / 2024","2024 / 2025","2001 / 2002","2002 / 2003","2003 / 2004","2004 / 2005","2005 / 2006","2006 / 2007","2007 / 2008","2008 / 2009","2009 / 2010","2010 / 2011","2011 / 2012","2012 / 2013","2013 / 2014","2014 / 2015","2015 / 2016","2016 / 2017","2017 / 2018","2018 / 2019","2019 / 2020","2020 / 2021","2021 / 2022","2022 / 2023","2023 / 2024","2024 / 2025","2001 / 2002","2002 / 2003","2003 / 2004","2004 / 2005","2005 / 2006","2006 / 2007","2007 / 2008","2008 / 2009","2009 / 2010","2010 / 2011","2011 / 2012","2012 / 2013","2013 / 2014","2014 / 2015","2015 / 2016","2016 / 2017","2017 / 2018","2018 / 2019","2019 / 2020","2020 / 2021","2021 / 2022","2022 / 2023","2023 / 2024","2024 / 2025","2001 / 2002","2002 / 2003","2003 / 2004","2004 / 2005","2005 / 2006","2006 / 2007","2007 / 2008","2008 / 2009","2009 / 2010","2010 / 2011","2011 / 2012","2012 / 2013","2013 / 2014","2014 / 2015","2015 / 2016","2016 / 2017","2017 / 2018","2018 / 2019","2019 / 2020","2020 / 2021","2021 / 2022","2022 / 2023","2023 / 2024","2024 / 2025","2001 / 2002","2002 / 2003","2003 / 2004","2004 / 2005","2005 / 2006","2006 / 2007","2007 / 2008","2008 / 2009","2009 / 2010","2010 / 2011","2011 / 2012","2012 / 2013","2013 / 2014","2014 / 2015","2015 / 2016","2016 / 2017","2017 / 2018","2018 / 2019","2019 / 2020","2020 / 2021","2021 / 2022","2022 / 2023","2023 / 2024","2024 / 2025","2001 / 2002","2002 / 2003","2003 / 2004","2004 / 2005","2005 / 2006","2006 / 2007","2007 / 2008","2008 / 2009","2009 / 2010","2010 / 2011","2011 / 2012","2012 / 2013","2013 / 2014","2014 / 2015","2015 / 2016","2016 / 2017","2017 / 2018","2018 / 2019","2019 / 2020","2020 / 2021","2021 / 2022","2022 / 2023","2023 / 2024","2024 / 2025","2001 / 2002","2002 / 2003","2003 / 2004","2004 / 2005","2005 / 2006","2006 / 2007","2007 / 2008","2008 / 2009","2009 / 2010","2010 / 2011","2011 / 2012","2012 / 2013","2013 / 2014","2014 / 2015","2015 / 2016","2016 / 2017","2017 / 2018","2018 / 2019","2019 / 2020","2020 / 2021","2021 / 2022","2022 / 2023","2023 / 2024","2024 / 2025","2001 / 2002","2002 / 2003","2003 / 2004","2004 / 2005","2005 / 2006","2006 / 2007","2007 / 2008","2008 / 2009","2009 / 2010","2010 / 2011","2011 / 2012","2012 / 2013","2013 / 2014","2014 / 2015","2015 / 2016","2016 / 2017","2017 / 2018","2018 / 2019","2019 / 2020","2020 / 2021","2021 / 2022","2022 / 2023","2023 / 2024","2024 / 2025"
,"Persons",,,,,,,,,,,,,,,,,,,,,,,,,,,,,,,,,,,,,,,,,,,,,,,,,,,,,,,,,,,,,,,,,,,,,,,,,,,,,,,,,,,,,,,,,,,,,,,,,,,,,,,,,,,,,,,,,,,,,,,,,,,,,,,,,,,,,,,,,,,,,,,,,,,,,,,,,,,,,,,,,,,,,,,,,,,,,,,,,,,,,,,,,,,,,,,,,,,,,,,,,,,,,,,,,,,,,,,,,,,,,,,,,,,,,,,,,,,,,,,,,,,,,,,,,,,,,,,,,,,,,,,,,,,,,,,,,,,,,,,,,,,,,,,,,,,,,,,,,,,,,,,,,,,,,,,,,,,,,,,,,,,,,,,,,,,,,,,,,,,,,,,,,,,,,,,,,,,,,,,,,,,,,,,,,,,,,,,,,,,,,,,,,,,,,,,,,,,,,,,,,,,,,,,,,,,,,,,,,,,,,,,,,,,,,,,,,,,,,,,,,,,,,,,,,,,,,,,,,,,,,,,,,,,,,,,,,,,,,,,,,,,,,,,,,,,,,,,,,,,,,,,,,,,,,,,,,,,,,,,,,,,,,,,,,,,,,,,,,,,,,,,,,,,,,,,,,,,,,,,,,,,,,,,,,,,,,,,,,,,,,,,,,,,,,,,,,,,,,,,,,,,,,,,,,,,,,,,,,,,,,,,,,,,,,,,,,,,,,,,,,,,,,,,,,,,,,,,,,,,,,,,,,,,,,,,
"-1 year 10","14","17","9","11","14","14","15","20","10","12","17","16","20","10","10","12","10","13","10","11","9","6","7","6","7","8","7","12","11","13","16","10","10","12","8","10","11","8","6","7","5","7","7","9","6","13","9","11","2","3","3","3","0","5","1","6","1","3","2","2","0","3","2","3","1","2","0","1","2","2","2","2","1","1","3","1","1","1","2","1","0","1","2","3","0","2","5","1","5","3","3","4","2","4","3","3","21","19","28","19","19","8","13","14","16","26","21","14","11","20","17","24","12","16","12","12","17","16","16","16","14","10","13","17","10","17","16","14","21","15","20","11","12","16","14","16","13","17","15","18","9","15","12","13","8","11","19","13","12","20","13","18","15","18","14","21","14","15","14","9","18","10","18","14","18","14","15","15","13","12","12","12","12","11","5","18","11","8","12","12","20","7","19","8","9","8","7","13","16","8","11","10","180","165","166","182","191","203","173","190","212","196","220","212","202","216","195","180","178","191","186","172","191","183","208","184","137","150","144","155","146","181","153","166","187","176","153","208","163","160","176","153","156","123","164","125","149","143","151","140","361","328","340","374","374","356","394","353","358","361","339","316","374","293","326","339","317","330","320","309","328","294","307","304","288","314","288","330","283","275","304","307","271","269","280","289","263","238","284","291","273","264","259","225","261","258","256","260","46","68","47","42","44","47","49","44","50","67","46","41","54","61","48","56","58","52","51","43","51","52","49","50","38","30","42","43","34","49","42","41","40","35","51","38","32","44","39","40","50","42","31","43","37","45","39","42","34","41","31","40","43","32","46","44","37","42","51","43","56","43","44","50","32","41","51","44","36","39","36","37","25","25","21","34","27","36","38","38","28","38","33","39","40","30","35","38","30","36","33","42","28","24","25","24","124","139","124","142","147","121","148","147","135","141","127","123","126","135","119","129","127","148","116","123","131","104","116","113","106","114","75","117","110","109","135","129","123","124","93","111","127","105","112","101","121","110","99","95","96","112","103","111","106","93","83","84","84","85","90","68","81","87","84","80","84","83","54","49","79","86","85","70","77","75","72","72","64","73","79","73","74","71","59","70","79","60","67","72","68","65","90","71","64","69","52","58","81","68","70","68","3","3","1","0","1","0","3","1","3","0","1","0","2","0","2","1","1","1","1","1","3","1","2","1","2","0","0","3","2","0","0","0","1","0","0","0","0","1","1","2","2","3","3","3","3","0","2","1","..t","..t","..t","..t","..t","..t","..t","..t","..t","..t","..t","..t","..t","..t","..t","..t","..t","..t","..t","..t","..t","..t","..t","..t","..t","..t","..t","..t","..t","..t","..t","..t","..t","..t","..t","..t","..t","..t","..t","..t","..t","..t","..t","..t","..t","..t","..t","..t","4","5","1","1","1","3","3","5","3","2","0","5","0","2","3","3","3","1","2","2","0","0","1","1","2","1","0","1","1","2","0","5","2","1","1","2","2","2","0","1","2","0","1","3","4","0","2","1","4","2","9","7","5","9","9","6","6","11","14","9","7","7","10","5","10","12","7","6","6","7","6","6","6","5","3","3","6","1","3","3","4","4","5","7","6","4","2","6","8","8","2","3","9","7","7","6"
"0 to 4 years","8","3","6","4","5","3","0","6","3","8","0","3","5","0","1","2","2","2","2","3","2","2","3","3","3","3","1","6","3","1","7","0","5","2","4","2","3","2","2","5","2","2","1","2","1","2","2","2","0","0","1","0","0","2","0","0","0","1","1","1","2","1","0","0","0","0","0","2","0","0","0","0","0","2","1","0","0","1","1","2","1","0","3","0","0","1","1","0","0","1","1","1","1","0","1","1","7","13","8","9","4","3","5","3","5","13","3","5","4","11","4","7","2","3","7","5","8","5","9","8","7","5","9","7","3","6","7","1","2","6","2","5","7","5","1","2","4","6","3","6","3","8","6","6","6","9","4","7","5","8","8","6","7","6","4","3","1","3","3","2","0","5","4","3","3","1","4","4","3","3","6","0","8","3","5","4","6","1","0","4","1","1","5","2","4","3","4","2","5","5","7","7","58","57","47","51","57","59","48","58","43","70","48","45","48","39","63","50","41","41","44","36","50","52","55","38","56","51","35","38","35","42","28","36","35","39","44","56","49","46","35","31","32","31","39","23","37","45","37","37","114","96","113","89","91","89","98","101","92","99","97","83","77","72","91","97","83","81","77","79","54","94","70","80","79","84","79","85","76","74","68","64","68","74","64","69","77","56","61","71","60","71","70","36","81","88","80","82","21","16","9","19","18","20","20","17","11","22","14","17","17","19","22","24","15","13","16","22","21","29","24","27","8","14","13","12","11","13","13","12","12","12","14","11","15","13","15","10","16","22","22","13","18","15","15","15","24","18","15","19","17","16","17","12","21","19","13","16","22","14","15","18","17","20","19","12","16","18","16","16","8","13","11","19","11","20","10","5","15","24","15","9","19","13","14","16","16","16","17","12","9","15","12","13","39","41","34","34","42","40","44","37","43","34","35","50","33","37","46","37","36","36","37","41","32","42","34","37","35","32","28","27","25","20","21","34","41","30","33","45","35","45","40","31","30","18","18","22","26","34","29","32","26","28","19","31","34","29","34","30","17","24","22","24","29","27","25","30","24","20","23","16","25","26","23","23","23","16","29","13","22","23","25","19","19","22","19","28","20","25","22","18","22","27","18","15","16","22","19","18","1","1","0","1","0","1","0","0","1","1","0","0","0","0","0","0","0","0","0","0","1","1","0","0","0","1","0","1","0","0","1","0","0","0","0","0","1","0","0","0","0","0","0","0","0","0","0","0","..t","..t","..t","..t","..t","..t","..t","..t","..t","..t","..t","..t","..t","..t","..t","..t","..t","..t","..t","..t","..t","..t","..t","..t","..t","..t","..t","..t","..t","..t","..t","..t","..t","..t","..t","..t","..t","..t","..t","..t","..t","..t","..t","..t","..t","..t","..t","..t","0","0","0","0","3","4","2","1","1","0","1","0","2","0","1","1","1","0","0","0","0","2","1","1","1","1","0","0","0","4","1","0","1","0","2","2","0","0","0","0","0","0","0","0","0","0","0","0","5","2","4","0","2","2","2","5","2","6","3","2","4","2","3","0","3","1","2","1","5","6","6","6","1","4","3","1","4","3","4","0","2","3","0","4","2","1","2","3","1","4","1","1","1","4","3","3"
"5 to 9 years","4","4","4","2","1","1","2","4","2","2","0","0","0","0","2","1","2","1","4","0","0","1","1","1","3","4","0","0","5","2","2","5","1","2","2","1","0","0","2","2","2","2","1","0","2","0","2","2","1","1","0","0","1","0","0","0","0","0","0","1","0","0","0","1","0","1","0","0","0","0","0","0","1","0","0","0","0","2","0","0","1","0","0","0","0","0","0","0","0","1","1","1","2","0","1","1","4","6","1","2","5","2","0","3","3","2","0","3","5","2","3","0","2","2","3","4","8","2","7","6","4","6","1","3","1","1","3","2","0","1","3","3","2","2","1","3","2","2","1","2","4","2","4","4","2","5","5","0","3","0","4","5","2","2","2","2","2","3","1","0","1","0","0","0","2","0","2","2","0","3","3","1","5","3","2","2","3","2","1","2","0","0","1","3","1","2","2","4","0","1","1","1","25","26","22","23","35","27","23","28","14","12","20","19","14","17","14","16","17","19","16","15","22","28","23","15","24","13","13","10","12","20","17","18","10","19","14","14","19","8","19","17","17","11","18","16","9","20","11","11","43","54","42","52","43","34","33","35","29","39","24","32","22","31","28","28","32","38","20","36","31","34","32","33","37","29","26","30","27","28","33","26","30","25","21","27","20","34","27","23","28","26","22","15","30","35","31","31","8","9","5","7","6","3","10","11","3","3","9","12","1","10","6","6","5","7","6","10","2","8","6","7","4","3","2","6","2","6","5","5","3","1","6","7","6","5","2","4","6","5","4","2","7","9","9","9","5","7","8","4","8","5","4","6","4","8","4","5","6","7","7","5","4","4","5","4","3","12","8","11","4","7","2","2","4","6","3","7","6","5","3","4","6","3","2","4","3","3","3","2","6","6","7","7","16","12","16","20","25","19","10","18","8","9","16","15","11","13","12","12","16","15","16","7","15","24","19","22","12","15","9","16","12","9","17","5","12","11","9","9","8","12","6","13","9","6","11","13","16","13","14","13","12","17","12","11","4","6","14","14","15","5","14","3","6","12","11","8","7","8","11","5","5","8","8","9","13","9","14","10","8","14","17","3","7","8","6","6","6","11","11","10","17","9","6","6","11","8","11","8","0","0","0","0","0","0","0","0","0","0","0","0","0","0","0","0","0","0","0","0","0","1","0","1","0","0","0","0","0","1","0","0","1","0","0","1","0","0","0","0","0","0","0","0","0","0","0","0","..t","..t","..t","..t","..t","..t","..t","..t","..t","..t","..t","..t","..t","..t","..t","..t","..t","..t","..t","..t","..t","..t","..t","..t","..t","..t","..t","..t","..t","..t","..t","..t","..t","..t","..t","..t","..t","..t","..t","..t","..t","..t","..t","..t","..t","..t","..t","..t","0","0","0","0","0","0","0","0","0","0","0","1","0","0","1","0","0","0","0","0","0","0","0","0","0","0","0","0","1","0","0","0","0","0","0","0","0","0","0","0","0","0","0","1","0","0","0","0","0","1","2","2","0","0","0","2","3","0","0","2","0","0","1","0","0","0","1","2","1","0","1","1","0","0","2","1","0","0","1","1","0","1","2","0","0","0","2","0","0","0","0","1","0","1","0","0"
"10 to 14 years","4","5","2","5","3","7","4","1","5","4","6","3","1","2","2","4","4","2","5","1","2","2","4","4","1","5","1","3","2","3","1","0","1","1","0","0","1","0","1","4","2","1","2","2","2","0","2","2","1","3","2","0","2","2","2","1","1","1","0","1","1","0","1","1","0","0","0","1","0","0","0","0","0","0","1","1","0","0","1","0","0","1","1","1","1","0","0","0","0","0","0","0","0","0","0","0","3","10","3","3","5","6","8","4","2","2","5","0","1","4","4","2","0","4","0","2","5","4","6","6","4","7","5","3","8","3","2","3","2","2","3","1","0","2","4","6","2","3","7","2","2","2","5","5","5","9","4","9","3","6","4","3","2","6","2","4","1","2","4","4","3","3","0","6","3","1","3","4","5","5","3","3","3","5","6","4","4","2","2","1","1","5","1","2","4","0","2","3","4","2","4","4","38","47","37","48","46","43","43","35","19","32","30","23","17","20","15","30","27","28","19","22","28","29","32","24","24","20","21","25","28","25","18","20","25","25","18","24","17","21","22","15","16","15","10","21","21","32","32","27","63","74","56","85","68","52","63","64","40","43","53","50","50","53","51","41","45","44","56","53","38","53","44","48","45","47","43","45","38","52","30","28","41","36","35","50","39","46","37","45","42","32","31","42","42","35","38","36","8","20","6","18","10","17","15","14","6","7","6","5","9","9","9","9","11","5","10","8","7","13","10","13","8","7","8","9","19","13","7","11","12","6","11","10","9","9","8","10","9","9","10","7","5","19","12","16","9","16","10","8","5","7","9","9","13","8","11","7","8","9","5","11","8","4","14","11","8","8","11","10","9","4","5","6","4","9","6","9","5","14","4","4","11","4","5","9","9","7","9","8","5","5","8","9","17","22","19","19","26","17","20","19","21","28","28","12","15","25","14","21","21","16","16","28","23","25","23","25","11","12","11","13","16","17","17","15","9","13","14","14","19","29","17","12","12","16","16","18","21","25","23","25","35","26","19","19","16","25","24","14","22","17","13","9","16","13","11","16","19","17","5","19","21","24","22","21","13","22","17","7","13","14","13","13","9","8","9","11","9","4","12","9","13","11","11","15","9","18","15","15","1","0","0","0","0","1","0","1","0","0","2","0","0","0","0","1","1","1","1","1","1","0","0","0","0","0","0","0","1","0","0","0","0","0","1","0","0","0","0","0","0","0","0","0","0","0","0","0","..t","..t","..t","..t","..t","..t","..t","..t","..t","..t","..t","..t","..t","..t","..t","..t","..t","..t","..t","..t","..t","..t","..t","..t","..t","..t","..t","..t","..t","..t","..t","..t","..t","..t","..t","..t","..t","..t","..t","..t","..t","..t","..t","..t","..t","..t","..t","..t","0","0","0","0","0","0","0","0","2","0","0","0","0","1","0","0","0","0","0","0","1","0","0","0","2","1","3","0","0","0","1","1","2","0","0","1","0","0","1","1","0","1","1","0","0","0","0","0","2","2","6","2","3","3","2","4","1","1","1","0","3","1","2","0","3","5","1","0","1","1","1","2","2","1","0","3","2","2","2","0","1","0","2","1","1","0","3","1","1","2","2","1","1","2","2","2"
"15 to 19 years","7","9","22","20","12","14","19","10","16","11","18","10","12","12","11","5","6","3","9","3","8","3","8","6","3","7","7","7","11","2","10","5","7","1","3","8","3","4","8","5","7","3","4","3","1","4","6","6","2","3","2","3","3","1","4","2","1","8","1","3","5","4","1","0","4","0","0","3","5","1","4","3","3","0","1","2","3","3","2","2","0","1","2","0","0","0","1","0","3","2","0","1","0","1","1","1","20","12","26","26","21","23","24","19","18","20","17","15","23","18","20","11","18","11","20","18","10","15","13","14","12","12","10","4","10","10","7","9","6","12","13","7","14","1","10","7","6","14","5","9","6","5","8","6","34","17","17","20","14","21","36","17","25","7","18","21","13","13","11","14","10","20","15","13","7","14","11","13","5","5","8","8","7","8","10","11","12","8","5","3","5","2","6","7","7","6","6","8","5","7","8","9","184","166","169","177","160","150","132","141","127","126","115","91","84","84","93","97","97","85","81","71","82","86","72","95","70","68","76","65","67","56","64","59","49","50","39","52","60","42","37","32","36","37","26","37","42","37","35","34","230","259","219","246","236","234","208","218","240","194","204","184","135","164","160","162","200","184","196","178","193","216","208","216","101","97","103","75","113","88","120","83","85","100","86","83","71","76","83","82","96","88","88","93","99","75","90","83","45","41","36","51","47","38","35","34","43","44","37","35","37","20","36","27","35","38","28","34","47","55","52","55","17","15","20","16","22","13","16","26","23","28","21","26","24","22","16","24","18","21","25","23","23","25","25","26","36","41","49","36","57","49","46","43","47","34","30","26","39","39","39","31","49","33","38","35","36","35","37","38","22","21","27","32","18","20","24","27","15","20","27","18","13","13","17","16","16","16","32","11","24","28","26","28","104","105","99","92","99","102","97","88","70","89","107","80","94","101","78","86","102","71","72","87","96","98","98","103","33","44","32","45","58","37","37","41","37","50","31","36","53","34","40","38","49","28","39","51","58","65","62","67","101","98","91","76","120","75","83","98","75","64","73","57","75","73","74","68","95","69","64","81","80","79","79","79","44","47","36","36","36","46","43","37","39","36","40","41","30","31","36","48","40","37","43","40","54","53","54","51","0","1","1","1","2","1","0","0","1","0","2","1","2","2","1","1","1","1","1","2","1","0","1","1","0","0","1","0","1","0","1","0","1","0","0","3","0","1","0","1","1","1","1","1","1","0","0","0","..t","..t","..t","..t","..t","..t","..t","..t","..t","..t","..t","..t","..t","..t","..t","..t","..t","..t","..t","..t","..t","..t","..t","..t","..t","..t","..t","..t","..t","..t","..t","..t","..t","..t","..t","..t","..t","..t","..t","..t","..t","..t","..t","..t","..t","..t","..t","..t","3","2","2","2","3","1","4","3","1","3","1","2","1","2","1","2","2","0","2","1","2","0","0","0","1","1","0","0","0","2","2","1","1","0","1","1","3","1","0","1","0","0","0","1","1","3","1","1","13","12","10","9","9","5","3","12","7","7","7","12","5","11","11","3","7","5","11","11","7","6","7","6","4","2","2","2","3","4","1","2","4","4","4","5","6","1","1","3","0","4","1","3","1","1","1","1"
"20 to 24 years","13","18","16","13","16","13","15","9","8","16","15","15","10","19","15","10","9","17","7","11","17","15","15","15","4","8","6","6","8","2","6","3","6","4","4","5","8","3","4","6","5","1","6","6","5","6","9","8","6","5","8","4","4","4","6","0","2","5","3","3","2","0","3","4","1","5","4","2","5","3","6","6","1","2","1","2","1","0","2","0","0","1","1","0","2","0","1","3","2","0","1","2","3","2","4","4","26","15","24","25","31","30","32","29","28","32","24","26","20","31","28","18","32","28","19","34","26","22","24","24","13","6","10","12","3","12","13","9","4","10","11","13","8","8","8","11","4","7","4","6","12","15","13","15","21","23","26","26","22","29","25","22","27","23","27","23","17","27","15","29","19","20","21","20","23","21","23","22","4","7","8","10","10","6","3","4","6","14","10","6","10","6","11","5","9","9","5","9","9","8","8","9","251","248","229","221","219","178","196","173","147","188","172","157","131","124","144","129","155","156","155","155","116","115","129","134","96","71","85","74","79","63","55","65","67","69","68","61","67","61","66","54","53","65","57","45","44","55","52","51","258","268","269","290","273","291","306","289","295","250","313","302","277","302","333","350","346","365","364","424","447","368","430","428","100","106","120","112","100","109","88","100","101","96","117","124","113","123","125","129","164","135","162","180","169","195","188","200","44","47","39","50","46","40","54","58","54","47","52","53","38","44","49","62","57","68","62","67","60","55","58","56","15","19","29","23","14","20","19","25","21","24","31","28","29","27","28","29","36","35","34","35","40","55","48","52","37","41","43","36","47","43","42","43","48","61","45","43","47","47","65","54","59","47","62","53","60","59","61","66","14","20","15","18","28","22","19","30","16","29","24","12","23","15","25","24","22","26","24","41","58","47","53","54","108","112","133","149","139","147","169","161","149","137","140","128","152","170","167","152","165","142","154","191","186","170","179","188","37","53","44","55","44","64","43","51","44","48","54","42","50","68","81","56","72","91","60","86","107","104","107","112","135","128","155","159","137","130","130","120","121","122","134","115","117","108","141","181","187","174","171","201","186","192","187","192","52","50","44","46","52","45","47","62","57","49","44","51","53","39","47","59","71","69","55","80","75","82","76","78","1","1","3","4","0","1","4","0","0","1","1","0","2","4","5","3","3","3","4","3","1","2","3","3","0","0","1","0","1","0","1","0","0","1","0","1","0","0","2","0","0","0","0","0","0","1","0","1","..t","..t","..t","..t","..t","..t","..t","..t","..t","..t","..t","..t","..t","..t","..t","..t","..t","..t","..t","..t","..t","..t","..t","..t","..t","..t","..t","..t","..t","..t","..t","..t","..t","..t","..t","..t","..t","..t","..t","..t","..t","..t","..t","..t","..t","..t","..t","..t","2","4","1","4","2","5","3","5","1","6","2","0","8","6","2","4","1","2","3","2","5","5","3","5","0","2","3","1","1","2","1","0","1","0","0","2","1","2","4","2","2","0","4","1","0","3","1","2","6","11","10","4","8","6","7","9","3","12","4","12","8","2","9","8","9","12","4","10","10","10","12","11","0","1","3","2","1","0","1","4","2","2","2","3","3","4","2","1","2","4","4","4","3","4","5","5"
"25 to 29 years","14","14","14","23","19","23","8","16","13","9","8","15","18","21","16","15","13","19","16","16","18","14","17","18","6","2","3","5","4","6","4","6","7","5","4","5","7","4","9","8","4","9","12","11","12","10","11","13","6","5","6","3","7","0","6","4","6","5","2","5","3","2","1","4","4","4","1","5","4","7","8","8","2","2","0","2","4","0","3","1","1","0","2","1","0","0","0","0","0","3","1","2","1","1","5","5","26","27","21","24","19","29","26","21","20","23","24","28","25","26","30","26","23","38","19","36","31","30","32","34","10","11","14","10","13","8","10","15","11","6","11","6","8","13","12","14","13","16","12","14","19","8","15","12","30","24","20","26","25","24","22","23","28","18","24","21","22","18","34","23","21","22","32","26","21","24","22","24","13","8","5","6","11","13","7","9","11","10","11","8","10","10","7","6","13","15","7","14","10","13","12","13","237","199","174","204","236","213","234","190","186","187","178","170","156","153","166","155","192","155","187","196","165","206","178","176","71","76","87","82","91","83","89","83","74","84","79","67","80","68","62","65","90","77","71","78","76","78","84","78","256","280","280","279","266","282","274","262","271","276","288","315","315","304","367","396","462","498","519","654","606","575","625","631","111","130","125","102","127","116","142","112","158","119","136","127","169","170","160","154","207","210","226","253","242","261","262","275","32","34","43","45","40","40","37","38","47","26","42","44","46","66","48","73","51","64","73","86","96","95","99","104","21","17","19","21","18","14","26","19","20","23","29","24","14","40","36","25","32","33","35","71","77","65","73","74","37","32","30","39","31","33","36","43","43","55","80","51","51","38","57","49","63","74","64","100","85","96","90","97","9","22","19","16","24","17","13","22","20","16","27","20","28","35","25","35","36","22","30","46","66","51","58","58","113","120","108","127","130","148","134","140","132","136","190","144","180","213","196","224","255","227","212","305","285","313","302","330","34","48","47","45","47","48","58","50","58","57","61","65","79","70","80","81","90","97","73","121","122","132","128","140","128","123","129","132","139","132","130","129","151","126","128","122","138","156","211","275","248","249","221","281","291","329","310","310","53","54","58","54","58","48","69","55","43","62","57","62","53","60","67","76","87","81","94","90","116","113","115","112","1","0","4","1","3","1","0","1","4","2","1","3","0","2","3","4","4","4","5","7","8","5","8","8","1","0","0","1","1","2","2","0","1","2","1","1","1","1","0","3","3","3","4","3","8","1","6","5","..t","..t","..t","..t","..t","..t","..t","..t","..t","..t","..t","..t","..t","..t","..t","..t","..t","..t","..t","..t","..t","..t","..t","..t","..t","..t","..t","..t","..t","..t","..t","..t","..t","..t","..t","..t","..t","..t","..t","..t","..t","..t","..t","..t","..t","..t","..t","..t","5","1","3","1","2","5","2","4","2","1","2","2","1","2","2","8","5","4","3","5","10","5","8","7","1","2","2","0","0","1","0","2","2","2","2","0","3","4","3","1","1","3","1","5","1","1","1","1","2","4","6","5","6","5","6","2","6","4","4","8","10","5","8","4","10","8","13","9","5","6","6","6","0","1","2","0","2","1","2","2","3","2","4","4","3","3","5","3","4","3","1","3","4","5","5","5"
"30 to 34 years","16","17","27","24","13","20","13","16","19","13","9","20","15","22","22","22","23","18","25","15","22","19","21","20","10","12","8","10","8","14","11","9","6","9","8","15","9","13","14","18","15","6","3","6","6","15","14","17","8","7","2","7","4","4","4","3","3","2","2","4","6","2","5","3","2","6","2","3","6","8","10","10","1","3","0","5","2","2","1","0","2","4","3","0","4","4","1","4","2","0","1","2","2","3","5","5","35","24","39","24","30","23","22","22","22","20","18","32","22","17","28","27","26","33","22","26","45","37","44","44","15","13","18","13","15","12","11","12","16","21","9","10","10","9","13","16","10","16","14","16","22","29","27","31","25","23","26","39","19","29","25","22","21","21","14","24","22","19","26","25","23","31","24","23","26","43","35","41","11","13","10","19","13","16","9","12","11","8","17","12","6","13","13","13","14","18","18","10","17","22","20","22","260","252","229","215","217","233","212","218","220","204","212","239","212","203","199","207","187","184","184","204","224","251","229","226","126","88","111","96","87","81","95","111","97","107","101","110","112","119","95","96","83","77","106","92","90","104","122","113","348","356","353","354","354","323","268","310","327","327","312","327","337","344","359","436","505","550","569","723","718","782","797","847","200","184","200","168","184","176","178","180","173","162","188","201","164","209","218","232","245","274","285","350","309","352","345","370","44","62","44","46","49","54","55","47","29","48","61","51","40","62","53","64","65","65","78","94","113","114","115","120","22","22","23","22","26","22","22","26","33","28","35","29","32","36","26","47","41","40","51","69","62","69","66","70","50","39","45","45","41","39","38","46","39","54","40","41","40","55","62","56","63","67","82","101","110","105","106","109","12","16","31","16","28","21","23","23","27","23","24","29","30","32","26","39","34","38","44","51","63","59","61","61","148","129","135","142","146","147","147","133","131","127","151","138","173","218","228","260","300","229","265","374","382","394","389","412","65","74","59","66","76","55","66","74","66","73","73","69","93","87","98","119","97","124","101","136","177","192","185","197","187","137","141","178","147","132","120","126","156","144","112","132","160","164","228","270","273","268","281","365","392","384","399","393","83","64","87","75","74","58","70","59","71","65","81","81","79","88","70","95","106","111","110","118","159","163","164","164","0","2","3","1","3","1","1","0","1","2","3","0","4","7","2","4","4","4","4","6","9","4","6","6","2","0","0","0","2","0","1","4","2","2","3","0","4","2","0","1","1","1","1","1","8","5","6","6","..t","..t","..t","..t","..t","..t","..t","..t","..t","..t","..t","..t","..t","..t","..t","..t","..t","..t","..t","..t","..t","..t","..t","..t","..t","..t","..t","..t","..t","..t","..t","..t","..t","..t","..t","..t","..t","..t","..t","..t","..t","..t","..t","..t","..t","..t","..t","..t","4","2","7","3","3","4","8","2","3","0","8","1","5","1","1","4","8","5","9","8","5","10","7","8","1","4","3","3","0","1","3","1","2","3","2","3","1","3","2","0","2","1","2","0","2","3","4","4","3","1","5","3","4","3","2","6","2","4","2","4","1","6","2","2","7","9","6","6","7","6","7","7","3","3","1","2","0","1","1","2","3","1","2","3","3","2","2","1","2","6","5","6","4","5","5","6"
"35 to 39 years","24","33","27","24","29","15","23","29","24","20","22","26","20","31","24","21","25","31","8","20","26","29","27","29","18","13","14","15","11","11","14","8","18","13","16","12","11","13","20","8","9","14","22","19","21","10","16","12","9","4","8","6","6","8","10","6","4","7","8","6","3","5","1","1","3","2","6","5","6","5","8","8","3","4","6","3","4","5","0","0","2","3","3","4","5","1","3","1","3","3","1","2","6","3","6","5","62","44","37","44","55","52","42","47","40","40","22","31","25","34","37","42","45","34","40","24","36","49","46","50","28","27","27","28","27","31","26","19","20","21","22","20","19","28","18","39","31","19","35","28","29","31","31","33","48","51","39","26","41","29","34","39","32","39","31","28","23","29","34","27","31","33","28","51","46","48","47","50","25","22","16","19","20","10","22","23","14","15","15","19","19","18","18","16","20","19","19","25","23","35","30","35","405","440","379","376","328","318","305","277","261","282","243","281","268","256","236","268","266","240","239","262","292","286","280","301","245","218","201","182","157","161","155","166","132","130","137","147","134","129","129","126","160","136","129","170","144","201","152","158","569","550","566","522","501","470","456","454","441","398","415","392","410","408","444","466","581","602","639","827","911","802","879","885","354","351","343","297","308","282","272","307","293","264","247","245","240","267","271","267","298","331","354","423","445","419","436","444","66","51","60","57","58","61","64","60","51","52","54","56","56","55","53","66","70","93","101","111","117","138","129","138","37","47","45","49","46","37","41","38","49","44","42","30","35","40","44","46","56","44","45","55","66","68","67","70","53","63","45","61","46","42","63","52","53","58","49","58","60","53","56","52","60","66","75","101","113","123","121","128","37","36","31","29","28","26","29","25","28","38","42","44","45","35","53","39","42","56","42","66","60","66","65","68","184","184","186","168","204","163","188","184","154","159","143","159","199","230","214","268","276","270","293","409","444","454","450","471","120","98","104","102","102","92","108","99","96","85","84","69","94","117","127","94","114","129","128","195","219","221","220","229","255","231","235","237","215","219","218","167","189","168","172","159","161","176","213","294","270","310","304","396","446","448","446","444","115","121","116","100","113","112","112","111","110","101","92","80","95","98","89","109","125","141","125","186","200","176","186","180","1","2","3","3","5","5","0","1","3","2","4","2","4","1","1","2","2","2","2","3","3","4","5","5","3","1","1","0","1","0","1","0","0","1","2","1","0","0","0","0","0","0","0","0","1","1","2","2","..t","..t","..t","..t","..t","..t","..t","..t","..t","..t","..t","..t","..t","..t","..t","..t","..t","..t","..t","..t","..t","..t","..t","..t","..t","..t","..t","..t","..t","..t","..t","..t","..t","..t","..t","..t","..t","..t","..t","..t","..t","..t","..t","..t","..t","..t","..t","..t","6","5","9","5","2","3","4","5","1","3","3","2","2","9","4","1","5","5","5","8","8","2","5","5","3","0","1","1","3","1","2","1","1","0","2","3","1","0","1","0","4","1","2","2","2","0","2","2","4","4","4","2","4","2","3","2","5","4","3","3","2","6","2","2","4","4","3","7","8","6","8","9","2","4","3","1","2","5","3","5","2","2","2","1","2","1","3","2","2","1","3","4","5","4","4","5"
"40 to 44 years","34","33","42","42","45","34","28","32","36","36","42","35","30","34","33","34","33","29","26","45","41","43","41","42","32","22","25","21","32","20","28","30","29","31","19","24","26","27","22","18","24","28","22","15","16","20","21","22","14","13","5","14","16","7","5","10","15","6","7","8","7","1","2","5","6","10","6","7","11","6","11","9","11","3","8","4","8","3","4","6","8","4","3","6","4","12","7","8","3","1","3","3","6","6","6","8","89","81","86","78","81","81","82","64","60","49","62","58","48","59","47","59","58","39","50","71","55","65","62","67","42","53","53","52","53","46","40","32","36","51","28","25","33","35","37","17","26","25","33","27","48","36","43","41","49","70","47","63","58","58","46","59","61","60","53","41","43","51","53","39","44","44","49","54","47","64","57","62","37","33","44","38","30","39","31","30","18","31","21","30","24","29","26","34","30","28","31","27","31","39","34","38","622","608","566","621","586","527","490","431","441","410","372","342","360","364","370","317","335","331","382","379","370","426","426","405","388","380","385","352","354","319","300","299","283","247","245","224","223","221","204","198","200","210","211","241","204","242","245","241","848","950","880","896","896","872","842","787","760","646","697","643","649","648","636","636","695","734","776","954","977","918","960","982","558","577","554","557","523","539","490","538","464","472","432","440","428","442","417","433","425","430","427","516","513","543","526","548","89","94","80","111","93","95","120","70","80","83","112","83","77","68","101","96","84","100","100","119","134","131","135","138","72","66","52","63","69","58","71","53","59","57","52","54","54","50","54","68","60","49","56","77","82","86","86","90","86","84","92","91","69","85","74","92","92","82","77","87","85","96","65","71","82","76","89","130","139","123","136","138","42","51","52","38","47","48","53","52","42","48","51","49","40","42","51","57","47","54","47","59","76","75","78","82","314","261","294","282","277","253","254","262","229","231","242","236","226","277","274","256","271","291","292","400","459","459","470","493","176","169","175","128","159","187","173","154","175","135","147","156","129","154","156","173","160","152","170","185","220","224","227","239","338","335","349","330","359","354","307","309","294","269","257","241","222","226","276","322","314","315","303","425","527","474","506","491","191","185","163","190","215","177","185","170","158","138","157","174","138","163","130","158","147","158","154","176","207","230","219","225","2","2","7","1","6","5","6","2","4","7","2","4","1","3","4","6","6","7","7","7","6","6","6","6","2","1","2","2","0","1","3","2","3","1","1","3","2","1","4","2","2","2","3","3","5","3","5","5","..t","..t","..t","..t","..t","..t","..t","..t","..t","..t","..t","..t","..t","..t","..t","..t","..t","..t","..t","..t","..t","..t","..t","..t","..t","..t","..t","..t","..t","..t","..t","..t","..t","..t","..t","..t","..t","..t","..t","..t","..t","..t","..t","..t","..t","..t","..t","..t","5","7","9","6","4","4","5","5","5","6","3","6","4","4","6","5","4","4","4","6","5","5","5","6","1","2","1","0","4","2","1","1","3","2","3","1","1","2","7","3","2","4","4","5","3","0","2","2","7","4","3","8","3","2","5","4","6","3","6","3","3","7","4","6","4","8","3","4","8","8","9","8","0","3","3","2","1","3","4","5","5","3","4","0","5","4","2","0","3","2","2","3","6","3","5","4"
"45 to 49 years","70","58","62","70","74","58","57","63","60","63","56","63","67","63","52","60","54","52","53","53","69","63","62","60","43","42","45","44","39","37","37","33","41","34","45","32","42","24","43","44","39","38","27","31","45","43","41","40","14","8","18","7","10","13","17","17","11","18","11","9","14","8","10","14","17","10","8","16","13","15","14","15","13","13","11","16","11","12","16","12","10","12","18","5","8","7","6","5","7","6","6","8","12","7","10","9","95","107","120","111","102","125","110","106","120","122","101","104","87","84","106","96","78","69","77","81","102","86","92","87","60","76","68","77","79","71","84","72","50","68","76","72","80","65","53","56","56","65","55","72","46","46","44","44","71","77","90","101","87","80","81","93","88","81","86","89","85","80","77","77","67","58","63","76","82","94","85","89","46","53","35","39","54","56","49","53","57","61","53","49","45","50","55","48","51","42","43","46","60","56","56","54","904","916","1,031","907","881","859","845","796","765","775","721","707","661","644","565","522","544","499","521","502","478","558","572","540","588","621","627","572","620","640","627","584","583","544","520","492","439","406","397","355","371","320","304","294","301","316","331","347","1,253","1,298","1,261","1,310","1,302","1,339","1,311","1,331","1,320","1,313","1,209","1,198","1,156","1,081","1,036","1,039","1,047","1,125","1,050","1,270","1,221","1,188","1,163","1,175","783","784","858","845","834","884","925","873","893","877","803","804","760","759","646","699","705","634","671","724","710","791","723","751","133","130","140","126","171","147","153","172","139","151","119","123","155","116","124","115","113","116","133","177","163","148","154","155","91","79","92","100","94","82","121","105","78","88","105","91","78","63","97","93","90","91","79","98","98","105","100","105","101","114","129","128","132","130","123","137","130","134","121","126","103","124","122","105","113","120","106","157","156","157","160","168","65","61","84","76","70","79","80","86","79","85","75","77","79","72","68","73","67","74","61","83","106","93","100","101","345","362","380","409","399","420","436","457","400","375","417","370","393","388","390","350","387","379","396","489","533","494","511","521","251","253","238","251","256","255","250","284","242","258","266","252","239","239","203","223","226","213","242","270","300","280","288","294","456","480","483","526","489","451","482","482","495","470","428","426","366","416","407","455","498","441","448","582","558","529","523","511","290","294","283","291","308","312","335","286","309","296","288","269","229","244","233","283","253","283","265","274","301","259","266","252","5","5","9","4","8","3","9","8","7","8","4","3","5","7","5","5","5","6","6","8","6","6","6","6","4","2","6","4","6","8","5","1","5","2","5","4","3","2","1","2","2","2","2","4","4","5","5","6","..t","..t","..t","..t","..t","..t","..t","..t","..t","..t","..t","..t","..t","..t","..t","..t","..t","..t","..t","..t","..t","..t","..t","..t","..t","..t","..t","..t","..t","..t","..t","..t","..t","..t","..t","..t","..t","..t","..t","..t","..t","..t","..t","..t","..t","..t","..t","..t","5","5","7","2","6","6","2","5","7","4","5","5","7","6","4","7","3","5","10","5","11","3","7","5","5","6","3","3","3","2","4","4","7","5","4","2","5","0","2","4","5","3","4","7","4","6","6","6","3","2","3","3","6","6","5","5","4","5","8","8","9","8","8","5","6","5","10","2","7","7","8","7","2","0","2","2","3","2","3","4","2","2","2","2","2","2","3","7","1","5","7","3","2","3","4","4"
"50 to 54 years","110","101","101","95","111","125","90","100","96","103","85","91","105","101","93","93","102","82","111","110","101","92","89","86","53","74","62","60","69","65","72","59","62","55","82","75","76","59","73","78","58","59","60","68","65","56","55","53","29","25","25","22","26","25","32","27","13","29","23","29","25","19","28","26","18","24","18","19","20","22","22","23","17","13","21","12","15","12","13","20","14","18","15","12","21","14","12","18","8","11","12","14","12","15","14","13","173","148","165","183","172","167","175","163","191","181","173","184","179","172","171","181","182","160","138","150","147","150","145","143","110","100","97","103","95","97","111","110","119","114","131","121","98","112","98","123","110","84","74","93","111","89","98","91","130","147","107","123","112","123","146","132","144","123","123","122","130","117","137","109","130","126","105","109","126","140","126","129","78","72","76","79","85","82","74","92","73","87","74","91","85","80","88","85","90","86","72","91","71","82","73","75","1,262","1,278","1,183","1,198","1,268","1,239","1,273","1,219","1,243","1,236","1,267","1,196","1,180","1,093","1,106","1,065","1,039","924","917","831","810","850","872","805","815","815","847","846","799","821","915","850","847","890","853","816","819","792","770","768","665","640","636","517","491","549","501","496","1,779","1,775","1,797","1,775","1,767","1,816","1,975","1,970","1,898","1,988","1,972","2,026","1,929","1,930","2,003","1,886","1,913","1,846","1,776","1,999","2,011","1,799","1,813","1,747","1,048","1,115","1,164","1,190","1,220","1,211","1,238","1,190","1,235","1,313","1,240","1,226","1,250","1,306","1,345","1,243","1,241","1,181","1,200","1,151","1,116","1,176","1,097","1,102","186","180","205","202","181","213","188","232","227","200","206","208","224","211","198","237","197","199","206","214","238","222","223","221","125","123","125","116","132","122","130","129","143","132","146","116","142","155","151","136","126","155","130","124","153","145","145","144","146","152","167","154","161","155","199","189","191","169","160","183","170","192","191","197","184","161","193","216","242","195","215","203","85","99","99","104","119","120","104","103","134","131","124","116","112","127","124","114","120","112","100","123","137","112","122","117","432","418","462","481","524","548","589","614","608","594","616","580","583","591","632","527","638","543","553","670","689","610","639","628","240","272","294","300","307","332","375","405","322","368","335","375","381","390","401","384","361","353","330","368","389","352","362","356","658","622","644","705","704","734","723","733","723","642","655","645","666","676","672","742","713","699","649","863","877","811","791","740","438","376","417","402","420","402","463","450","469","426","433","413","421","402","443","445","396","385","375","380","412","430","397","383","6","8","7","2","8","5","8","5","12","6","9","12","8","1","10","11","10","13","14","14","9","5","7","7","0","2","6","3","0","9","2","3","4","4","2","7","9","3","4","4","4","5","5","6","4","4","5","5","..t","..t","..t","..t","..t","..t","..t","..t","..t","..t","..t","..t","..t","..t","..t","..t","..t","..t","..t","..t","..t","..t","..t","..t","..t","..t","..t","..t","..t","..t","..t","..t","..t","..t","..t","..t","..t","..t","..t","..t","..t","..t","..t","..t","..t","..t","..t","..t","8","14","9","10","9","5","8","12","10","5","7","10","11","8","8","8","4","7","7","7","11","9","9","8","2","4","3","2","7","4","7","3","10","4","7","8","4","5","7","4","8","9","3","10","7","5","6","6","5","1","2","0","2","7","6","4","4","8","4","4","6","8","3","6","2","16","5","11","5","10","8","8","0","3","3","0","2","2","0","3","3","1","2","3","6","3","6","4","3","9","7","8","7","4","7","7"
"55 to 59 years","138","129","121","148","172","178","163","146","137","164","156","166","142","168","177","143","150","160","145","164","181","174","166","160","90","71","77","77","99","100","83","75","81","82","102","100","113","106","92","99","100","104","114","90","107","108","101","100","32","30","25","29","36","49","32","27","41","30","36","23","37","31","32","37","34","33","47","35","33","46","36","38","11","26","16","15","27","15","22","22","21","21","23","27","23","20","23","19","25","29","21","18","22","20","19","18","191","239","252","269","251","256","255","246","274","265","231","216","269","296","252","254","301","269","272","290","283","266","252","235","121","137","127","153","157","149","156","161","171","162","182","150","178","160","182","175","168","168","202","169","188","180","170","161","182","178","168","191","184","197","201","194","178","204","199","188","202","201","202","202","238","193","183","172","234","225","208","195","94","100","118","122","114","109","117","125","117","112","108","108","121","145","131","158","143","142","151","156","135","146","127","125","1,733","1,728","1,833","1,811","1,677","1,727","1,686","1,728","1,758","1,721","1,788","1,764","1,753","1,734","1,710","1,744","1,677","1,690","1,728","1,647","1,548","1,561","1,515","1,435","1,019","1,077","1,141","1,122","1,113","1,168","1,149","1,177","1,166","1,246","1,207","1,211","1,308","1,256","1,274","1,262","1,258","1,163","1,178","1,070","1,064","1,063","972","892","2,140","2,248","2,331","2,405","2,427","2,550","2,610","2,596","2,476","2,664","2,602","2,756","2,774","2,847","2,853","2,885","2,984","3,022","3,192","3,385","3,289","3,257","3,001","2,893","1,343","1,517","1,477","1,540","1,533","1,627","1,589","1,654","1,658","1,667","1,690","1,766","1,837","1,869","1,884","1,839","1,950","1,883","1,931","2,140","1,975","1,919","1,811","1,752","250","231","228","261","262","272","281","275","265","278","283","295","295","305","305","312","302","332","332","344","378","323","319","299","156","176","169","166","174","191","190","199","158","178","194","203","190","232","201","212","237","202","191","242","207","201","187","183","185","194","191","195","200","208","234","197","232","253","251","264","259","294","276","247","265","259","282","333","316","285","271","256","142","117","123","131","123","128","152","155","141","162","145","148","170","158","179","156","146","184","165","204","190","165","160","150","526","515","567","595","628","634","681","663","671","807","744","766","792","844","897","900","918","842","914","1,030","998","983","913","894","335","341","377","350","396","415","423","437","375","405","476","471","520","536","532","542","531","574","506","587","598","594","553","549","692","778","839","896","920","904","957","975","933","939","957","995","961","1,071","1,019","1,035","1,105","1,101","1,074","1,337","1,240","1,256","1,113","1,053","440","484","536","569","538","568","626","570","554","542","582","664","577","615","665","682","602","690","640","690","717","674","630","590","14","5","3","12","3","9","15","10","14","13","13","11","11","7","11","13","13","14","15","15","16","4","10","9","3","7","3","6","3","9","6","4","3","6","3","3","3","7","6","6","6","6","6","8","5","12","7","7","..t","..t","..t","..t","..t","..t","..t","..t","..t","..t","..t","..t","..t","..t","..t","..t","..t","..t","..t","..t","..t","..t","..t","..t","..t","..t","..t","..t","..t","..t","..t","..t","..t","..t","..t","..t","..t","..t","..t","..t","..t","..t","..t","..t","..t","..t","..t","..t","5","8","8","5","7","8","14","7","9","11","6","15","14","10","11","11","6","9","12","17","9","12","7","7","4","1","10","3","6","5","5","7","3","1","9","8","7","1","10","5","6","4","8","14","11","10","8","8","0","6","4","6","8","8","4","6","5","6","5","2","8","5","3","7","12","4","15","8","8","11","10","10","6","3","2","2","2","3","2","6","2","2","1","1","1","3","2","1","4","3","6","5","5","9","8","10"
"60 to 64 years","161","174","186","160","201","203","234","184","202","228","228","199","226","226","249","236","237","224","238","226","277","246","249","240","103","106","116","106","104","121","108","102","118","113","118","130","132","143","150","152","155","167","155","170","181","184","172","172","47","38","41","37","47","40","51","58","66","39","58","47","58","51","44","45","54","48","58","55","49","71","58","62","23","22","31","31","29","22","25","36","28","33","40","40","27","43","18","38","40","33","40","26","33","41","36","37","231","297","309","307","315","323","332","340","358","326","321","352","356","362","367","414","359","413","407","419","411","442","422","428","169","180","207","208","169","210","206","231","226","223","233","254","230","227","230","264","257","307","288","266","276","324","297","306","228","218","220","216","237","231","256","238","280","266","254","270","276","338","297","264","301","307","300","309","339","329","320","316","120","145","132","122","144","152","161","168","163","163","172","182","168","222","193","238","212","196","210","205","251","245","237","235","2,085","2,194","2,201","2,212","2,214","2,280","2,400","2,304","2,335","2,421","2,402","2,437","2,451","2,458","2,484","2,320","2,440","2,536","2,604","2,578","2,512","2,722","2,578","2,541","1,239","1,302","1,402","1,316","1,368","1,436","1,495","1,480","1,627","1,592","1,625","1,572","1,630","1,787","1,727","1,717","1,812","1,648","1,742","1,751","1,794","1,863","1,799","1,751","2,889","2,983","2,972","2,981","2,930","3,078","3,179","3,271","3,229","3,480","3,451","3,514","3,596","3,600","3,838","3,809","4,104","4,067","4,211","4,564","4,626","4,677","4,596","4,630","1,744","1,902","1,979","1,924","1,988","2,034","2,009","2,071","2,144","2,248","2,280","2,244","2,272","2,447","2,483","2,515","2,657","2,499","2,805","2,763","3,045","2,959","2,963","2,959","280","333","307","304","289","310","371","351","386","381","402","432","386","382","396","461","422","465","426","475","523","555","525","532","217","219","181","219","201","220","222","247","263","253","243","225","255","293","292","294","282","291","295","306","304","313","304","306","279","234","264","287","260","270","293","312","316","290","317","298","320","359","341","377","376","390","382","417","443","411","417","407","147","152","150","160","161","158","169","153","185","190","184","169","211","204","211","237","231","220","250","249","288","278","277","275","639","628","640","671","655","654","712","802","833","898","909","916","950","1,036","1,051","1,083","1,134","1,182","1,219","1,322","1,471","1,495","1,437","1,441","376","420","435","437","458","476","446","537","498","540","572","568","599","616","655","639","652","715","782","814","885","924","890","907","985","893","985","1,009","1,050","1,095","1,159","1,149","1,129","1,188","1,248","1,318","1,350","1,339","1,392","1,469","1,501","1,501","1,553","1,681","1,872","1,748","1,714","1,629","568","619","613","675","631","661","721","733","771","775","759","775","780","835","848","937","910","900","915","928","1,051","1,001","971","929","6","10","13","15","9","8","14","10","14","15","16","15","11","14","10","17","16","20","21","22","31","18","19","16","5","8","4","3","4","6","5","8","11","8","11","15","7","8","5","7","6","7","7","7","18","9","12","10","..t","..t","..t","..t","..t","..t","..t","..t","..t","..t","..t","..t","..t","..t","..t","..t","..t","..t","..t","..t","..t","..t","..t","..t","..t","..t","..t","..t","..t","..t","..t","..t","..t","..t","..t","..t","..t","..t","..t","..t","..t","..t","..t","..t","..t","..t","..t","..t","8","3","9","14","6","8","16","10","12","11","10","11","18","9","9","16","15","15","19","15","18","20","17","16","6","3","2","9","6","6","6","6","5","4","7","10","5","3","11","8","11","9","7","10","7","11","8","9","6","7","6","6","5","8","7","7","4","8","11","8","7","8","6","6","5","10","14","6","15","9","13","13","5","7","4","1","3","4","2","3","8","2","9","10","5","3","9","6","5","5","11","8","10","10","11","12"
"65 to 69 years","251","216","214","228","227","255","221","219","222","241","263","296","301","294","319","279","311","317","335","311","368","378","358","358","142","138","138","113","134","161","149","154","149","138","177","201","175","204","193","212","186","213","219","239","252","312","273","286","57","53","53","48","66","62","61","69","58","47","62","67","71","77","61","80","74","75","72","68","89","87","85","85","30","44","36","40","35","37","28","41","38","32","39","40","35","40","46","54","35","49","42","39","48","57","51","52","396","368","385","411","345","392","376","379","399","432","416","471","476","507","551","489","538","538","616","620","623","616","630","624","257","237","244","249","244","255","255","253","274","309","291","315","320","360","328","347","357","357","383","362","397","424","416","421","321","284","289","263","279","260","302","286","272","298","333","297","327","412","409","426","410","451","403","401","441","500","463","473","194","166","202","165","167","186","167","195","178","185","193","226","251","243","274","280","297","309","286","288","327","342","328","328","2,989","2,844","2,663","2,603","2,577","2,679","2,761","2,780","2,898","2,951","2,954","3,024","3,084","3,405","3,301","3,329","3,419","3,256","3,449","3,448","3,569","3,749","3,768","3,832","1,846","1,752","1,721","1,709","1,753","1,714","1,761","1,824","1,893","1,945","2,011","2,146","2,084","2,245","2,213","2,336","2,309","2,275","2,471","2,322","2,538","2,815","2,680","2,634","3,979","4,063","3,871","3,821","3,606","3,812","3,675","3,879","3,844","3,942","4,023","4,169","4,366","4,481","4,755","4,866","4,917","4,997","5,229","5,666","5,655","6,003","5,875","6,048","2,762","2,697","2,605","2,577","2,509","2,539","2,591","2,648","2,604","2,767","2,677","2,996","2,965","3,112","3,335","3,404","3,468","3,406","3,584","3,729","3,891","4,010","3,961","4,023","448","412","427","412","368","416","426","393","402","422","432","491","485","526","511","525","536","510","582","620","634","657","646","658","268","282","283","269","278","269","284","288","289","292","248","321","323","340","334","381","355","336","366","374","423","427","426","430","373","414","337","339","336","309","367","342","375","337","336","388","417","436","393","431","503","421","466","509","493","538","521","538","217","256","243","220","228","228","230","229","227","220","249","246","251","277","281","271","281","303","311","324","352","339","357","358","888","827","864","830","868","875","899","865","921","880","906","1,046","1,098","1,158","1,189","1,273","1,242","1,263","1,366","1,599","1,748","1,707","1,771","1,794","547","544","553","535","579","555","551","610","608","648","613","700","723","789","783","848","849","835","934","1,000","1,068","1,083","1,111","1,134","1,337","1,212","1,227","1,209","1,250","1,297","1,336","1,324","1,337","1,338","1,355","1,573","1,613","1,577","1,724","2,010","1,864","1,866","1,968","2,102","2,250","2,243","2,172","2,108","822","812","820","874","831","848","919","856","895","966","896","1,019","1,053","1,072","1,176","1,199","1,157","1,216","1,136","1,296","1,424","1,388","1,369","1,321","10","12","11","9","10","11","15","11","13","7","18","23","13","15","16","15","15","16","18","19","21","21","18","18","5","6","4","5","2","12","10","4","7","7","5","5","14","9","12","6","6","7","9","9","12","18","14","15","..t","..t","..t","..t","..t","..t","..t","..t","..t","..t","..t","..t","..t","..t","..t","..t","..t","..t","..t","..t","..t","..t","..t","..t","..t","..t","..t","..t","..t","..t","..t","..t","..t","..t","..t","..t","..t","..t","..t","..t","..t","..t","..t","..t","..t","..t","..t","..t","14","11","10","10","6","15","13","7","13","12","18","14","12","15","18","13","15","13","22","24","18","16","13","13","5","4","8","3","7","8","5","5","5","5","9","5","2","5","3","8","6","11","14","15","13","10","9","8","8","6","7","8","9","5","4","9","7","9","9","7","4","14","12","11","6","9","7","7","7","11","10","12","7","7","3","6","8","7","6","7","8","6","4","9","3","11","4","16","3","8","4","4","4","7","9","10"
"70 to 74 years","318","325","309","310","302","280","285","279","298","261","302","298","332","336","340","349","393","383","424","433","500","535","503","521","204","213","200","223","183","219","178","195","180","204","204","204","214","255","243","269","259","287","298","312","365","344","348","346","79","72","69","84","71","62","69","85","66","66","71","89","67","89","71","73","81","100","105","136","114","113","105","104","55","52","47","47","36","45","43","64","47","43","57","53","45","64","42","73","56","64","59","75","63","93","72","78","534","513","534","522","488","540","468","478","484","469","476","514","520","557","557","564","639","635","714","710","780","812","770","785","383","361","347","336","336","332","358","353","317","375","345","370","344","380","443","401","486","449","524","489","571","595","567","581","387","432","429","372","313","383","411","353","350","378","379","377","407","394","439","493","531","515","565","546","667","639","627","621","261","265","283","280","250","239","266","245","263","241","232","287","269","308","292","296","333","373","366","383","415","428","411","416","3,862","3,917","3,862","3,748","3,482","3,478","3,293","3,313","3,194","3,338","3,362","3,583","3,527","3,859","3,844","3,928","4,046","4,204","4,516","4,539","4,771","4,825","4,869","4,881","2,827","2,683","2,754","2,617","2,502","2,462","2,444","2,471","2,249","2,488","2,427","2,439","2,527","2,770","2,800","2,962","3,079","3,145","3,302","3,246","3,525","3,629","3,667","3,643","5,653","5,708","5,599","5,379","5,002","5,062","4,966","4,791","4,707","4,735","4,645","4,864","5,110","5,059","5,203","5,439","6,017","5,901","6,477","6,790","7,244","7,286","7,037","7,140","3,985","3,941","3,930","3,927","3,755","3,730","3,537","3,611","3,594","3,501","3,304","3,658","3,689","3,838","3,952","4,201","4,435","4,503","4,691","5,016","5,108","5,316","5,089","5,223","583","589","587","568","549","551","538","556","470","490","475","499","535","570","577","578","638","703","680","751","841","802","808","820","406","408","393","412","387","392","359","334","344","364","367","364","372","372","388","426","479","417","482","542","569","529","539","544","537","525","561","536","483","451","490","455","462","409","413","425","443","444","472","494","509","488","522","588","660","611","655","669","325","312","348","323","309","330","346","305","319","317","327","332","322","332","318","338","340","351","387","423","445","462","459","483","1,186","1,148","1,142","1,161","1,136","1,132","1,096","1,125","1,082","1,125","1,059","1,155","1,140","1,199","1,233","1,295","1,530","1,442","1,532","1,740","1,990","1,932","1,978","2,048","745","766","802","779","826","787","786","760","754","827","820","835","893","886","839","932","1,027","995","1,141","1,239","1,365","1,379","1,388","1,451","1,846","1,827","1,902","1,813","1,713","1,748","1,670","1,588","1,596","1,610","1,649","1,636","1,777","1,981","1,864","2,049","2,220","2,199","2,342","2,618","2,817","2,832","2,682","2,626","1,209","1,256","1,260","1,201","1,178","1,149","1,200","1,104","1,158","1,136","1,183","1,146","1,228","1,336","1,371","1,429","1,500","1,551","1,592","1,769","1,934","1,866","1,825","1,785","19","12","12","13","15","16","11","6","23","14","17","14","16","17","20","21","21","23","24","25","35","14","21","16","6","3","3","6","4","5","6","6","15","7","9","10","10","13","9","14","14","15","16","17","20","14","15","14","..t","..t","..t","..t","..t","..t","..t","..t","..t","..t","..t","..t","..t","..t","..t","..t","..t","..t","..t","..t","..t","..t","..t","..t","..t","..t","..t","..t","..t","..t","..t","..t","..t","..t","..t","..t","..t","..t","..t","..t","..t","..t","..t","..t","..t","..t","..t","..t","7","12","10","8","15","10","6","12","11","6","8","16","10","8","12","16","15","20","19","27","22","29","22","24","7","9","7","7","7","6","5","9","9","9","4","10","10","7","8","7","15","9","8","12","12","12","10","10","6","6","2","6","6","4","6","10","9","7","9","7","9","2","13","11","6","8","8","12","13","9","13","11","7","4","3","5","6","4","6","3","6","6","7","4","4","6","8","4","14","12","5","5","8","5","8","8"
"75 to 79 years","362","349","357","373","339","401","363","342","354","378","329","324","359","366","369","386","382","373","413","419","522","537","558","574","287","291","270","292","305","302","305","277","271","287","271","274","285","379","287","306","304","300","323","325","419","409","438","452","100","98","94","78","76","69","86","89","87","93","96","81","93","93","74","90","106","102","87","108","118","138","139","145","61","77","73","65","78","70","63","73","64","64","66","64","67","75","59","57","73","72","84","65","90","104","104","107","650","586","619","604","593","630","606","591","611","580","599","605","595","621","612","620","714","728","698","743","800","899","910","954","538","568","542","516","533","515","481","448","488","488","481","455","476","525","498","483","553","582","572","590","649","743","745","787","494","499","495","490","427","441","437","462","448","388","426","436","434","481","483","494","556","567","529","612","690","719","738","764","409","400","422","406","381","397","377","390","368","351","353","352","357","418","305","382","396","411","406","437","505","604","587","630","4,435","4,486","4,650","4,516","4,121","4,490","4,397","4,296","4,284","4,313","4,104","4,180","4,065","4,327","4,285","4,221","4,434","4,768","5,002","5,218","5,622","6,021","6,137","6,335","3,952","3,787","3,850","3,746","3,559","3,725","3,638","3,707","3,478","3,580","3,364","3,464","3,161","3,400","3,345","3,621","3,629","3,734","4,068","3,952","4,317","4,966","5,028","5,183","6,764","6,817","6,873","6,730","6,574","6,725","6,566","6,573","6,348","6,286","6,138","6,044","6,059","6,174","5,922","6,268","6,629","6,673","7,084","7,588","7,930","8,247","8,530","8,794","5,915","5,919","5,861","5,721","5,604","5,509","5,370","5,227","5,105","5,307","4,929","4,938","4,890","5,013","4,995","5,065","5,375","5,263","5,664","5,912","6,223","6,604","6,757","7,051","786","720","730","758","670","685","668","630","685","689","609","586","626","626","629","636","644","653","682","741","841","888","905","941","595","647","594","556","570","548","553","546","517","513","487","492","444","519","499","490","533","495","571","606","658","660","699","725","694","692","667","662","633","659","654","627","600","599","583","585","581","602","496","529","547","553","547","668","656","739","730","780","513","497","521","515","467","492","450","469","470","465","410","405","455","425","408","456","435","449","412","470","499","558","549","587","1,316","1,326","1,308","1,416","1,430","1,418","1,477","1,486","1,435","1,372","1,405","1,404","1,348","1,425","1,437","1,517","1,434","1,527","1,614","1,774","1,933","2,079","2,145","2,256","1,139","1,063","1,096","1,060","1,101","1,081","1,114","1,134","1,082","1,015","1,042","1,081","1,059","1,111","1,151","1,145","1,189","1,232","1,312","1,351","1,526","1,625","1,688","1,789","2,334","2,306","2,239","2,346","2,255","2,304","2,371","2,278","2,168","2,199","2,162","2,091","2,195","2,165","2,140","2,370","2,397","2,454","2,529","2,867","3,014","3,155","3,168","3,184","1,919","1,909","1,941","1,847","1,820","1,701","1,735","1,662","1,678","1,635","1,580","1,614","1,591","1,684","1,694","1,793","1,775","1,891","1,940","2,147","2,288","2,298","2,370","2,367","9","11","8","8","13","16","11","18","2","15","14","10","15","12","10","16","14","16","17","18","28","28","27","28","8","5","8","5","10","8","14","10","12","8","7","4","8","7","7","11","10","12","12","13","18","19","19","19","..t","..t","..t","..t","..t","..t","..t","..t","..t","..t","..t","..t","..t","..t","..t","..t","..t","..t","..t","..t","..t","..t","..t","..t","..t","..t","..t","..t","..t","..t","..t","..t","..t","..t","..t","..t","..t","..t","..t","..t","..t","..t","..t","..t","..t","..t","..t","..t","9","13","8","9","13","7","8","16","17","14","16","10","10","12","14","10","13","14","14","17","21","22","17","17","6","12","7","9","5","10","8","7","6","8","10","8","6","11","11","13","8","11","11","7","9","18","11","13","3","3","9","8","10","8","6","10","6","4","5","8","6","6","7","9","5","4","11","10","5","8","9","8","4","3","6","4","1","3","3","4","5","8","10","5","8","7","6","9","6","14","5","9","6","13","10","12"
"80 to 84 years","340","386","353","394","351","385","341","350","368","367","389","372","383","418","396","394","397","432","423","447","511","492","513","533","368","378","359","371","329","379","373","345","379","360","336","367","347","416","379","368","363","381","393","383","492","424","460","457","100","89","97","91","100","93","82","95","108","84","102","95","113","106","94","107","127","111","119","102","127","132","124","132","94","125","103","88","88","94","94","103","88","86","88","90","85","117","66","81","106","79","101","97","106","115","109","113","612","613","674","674","645","620","642","604","605","642","638","706","644","693","620","716","709","683","751","744","881","851","899","913","757","721","737","746","651","696","642","640","640","665","675","636","602","707","662","700","641","705","681","671","768","786","799","819","528","488","499","506","487","497","519","509","474","465","518","480","473","504","541","516","547","561","537","560","641","714","697","728","523","521","547","559","549","515","534","505","496","528","484","471","498","566","500","548","490","532","532","520","585","616","604","617","3,814","3,988","4,234","4,323","4,044","4,473","4,448","4,552","4,710","4,926","4,861","5,028","4,844","5,225","4,934","4,942","5,055","4,945","5,476","5,242","5,695","5,956","6,354","6,528","4,565","4,622","4,857","5,013","4,607","4,989","4,791","4,887","4,996","5,010","4,961","5,199","4,955","5,202","4,876","4,704","4,867","4,809","5,135","4,718","5,263","5,618","5,791","6,155","6,032","6,346","6,878","7,067","6,981","7,240","7,358","7,499","7,310","7,610","7,162","7,608","7,625","7,641","7,448","7,792","7,863","7,763","8,147","8,467","8,627","8,887","8,938","9,236","6,631","7,084","7,293","7,951","7,516","7,843","7,652","7,597","7,351","7,464","6,982","7,230","7,105","7,256","6,911","7,039","7,276","7,149","7,367","7,503","7,807","8,150","8,019","8,238","725","771","808","811","830","837","823","727","772","731","755","773","782","781","699","757","761","687","762","793","820","826","835","862","819","807","864","862","789","789","815","787","735","789","724","715","690","776","684","676","691","699","685","674","678","746","722","753","808","773","743","745","767","745","737","691","768","744","689","737","680","660","764","678","662","657","685","681","692","684","702","715","666","738","733","688","704","711","717","699","634","707","626","643","635","630","582","593","603","605","554","617","628","639","626","643","1,295","1,316","1,363","1,509","1,479","1,470","1,530","1,560","1,606","1,639","1,625","1,668","1,700","1,785","1,686","1,729","1,726","1,713","1,811","1,996","2,047","2,094","2,125","2,240","1,348","1,385","1,469","1,456","1,437","1,463","1,489","1,485","1,439","1,529","1,443","1,632","1,499","1,590","1,487","1,547","1,466","1,503","1,612","1,672","1,794","1,862","1,854","1,936","2,227","2,279","2,506","2,513","2,476","2,513","2,614","2,638","2,532","2,589","2,663","2,682","2,665","2,688","2,815","2,880","2,860","2,853","2,852","3,117","3,371","3,355","3,376","3,382","2,460","2,425","2,599","2,653","2,689","2,614","2,619","2,502","2,440","2,327","2,402","2,354","2,369","2,412","2,350","2,396","2,299","2,350","2,367","2,656","2,803","2,809","2,785","2,789","2","9","5","8","11","12","11","13","14","9","19","16","6","21","7","9","9","10","11","11","26","27","22","25","7","9","9","7","10","8","7","7","10","9","7","7","13","10","14","19","19","21","22","23","20","15","18","18","..t","..t","..t","..t","..t","..t","..t","..t","..t","..t","..t","..t","..t","..t","..t","..t","..t","..t","..t","..t","..t","..t","..t","..t","..t","..t","..t","..t","..t","..t","..t","..t","..t","..t","..t","..t","..t","..t","..t","..t","..t","..t","..t","..t","..t","..t","..t","..t","6","11","8","7","15","10","9","9","12","16","7","8","7","14","14","12","11","14","8","12","14","16","13","15","3","4","6","4","5","5","8","10","6","6","3","15","14","15","16","18","14","7","11","15","11","15","11","12","2","2","3","4","5","7","4","1","5","3","2","4","9","6","5","6","6","7","9","7","7","11","9","11","2","3","0","5","0","5","0","1","4","7","2","9","5","2","8","5","10","6","7","2","7","6","7","7"
"85 to 89 years","250","235","262","269","266","281","268","289","261","303","289","301","302","333","316","326","334","327","361","342","356","416","384","413","318","348","335","344","332","402","426","380","376","402","390","389","400","466","390","406","438","425","423","393","435","455","451","476","64","71","77","70","70","84","66","90","83","64","97","90","74","80","98","93","100","95","103","94","122","118","118","113","128","112","125","125","109","114","122","123","114","128","112","115","117","120","97","100","104","121","117","127","139","110","119","114","473","481","501","512","505","495","499","522","523","611","526","534","543","584","565","621","674","686","621","678","768","736","776","788","711","748","722","789","685","815","802","764","777","803","761","777","769","819","754","806","810","803","810","808","877","854","853","860","350","392","419","354","391","383","433","407","444","453","463","456","452","489","477","499","478","514","548","541","604","550","578","588","530","573","593","552","535","601","621","626","621","647","565","616","650","679","578","603","665","591","609","595","717","680","665","672","2,714","2,783","2,902","2,921","2,791","3,084","3,293","3,461","3,622","3,846","3,958","4,215","4,190","4,674","4,517","4,925","5,219","5,119","5,694","5,362","5,619","5,692","5,924","5,765","4,723","4,722","4,848","4,815","4,579","4,887","5,029","5,341","5,531","5,907","5,724","6,125","5,926","6,361","5,843","6,186","6,560","6,418","6,863","6,189","6,524","6,792","6,870","6,834","4,527","4,781","4,707","4,693","4,975","5,348","5,680","5,970","6,143","6,702","6,366","6,766","7,034","7,517","7,383","7,902","8,141","8,166","8,649","8,589","9,018","9,031","8,993","9,190","7,004","7,152","7,149","7,198","7,152","7,573","8,355","8,292","8,488","9,120","8,807","8,996","9,053","9,258","8,817","9,050","9,412","9,161","9,601","9,358","9,766","9,928","9,662","9,887","662","647","648","606","566","670","672","674","751","703","675","694","750","808","720","771","777","718","719","783","833","792","810","816","885","921","934","957","940","916","927","970","1,002","1,068","1,039","962","944","942","902","909","883","854","893","854","891","862","844","856","655","667","679","673","676","608","711","680","674","700","748","703","753","689","736","715","659","724","735","732","782","720","729","736","778","859","906","856","873","926","917","861","838","847","853","857","848","857","779","807","748","730","787","809","820","738","748","723","1,037","1,057","1,104","1,118","1,135","1,211","1,259","1,327","1,329","1,407","1,352","1,537","1,522","1,565","1,642","1,745","1,819","1,754","1,948","2,024","2,126","2,063","2,062","2,079","1,449","1,482","1,553","1,536","1,518","1,644","1,749","1,823","1,775","1,753","1,851","1,859","1,798","1,931","1,786","1,935","1,947","1,951","1,934","2,091","2,134","2,198","2,113","2,161","1,840","1,918","1,880","1,926","1,944","2,226","2,235","2,362","2,386","2,456","2,450","2,505","2,535","2,764","2,828","2,976","3,065","3,047","3,108","3,235","3,427","3,427","3,322","3,294","2,654","2,631","2,758","2,717","2,771","2,896","3,104","3,034","3,056","3,135","3,088","3,063","2,948","3,121","3,060","3,241","3,219","3,126","3,122","3,223","3,297","3,320","3,216","3,206","7","6","6","4","3","10","0","5","10","9","7","10","7","9","15","11","11","11","11","13","8","16","13","16","3","5","2","5","9","8","6","13","7","7","10","10","10","4","8","13","13","14","14","22","19","16","16","16","..t","..t","..t","..t","..t","..t","..t","..t","..t","..t","..t","..t","..t","..t","..t","..t","..t","..t","..t","..t","..t","..t","..t","..t","..t","..t","..t","..t","..t","..t","..t","..t","..t","..t","..t","..t","..t","..t","..t","..t","..t","..t","..t","..t","..t","..t","..t","..t","3","6","5","4","12","9","7","4","3","4","6","7","3","4","13","12","13","10","9","15","16","11","21","18","3","8","11","5","3","2","8","7","4","12","10","7","14","5","6","13","15","8","6","12","17","7","12","12","0","3","3","3","3","1","2","2","1","2","1","4","0","1","0","2","3","2","1","2","6","2","5","4","2","3","0","2","1","0","1","1","0","4","4","1","5","4","6","5","1","4","3","4","5","2","5","3"
"90 to 94 years","107","125","133","138","135","122","122","124","116","133","133","170","153","177","151","197","170","155","173","186","215","200","223","231","197","217","212","259","252","271","265","274","298","278","323","301","305","309","301","326","291","306","299","304","359","350","330","331","40","51","45","44","34","40","38","36","30","53","40","47","49","56","49","49","55","57","70","54","49","82","64","76","84","95","97","69","91","104","101","90","81","89","91","101","112","113","88","96","120","96","122","96","127","116","119","115","220","246","234","279","272","305","305","289","294","326","325","337","324","404","348","402","369","369","372","405","433","433","444","458","494","510","591","569","582","611","615","602","630","658","608","689","742","757","690","710","696","741","659","659","697","793","747","766","173","154","240","226","178","211","232","224","218","229","237","254","279","343","258","338","325","324","294","296","398","361","384","364","376","392","415","430","420","422","466","426","458","537","485","548","509","605","535","602","588","551","569","530","634","618","588","592","1,279","1,252","1,297","1,371","1,350","1,516","1,478","1,627","1,727","1,798","1,914","2,165","2,182","2,585","2,511","2,763","3,065","3,153","3,474","3,443","3,760","3,981","4,006","4,120","3,052","3,220","3,478","3,468","3,233","3,779","3,664","3,893","3,841","4,346","4,137","4,738","4,837","5,368","4,842","5,535","5,679","5,671","6,399","5,765","6,133","6,673","6,706","6,701","2,086","2,195","2,413","2,444","2,504","2,839","2,774","2,917","2,831","3,160","3,351","3,914","4,118","4,525","4,513","5,039","5,291","5,393","5,692","6,087","6,434","6,518","6,531","6,699","4,779","4,924","5,106","5,469","5,409","5,779","5,784","5,817","5,869","6,288","6,474","7,208","7,557","8,386","7,965","8,650","9,049","8,785","9,356","9,313","9,515","9,756","9,367","9,422","341","352","348","369","341","405","383","408","385","399","423","456","478","477","501","494","535","485","541","533","595","591","557","567","663","705","707","739","682","766","766","714","740","814","821","838","876","963","882","928","923","899","873","902","917","945","880","850","325","329","425","368","407","401","427","398","405","410","413","453","451","460","434","484","495","534","527","505","594","587","555","543","639","676","695","644","715","778","734","719","680","878","782","830","817","763","799","807","794","760","782","800","892","846","845","840","461","511","552","585","632","620","665","703","651","722","810","834","906","987","1,000","1,019","1,249","1,163","1,225","1,449","1,541","1,479","1,535","1,547","990","1,013","1,128","1,097","1,177","1,230","1,350","1,269","1,334","1,454","1,451","1,551","1,573","1,707","1,678","1,749","1,903","1,816","1,882","2,074","2,138","2,117","2,092","2,117","884","887","946","1,100","1,124","1,144","1,249","1,242","1,252","1,320","1,458","1,542","1,597","1,777","1,802","1,989","1,917","1,918","2,097","2,266","2,497","2,491","2,451","2,432","1,748","1,772","1,992","2,009","2,058","2,227","2,224","2,277","2,192","2,399","2,551","2,650","2,764","2,894","3,001","3,155","3,023","3,023","3,100","3,057","3,237","3,258","3,114","3,035","1","4","4","1","3","4","4","5","2","3","8","2","2","6","6","3","4","3","3","5","2","10","10","8","8","0","5","9","7","6","11","9","6","5","5","6","4","10","10","12","11","12","13","9","6","15","11","16","..t","..t","..t","..t","..t","..t","..t","..t","..t","..t","..t","..t","..t","..t","..t","..t","..t","..t","..t","..t","..t","..t","..t","..t","..t","..t","..t","..t","..t","..t","..t","..t","..t","..t","..t","..t","..t","..t","..t","..t","..t","..t","..t","..t","..t","..t","..t","..t","9","0","4","0","3","2","4","2","3","2","2","2","7","6","5","4","5","7","3","1","10","8","10","4","3","5","5","3","3","6","7","5","5","3","2","4","7","9","8","8","3","7","11","1","4","8","7","8","0","0","2","0","1","2","0","3","0","0","0","2","1","1","0","0","1","2","1","1","2","1","1","1","0","0","0","0","1","2","0","1","2","1","0","0","1","0","0","0","2","0","1","2","2","1","2","5"
"95 to 99 years","22","19","25","23","23","28","29","27","22","16","28","36","24","35","29","46","51","45","47","58","64","52","41","44","58","61","72","76","91","85","108","108","100","97","109","117","101","141","121","136","131","132","124","142","158","148","128","134","16","12","14","15","8","13","12","16","14","14","11","14","17","13","13","13","18","13","19","9","28","25","20","19","31","19","41","34","39","28","48","44","40","52","43","50","54","72","50","59","55","53","54","68","55","53","50","49","53","56","71","68","65","68","67","72","84","80","92","97","97","122","118","123","155","116","140","119","131","177","110","117","201","209","219","218","219","228","250","254","260","292","291","360","310","391","325","361","376","408","365","349","385","363","333","338","50","56","48","49","54","53","61","62","70","66","71","81","71","100","93","106","106","106","110","94","118","116","101","114","128","152","181","157","184","187","194","183","195","255","215","203","214","275","246","282","288","305","319","263","345","321","288","282","297","319","344","343","371","394","374","408","440","523","545","520","568","598","643","695","810","891","1,039","1,012","1,114","1,169","1,239","1,247","1,175","1,206","1,373","1,344","1,326","1,503","1,379","1,563","1,654","1,889","1,868","1,981","2,066","2,240","2,105","2,435","2,854","2,799","3,149","2,983","3,141","3,357","3,549","3,492","550","550","610","605","607","737","740","808","800","1,014","951","1,065","1,086","1,077","1,187","1,439","1,658","1,763","1,997","1,957","2,179","2,293","2,362","2,425","1,903","2,010","2,154","2,252","2,146","2,250","2,419","2,561","2,630","2,808","2,860","2,999","3,052","3,278","3,285","3,868","4,381","4,515","4,946","4,945","5,319","5,581","5,593","5,761","99","87","100","95","89","98","99","116","100","132","141","122","125","153","138","167","190","177","189","176","242","187","200","189","288","263","320","313","323","302","292","383","322","446","375","413","406","454","393","481","488","500","510","545","550","503","503","521","111","92","118","114","114","136","125","124","99","121","143","171","145","148","144","140","183","166","174","189","198","204","203","205","251","257","298","258","298","306","350","386","361","404","378","430","430","429","447","421","411","443","455","484","482","543","453","447","155","176","157","150","135","164","193","174","195","244","238","224","236","259","283","331","341","360","425","443","461","443","460","486","385","425","455","448","469","510","484","561","626","612","642","717","712","760","759","832","953","947","949","1,051","1,109","1,103","1,072","1,110","217","222","259","284","310","313","323","327","397","416","432","460","427","461","564","654","618","702","759","744","867","832","875","886","599","696","729","737","785","871","930","987","975","1,071","1,196","1,212","1,165","1,323","1,300","1,552","1,604","1,662","1,725","1,755","1,852","1,918","1,792","1,831","0","0","2","0","0","3","2","1","1","2","0","0","1","1","0","1","0","1","1","1","0","2","4","6","2","1","1","1","0","0","0","2","0","2","2","2","0","2","2","1","1","1","1","1","1","6","4","6","..t","..t","..t","..t","..t","..t","..t","..t","..t","..t","..t","..t","..t","..t","..t","..t","..t","..t","..t","..t","..t","..t","..t","..t","..t","..t","..t","..t","..t","..t","..t","..t","..t","..t","..t","..t","..t","..t","..t","..t","..t","..t","..t","..t","..t","..t","..t","..t","2","0","0","1","0","1","1","1","2","0","1","0","2","2","3","4","0","2","0","0","1","1","0","5","2","4","2","2","0","0","2","1","0","1","5","4","1","0","1","2","6","1","3","2","7","2","3","6","0","0","0","0","0","0","0","0","0","0","0","0","0","0","1","0","0","0","0","0","0","0","0","0","0","0","0","0","0","0","1","0","2","0","0","0","0","0","0","1","0","0","0","0","0","0","0","1"
"100 years and older","4","5","3","3","1","1","2","6","3","6","6","7","2","3","2","5","10","5","8","6","2","6","7","6","12","15","19","19","9","16","19","11","13","17","12","23","25","16","29","36","22","33","23","41","31","43","36","35","1","3","2","0","0","1","4","1","0","4","0","0","3","0","0","2","4","2","3","2","7","1","3","4","11","11","12","4","4","8","12","12","13","10","5","8","9","16","10","6","14","4","8","17","12","16","17","20","5","6","9","8","9","7","11","8","16","16","12","9","20","17","12","15","15","24","18","19","24","22","22","19","45","40","60","60","49","60","47","55","64","51","57","76","70","89","76","82","87","82","87","90","97","106","101","102","11","11","7","10","5","2","4","9","6","8","9","7","6","10","10","12","17","14","18","11","15","16","11","11","39","54","40","40","38","55","40","45","37","43","45","54","71","70","55","72","75","65","76","67","79","66","82","85","53","40","33","51","32","34","43","47","52","74","58","85","70","88","83","87","104","127","108","127","124","154","166","190","215","213","243","284","262","267","266","325","353","430","403","454","461","496","478","533","570","607","712","606","651","796","835","865","64","66","59","79","79","102","84","116","89","112","91","129","162","156","183","175","222","219","204","239","290","329","315","325","347","422","393","429","462","488","489","506","522","581","595","666","665","765","755","889","936","916","1,037","1,068","1,186","1,392","1,260","1,364","14","18","20","15","16","22","12","8","21","16","12","20","17","30","7","29","30","29","23","24","45","27","31","32","60","74","62","66","60","82","72","88","77","88","98","108","99","118","104","129","116","121","134","113","151","112","164","166","17","19","16","22","13","22","24","12","27","12","21","24","22","24","27","28","24","22","21","24","33","17","33","33","43","56","55","42","50","70","70","57","73","87","83","100","91","95","118","114","128","124","104","159","158","137","135","141","16","16","20","15","19","19","20","26","42","29","35","24","34","45","22","42","59","42","46","64","77","66","65","68","75","74","91","90","113","100","107","104","122","128","148","142","156","187","171","188","205","189","263","256","267","286","280","301","29","31","27","43","37","46","43","41","58","58","66","64","52","72","86","108","83","109","101","124","162","121","128","133","129","140","158","164","162","176","174","173","193","205","200","255","270","296","316","350","342","365","371","433","481","515","456","483","0","0","0","0","0","0","0","0","0","1","0","1","1","0","0","0","0","0","0","0","0","0","0","0","0","0","0","1","1","1","0","0","0","1","0","0","0","0","0","0","0","0","0","0","0","0","0","0","..t","..t","..t","..t","..t","..t","..t","..t","..t","..t","..t","..t","..t","..t","..t","..t","..t","..t","..t","..t","..t","..t","..t","..t","..t","..t","..t","..t","..t","..t","..t","..t","..t","..t","..t","..t","..t","..t","..t","..t","..t","..t","..t","..t","..t","..t","..t","..t","0","1","0","0","0","0","0","0","0","0","0","0","0","0","0","1","0","0","0","0","0","0","0","0","2","1","1","0","1","0","0","0","0","0","0","0","0","0","0","0","0","0","1","0","1","0","1","0","0","0","0","0","0","0","0","0","0","0","0","0","0","0","0","0","0","0","0","0","0","0","0","0","0","0","0","0","0","0","0","0","0","0","0","0","0","0","0","0","0","0","0","0","0","0","0","0"
"-1 to 14 years","30","29","21","22","23","25","21","31","20","26","23","22","26","12","15","19","18","18","21","15","13","11","15","14","14","20","9","21","21","19","26","15","17","17","14","13","15","10","11","18","11","12","11","13","11","15","15","17","4","7","6","3","3","9","3","7","2","5","3","5","3","4","3","5","1","3","0","4","2","2","2","2","2","3","5","2","1","4","4","3","2","2","6","4","1","3","6","1","5","5","5","6","5","4","5","5","35","48","40","33","33","19","26","24","26","43","29","22","21","37","28","33","16","25","22","23","38","27","38","36","29","28","28","30","22","27","28","20","25","24","28","20","21","25","20","27","21","28","26","28","18","27","27","28","21","34","32","29","23","34","29","32","26","32","22","30","18","23","22","15","22","18","22","23","26","16","24","25","21","23","24","16","28","22","18","28","24","13","15","19","22","13","26","15","18","13","15","22","25","16","23","22","301","295","272","304","329","332","287","311","288","310","318","299","281","292","287","276","263","279","265","245","291","292","318","261","241","234","213","228","221","268","216","240","257","259","229","302","248","235","252","216","221","180","231","185","216","240","231","215","581","552","551","600","576","531","588","553","519","542","513","481","523","449","496","505","477","493","473","477","451","475","453","465","449","474","436","490","424","429","435","425","410","404","400","435","399","374","409","430","403","393","382","318","414","416","405","409","83","113","67","86","78","87","94","86","70","99","75","75","81","99","85","95","89","77","83","83","81","102","89","97","58","54","65","70","66","81","67","69","67","54","82","66","62","71","64","64","81","78","67","65","67","88","75","82","72","82","64","71","73","60","76","71","75","77","79","71","92","73","71","84","61","69","89","71","63","77","71","74","46","49","39","61","46","71","57","59","54","81","55","56","76","50","56","67","58","62","62","64","48","50","52","53","196","214","193","215","240","197","222","221","207","212","206","200","185","210","191","199","200","215","185","199","201","195","192","197","164","173","123","173","163","155","190","183","185","178","149","179","189","191","175","157","172","150","144","148","159","184","169","181","179","164","133","145","138","145","162","126","135","133","133","116","135","135","101","103","129","131","124","110","128","133","125","125","113","120","139","103","117","122","114","105","114","98","101","117","103","105","135","108","116","116","87","94","117","116","115","109","5","4","1","1","1","2","3","2","4","1","3","0","2","0","2","2","2","2","2","2","5","3","2","2","2","1","0","4","3","1","1","0","2","0","1","1","1","1","1","2","2","3","3","3","3","0","2","1","..t","..t","..t","..t","..t","..t","..t","..t","..t","..t","..t","..t","..t","..t","..t","..t","..t","..t","..t","..t","..t","..t","..t","..t","..t","..t","..t","..t","..t","..t","..t","..t","..t","..t","..t","..t","..t","..t","..t","..t","..t","..t","..t","..t","..t","..t","..t","..t","4","5","1","1","4","7","5","6","6","2","1","6","2","3","5","4","4","1","2","2","1","2","2","2","5","3","3","1","2","6","2","6","5","1","3","5","2","2","1","2","2","1","2","4","4","0","2","1","11","7","21","11","10","14","13","17","12","18","18","13","14","10","16","5","16","18","11","9","13","14","14","15","9","10","8","8","12","6","10","4","7","8","9","12","9","5","9","10","10","14","5","6","11","14","12","11"
"-1 to 15 years","30","29","22","26","25","26","26","34","22","28","26","23","29","13","15","20","19","18","22","15","13","11","16","15","16","21","11","23","22","19","27","15","18","17","14","13","15","10","12","18","11","12","12","14","11","16","16","18","5","8","7","4","4","10","3","7","2","6","3","5","5","5","3","5","1","3","0","4","2","2","2","2","3","3","5","2","2","5","4","3","2","2","6","4","1","3","6","1","5","5","5","6","5","4","5","5","38","48","42","36","37","20","27","25","27","46","30","22","24","39","28","34","17","27","24","24","40","29","40","38","30","28","30","31","25","28","31","22","26","27","28","20","23","25","22","28","22","29","26","28","20","27","29","29","22","36","33","29","25","37","34","35","29","33","24","31","19","24","26","17","24","20","22","25","27","18","26","27","24","23","26","16","29","24","19","31","26","13","16","20","23","13","26","17","18","14","16","23","26","17","24","23","319","312","283","325","347","349","302","324","299","320","334","307","289","305","298","286","274","288","273","252","303","301","327","277","255","245","225","237","234","282","226","244","269","264","236","307","257","236","256","221","224","183","233","193","224","242","237","219","606","580","570","629","607","554","610","578","551","554","535","496","543","467","509","523","505","514","495","496","467","499","473","487","467","493","451","508","442","445","453","440","425","418","411","445","419","383","417","441","412","401","394","328","432","421","417","417","86","118","72","96","89","90","100","87","78","104","82","78","85","101","89","99","92","79","87","89","89","109","97","105","61","58","70","72","67","83","68","75","73","61","84","71","67","74","66","67","85","84","72","68","69","93","79","87","77","86","68","75","79","64","82","76","85","82","81","75","96","79","77","87","68","73","92","78","70","83","78","81","50","52","44","65","48","75","60","66","57","82","58","57","77","54","59","71","63","65","68","68","50","54","55","57","209","226","203","231","253","203","229","231","211","223","220","204","194","221","201","207","209","219","196","207","212","204","202","207","167","180","130","179","178","160","195","187","190","186","153","186","202","195","183","161","177","157","153","153","165","193","177","190","188","179","141","155","148","155","170","135","139","138","146","120","144","141","108","112","147","135","129","116","134","140","131","131","116","130","144","105","121","128","121","113","121","102","105","120","107","107","138","113","120","117","94","98","125","126","124","118","5","4","1","1","1","3","3","2","4","1","3","0","2","0","2","2","2","2","2","2","5","3","2","2","2","1","0","4","3","1","1","0","2","0","1","2","1","2","1","2","2","3","3","3","3","0","2","1","..t","..t","..t","..t","..t","..t","..t","..t","..t","..t","..t","..t","..t","..t","..t","..t","..t","..t","..t","..t","..t","..t","..t","..t","..t","..t","..t","..t","..t","..t","..t","..t","..t","..t","..t","..t","..t","..t","..t","..t","..t","..t","..t","..t","..t","..t","..t","..t","5","6","2","1","4","7","6","6","6","3","1","6","3","3","5","4","4","1","2","2","1","2","2","2","5","3","3","1","2","6","3","7","5","1","3","5","2","2","1","2","2","1","2","4","4","0","2","1","14","9","21","12","11","14","13","17","13","19","19","14","15","10","18","5","17","19","12","10","14","15","15","16","11","10","8","10","13","6","10","5","7","8","9","14","9","6","9","10","10","16","5","7","11","14","12","11"
"-1 to 16 years","31","32","26","32","26","28","28","36","24","31","32","24","30","13","17","20","20","19","22","16","14","12","17","16","16","21","13","26","24","19","28","15","20","17","16","14","17","11","15","19","12","12","12","15","12","17","17","19","6","9","7","4","6","10","3","7","2","7","3","5","5","5","3","5","1","3","0","4","2","2","2","2","3","3","5","3","3","7","4","3","2","3","7","4","1","3","6","1","5","6","5","6","5","4","5","5","40","50","48","43","41","22","31","26","29","49","33","24","29","40","33","38","20","27","26","28","41","30","41","39","34","30","30","34","25","31","31","24","26","30","33","22","25","25","24","29","24","31","29","30","21","29","31","31","29","39","39","33","28","42","46","35","31","35","28","32","19","27","28","17","24","23","26","28","28","19","27","28","25","24","26","18","30","25","22","32","28","14","17","21","25","14","28","19","19","17","16","23","27","20","26","26","342","340","307","356","370","372","312","347","316","342","351","324","301","316","312","296","287","299","278","261","316","310","337","289","273","257","237","248","243","290","236","263","273","276","241","316","269","244","261","225","232","190","237","200","231","249","241","224","639","622","615","669","649","584","654","621","602","579","570","525","562","494","526","539","537","539","522","518","497","530","503","518","491","520","472","519","461","461","469","452","439","438","426","462","426","396","429","454","425","417","409","342","446","433","430","430","102","122","75","102","94","94","110","94","81","112","90","83","87","105","91","102","99","85","93","96","98","117","105","113","63","60","74","76","71","85","70","77","77","65","87","78","73","78","66","68","85","86","76","71","72","95","82","90","82","94","73","81","87","72","90","82","90","90","84","80","109","87","81","93","75","78","96","86","77","88","84","87","55","59","51","71","53","78","67","71","59","84","63","61","80","58","61","74","67","69","72","69","54","60","60","63","229","240","227","240","268","219","239","247","218","236","238","214","206","231","214","218","225","225","205","220","227","218","217","222","171","193","134","182","186","169","201","195","195","191","158","191","210","201","186","169","187","162","158","158","179","200","188","200","205","198","146","168","165","166","175","144","153","150","156","126","157","151","116","121","160","143","136","129","146","155","144","145","126","137","155","111","130","139","130","121","126","109","108","131","113","112","138","117","125","128","102","102","129","133","129","124","5","4","2","1","1","3","3","2","4","1","3","0","2","1","2","2","2","2","2","2","5","3","2","2","2","1","0","4","3","1","1","0","2","0","1","3","1","2","1","2","2","3","3","3","3","0","2","1","..t","..t","..t","..t","..t","..t","..t","..t","..t","..t","..t","..t","..t","..t","..t","..t","..t","..t","..t","..t","..t","..t","..t","..t","..t","..t","..t","..t","..t","..t","..t","..t","..t","..t","..t","..t","..t","..t","..t","..t","..t","..t","..t","..t","..t","..t","..t","..t","6","6","3","1","4","7","6","7","6","3","1","6","3","3","5","4","5","1","2","2","1","2","2","2","5","3","3","1","2","7","3","7","5","1","3","5","2","3","1","2","2","1","2","4","4","0","2","1","16","13","24","15","15","15","13","22","15","19","21","16","17","13","19","7","19","20","13","14","15","16","16","17","11","10","10","10","14","7","10","5","8","8","9","15","11","6","10","11","10","16","5","8","11","14","12","11"
"-1 to 17 years","32","34","30","34","29","31","33","37","30","33","34","25","34","18","19","20","23","20","24","17","14","13","18","17","16","22","13","26","26","19","28","16","22","17","17","15","17","12","16","19","12","12","13","16","12","17","18","20","6","10","7","4","6","10","4","7","3","8","3","5","6","6","3","5","3","3","0","5","3","3","3","3","4","3","5","4","3","7","5","3","2","3","7","4","1","3","6","1","7","6","5","6","5","5","6","6","42","54","58","45","43","24","37","30","35","50","36","29","34","44","35","40","22","28","29","30","43","33","44","42","38","34","33","34","27","32","31","25","27","32","36","25","27","25","25","30","24","35","31","33","21","30","32","32","36","45","42","34","33","46","52","37","36","36","32","39","26","27","29","18","31","27","27","31","29","24","30","32","25","25","28","19","31","27","24","33","32","16","19","21","26","15","31","20","23","18","17","25","27","20","27","27","386","369","353","397","406","400","350","371","341","372","374","341","318","329","330","309","312","314","291","278","334","338","350","309","280","267","253","264","264","300","252","271","284","284","248","324","284","254","270","229","239","204","243","205","238","258","249","233","692","681","665","723","700","638","703","657","654","629","616","572","585","524","562","571","565","574","564","547","539","560","538","551","506","529","500","534","480","480","495","472","458","455","445","479","437","408","447","468","444","435","423","360","462","450","446","447","116","132","82","116","104","102","116","100","97","125","98","89","98","107","103","108","109","91","97","100","106","129","115","124","70","62","77","80","78","89","77","83","83","68","90","85","75","81","71","73","88","89","80","73","79","102","89","97","88","106","79","87","99","78","100","92","98","96","91","82","115","93","90","98","88","83","107","91","81","97","91","95","60","64","57","79","57","80","74","76","63","90","71","63","82","62","66","77","68","73","79","71","58","64","64","67","250","265","245","260","292","239","262","264","233","255","258","234","216","249","225","236","255","239","219","237","245","249","241","251","179","199","142","198","199","177","207","206","204","200","163","197","215","211","196","178","191","165","163","165","188","216","200","215","225","213","168","179","186","179","204","175","170","160","167","139","174","166","131","132","173","158","149","142","165","173","162","163","139","143","163","118","137","148","139","126","131","114","121","143","119","119","144","132","137","134","112","115","137","143","138","133","5","4","2","1","3","3","3","2","4","1","3","0","3","2","2","2","2","2","2","2","5","3","2","2","2","1","0","4","3","1","1","0","2","0","1","4","1","2","1","2","2","3","3","3","3","0","2","1","..t","..t","..t","..t","..t","..t","..t","..t","..t","..t","..t","..t","..t","..t","..t","..t","..t","..t","..t","..t","..t","..t","..t","..t","..t","..t","..t","..t","..t","..t","..t","..t","..t","..t","..t","..t","..t","..t","..t","..t","..t","..t","..t","..t","..t","..t","..t","..t","7","6","3","1","4","8","7","8","6","3","1","6","3","4","5","4","5","1","2","2","2","2","2","2","6","3","3","1","2","8","3","7","6","1","3","6","2","3","1","2","2","1","2","4","4","0","2","1","20","18","27","16","16","17","14","22","15","22","23","20","17","16","21","7","20","21","16","16","18","16","18","18","12","10","10","10","14","9","11","5","10","8","11","16","12","6","10","13","10","18","5","8","12","15","13","12"
"15 to 49 years","178","182","210","216","208","177","163","175","176","168","170","184","172","202","173","167","163","169","144","163","201","186","191","190","116","106","108","108","113","92","110","94","114","97","99","101","106","88","120","107","103","99","96","91","106","108","118","118","59","45","49","44","50","37","52","42","42","51","34","38","40","22","23","31","37","37","27","41","50","45","61","59","34","27","27","34","33","25","28","21","23","25","32","16","23","24","19","21","20","15","13","20","30","23","37","37","353","310","353","332","339","363","338","308","308","306","268","294","250","269","296","279","280","252","247","290","305","304","313","320","180","198","200","196","200","190","191","168","143","189","170","153","172","159","151","160","146","162","158","172","182","170","181","182","278","285","265","301","266","270","269","275","282","249","253","247","225","237","250","234","215","228","232","263","252","308","280","301","141","141","126","139","145","148","131","142","129","147","132","127","119","128","136","129","144","137","129","139","155","180","168","180","2,863","2,829","2,777","2,721","2,627","2,478","2,414","2,226","2,147","2,172","2,013","1,987","1,872","1,828","1,773","1,695","1,776","1,650","1,749","1,769","1,727","1,928","1,886","1,877","1,584","1,522","1,572","1,423","1,455","1,403","1,385","1,367","1,285","1,231","1,189","1,153","1,115","1,046","990","926","993","922","904","957","901","1,033","1,021","1,022","3,762","3,961","3,828","3,897","3,828","3,811","3,665","3,651","3,654","3,404","3,438","3,361","3,279","3,251","3,335","3,485","3,836","4,058","4,113","5,030","5,073","4,849","5,062","5,164","2,207","2,229","2,303","2,156","2,189","2,194","2,215","2,193","2,167","2,090","2,009","2,024","1,945","2,046","1,920","1,996","2,140","2,102","2,213","2,539","2,487","2,636","2,570","2,671","453","459","442","486","504","475","518","479","443","451","477","445","449","431","464","503","475","544","575","688","730","736","742","766","275","265","280","294","289","246","316","292","283","292","315","282","266","278","301","332","333","313","325","428","448","473","465","487","400","414","433","436","423","421","422","456","452","478","442","432","425","452","466","418","489","483","516","677","699","698","711","744","201","227","259","225","243","233","241","265","227","259","270","249","258","244","265","283","264","286","280","357","453","419","441","452","1,316","1,273","1,335","1,369","1,394","1,380","1,425","1,425","1,265","1,254","1,390","1,255","1,417","1,597","1,547","1,596","1,756","1,609","1,684","2,255","2,385","2,382","2,399","2,518","716","739","699","692","742","738","735","753","718","706","716","689","737","769","785","784","808","834","813","1,044","1,203","1,218","1,217","1,278","1,600","1,532","1,583","1,638","1,606","1,493","1,470","1,431","1,481","1,363","1,304","1,252","1,239","1,319","1,550","1,865","1,885","1,826","1,792","2,331","2,480","2,435","2,450","2,420","828","815","787","792","856","798","861","780","787","747","759","758","677","723","672","828","829","880","846","964","1,112","1,076","1,080","1,062","10","13","30","15","27","17","20","12","20","22","17","13","18","26","21","25","25","27","29","36","34","27","35","35","12","4","11","7","12","11","14","7","12","9","12","13","10","7","7","9","9","9","11","12","27","16","24","25","..t","..t","..t","..t","..t","..t","..t","..t","..t","..t","..t","..t","..t","..t","..t","..t","..t","..t","..t","..t","..t","..t","..t","..t","..t","..t","..t","..t","..t","..t","..t","..t","..t","..t","..t","..t","..t","..t","..t","..t","..t","..t","..t","..t","..t","..t","..t","..t","30","26","38","23","22","28","28","29","20","23","24","18","28","30","20","31","28","25","36","35","46","30","35","36","12","17","13","8","11","11","13","10","17","12","14","12","15","12","19","11","16","12","17","21","13","16","17","18","38","38","41","34","40","29","31","40","33","39","34","50","38","45","44","30","47","51","50","49","52","49","57","54","11","14","16","11","12","16","15","24","21","16","20","18","24","17","18","17","14","25","23","26","25","25","29","30"
"15 to 64 years","587","586","618","619","692","683","650","605","611","663","639","640","645","697","692","639","652","635","638","663","760","698","695","676","362","357","363","351","385","378","373","330","375","347","401","406","427","396","435","436","416","429","425","419","459","456","446","443","167","138","140","132","159","151","167","154","162","149","151","137","160","123","127","139","143","142","150","150","152","184","177","182","85","88","95","92","104","74","88","99","86","97","110","95","94","101","72","96","93","88","86","78","97","99","106","105","948","994","1,079","1,091","1,077","1,109","1,100","1,057","1,131","1,078","993","1,046","1,054","1,099","1,086","1,128","1,122","1,094","1,064","1,149","1,146","1,162","1,132","1,126","580","615","631","660","621","646","664","670","659","688","716","678","678","658","661","722","681","721","722","700","757","763","746","740","818","828","760","831","799","821","872","839","884","842","829","827","833","893","886","809","884","854","820","853","951","1,002","934","941","433","458","452","462","488","491","483","527","482","509","486","508","493","575","548","610","589","561","562","591","612","653","605","615","7,943","8,029","7,994","7,942","7,786","7,724","7,773","7,477","7,483","7,550","7,470","7,384","7,256","7,113","7,073","6,824","6,932","6,800","6,998","6,825","6,597","7,061","6,851","6,658","4,657","4,716","4,962","4,707","4,735","4,828","4,944","4,874","4,925","4,959","4,874","4,752","4,872","4,881","4,761","4,673","4,728","4,373","4,460","4,295","4,250","4,508","4,293","4,161","10,570","10,967","10,928","11,058","10,952","11,255","11,429","11,488","11,257","11,536","11,463","11,657","11,578","11,628","12,029","12,065","12,837","12,993","13,292","14,978","14,999","14,582","14,472","14,434","6,342","6,763","6,923","6,810","6,930","7,066","7,051","7,108","7,204","7,318","7,219","7,260","7,304","7,668","7,632","7,593","7,988","7,665","8,149","8,593","8,623","8,690","8,441","8,484","1,169","1,203","1,182","1,253","1,236","1,270","1,358","1,337","1,321","1,310","1,368","1,380","1,354","1,329","1,363","1,513","1,396","1,540","1,539","1,721","1,869","1,836","1,809","1,818","773","783","755","795","796","779","858","867","847","855","898","826","853","958","945","974","978","961","941","1,100","1,112","1,132","1,101","1,120","1,010","994","1,055","1,072","1,044","1,054","1,148","1,154","1,191","1,190","1,170","1,177","1,174","1,297","1,274","1,239","1,314","1,293","1,373","1,643","1,700","1,589","1,614","1,610","575","595","631","620","646","639","666","676","687","742","723","682","751","733","779","790","761","802","795","933","1,068","974","1,000","994","2,913","2,834","3,004","3,116","3,201","3,216","3,407","3,504","3,377","3,553","3,659","3,517","3,742","4,068","4,127","4,106","4,446","4,176","4,370","5,277","5,543","5,470","5,388","5,481","1,667","1,772","1,805","1,779","1,903","1,961","1,979","2,132","1,913","2,019","2,099","2,103","2,237","2,311","2,373","2,349","2,352","2,476","2,431","2,813","3,075","3,088","3,022","3,090","3,935","3,825","4,051","4,248","4,280","4,226","4,309","4,288","4,266","4,132","4,164","4,210","4,216","4,405","4,633","5,111","5,204","5,127","5,068","6,212","6,469","6,250","6,068","5,842","2,274","2,294","2,353","2,438","2,445","2,429","2,671","2,533","2,581","2,490","2,533","2,610","2,455","2,575","2,628","2,892","2,737","2,855","2,776","2,962","3,292","3,181","3,078","2,964","36","36","53","44","47","39","57","37","60","56","55","51","48","48","52","66","64","74","79","87","90","54","71","67","20","21","24","19","19","35","27","22","30","27","28","38","29","25","22","26","25","27","29","33","54","41","48","47","..t","..t","..t","..t","..t","..t","..t","..t","..t","..t","..t","..t","..t","..t","..t","..t","..t","..t","..t","..t","..t","..t","..t","..t","..t","..t","..t","..t","..t","..t","..t","..t","..t","..t","..t","..t","..t","..t","..t","..t","..t","..t","..t","..t","..t","..t","..t","..t","51","51","64","52","44","49","66","58","51","50","47","54","71","57","48","66","53","56","74","74","84","71","68","67","24","25","28","22","30","26","31","26","35","21","37","38","31","21","47","28","41","34","35","55","38","42","39","41","49","52","53","46","55","52","48","57","46","61","54","64","59","66","56","49","66","81","84","74","80","79","88","85","22","27","25","14","19","25","19","36","34","21","32","32","36","26","35","28","26","42","47","47","47","48","55","59"
"16 to 64 years","587","586","617","615","690","682","645","602","609","661","636","639","642","696","692","638","651","635","637","663","760","698","694","675","360","356","361","349","384","378","372","330","374","347","401","406","427","396","434","436","416","429","424","418","459","455","445","442","166","137","139","131","158","150","167","154","162","148","151","137","158","122","127","139","143","142","150","150","152","184","177","182","84","88","95","92","103","73","88","99","86","97","110","95","94","101","72","96","93","88","86","78","97","99","106","105","945","994","1,077","1,088","1,073","1,108","1,099","1,056","1,130","1,075","992","1,046","1,051","1,097","1,086","1,127","1,121","1,092","1,062","1,148","1,144","1,160","1,130","1,124","579","615","629","659","618","645","661","668","658","685","716","678","676","658","659","721","680","720","722","700","755","763","744","739","817","826","759","831","797","818","867","836","881","841","827","826","832","892","882","807","882","852","820","851","950","1,000","932","939","430","458","450","462","487","489","482","524","480","509","485","507","492","575","548","608","589","560","561","590","611","652","604","614","7,925","8,012","7,983","7,921","7,768","7,707","7,758","7,464","7,472","7,540","7,454","7,376","7,248","7,100","7,062","6,814","6,921","6,791","6,990","6,818","6,585","7,052","6,842","6,642","4,643","4,705","4,950","4,698","4,722","4,814","4,934","4,870","4,913","4,954","4,867","4,747","4,863","4,880","4,757","4,668","4,725","4,370","4,458","4,287","4,242","4,506","4,287","4,157","10,545","10,939","10,909","11,029","10,921","11,232","11,407","11,463","11,225","11,524","11,441","11,642","11,558","11,610","12,016","12,047","12,809","12,972","13,270","14,959","14,983","14,558","14,452","14,412","6,324","6,744","6,908","6,792","6,912","7,050","7,033","7,093","7,189","7,304","7,208","7,250","7,284","7,659","7,624","7,582","7,979","7,657","8,137","8,583","8,605","8,685","8,429","8,476","1,166","1,198","1,177","1,243","1,225","1,267","1,352","1,336","1,313","1,305","1,361","1,377","1,350","1,327","1,359","1,509","1,393","1,538","1,535","1,715","1,861","1,829","1,801","1,810","770","779","750","793","795","777","857","861","841","848","896","821","848","955","943","971","974","955","936","1,097","1,110","1,127","1,097","1,115","1,005","990","1,051","1,068","1,038","1,050","1,142","1,149","1,181","1,185","1,168","1,173","1,170","1,291","1,268","1,236","1,307","1,289","1,370","1,636","1,693","1,583","1,607","1,603","571","592","626","616","644","635","663","669","684","741","720","681","750","729","776","786","756","799","789","929","1,066","970","997","990","2,900","2,822","2,994","3,100","3,188","3,210","3,400","3,494","3,373","3,542","3,645","3,513","3,733","4,057","4,117","4,098","4,437","4,172","4,359","5,269","5,532","5,461","5,378","5,471","1,664","1,765","1,798","1,773","1,888","1,956","1,974","2,128","1,908","2,011","2,095","2,096","2,224","2,307","2,365","2,345","2,347","2,469","2,422","2,808","3,069","3,079","3,014","3,081","3,926","3,810","4,043","4,238","4,270","4,216","4,301","4,279","4,262","4,127","4,151","4,206","4,207","4,399","4,626","5,102","5,186","5,123","5,063","6,206","6,463","6,243","6,062","5,836","2,271","2,284","2,348","2,436","2,441","2,423","2,664","2,525","2,574","2,486","2,529","2,607","2,451","2,573","2,625","2,887","2,733","2,854","2,769","2,958","3,284","3,171","3,069","2,955","36","36","53","44","47","38","57","37","60","56","55","51","48","48","52","66","64","74","79","87","90","54","71","67","20","21","24","19","19","35","27","22","30","27","28","37","29","24","22","26","25","27","29","33","54","41","48","47","..t","..t","..t","..t","..t","..t","..t","..t","..t","..t","..t","..t","..t","..t","..t","..t","..t","..t","..t","..t","..t","..t","..t","..t","..t","..t","..t","..t","..t","..t","..t","..t","..t","..t","..t","..t","..t","..t","..t","..t","..t","..t","..t","..t","..t","..t","..t","..t","50","50","63","52","44","49","65","58","51","49","47","54","70","57","48","66","53","56","74","74","84","71","68","67","24","25","28","22","30","26","30","25","35","21","37","38","31","21","47","28","41","34","35","55","38","42","39","41","46","50","53","45","54","52","48","57","45","60","53","63","58","66","54","49","65","80","83","73","79","78","87","84","20","27","25","12","18","25","19","35","34","21","32","30","36","25","35","28","26","40","47","46","47","48","55","59"
"17 to 64 years","586","583","613","609","689","680","643","600","607","658","630","638","641","696","690","638","650","634","637","662","759","697","693","674","360","356","359","346","382","378","371","330","372","347","399","405","425","395","431","435","415","429","424","417","458","454","444","441","165","136","139","131","156","150","167","154","162","147","151","137","158","122","127","139","143","142","150","150","152","184","177","182","84","88","95","91","102","71","88","99","86","96","109","95","94","101","72","96","93","87","86","78","97","99","106","105","943","992","1,071","1,081","1,069","1,106","1,095","1,055","1,128","1,072","989","1,044","1,046","1,096","1,081","1,123","1,118","1,092","1,060","1,144","1,143","1,159","1,129","1,123","575","613","629","656","618","642","661","666","658","682","711","676","674","658","657","720","678","718","719","698","754","761","742","737","810","823","753","827","794","813","855","836","879","839","823","825","832","889","880","807","882","849","816","848","949","999","931","938","429","457","450","460","486","488","479","523","478","508","484","506","490","574","546","606","588","557","561","590","610","649","602","611","7,902","7,984","7,959","7,890","7,745","7,684","7,748","7,441","7,455","7,518","7,437","7,359","7,236","7,089","7,048","6,804","6,908","6,780","6,985","6,809","6,572","7,043","6,832","6,630","4,625","4,693","4,938","4,687","4,713","4,806","4,924","4,851","4,909","4,942","4,862","4,738","4,851","4,872","4,752","4,664","4,717","4,363","4,454","4,280","4,235","4,499","4,283","4,152","10,512","10,897","10,864","10,989","10,879","11,202","11,363","11,420","11,174","11,499","11,406","11,613","11,539","11,583","11,999","12,031","12,777","12,947","13,243","14,937","14,953","14,527","14,422","14,381","6,300","6,717","6,887","6,781","6,893","7,034","7,017","7,081","7,175","7,284","7,193","7,233","7,277","7,646","7,612","7,569","7,966","7,641","8,122","8,569","8,591","8,673","8,416","8,463","1,150","1,194","1,174","1,237","1,220","1,263","1,342","1,329","1,310","1,297","1,353","1,372","1,348","1,323","1,357","1,506","1,386","1,532","1,529","1,708","1,852","1,821","1,793","1,802","768","777","746","789","791","775","855","859","837","844","893","814","842","951","943","970","974","953","932","1,094","1,107","1,125","1,094","1,112","1,000","982","1,046","1,062","1,030","1,042","1,134","1,143","1,176","1,177","1,165","1,168","1,157","1,283","1,264","1,230","1,300","1,284","1,366","1,628","1,686","1,578","1,601","1,597","566","585","619","610","639","632","656","664","682","739","715","677","747","725","774","783","752","795","785","928","1,062","964","992","984","2,880","2,808","2,970","3,091","3,173","3,194","3,390","3,478","3,366","3,529","3,627","3,503","3,721","4,047","4,104","4,087","4,421","4,166","4,350","5,256","5,517","5,447","5,363","5,456","1,660","1,752","1,794","1,770","1,880","1,947","1,968","2,120","1,903","2,006","2,090","2,091","2,216","2,301","2,362","2,337","2,337","2,464","2,417","2,803","3,055","3,072","3,003","3,071","3,909","3,791","4,038","4,225","4,253","4,205","4,296","4,270","4,248","4,115","4,141","4,200","4,194","4,389","4,618","5,093","5,173","5,115","5,056","6,193","6,451","6,228","6,049","5,822","2,261","2,277","2,337","2,430","2,432","2,412","2,655","2,517","2,569","2,479","2,526","2,596","2,445","2,568","2,625","2,883","2,728","2,843","2,761","2,954","3,280","3,164","3,064","2,949","36","36","52","44","47","38","57","37","60","56","55","51","48","47","52","66","64","74","79","87","90","54","71","67","20","21","24","19","19","35","27","22","30","27","28","36","29","24","22","26","25","27","29","33","54","41","48","47","..t","..t","..t","..t","..t","..t","..t","..t","..t","..t","..t","..t","..t","..t","..t","..t","..t","..t","..t","..t","..t","..t","..t","..t","..t","..t","..t","..t","..t","..t","..t","..t","..t","..t","..t","..t","..t","..t","..t","..t","..t","..t","..t","..t","..t","..t","..t","..t","49","50","62","52","44","49","65","57","51","49","47","54","70","57","48","66","52","56","74","74","84","71","68","67","24","25","28","22","30","25","30","25","35","21","37","38","31","20","47","28","41","34","35","55","38","42","39","41","44","46","50","42","50","51","48","52","43","60","51","61","56","63","53","47","63","79","82","69","78","77","86","83","20","27","23","12","17","24","19","35","33","21","32","29","34","25","34","27","26","40","47","45","47","48","55","59"

Symbol legend:
.., not available for a specific reference period




Footnotes:
1,"Period from July 1 to June 30."
2,"The number of deaths is final up to 2020/2021, updated for 2021/2022, 2022/2023 and 2023/2024, and preliminary for 2024/2025."
3,"Data for persons aged 90 to 100 years and older will be available from 2001/2002."
4,"Starting in 2023/2024, estimates of deaths are produced by the Centre for Demography, Statistics Canada (See Definitions, data sources and methods record number 3601), incorporating provisional deaths data from the Centre for Population Health Data. Before 2023/2024, data are from Vital Statistics – Birth and Death Databases, Statistics Canada (See Definitions, data sources and methods record number 3233). However, before 2011/2012, the estimates included in this table may differ from vital statistics already released by Statistics Canada, due to the imputation of certain unknown values. In addition, for estimates of deaths, the age represents age at the beginning of the period (July 1st) and not the age at the time of occurrence, as with the Vital Statistics data. Deaths estimates may be adjusted to account for incomplete death data."
5,"The population growth, which is used to calculate population estimates, is comprised of natural increase (Tables 17100006 and 17100016), international migration (Table 17100014) and interprovincial migration (Table 17100015)."
6,"The demographic estimates now incorporate the concept of gender, which was first introduced in the 2021 Census of Population. Gender refers to an individual's personal and social identity as a man, woman or non-binary person (a person who is not exclusively a man or a woman). Demographic estimates are available for the gender category "Men+", which includes men (and/or boys), as well as some non-binary persons, and for the gender category “Women+" category, which includes women (and/or girls), as well as some non-binary persons. For the sake of uniformity, all data products from the Demographic Estimates Program now adopt the term ‘gender’ for all years and periods. Prior to 2021, the demographic estimates are based on the concept of sex at birth. Although gender and sex at birth are two different concepts, this change does not cause a significant break in the trend because the two concepts produce very similar distributions. Population estimates by age and sex at birth are available upon request (please contact statcan.demography-demographie.statcan@statcan.gc.ca)."
7,"Age at July 1."
8,"Data for Northwest Territories and Nunavut are presented separately from 1991/1992."
9,"Prior to 1991/1992, only data for Northwest Territories and Nunavut combined are available."
10,"Age -1 represents persons born after July 1 and not included in age group 0 to 4 years."



"How to cite: Statistics Canada. Table 17-10-0006-01  Estimates of deaths, by age and gender, annual"
https://www150.statcan.gc.ca/t1/tbl1/en/tv.action?pid=1710000601