"Estimates of the components of international migration, by age and gender, annual 1 2 3 4"
"Frequency: Annual"
"Table: 17-10-0014-01 (formerly CANSIM 051-0011)"
"Release date: 2025-09-24"
"Geography: Canada, Province or territory"
""
""

"Geography","Newfoundland and Labrador",,,,,,,,,,,,,,,,,,,,,,,,,,,,,,,,,,,,,,,,,,,,,,,,,,"Prince Edward Island",,,,,,,,,,,,,,,,,,,,,,,,,,,,,,,,,,,,,,,,,,,,,,,,,,"Nova Scotia",,,,,,,,,,,,,,,,,,,,,,,,,,,,,,,,,,,,,,,,,,,,,,,,,,"New Brunswick",,,,,,,,,,,,,,,,,,,,,,,,,,,,,,,,,,,,,,,,,,,,,,,,,,"Quebec",,,,,,,,,,,,,,,,,,,,,,,,,,,,,,,,,,,,,,,,,,,,,,,,,,"Ontario",,,,,,,,,,,,,,,,,,,,,,,,,,,,,,,,,,,,,,,,,,,,,,,,,,"Manitoba",,,,,,,,,,,,,,,,,,,,,,,,,,,,,,,,,,,,,,,,,,,,,,,,,,"Saskatchewan",,,,,,,,,,,,,,,,,,,,,,,,,,,,,,,,,,,,,,,,,,,,,,,,,,"Alberta",,,,,,,,,,,,,,,,,,,,,,,,,,,,,,,,,,,,,,,,,,,,,,,,,,"British Columbia",,,,,,,,,,,,,,,,,,,,,,,,,,,,,,,,,,,,,,,,,,,,,,,,,,"Yukon",,,,,,,,,,,,,,,,,,,,,,,,,,,,,,,,,,,,,,,,,,,,,,,,,,"Northwest Territories including Nunavut 8",,,,,,,,,,,,,,,,,,,,,,,,,,,,,,,,,,,,,,,,,,,,,,,,,,"Northwest Territories 9",,,,,,,,,,,,,,,,,,,,,,,,,,,,,,,,,,,,,,,,,,,,,,,,,,"Nunavut 9",,,,,,,,,,,,,,,,,,,,,,,,,,,,,,,,,,,,,,,,,,,,,,,,,
"Gender","Men+",,,,,,,,,,,,,,,,,,,,,,,,,"Women+",,,,,,,,,,,,,,,,,,,,,,,,,"Men+",,,,,,,,,,,,,,,,,,,,,,,,,"Women+",,,,,,,,,,,,,,,,,,,,,,,,,"Men+",,,,,,,,,,,,,,,,,,,,,,,,,"Women+",,,,,,,,,,,,,,,,,,,,,,,,,"Men+",,,,,,,,,,,,,,,,,,,,,,,,,"Women+",,,,,,,,,,,,,,,,,,,,,,,,,"Men+",,,,,,,,,,,,,,,,,,,,,,,,,"Women+",,,,,,,,,,,,,,,,,,,,,,,,,"Men+",,,,,,,,,,,,,,,,,,,,,,,,,"Women+",,,,,,,,,,,,,,,,,,,,,,,,,"Men+",,,,,,,,,,,,,,,,,,,,,,,,,"Women+",,,,,,,,,,,,,,,,,,,,,,,,,"Men+",,,,,,,,,,,,,,,,,,,,,,,,,"Women+",,,,,,,,,,,,,,,,,,,,,,,,,"Men+",,,,,,,,,,,,,,,,,,,,,,,,,"Women+",,,,,,,,,,,,,,,,,,,,,,,,,"Men+",,,,,,,,,,,,,,,,,,,,,,,,,"Women+",,,,,,,,,,,,,,,,,,,,,,,,,"Men+",,,,,,,,,,,,,,,,,,,,,,,,,"Women+",,,,,,,,,,,,,,,,,,,,,,,,,"Men+",,,,,,,,,,,,,,,,,,,,,,,,,"Women+",,,,,,,,,,,,,,,,,,,,,,,,,"Men+",,,,,,,,,,,,,,,,,,,,,,,,,"Women+",,,,,,,,,,,,,,,,,,,,,,,,,"Men+",,,,,,,,,,,,,,,,,,,,,,,,,"Women+",,,,,,,,,,,,,,,,,,,,,,,,
"Type of migrant 5 6","Immigrants 10",,,,,"Emigrants 6 11 12",,,,,"Returning emigrants 6 12 13",,,,,"Net temporary emigration 6 12 14",,,,,"Net non-permanent residents 15 16 17",,,,,"Immigrants 10",,,,,"Emigrants 6 11 12",,,,,"Returning emigrants 6 12 13",,,,,"Net temporary emigration 6 12 14",,,,,"Net non-permanent residents 15 16 17",,,,,"Immigrants 10",,,,,"Emigrants 6 11 12",,,,,"Returning emigrants 6 12 13",,,,,"Net temporary emigration 6 12 14",,,,,"Net non-permanent residents 15 16 17",,,,,"Immigrants 10",,,,,"Emigrants 6 11 12",,,,,"Returning emigrants 6 12 13",,,,,"Net temporary emigration 6 12 14",,,,,"Net non-permanent residents 15 16 17",,,,,"Immigrants 10",,,,,"Emigrants 6 11 12",,,,,"Returning emigrants 6 12 13",,,,,"Net temporary emigration 6 12 14",,,,,"Net non-permanent residents 15 16 17",,,,,"Immigrants 10",,,,,"Emigrants 6 11 12",,,,,"Returning emigrants 6 12 13",,,,,"Net temporary emigration 6 12 14",,,,,"Net non-permanent residents 15 16 17",,,,,"Immigrants 10",,,,,"Emigrants 6 11 12",,,,,"Returning emigrants 6 12 13",,,,,"Net temporary emigration 6 12 14",,,,,"Net non-permanent residents 15 16 17",,,,,"Immigrants 10",,,,,"Emigrants 6 11 12",,,,,"Returning emigrants 6 12 13",,,,,"Net temporary emigration 6 12 14",,,,,"Net non-permanent residents 15 16 17",,,,,"Immigrants 10",,,,,"Emigrants 6 11 12",,,,,"Returning emigrants 6 12 13",,,,,"Net temporary emigration 6 12 14",,,,,"Net non-permanent residents 15 16 17",,,,,"Immigrants 10",,,,,"Emigrants 6 11 12",,,,,"Returning emigrants 6 12 13",,,,,"Net temporary emigration 6 12 14",,,,,"Net non-permanent residents 15 16 17",,,,,"Immigrants 10",,,,,"Emigrants 6 11 12",,,,,"Returning emigrants 6 12 13",,,,,"Net temporary emigration 6 12 14",,,,,"Net non-permanent residents 15 16 17",,,,,"Immigrants 10",,,,,"Emigrants 6 11 12",,,,,"Returning emigrants 6 12 13",,,,,"Net temporary emigration 6 12 14",,,,,"Net non-permanent residents 15 16 17",,,,,"Immigrants 10",,,,,"Emigrants 6 11 12",,,,,"Returning emigrants 6 12 13",,,,,"Net temporary emigration 6 12 14",,,,,"Net non-permanent residents 15 16 17",,,,,"Immigrants 10",,,,,"Emigrants 6 11 12",,,,,"Returning emigrants 6 12 13",,,,,"Net temporary emigration 6 12 14",,,,,"Net non-permanent residents 15 16 17",,,,,"Immigrants 10",,,,,"Emigrants 6 11 12",,,,,"Returning emigrants 6 12 13",,,,,"Net temporary emigration 6 12 14",,,,,"Net non-permanent residents 15 16 17",,,,,"Immigrants 10",,,,,"Emigrants 6 11 12",,,,,"Returning emigrants 6 12 13",,,,,"Net temporary emigration 6 12 14",,,,,"Net non-permanent residents 15 16 17",,,,,"Immigrants 10",,,,,"Emigrants 6 11 12",,,,,"Returning emigrants 6 12 13",,,,,"Net temporary emigration 6 12 14",,,,,"Net non-permanent residents 15 16 17",,,,,"Immigrants 10",,,,,"Emigrants 6 11 12",,,,,"Returning emigrants 6 12 13",,,,,"Net temporary emigration 6 12 14",,,,,"Net non-permanent residents 15 16 17",,,,,"Immigrants 10",,,,,"Emigrants 6 11 12",,,,,"Returning emigrants 6 12 13",,,,,"Net temporary emigration 6 12 14",,,,,"Net non-permanent residents 15 16 17",,,,,"Immigrants 10",,,,,"Emigrants 6 11 12",,,,,"Returning emigrants 6 12 13",,,,,"Net temporary emigration 6 12 14",,,,,"Net non-permanent residents 15 16 17",,,,,"Immigrants 10",,,,,"Emigrants 6 11 12",,,,,"Returning emigrants 6 12 13",,,,,"Net temporary emigration 6 12 14",,,,,"Net non-permanent residents 15 16 17",,,,,"Immigrants 10",,,,,"Emigrants 6 11 12",,,,,"Returning emigrants 6 12 13",,,,,"Net temporary emigration 6 12 14",,,,,"Net non-permanent residents 15 16 17",,,,,"Immigrants 10",,,,,"Emigrants 6 11 12",,,,,"Returning emigrants 6 12 13",,,,,"Net temporary emigration 6 12 14",,,,,"Net non-permanent residents 15 16 17",,,,,"Immigrants 10",,,,,"Emigrants 6 11 12",,,,,"Returning emigrants 6 12 13",,,,,"Net temporary emigration 6 12 14",,,,,"Net non-permanent residents 15 16 17",,,,,"Immigrants 10",,,,,"Emigrants 6 11 12",,,,,"Returning emigrants 6 12 13",,,,,"Net temporary emigration 6 12 14",,,,,"Net non-permanent residents 15 16 17",,,,,"Immigrants 10",,,,,"Emigrants 6 11 12",,,,,"Returning emigrants 6 12 13",,,,,"Net temporary emigration 6 12 14",,,,,"Net non-permanent residents 15 16 17",,,,,"Immigrants 10",,,,,"Emigrants 6 11 12",,,,,"Returning emigrants 6 12 13",,,,,"Net temporary emigration 6 12 14",,,,,"Net non-permanent residents 15 16 17",,,,,"Immigrants 10",,,,,"Emigrants 6 11 12",,,,,"Returning emigrants 6 12 13",,,,,"Net temporary emigration 6 12 14",,,,,"Net non-permanent residents 15 16 17",,,,
"Age group 2 7","2020 / 2021","2021 / 2022","2022 / 2023","2023 / 2024","2024 / 2025","2020 / 2021","2021 / 2022","2022 / 2023","2023 / 2024","2024 / 2025","2020 / 2021","2021 / 2022","2022 / 2023","2023 / 2024","2024 / 2025","2020 / 2021","2021 / 2022","2022 / 2023","2023 / 2024","2024 / 2025","2020 / 2021","2021 / 2022","2022 / 2023","2023 / 2024","2024 / 2025","2020 / 2021","2021 / 2022","2022 / 2023","2023 / 2024","2024 / 2025","2020 / 2021","2021 / 2022","2022 / 2023","2023 / 2024","2024 / 2025","2020 / 2021","2021 / 2022","2022 / 2023","2023 / 2024","2024 / 2025","2020 / 2021","2021 / 2022","2022 / 2023","2023 / 2024","2024 / 2025","2020 / 2021","2021 / 2022","2022 / 2023","2023 / 2024","2024 / 2025","2020 / 2021","2021 / 2022","2022 / 2023","2023 / 2024","2024 / 2025","2020 / 2021","2021 / 2022","2022 / 2023","2023 / 2024","2024 / 2025","2020 / 2021","2021 / 2022","2022 / 2023","2023 / 2024","2024 / 2025","2020 / 2021","2021 / 2022","2022 / 2023","2023 / 2024","2024 / 2025","2020 / 2021","2021 / 2022","2022 / 2023","2023 / 2024","2024 / 2025","2020 / 2021","2021 / 2022","2022 / 2023","2023 / 2024","2024 / 2025","2020 / 2021","2021 / 2022","2022 / 2023","2023 / 2024","2024 / 2025","2020 / 2021","2021 / 2022","2022 / 2023","2023 / 2024","2024 / 2025","2020 / 2021","2021 / 2022","2022 / 2023","2023 / 2024","2024 / 2025","2020 / 2021","2021 / 2022","2022 / 2023","2023 / 2024","2024 / 2025","2020 / 2021","2021 / 2022","2022 / 2023","2023 / 2024","2024 / 2025","2020 / 2021","2021 / 2022","2022 / 2023","2023 / 2024","2024 / 2025","2020 / 2021","2021 / 2022","2022 / 2023","2023 / 2024","2024 / 2025","2020 / 2021","2021 / 2022","2022 / 2023","2023 / 2024","2024 / 2025","2020 / 2021","2021 / 2022","2022 / 2023","2023 / 2024","2024 / 2025","2020 / 2021","2021 / 2022","2022 / 2023","2023 / 2024","2024 / 2025","2020 / 2021","2021 / 2022","2022 / 2023","2023 / 2024","2024 / 2025","2020 / 2021","2021 / 2022","2022 / 2023","2023 / 2024","2024 / 2025","2020 / 2021","2021 / 2022","2022 / 2023","2023 / 2024","2024 / 2025","2020 / 2021","2021 / 2022","2022 / 2023","2023 / 2024","2024 / 2025","2020 / 2021","2021 / 2022","2022 / 2023","2023 / 2024","2024 / 2025","2020 / 2021","2021 / 2022","2022 / 2023","2023 / 2024","2024 / 2025","2020 / 2021","2021 / 2022","2022 / 2023","2023 / 2024","2024 / 2025","2020 / 2021","2021 / 2022","2022 / 2023","2023 / 2024","2024 / 2025","2020 / 2021","2021 / 2022","2022 / 2023","2023 / 2024","2024 / 2025","2020 / 2021","2021 / 2022","2022 / 2023","2023 / 2024","2024 / 2025","2020 / 2021","2021 / 2022","2022 / 2023","2023 / 2024","2024 / 2025","2020 / 2021","2021 / 2022","2022 / 2023","2023 / 2024","2024 / 2025","2020 / 2021","2021 / 2022","2022 / 2023","2023 / 2024","2024 / 2025","2020 / 2021","2021 / 2022","2022 / 2023","2023 / 2024","2024 / 2025","2020 / 2021","2021 / 2022","2022 / 2023","2023 / 2024","2024 / 2025","2020 / 2021","2021 / 2022","2022 / 2023","2023 / 2024","2024 / 2025","2020 / 2021","2021 / 2022","2022 / 2023","2023 / 2024","2024 / 2025","2020 / 2021","2021 / 2022","2022 / 2023","2023 / 2024","2024 / 2025","2020 / 2021","2021 / 2022","2022 / 2023","2023 / 2024","2024 / 2025","2020 / 2021","2021 / 2022","2022 / 2023","2023 / 2024","2024 / 2025","2020 / 2021","2021 / 2022","2022 / 2023","2023 / 2024","2024 / 2025","2020 / 2021","2021 / 2022","2022 / 2023","2023 / 2024","2024 / 2025","2020 / 2021","2021 / 2022","2022 / 2023","2023 / 2024","2024 / 2025","2020 / 2021","2021 / 2022","2022 / 2023","2023 / 2024","2024 / 2025","2020 / 2021","2021 / 2022","2022 / 2023","2023 / 2024","2024 / 2025","2020 / 2021","2021 / 2022","2022 / 2023","2023 / 2024","2024 / 2025","2020 / 2021","2021 / 2022","2022 / 2023","2023 / 2024","2024 / 2025","2020 / 2021","2021 / 2022","2022 / 2023","2023 / 2024","2024 / 2025","2020 / 2021","2021 / 2022","2022 / 2023","2023 / 2024","2024 / 2025","2020 / 2021","2021 / 2022","2022 / 2023","2023 / 2024","2024 / 2025","2020 / 2021","2021 / 2022","2022 / 2023","2023 / 2024","2024 / 2025","2020 / 2021","2021 / 2022","2022 / 2023","2023 / 2024","2024 / 2025","2020 / 2021","2021 / 2022","2022 / 2023","2023 / 2024","2024 / 2025","2020 / 2021","2021 / 2022","2022 / 2023","2023 / 2024","2024 / 2025","2020 / 2021","2021 / 2022","2022 / 2023","2023 / 2024","2024 / 2025","2020 / 2021","2021 / 2022","2022 / 2023","2023 / 2024","2024 / 2025","2020 / 2021","2021 / 2022","2022 / 2023","2023 / 2024","2024 / 2025","2020 / 2021","2021 / 2022","2022 / 2023","2023 / 2024","2024 / 2025","2020 / 2021","2021 / 2022","2022 / 2023","2023 / 2024","2024 / 2025","2020 / 2021","2021 / 2022","2022 / 2023","2023 / 2024","2024 / 2025","2020 / 2021","2021 / 2022","2022 / 2023","2023 / 2024","2024 / 2025","2020 / 2021","2021 / 2022","2022 / 2023","2023 / 2024","2024 / 2025","2020 / 2021","2021 / 2022","2022 / 2023","2023 / 2024","2024 / 2025","2020 / 2021","2021 / 2022","2022 / 2023","2023 / 2024","2024 / 2025","2020 / 2021","2021 / 2022","2022 / 2023","2023 / 2024","2024 / 2025","2020 / 2021","2021 / 2022","2022 / 2023","2023 / 2024","2024 / 2025","2020 / 2021","2021 / 2022","2022 / 2023","2023 / 2024","2024 / 2025","2020 / 2021","2021 / 2022","2022 / 2023","2023 / 2024","2024 / 2025","2020 / 2021","2021 / 2022","2022 / 2023","2023 / 2024","2024 / 2025","2020 / 2021","2021 / 2022","2022 / 2023","2023 / 2024","2024 / 2025","2020 / 2021","2021 / 2022","2022 / 2023","2023 / 2024","2024 / 2025","2020 / 2021","2021 / 2022","2022 / 2023","2023 / 2024","2024 / 2025","2020 / 2021","2021 / 2022","2022 / 2023","2023 / 2024","2024 / 2025","2020 / 2021","2021 / 2022","2022 / 2023","2023 / 2024","2024 / 2025","2020 / 2021","2021 / 2022","2022 / 2023","2023 / 2024","2024 / 2025","2020 / 2021","2021 / 2022","2022 / 2023","2023 / 2024","2024 / 2025","2020 / 2021","2021 / 2022","2022 / 2023","2023 / 2024","2024 / 2025","2020 / 2021","2021 / 2022","2022 / 2023","2023 / 2024","2024 / 2025","2020 / 2021","2021 / 2022","2022 / 2023","2023 / 2024","2024 / 2025","2020 / 2021","2021 / 2022","2022 / 2023","2023 / 2024","2024 / 2025","2020 / 2021","2021 / 2022","2022 / 2023","2023 / 2024","2024 / 2025","2020 / 2021","2021 / 2022","2022 / 2023","2023 / 2024","2024 / 2025","2020 / 2021","2021 / 2022","2022 / 2023","2023 / 2024","2024 / 2025","2020 / 2021","2021 / 2022","2022 / 2023","2023 / 2024","2024 / 2025","2020 / 2021","2021 / 2022","2022 / 2023","2023 / 2024","2024 / 2025","2020 / 2021","2021 / 2022","2022 / 2023","2023 / 2024","2024 / 2025","2020 / 2021","2021 / 2022","2022 / 2023","2023 / 2024","2024 / 2025","2020 / 2021","2021 / 2022","2022 / 2023","2023 / 2024","2024 / 2025","2020 / 2021","2021 / 2022","2022 / 2023","2023 / 2024","2024 / 2025","2020 / 2021","2021 / 2022","2022 / 2023","2023 / 2024","2024 / 2025","2020 / 2021","2021 / 2022","2022 / 2023","2023 / 2024","2024 / 2025","2020 / 2021","2021 / 2022","2022 / 2023","2023 / 2024","2024 / 2025","2020 / 2021","2021 / 2022","2022 / 2023","2023 / 2024","2024 / 2025","2020 / 2021","2021 / 2022","2022 / 2023","2023 / 2024","2024 / 2025","2020 / 2021","2021 / 2022","2022 / 2023","2023 / 2024","2024 / 2025","2020 / 2021","2021 / 2022","2022 / 2023","2023 / 2024","2024 / 2025","2020 / 2021","2021 / 2022","2022 / 2023","2023 / 2024","2024 / 2025","2020 / 2021","2021 / 2022","2022 / 2023","2023 / 2024","2024 / 2025","2020 / 2021","2021 / 2022","2022 / 2023","2023 / 2024","2024 / 2025","2020 / 2021","2021 / 2022","2022 / 2023","2023 / 2024","2024 / 2025","2020 / 2021","2021 / 2022","2022 / 2023","2023 / 2024","2024 / 2025","2020 / 2021","2021 / 2022","2022 / 2023","2023 / 2024","2024 / 2025","2020 / 2021","2021 / 2022","2022 / 2023","2023 / 2024","2024 / 2025","2020 / 2021","2021 / 2022","2022 / 2023","2023 / 2024","2024 / 2025","2020 / 2021","2021 / 2022","2022 / 2023","2023 / 2024","2024 / 2025","2020 / 2021","2021 / 2022","2022 / 2023","2023 / 2024","2024 / 2025","2020 / 2021","2021 / 2022","2022 / 2023","2023 / 2024","2024 / 2025","2020 / 2021","2021 / 2022","2022 / 2023","2023 / 2024","2024 / 2025","2020 / 2021","2021 / 2022","2022 / 2023","2023 / 2024","2024 / 2025","2020 / 2021","2021 / 2022","2022 / 2023","2023 / 2024","2024 / 2025","2020 / 2021","2021 / 2022","2022 / 2023","2023 / 2024","2024 / 2025","2020 / 2021","2021 / 2022","2022 / 2023","2023 / 2024","2024 / 2025","2020 / 2021","2021 / 2022","2022 / 2023","2023 / 2024","2024 / 2025","2020 / 2021","2021 / 2022","2022 / 2023","2023 / 2024","2024 / 2025","2020 / 2021","2021 / 2022","2022 / 2023","2023 / 2024","2024 / 2025","2020 / 2021","2021 / 2022","2022 / 2023","2023 / 2024","2024 / 2025","2020 / 2021","2021 / 2022","2022 / 2023","2023 / 2024","2024 / 2025","2020 / 2021","2021 / 2022","2022 / 2023","2023 / 2024","2024 / 2025","2020 / 2021","2021 / 2022","2022 / 2023","2023 / 2024","2024 / 2025","2020 / 2021","2021 / 2022","2022 / 2023","2023 / 2024","2024 / 2025","2020 / 2021","2021 / 2022","2022 / 2023","2023 / 2024","2024 / 2025","2020 / 2021","2021 / 2022","2022 / 2023","2023 / 2024","2024 / 2025","2020 / 2021","2021 / 2022","2022 / 2023","2023 / 2024","2024 / 2025","2020 / 2021","2021 / 2022","2022 / 2023","2023 / 2024","2024 / 2025","2020 / 2021","2021 / 2022","2022 / 2023","2023 / 2024","2024 / 2025","2020 / 2021","2021 / 2022","2022 / 2023","2023 / 2024","2024 / 2025","2020 / 2021","2021 / 2022","2022 / 2023","2023 / 2024","2024 / 2025","2020 / 2021","2021 / 2022","2022 / 2023","2023 / 2024","2024 / 2025","2020 / 2021","2021 / 2022","2022 / 2023","2023 / 2024","2024 / 2025","2020 / 2021","2021 / 2022","2022 / 2023","2023 / 2024","2024 / 2025","2020 / 2021","2021 / 2022","2022 / 2023","2023 / 2024","2024 / 2025","2020 / 2021","2021 / 2022","2022 / 2023","2023 / 2024","2024 / 2025","2020 / 2021","2021 / 2022","2022 / 2023","2023 / 2024","2024 / 2025","2020 / 2021","2021 / 2022","2022 / 2023","2023 / 2024","2024 / 2025"
,"Persons",,,,,,,,,,,,,,,,,,,,,,,,,,,,,,,,,,,,,,,,,,,,,,,,,,,,,,,,,,,,,,,,,,,,,,,,,,,,,,,,,,,,,,,,,,,,,,,,,,,,,,,,,,,,,,,,,,,,,,,,,,,,,,,,,,,,,,,,,,,,,,,,,,,,,,,,,,,,,,,,,,,,,,,,,,,,,,,,,,,,,,,,,,,,,,,,,,,,,,,,,,,,,,,,,,,,,,,,,,,,,,,,,,,,,,,,,,,,,,,,,,,,,,,,,,,,,,,,,,,,,,,,,,,,,,,,,,,,,,,,,,,,,,,,,,,,,,,,,,,,,,,,,,,,,,,,,,,,,,,,,,,,,,,,,,,,,,,,,,,,,,,,,,,,,,,,,,,,,,,,,,,,,,,,,,,,,,,,,,,,,,,,,,,,,,,,,,,,,,,,,,,,,,,,,,,,,,,,,,,,,,,,,,,,,,,,,,,,,,,,,,,,,,,,,,,,,,,,,,,,,,,,,,,,,,,,,,,,,,,,,,,,,,,,,,,,,,,,,,,,,,,,,,,,,,,,,,,,,,,,,,,,,,,,,,,,,,,,,,,,,,,,,,,,,,,,,,,,,,,,,,,,,,,,,,,,,,,,,,,,,,,,,,,,,,,,,,,,,,,,,,,,,,,,,,,,,,,,,,,,,,,,,,,,,,,,,,,,,,,,,,,,,,,,,,,,,,,,,,,,,,,,,,,,,,,,,,,,,,,,,,,,,,,,,,,,,,,,,,,
"-1 year 18","1","4","7","5","2","2","1","0","0","0","1","0","0","0","0","..","..","..","..","..","0","0","0","0","0","1","6","5","7","3","1","1","0","0","0","0","0","0","0","0","..","..","..","..","..","0","1","0","0","0","0","2","1","1","0","0","0","0","0","0","0","0","0","0","0","..","..","..","..","..","0","0","0","0","0","0","0","2","5","1","0","0","0","0","0","0","0","0","0","0","..","..","..","..","..","0","0","0","0","0","0","11","10","6","8","2","4","5","5","5","3","3","2","2","2","..","..","..","..","..","0","0","2","0","0","0","13","10","8","4","2","4","6","7","7","3","3","2","2","2","..","..","..","..","..","0","0","1","0","1","2","14","17","22","11","2","3","3","3","3","1","1","2","1","1","..","..","..","..","..","0","1","1","0","1","0","11","12","26","7","2","2","4","4","4","1","1","2","2","2","..","..","..","..","..","0","0","2","0","1","2","12","28","26","28","36","52","52","54","56","29","32","25","27","27","..","..","..","..","..","2","176","70","28","53","6","18","27","40","29","30","42","47","49","51","26","29","24","25","26","..","..","..","..","..","1","159","63","47","47","29","164","265","192","154","92","138","153","155","160","73","81","79","81","83","..","..","..","..","..","2","48","54","44","43","19","166","219","196","198","89","144","152","155","160","68","80","78","79","82","..","..","..","..","..","7","38","63","42","33","3","24","19","23","19","10","13","8","7","7","5","5","6","5","5","..","..","..","..","..","0","3","5","1","0","4","27","29","24","17","8","12","10","9","10","5","5","6","6","6","..","..","..","..","..","0","0","1","1","0","5","22","33","15","12","6","7","5","5","5","2","4","4","4","4","..","..","..","..","..","0","0","0","1","1","1","12","46","26","16","5","6","6","6","6","2","4","4","4","4","..","..","..","..","..","0","0","1","1","1","7","63","65","68","69","36","51","47","48","49","21","27","28","28","29","..","..","..","..","..","0","14","8","7","2","9","78","64","68","64","39","49","39","39","40","20","26","26","26","27","..","..","..","..","..","0","13","10","6","3","1","48","50","39","28","36","57","65","71","72","25","29","30","31","33","..","..","..","..","..","0","12","24","22","20","5","34","56","42","26","32","48","52","56","58","22","27","27","28","29","..","..","..","..","..","3","5","6","7","3","0","0","0","0","1","0","0","0","0","0","0","0","0","0","0","..","..","..","..","..","0","0","0","0","0","0","0","0","0","0","0","0","0","0","0","0","0","0","0","0","..","..","..","..","..","0","0","0","0","0","..","..","..","..","..","..","..","..","..","..","..","..","..","..","..","..","..","..","..","..","..","..","..","..","..","..","..","..","..","..","..","..","..","..","..","..","..","..","..","..","..","..","..","..","..","..","..","..","..","..","0","0","1","0","1","0","0","0","0","0","0","0","0","0","0","..","..","..","..","..","0","0","0","0","0","0","0","0","0","0","0","0","0","0","0","0","0","0","0","0","..","..","..","..","..","0","0","0","0","0","0","1","0","0","0","0","0","0","0","0","0","0","0","0","0","..","..","..","..","..","0","0","0","0","0","0","0","0","0","0","0","0","0","0","0","0","0","0","0","0","..","..","..","..","..","0","0","0","0","0"
"0 to 4 years","31","92","224","210","209","10","13","10","10","10","5","10","5","5","5","..","..","..","..","..","1","26","64","77","63","30","94","211","197","171","10","12","10","10","9","6","10","7","6","6","..","..","..","..","..","3","33","82","124","66","23","50","54","84","65","1","10","10","10","10","4","5","5","5","5","..","..","..","..","..","7","30","46","44","37","16","50","53","80","53","1","10","10","10","10","2","5","5","5","5","..","..","..","..","..","2","6","25","16","3","118","338","409","380","306","24","45","40","45","46","23","28","15","16","18","..","..","..","..","..","17","118","279","322","210","104","326","393","314","259","20","38","58","62","63","21","26","20","20","20","..","..","..","..","..","20","87","207","272","143","110","289","540","712","552","18","27","36","34","37","17","20","10","10","11","..","..","..","..","..","12","74","156","180","127","100","277","470","628","543","13","23","20","19","19","15","17","8","8","8","..","..","..","..","..","9","76","165","202","156","783","1,371","1,696","2,129","2,031","384","554","579","605","624","274","311","257","266","273","..","..","..","..","..","-342","1,970","2,909","2,710","1,584","735","1,293","1,688","2,088","1,933","367","508","539","564","579","254","293","239","250","257","..","..","..","..","..","-373","1,767","2,586","2,472","1,448","2,309","4,567","5,698","5,136","5,089","956","1,491","1,684","1,711","1,764","689","799","791","807","830","..","..","..","..","..","90","1,845","4,326","6,078","3,205","2,223","4,466","5,490","4,970","4,916","887","1,455","1,580","1,608","1,657","626","763","742","759","781","..","..","..","..","..","77","1,727","3,983","5,741","2,669","275","629","828","748","590","112","153","108","98","101","50","57","57","53","55","..","..","..","..","..","21","117","338","399","115","246","589","779","694","641","103","142","114","102","105","44","54","55","51","54","..","..","..","..","..","23","127","308","381","186","269","561","1,137","989","636","67","92","69","66","67","25","43","43","41","43","..","..","..","..","..","25","72","151","246","124","273","546","1,055","889","629","50","77","85","80","85","20","37","43","42","42","..","..","..","..","..","9","88","196","284","170","593","1,545","1,729","1,940","2,033","398","532","530","531","547","198","261","274","275","284","..","..","..","..","..","27","339","974","1,674","890","604","1,384","1,729","1,830","1,741","412","552","541","542","559","188","259","265","267","276","..","..","..","..","..","19","426","976","1,746","1,095","537","1,385","1,509","1,306","1,088","311","490","606","652","676","223","266","277","296","305","..","..","..","..","..","121","544","1,018","1,241","699","511","1,277","1,349","1,316","1,016","293","479","581","629","648","203","254","261","280","289","..","..","..","..","..","90","599","1,121","1,439","893","4","12","9","21","20","0","5","0","0","0","0","0","0","0","0","..","..","..","..","..","2","3","14","14","0","3","4","8","20","12","0","5","0","0","0","0","0","0","0","0","..","..","..","..","..","0","9","16","27","22","..","..","..","..","..","..","..","..","..","..","..","..","..","..","..","..","..","..","..","..","..","..","..","..","..","..","..","..","..","..","..","..","..","..","..","..","..","..","..","..","..","..","..","..","..","..","..","..","..","..","5","5","3","2","12","0","0","0","0","0","0","0","0","0","0","..","..","..","..","..","0","1","4","3","1","2","5","8","10","13","0","0","0","0","1","0","0","0","0","0","..","..","..","..","..","0","0","0","0","2","0","2","0","1","2","0","0","0","0","0","0","0","0","0","0","..","..","..","..","..","0","0","0","1","0","0","1","2","0","1","0","0","0","0","0","0","0","0","0","0","..","..","..","..","..","0","0","0","8","0"
"5 to 9 years","35","127","300","285","306","10","15","10","10","10","7","10","3","3","3","..","..","..","..","..","12","22","113","117","64","23","137","270","278","257","10","14","10","10","10","5","9","5","3","3","..","..","..","..","..","26","40","87","128","26","41","85","75","148","94","4","10","10","10","10","0","3","3","3","3","..","..","..","..","..","25","6","52","24","-30","26","76","81","133","95","0","10","10","10","10","0","2","2","2","2","..","..","..","..","..","18","41","60","58","30","140","496","561","521","446","27","45","42","47","49","20","24","15","20","20","..","..","..","..","..","57","82","348","550","92","142","503","486","458","420","20","40","50","57","58","17","22","19","20","20","..","..","..","..","..","38","127","390","529","122","150","410","622","870","729","20","29","37","35","36","15","15","10","10","10","..","..","..","..","..","19","142","365","306","90","130","378","650","828","720","10","25","16","16","16","15","15","8","8","8","..","..","..","..","..","39","145","250","272","32","1,224","2,584","2,918","2,641","2,482","364","520","559","583","601","229","273","224","235","243","..","..","..","..","..","-655","691","2,595","3,290","885","1,180","2,468","2,788","2,552","2,385","358","526","555","582","599","210","255","209","219","228","..","..","..","..","..","-676","757","2,444","3,197","999","3,121","6,461","5,761","6,111","5,978","892","1,464","1,692","1,723","1,774","570","706","708","722","743","..","..","..","..","..","-369","1,813","6,336","8,056","783","3,020","6,025","5,404","5,709","5,701","824","1,380","1,586","1,614","1,663","511","644","646","657","677","..","..","..","..","..","-353","1,712","5,807","7,230","1,156","435","913","1,156","1,000","873","132","186","141","129","133","47","58","56","51","52","..","..","..","..","..","54","228","696","797","32","343","909","1,103","965","845","107","147","120","113","115","41","48","52","48","48","..","..","..","..","..","59","232","683","786","-119","385","835","1,542","1,278","836","70","98","81","77","78","23","38","40","38","40","..","..","..","..","..","62","133","327","459","90","346","775","1,453","1,228","809","55","91","103","97","102","20","34","41","38","38","..","..","..","..","..","54","65","267","292","-16","769","1,897","1,999","2,245","2,165","420","566","595","597","613","178","245","255","255","263","..","..","..","..","..","64","553","1,903","3,076","791","735","1,712","1,871","2,219","2,098","404","588","626","628","646","160","232","242","244","251","..","..","..","..","..","65","413","1,870","2,907","821","751","2,066","1,950","1,941","1,540","251","383","485","520","537","173","218","227","243","250","..","..","..","..","..","197","1,094","2,603","2,718","491","672","1,974","1,785","1,823","1,408","237","403","534","577","595","157","205","218","236","244","..","..","..","..","..","173","905","2,268","2,316","205","4","18","15","30","21","0","4","0","0","0","0","0","0","0","0","..","..","..","..","..","2","0","17","2","-3","4","13","18","24","26","0","4","0","0","0","0","0","0","0","0","..","..","..","..","..","5","5","0","-1","-19","..","..","..","..","..","..","..","..","..","..","..","..","..","..","..","..","..","..","..","..","..","..","..","..","..","..","..","..","..","..","..","..","..","..","..","..","..","..","..","..","..","..","..","..","..","..","..","..","..","..","4","8","1","5","13","0","0","0","0","0","0","0","0","0","0","..","..","..","..","..","-2","-2","0","8","-1","4","5","3","7","12","0","0","0","1","1","0","0","0","0","0","..","..","..","..","..","2","-1","1","5","2","0","1","3","3","4","0","0","0","0","0","0","0","0","0","0","..","..","..","..","..","0","-1","1","6","2","0","1","2","2","2","0","0","0","0","0","0","0","0","0","0","..","..","..","..","..","0","0","1","1","1"
"10 to 14 years","31","85","196","224","253","10","13","10","10","10","5","4","2","0","1","..","..","..","..","..","-1","31","108","143","56","36","80","195","211","238","8","9","6","5","5","5","3","0","0","0","..","..","..","..","..","-6","34","84","100","83","29","90","104","126","101","0","8","8","10","10","0","0","0","0","0","..","..","..","..","..","24","36","68","26","52","29","84","72","133","103","0","6","7","8","9","0","0","0","0","0","..","..","..","..","..","28","39","46","29","-28","115","346","417","417","391","20","40","43","46","46","18","21","15","18","18","..","..","..","..","..","27","42","168","274","-120","106","330","368","327","352","17","30","45","48","49","15","20","10","14","15","..","..","..","..","..","19","86","251","386","-68","99","271","468","632","552","13","26","25","26","26","15","15","10","10","10","..","..","..","..","..","0","126","191","173","-90","96","266","435","593","460","10","18","32","31","31","13","14","10","10","10","..","..","..","..","..","28","160","231","236","-26","884","2,039","2,590","1,979","1,866","262","372","371","388","399","188","214","174","180","186","..","..","..","..","..","-571","533","1,596","2,527","319","888","2,019","2,412","1,964","1,829","201","341","390","409","423","172","198","166","172","179","..","..","..","..","..","-510","484","1,723","2,234","402","2,602","5,296","4,772","4,994","5,061","657","1,084","1,266","1,289","1,328","472","568","568","580","597","..","..","..","..","..","-602","1,220","5,054","6,956","612","2,429","5,012","4,577","4,819","4,827","653","1,088","1,284","1,306","1,346","464","534","538","549","565","..","..","..","..","..","-550","1,415","4,873","6,833","746","322","642","841","787","788","107","159","126","115","119","42","50","49","44","46","..","..","..","..","..","-6","185","511","561","-108","291","550","826","771","720","67","105","108","96","102","33","38","44","41","42","..","..","..","..","..","7","189","549","547","-37","250","628","1,153","1,019","775","46","59","59","57","59","19","28","30","31","32","..","..","..","..","..","24","82","291","412","11","198","590","1,009","974","714","52","75","74","69","71","19","29","33","32","32","..","..","..","..","..","38","84","272","317","60","647","1,553","1,583","1,802","1,825","337","496","509","511","527","147","208","216","217","222","..","..","..","..","..","-41","305","1,475","2,452","448","654","1,565","1,589","1,693","1,702","312","448","424","425","439","140","189","190","190","197","..","..","..","..","..","18","316","1,549","2,363","263","651","1,791","1,694","1,696","1,468","220","327","352","382","392","153","184","184","194","201","..","..","..","..","..","-113","1,031","2,206","2,783","299","567","1,660","1,504","1,573","1,335","186","275","326","352","363","146","163","168","179","184","..","..","..","..","..","93","1,370","2,267","2,728","443","7","15","16","32","29","0","0","0","0","0","0","0","0","0","0","..","..","..","..","..","3","-3","17","6","-10","7","10","12","18","18","0","0","0","0","0","0","0","0","0","0","..","..","..","..","..","-1","3","6","5","-5","..","..","..","..","..","..","..","..","..","..","..","..","..","..","..","..","..","..","..","..","..","..","..","..","..","..","..","..","..","..","..","..","..","..","..","..","..","..","..","..","..","..","..","..","..","..","..","..","..","..","3","7","6","7","13","0","0","0","0","0","0","0","0","0","0","..","..","..","..","..","1","0","5","0","3","2","5","3","9","7","0","0","0","0","0","0","0","0","0","0","..","..","..","..","..","1","0","3","2","5","0","1","2","5","1","0","0","0","0","0","0","0","0","0","0","..","..","..","..","..","1","-1","0","0","1","0","1","0","2","1","0","0","0","0","0","0","0","0","0","0","..","..","..","..","..","0","0","1","3","-1"
"15 to 19 years","30","71","121","188","163","6","5","5","4","5","5","0","0","0","0","..","..","..","..","..","38","708","414","232","41","19","55","108","161","164","0","3","0","1","1","5","2","1","1","1","..","..","..","..","..","-68","433","285","238","32","20","63","76","96","83","0","0","1","3","3","1","0","0","0","0","..","..","..","..","..","65","258","329","306","136","25","57","73","116","85","0","0","0","0","0","2","1","1","1","1","..","..","..","..","..","95","210","267","216","92","65","224","235","252","253","10","20","24","25","26","20","20","13","14","15","..","..","..","..","..","-92","1,074","1,305","891","462","48","178","243","242","248","6","13","20","22","23","17","18","11","12","12","..","..","..","..","..","-277","794","1,068","641","169","63","179","311","311","256","8","12","21","22","22","11","12","10","10","10","..","..","..","..","..","33","695","742","818","455","58","178","266","321","279","4","10","13","11","13","11","10","7","7","7","..","..","..","..","..","-82","634","619","545","326","662","1,540","1,780","1,458","1,210","123","179","185","195","200","195","177","142","147","151","..","..","..","..","..","2,202","6,293","7,392","9,366","4,894","650","1,491","1,710","1,406","1,253","114","150","158","168","171","200","167","136","139","146","..","..","..","..","..","1,434","5,711","6,227","7,076","3,858","2,072","4,224","4,121","4,272","4,133","376","566","673","685","705","496","472","464","475","490","..","..","..","..","..","4,619","31,098","39,900","44,664","11,977","1,745","4,099","3,915","4,019","3,937","350","527","579","588","608","511","459","442","453","467","..","..","..","..","..","2,921","25,316","32,436","33,733","9,548","166","361","474","487","522","39","74","74","67","68","31","34","38","37","38","..","..","..","..","..","539","1,840","2,745","2,890","1,157","181","365","470","455","479","41","47","50","46","47","34","28","33","31","34","..","..","..","..","..","386","1,622","2,196","2,173","782","147","410","639","634","499","22","36","53","49","51","16","22","31","30","31","..","..","..","..","..","179","829","1,161","1,487","583","160","359","591","585","509","16","27","19","19","19","15","22","24","24","25","..","..","..","..","..","100","614","842","1,015","293","495","1,483","1,397","1,505","1,530","162","240","225","225","232","138","157","164","168","173","..","..","..","..","..","515","3,426","4,903","8,685","3,410","501","1,366","1,281","1,403","1,431","163","223","236","234","243","142","150","164","168","171","..","..","..","..","..","246","2,782","4,149","6,559","2,260","418","1,314","1,321","1,331","1,174","130","180","199","215","223","168","154","157","167","172","..","..","..","..","..","884","11,367","11,371","15,607","4,834","452","1,243","1,162","1,262","1,158","134","173","192","205","213","176","152","154","163","166","..","..","..","..","..","1,296","11,684","10,795","12,485","3,500","5","9","10","19","23","0","0","0","0","0","0","0","0","0","0","..","..","..","..","..","16","30","28","29","18","4","6","17","19","18","0","0","0","0","0","0","0","0","0","0","..","..","..","..","..","2","15","26","28","22","..","..","..","..","..","..","..","..","..","..","..","..","..","..","..","..","..","..","..","..","..","..","..","..","..","..","..","..","..","..","..","..","..","..","..","..","..","..","..","..","..","..","..","..","..","..","..","..","..","..","3","2","8","6","11","0","0","0","0","0","0","0","0","0","0","..","..","..","..","..","-2","8","-1","16","4","4","9","6","9","9","0","0","0","0","0","0","0","0","0","0","..","..","..","..","..","1","2","2","10","7","0","1","3","3","1","0","0","0","0","0","0","0","0","0","0","..","..","..","..","..","-1","1","2","2","2","1","1","0","1","1","0","0","0","0","0","0","0","0","0","0","..","..","..","..","..","1","0","1","2","0"
"20 to 24 years","25","213","327","226","193","10","12","12","13","13","6","9","9","9","9","..","..","..","..","..","-17","245","311","403","196","38","190","281","229","216","11","9","11","11","11","12","7","7","7","7","..","..","..","..","..","-51","129","176","378","172","260","767","500","548","224","2","8","10","10","10","5","5","5","6","6","..","..","..","..","..","134","-181","360","-35","-29","109","441","372","413","240","6","4","9","10","10","5","5","5","7","7","..","..","..","..","..","135","-17","230","23","-92","223","1,767","888","1,211","610","22","42","58","65","67","29","29","20","21","21","..","..","..","..","..","-55","-128","1,836","1,238","755","142","1,141","680","1,024","614","25","31","54","59","61","37","33","21","23","25","..","..","..","..","..","-179","-18","1,030","963","604","94","722","583","585","366","14","26","29","28","29","21","18","11","11","12","..","..","..","..","..","188","296","704","1,212","671","113","572","487","586","467","16","20","30","30","31","27","20","13","13","14","..","..","..","..","..","53","130","590","804","567","1,080","2,356","2,113","1,458","2,322","267","363","373","389","399","327","271","219","226","234","..","..","..","..","..","-1,223","6,279","12,235","15,855","3,063","1,399","2,470","2,334","1,803","2,361","239","303","344","358","368","404","310","255","264","272","..","..","..","..","..","-2,521","4,635","6,985","8,729","1,990","5,555","16,166","9,539","8,486","7,301","1,516","2,396","2,491","2,537","2,614","996","945","914","928","955","..","..","..","..","..","-387","26,778","49,303","49,036","-11,775","5,740","14,246","10,224","9,674","9,124","1,206","1,752","1,786","1,819","1,874","1,135","969","925","943","973","..","..","..","..","..","-2,709","18,453","33,719","31,712","-10,084","832","2,318","2,413","1,870","1,439","93","118","104","92","95","55","49","55","51","52","..","..","..","..","..","205","742","1,421","1,560","-570","684","1,690","1,985","1,822","1,423","80","121","113","103","107","66","57","66","62","63","..","..","..","..","..","156","645","1,133","942","-411","402","852","1,222","1,211","963","42","58","48","48","49","24","35","39","37","39","..","..","..","..","..","-156","180","934","1,584","481","318","780","992","1,097","932","51","48","46","45","46","32","39","44","44","48","..","..","..","..","..","-4","246","607","1,147","356","1,282","2,919","2,547","2,827","2,304","270","416","412","411","425","222","237","249","253","259","..","..","..","..","..","-36","1,568","5,914","8,356","3,747","1,423","2,994","2,809","3,308","2,975","288","327","341","342","351","281","260","285","289","297","..","..","..","..","..","-589","1,405","5,074","6,408","2,028","1,870","6,239","3,275","2,587","1,997","488","773","877","948","976","316","313","312","339","348","..","..","..","..","..","-2,058","2,463","11,124","12,054","-2,107","2,063","6,329","3,447","2,956","2,901","459","625","716","775","797","385","331","336","358","369","..","..","..","..","..","-2,566","2,835","8,227","8,301","-3,230","28","98","93","93","63","6","4","0","0","0","0","1","0","0","0","..","..","..","..","..","45","-36","34","77","51","26","79","75","59","70","6","3","0","0","0","0","2","1","2","2","..","..","..","..","..","18","-6","37","48","45","..","..","..","..","..","..","..","..","..","..","..","..","..","..","..","..","..","..","..","..","..","..","..","..","..","..","..","..","..","..","..","..","..","..","..","..","..","..","..","..","..","..","..","..","..","..","..","..","..","..","32","59","34","50","59","0","0","3","4","4","5","0","0","0","0","..","..","..","..","..","22","-1","48","64","30","7","34","39","48","37","0","0","2","2","3","5","0","0","0","0","..","..","..","..","..","12","7","18","28","33","1","0","1","1","3","0","0","0","0","0","0","0","0","0","0","..","..","..","..","..","1","-3","8","2","8","1","2","1","5","4","0","0","0","0","0","0","0","0","0","0","..","..","..","..","..","-1","0","4","3","7"
"25 to 29 years","71","278","365","384","379","19","16","10","10","10","10","10","6","5","5","..","..","..","..","..","-123","8","331","341","-62","95","234","379","350","382","19","22","20","19","20","15","10","10","10","10","..","..","..","..","..","-67","35","271","445","26","131","403","351","419","290","10","10","11","11","12","10","9","8","10","10","..","..","..","..","..","59","-210","48","35","-202","85","260","243","328","252","10","10","15","16","18","9","9","10","10","10","..","..","..","..","..","4","-134","62","10","-112","388","1,816","1,264","1,696","1,159","44","63","87","97","98","35","43","28","33","34","..","..","..","..","..","-446","-900","840","270","-540","380","1,341","1,175","1,441","1,146","45","72","111","122","126","44","56","37","41","42","..","..","..","..","..","-322","-346","1,012","525","-391","210","755","690","1,030","821","27","41","43","42","42","25","26","17","16","17","..","..","..","..","..","160","-19","539","601","188","198","631","720","1,033","917","30","46","50","50","51","30","33","22","23","23","..","..","..","..","..","77","178","596","792","166","2,991","4,806","4,244","3,481","4,961","542","730","776","811","834","399","442","364","379","390","..","..","..","..","..","-2,380","1,274","11,607","13,409","-1,633","3,414","5,180","4,773","4,035","5,323","535","748","830","868","895","480","532","441","456","471","..","..","..","..","..","-2,578","684","6,753","8,053","-974","15,232","31,610","21,162","23,420","22,143","2,127","3,367","3,547","3,609","3,719","1,160","1,381","1,338","1,361","1,405","..","..","..","..","..","-8,184","-732","27,902","20,657","-26,070","14,449","30,265","23,712","26,364","25,538","2,186","3,367","3,708","3,774","3,887","1,381","1,608","1,581","1,610","1,660","..","..","..","..","..","-7,558","326","22,073","19,797","-19,061","1,175","2,037","2,234","2,231","1,966","138","183","201","183","187","67","76","89","86","88","..","..","..","..","..","-457","-342","1,230","870","-917","1,043","2,067","2,082","2,172","1,998","161","209","220","199","206","84","93","110","103","106","..","..","..","..","..","-381","-234","993","846","-731","519","1,107","1,333","1,541","1,312","82","109","83","78","80","33","55","58","59","60","..","..","..","..","..","-293","-159","656","924","-159","581","1,173","1,351","1,494","1,274","66","93","103","97","99","35","63","74","76","77","..","..","..","..","..","-192","-20","639","969","23","2,230","4,414","4,230","4,977","4,424","518","668","651","653","673","278","366","380","386","397","..","..","..","..","..","-969","-30","6,768","7,294","1,130","2,649","5,261","4,878","5,912","5,652","499","671","690","693","713","329","434","465","472","487","..","..","..","..","..","-1,080","238","5,773","6,867","582","4,718","9,932","6,314","6,378","5,582","843","1,310","1,502","1,624","1,674","387","496","499","543","560","..","..","..","..","..","-2,865","-1,475","9,468","5,396","-6,031","5,447","10,799","7,261","7,356","6,923","848","1,283","1,540","1,666","1,716","460","567","582","630","647","..","..","..","..","..","-3,918","-936","7,723","6,189","-4,763","41","89","69","91","73","10","10","4","1","2","1","10","5","5","5","..","..","..","..","..","13","-45","61","25","-7","43","61","63","89","83","10","10","7","5","5","0","9","6","5","5","..","..","..","..","..","10","-10","56","37","-10","..","..","..","..","..","..","..","..","..","..","..","..","..","..","..","..","..","..","..","..","..","..","..","..","..","..","..","..","..","..","..","..","..","..","..","..","..","..","..","..","..","..","..","..","..","..","..","..","..","..","9","54","35","52","59","4","7","8","10","10","7","2","0","0","0","..","..","..","..","..","9","-28","20","20","0","15","32","30","41","53","4","8","9","10","10","7","3","1","2","2","..","..","..","..","..","-1","-1","12","39","-4","0","4","2","4","8","2","4","2","0","0","2","1","0","0","0","..","..","..","..","..","-1","-13","6","14","0","3","8","5","7","8","0","4","3","0","0","1","2","0","0","0","..","..","..","..","..","3","-2","-1","7","15"
"30 to 34 years","91","221","413","357","399","22","25","17","14","14","10","10","10","10","10","..","..","..","..","..","-71","120","354","340","-23","84","232","422","390","390","21","25","18","16","17","10","10","10","10","10","..","..","..","..","..","7","53","346","306","6","48","148","168","246","169","10","10","15","15","16","10","10","10","10","10","..","..","..","..","..","52","-25","181","74","-50","80","161","152","252","183","10","10","15","15","15","10","10","10","10","10","..","..","..","..","..","25","-25","127","56","-38","255","905","842","1,087","862","54","73","121","131","134","31","46","33","37","39","..","..","..","..","..","14","132","1,270","700","-217","332","917","916","1,016","829","54","80","104","116","118","34","53","34","39","40","..","..","..","..","..","32","161","1,098","700","-128","214","584","728","1,063","848","35","45","57","55","56","24","30","20","20","20","..","..","..","..","..","151","315","700","577","-42","211","576","791","1,240","1,033","37","55","61","59","60","26","32","20","20","21","..","..","..","..","..","168","336","680","497","-125","3,232","5,354","4,804","4,393","5,179","605","857","928","970","1,002","354","473","390","409","421","..","..","..","..","..","-1,140","1,446","9,560","11,028","-590","3,394","5,324","4,957","4,504","5,069","687","956","991","1,035","1,068","405","528","432","449","463","..","..","..","..","..","-1,731","243","5,163","6,686","-271","9,009","18,493","19,330","16,477","15,442","2,061","3,265","3,863","3,930","4,050","1,004","1,377","1,403","1,428","1,471","..","..","..","..","..","-1,931","2,565","20,205","19,936","-7,060","8,884","17,721","18,548","16,440","16,160","2,122","3,259","3,883","3,950","4,070","1,102","1,474","1,501","1,527","1,573","..","..","..","..","..","-2,486","1,714","14,423","16,332","-6,589","711","1,400","1,516","1,543","1,321","146","238","226","206","212","61","86","97","90","93","..","..","..","..","..","-202","46","1,631","1,340","14","726","1,420","1,609","1,485","1,424","147","205","215","195","200","67","86","102","93","97","..","..","..","..","..","-126","233","1,490","1,264","-121","546","1,070","1,556","1,559","1,139","75","118","123","117","122","29","58","66","64","67","..","..","..","..","..","-92","74","769","1,058","27","607","1,197","1,859","1,741","1,243","91","141","137","134","135","31","66","75","72","76","..","..","..","..","..","-109","88","739","975","96","1,939","4,168","4,597","4,641","4,238","627","824","779","781","804","260","400","408","412","425","..","..","..","..","..","-512","264","5,990","6,538","777","2,072","4,031","4,288","4,711","4,530","600","825","849","853","878","277","428","453","456","471","..","..","..","..","..","-572","362","5,332","5,986","440","3,253","7,180","5,825","5,331","4,649","834","1,361","1,757","1,900","1,960","335","510","542","594","611","..","..","..","..","..","-644","14","7,150","5,284","-2,404","3,337","7,181","5,921","5,692","5,145","809","1,334","1,723","1,862","1,920","363","538","571","621","641","..","..","..","..","..","-947","403","6,027","5,358","-2,416","30","49","42","74","54","10","10","10","10","10","0","10","9","8","8","..","..","..","..","..","2","-17","50","42","-12","25","58","49","77","59","10","10","10","10","10","1","10","9","7","7","..","..","..","..","..","11","-16","41","42","-13","..","..","..","..","..","..","..","..","..","..","..","..","..","..","..","..","..","..","..","..","..","..","..","..","..","..","..","..","..","..","..","..","..","..","..","..","..","..","..","..","..","..","..","..","..","..","..","..","..","..","11","24","19","20","25","4","9","10","10","10","4","3","4","5","5","..","..","..","..","..","-5","-12","15","24","6","9","25","19","19","26","4","8","10","10","10","4","1","4","5","5","..","..","..","..","..","-10","-17","-4","27","-3","2","3","4","0","7","0","6","5","0","0","0","2","4","0","0","..","..","..","..","..","4","-5","2","17","16","3","9","8","5","9","2","6","5","0","0","1","0","3","0","0","..","..","..","..","..","1","-1","6","5","-1"
"35 to 39 years","58","202","386","354","359","20","23","19","17","18","10","10","10","10","10","..","..","..","..","..","-10","42","314","216","-44","49","152","368","398","374","18","24","22","23","23","10","10","10","10","10","..","..","..","..","..","3","47","219","245","-16","37","109","120","188","140","10","10","12","12","13","6","10","10","10","10","..","..","..","..","..","69","28","121","98","-23","38","121","151","190","156","10","10","14","15","15","8","10","10","10","10","..","..","..","..","..","61","13","64","106","-45","217","697","736","667","636","47","71","95","105","110","26","36","28","29","31","..","..","..","..","..","65","133","808","746","-96","214","636","671","672","607","41","75","102","112","116","28","40","29","33","33","..","..","..","..","..","109","141","608","618","-91","194","527","696","1,045","941","31","45","32","31","34","18","26","13","14","14","..","..","..","..","..","187","275","676","450","-150","171","503","710","999","880","28","47","47","46","48","16","26","17","17","17","..","..","..","..","..","121","328","745","555","-39","2,264","4,237","4,023","3,631","3,626","690","945","957","1,002","1,031","321","421","341","357","368","..","..","..","..","..","-215","1,191","6,873","8,743","247","2,222","4,107","3,856","3,160","3,069","603","854","953","995","1,026","323","415","352","368","378","..","..","..","..","..","-869","233","3,895","5,384","634","5,656","10,667","9,381","9,460","9,275","1,783","2,773","3,409","3,469","3,575","822","1,112","1,157","1,177","1,212","..","..","..","..","..","-1,197","1,656","13,509","16,813","-817","5,043","9,807","8,116","8,689","8,592","1,574","2,549","3,088","3,143","3,238","830","1,106","1,137","1,155","1,190","..","..","..","..","..","-1,283","1,292","9,983","14,090","-973","588","1,114","1,353","1,167","1,112","111","186","182","164","169","48","67","76","70","72","..","..","..","..","..","57","82","1,392","1,205","-22","527","1,013","1,351","1,185","1,109","120","187","196","175","182","51","68","82","75","76","..","..","..","..","..","51","269","1,306","1,120","-66","537","1,113","1,995","1,577","1,086","93","134","151","145","149","27","54","61","60","60","..","..","..","..","..","-43","60","650","832","31","487","1,082","1,951","1,553","1,060","89","130","139","134","136","26","54","61","59","62","..","..","..","..","..","-32","128","554","791","2","1,313","2,767","2,949","3,433","3,406","596","860","925","926","954","222","352","370","372","382","..","..","..","..","..","-267","240","5,145","5,691","733","1,316","2,575","2,521","3,004","3,012","545","816","864","866","893","227","355","372","374","384","..","..","..","..","..","-214","223","3,848","5,209","371","1,739","4,163","3,433","3,279","2,686","674","1,137","1,463","1,582","1,631","266","409","437","477","492","..","..","..","..","..","499","522","5,047","4,433","-737","1,768","4,168","3,330","3,372","2,897","597","951","1,263","1,368","1,408","271","387","418","456","468","..","..","..","..","..","57","760","4,137","4,840","-749","19","32","36","45","41","10","9","8","5","5","0","6","3","2","2","..","..","..","..","..","16","-9","42","24","-30","14","33","32","43","49","10","8","4","1","1","0","4","1","1","1","..","..","..","..","..","4","-6","27","12","-15","..","..","..","..","..","..","..","..","..","..","..","..","..","..","..","..","..","..","..","..","..","..","..","..","..","..","..","..","..","..","..","..","..","..","..","..","..","..","..","..","..","..","..","..","..","..","..","..","..","..","5","14","14","16","22","0","4","10","10","10","0","0","1","2","2","..","..","..","..","..","1","-3","15","26","1","6","15","6","10","21","0","3","8","10","10","0","0","0","0","0","..","..","..","..","..","-2","-12","8","19","10","3","2","3","2","4","0","2","3","0","0","0","0","0","0","0","..","..","..","..","..","-4","-7","2","8","4","3","2","1","6","3","0","1","1","0","0","0","0","0","0","0","..","..","..","..","..","-2","2","2","0","7"
"40 to 44 years","31","110","237","257","243","16","15","10","11","11","10","10","5","6","6","..","..","..","..","..","16","43","146","112","-50","31","71","167","206","250","19","17","12","11","12","10","10","7","7","7","..","..","..","..","..","-5","40","143","146","-23","45","105","92","130","87","10","10","10","10","10","5","6","7","8","8","..","..","..","..","..","42","7","88","51","-8","38","114","97","142","90","10","10","10","10","10","4","8","6","8","9","..","..","..","..","..","23","-3","87","23","-61","139","484","483","514","439","33","62","85","92","96","23","28","23","25","25","..","..","..","..","..","58","32","445","510","-67","120","415","407","417","428","42","63","78","83","87","25","30","21","24","24","..","..","..","..","..","52","148","340","368","-8","123","361","507","728","632","21","40","51","49","50","15","16","15","13","14","..","..","..","..","..","88","180","495","397","-78","117","284","418","594","538","29","41","23","21","22","15","17","10","10","10","..","..","..","..","..","88","110","369","351","-197","1,345","2,604","2,871","2,328","2,115","545","758","803","842","867","293","319","266","279","285","..","..","..","..","..","-32","821","4,264","6,459","779","1,199","2,551","2,630","2,030","1,784","473","715","761","795","820","263","317","263","274","283","..","..","..","..","..","-309","173","2,304","4,013","660","3,256","6,111","5,225","5,444","5,374","1,184","1,973","2,430","2,471","2,548","701","800","835","847","873","..","..","..","..","..","-843","731","7,940","12,878","932","2,821","5,829","4,948","5,071","5,042","1,055","1,686","2,048","2,084","2,145","635","762","783","796","820","..","..","..","..","..","-994","238","5,976","10,367","443","414","794","1,004","999","893","89","141","154","139","144","43","49","60","54","56","..","..","..","..","..","78","70","989","836","-130","326","694","825","774","771","52","103","141","127","129","35","45","58","53","54","..","..","..","..","..","44","188","928","911","-110","306","728","1,325","1,195","783","88","97","97","92","96","27","38","43","42","43","..","..","..","..","..","46","62","524","593","67","246","618","1,051","1,051","805","57","83","105","98","104","21","37","44","44","44","..","..","..","..","..","21","50","413","419","39","807","1,736","1,732","2,011","2,076","479","707","776","776","799","204","272","286","286","296","..","..","..","..","..","-145","-20","2,930","4,109","523","696","1,567","1,491","1,721","1,738","407","597","646","644","665","181","256","268","269","276","..","..","..","..","..","-121","124","2,379","3,829","561","944","2,399","2,258","2,191","1,717","453","732","959","1,038","1,068","232","282","300","328","338","..","..","..","..","..","370","468","2,966","3,422","-66","924","2,548","2,316","2,183","1,941","436","678","854","924","952","215","275","291","314","324","..","..","..","..","..","303","523","2,476","3,929","-136","8","13","21","31","35","10","5","0","0","0","0","0","0","0","0","..","..","..","..","..","5","0","21","8","-15","9","20","19","37","32","9","5","0","0","0","0","0","0","0","0","..","..","..","..","..","2","-5","15","17","-10","..","..","..","..","..","..","..","..","..","..","..","..","..","..","..","..","..","..","..","..","..","..","..","..","..","..","..","..","..","..","..","..","..","..","..","..","..","..","..","..","..","..","..","..","..","..","..","..","..","..","1","7","6","10","19","0","0","5","8","8","0","0","0","0","0","..","..","..","..","..","1","-4","8","17","9","8","12","5","10","7","0","0","5","7","7","0","0","0","0","0","..","..","..","..","..","-2","-7","3","0","8","1","4","3","2","1","0","0","0","0","0","0","0","0","0","0","..","..","..","..","..","2","1","2","11","9","0","2","1","2","2","0","0","0","0","0","0","0","0","0","0","..","..","..","..","..","0","0","2","2","6"
"45 to 49 years","15","45","106","114","151","10","15","10","11","12","10","10","5","5","6","..","..","..","..","..","-33","61","89","135","24","12","40","73","81","122","10","15","10","9","9","7","10","3","3","4","..","..","..","..","..","-4","-8","107","99","-5","38","75","74","100","87","10","10","10","10","10","0","1","2","2","3","..","..","..","..","..","29","41","53","0","-61","34","50","66","102","73","4","10","10","10","10","0","3","4","4","4","..","..","..","..","..","29","36","53","7","-37","68","263","279","261","215","30","48","62","67","71","20","29","20","21","21","..","..","..","..","..","-34","36","240","194","16","58","197","209","219","179","23","47","54","59","61","17","27","18","20","20","..","..","..","..","..","18","17","131","192","-6","87","202","277","372","311","20","31","33","34","35","15","15","10","10","10","..","..","..","..","..","47","77","217","127","-82","48","159","219","268","224","16","31","34","33","34","15","15","10","10","10","..","..","..","..","..","53","30","165","122","-58","792","1,633","1,913","1,517","1,239","341","486","581","609","627","239","260","224","234","242","..","..","..","..","..","-268","390","1,871","3,119","352","689","1,521","1,748","1,385","1,041","318","390","441","462","477","201","233","197","206","210","..","..","..","..","..","-252","54","1,174","2,310","470","1,824","3,619","3,390","3,397","3,240","941","1,441","1,726","1,759","1,810","613","688","701","712","734","..","..","..","..","..","-620","-42","3,961","7,683","790","1,688","3,489","3,155","3,157","3,059","774","1,121","1,370","1,393","1,436","501","611","622","633","654","..","..","..","..","..","-716","96","3,328","6,886","182","184","404","597","459","463","59","87","106","94","99","36","40","51","46","46","..","..","..","..","..","75","43","490","522","-44","144","306","414","346","325","55","62","70","65","65","30","32","42","41","41","..","..","..","..","..","-8","66","464","512","-110","169","411","749","707","492","40","84","79","74","78","17","35","39","38","38","..","..","..","..","..","29","-31","188","214","-77","103","285","513","483","369","41","62","61","59","63","18","32","35","35","36","..","..","..","..","..","43","36","140","282","-37","410","972","982","1,058","1,073","356","560","613","615","634","173","238","253","254","261","..","..","..","..","..","-139","-21","1,449","2,275","303","357","861","819","906","901","303","413","427","427","440","144","204","215","216","223","..","..","..","..","..","-117","7","1,043","2,056","-8","577","1,507","1,397","1,376","1,189","420","568","684","742","763","214","246","253","275","282","..","..","..","..","..","186","146","1,552","1,712","-342","550","1,428","1,361","1,310","1,121","383","458","517","558","575","180","217","220","236","245","..","..","..","..","..","55","260","1,353","2,457","-229","4","8","19","18","20","2","3","0","0","0","0","0","0","0","0","..","..","..","..","..","7","10","9","11","-2","5","7","15","10","19","0","1","0","0","0","0","0","0","0","0","..","..","..","..","..","1","-2","-3","21","-3","..","..","..","..","..","..","..","..","..","..","..","..","..","..","..","..","..","..","..","..","..","..","..","..","..","..","..","..","..","..","..","..","..","..","..","..","..","..","..","..","..","..","..","..","..","..","..","..","..","..","3","3","8","5","7","0","0","1","1","2","0","0","0","0","0","..","..","..","..","..","-3","-3","9","16","10","2","3","6","6","7","0","0","0","0","0","0","0","0","0","0","..","..","..","..","..","-2","-4","0","6","-1","0","2","0","1","1","0","0","0","0","0","0","0","0","0","0","..","..","..","..","..","0","7","-6","1","1","0","3","1","0","0","0","0","0","0","0","0","0","0","0","0","..","..","..","..","..","1","-1","0","2","2"
"50 to 54 years","8","28","39","39","75","10","10","8","7","7","6","8","5","5","5","..","..","..","..","..","-42","27","57","67","-29","8","15","26","47","41","10","10","3","2","2","6","6","0","0","0","..","..","..","..","..","-6","4","48","87","-1","18","47","39","59","60","1","8","7","10","10","0","5","5","5","5","..","..","..","..","..","23","3","34","0","-39","11","28","36","42","37","2","2","4","7","7","0","0","0","0","0","..","..","..","..","..","11","1","16","-4","-29","46","112","148","118","114","25","36","40","43","45","20","25","15","16","17","..","..","..","..","..","-51","18","78","90","-16","27","85","103","95","80","20","28","34","37","37","15","20","15","15","15","..","..","..","..","..","5","3","61","111","8","29","72","143","174","140","18","23","33","32","33","15","15","10","10","10","..","..","..","..","..","15","35","97","73","3","24","53","82","83","76","16","19","22","23","23","12","15","10","10","10","..","..","..","..","..","17","22","84","108","37","407","984","1,333","1,157","698","242","348","367","383","395","201","238","193","202","208","..","..","..","..","..","-194","54","825","1,598","234","372","866","1,070","906","593","204","273","272","283","292","164","201","160","168","172","..","..","..","..","..","-58","116","790","1,431","325","1,023","2,212","2,152","2,207","2,084","729","1,067","1,347","1,371","1,412","528","634","647","661","681","..","..","..","..","..","-532","-343","1,734","4,049","341","1,094","2,199","2,298","2,308","2,144","634","913","1,061","1,080","1,112","439","549","545","555","572","..","..","..","..","..","-436","180","1,913","4,376","-76","70","143","226","193","199","54","93","96","85","87","31","42","48","44","47","..","..","..","..","..","-20","-12","199","268","-30","55","110","165","167","180","59","78","58","53","54","28","35","35","35","37","..","..","..","..","..","-11","32","299","377","-30","55","182","284","296","204","35","47","45","42","42","15","30","32","31","32","..","..","..","..","..","12","-9","68","143","31","50","151","192","178","167","16","28","44","42","43","11","23","28","26","29","..","..","..","..","..","-5","12","102","168","-24","226","541","536","618","609","274","414","436","435","450","147","214","227","229","237","..","..","..","..","..","-127","-18","715","1,184","144","265","630","650","611","660","206","309","340","341","351","115","175","190","193","198","..","..","..","..","..","-56","47","715","1,278","74","289","873","830","849","749","418","540","608","657","676","201","244","246","265","272","..","..","..","..","..","70","-20","804","996","-78","303","824","884","848","771","333","494","595","642","662","163","215","223","241","248","..","..","..","..","..","11","118","788","1,666","-325","1","6","5","13","9","0","0","0","0","0","0","0","0","0","0","..","..","..","..","..","4","5","8","1","-2","2","7","6","9","11","0","0","0","0","0","0","0","0","0","0","..","..","..","..","..","1","-2","3","12","-6","..","..","..","..","..","..","..","..","..","..","..","..","..","..","..","..","..","..","..","..","..","..","..","..","..","..","..","..","..","..","..","..","..","..","..","..","..","..","..","..","..","..","..","..","..","..","..","..","..","..","1","1","2","6","3","0","0","0","0","0","0","0","0","0","0","..","..","..","..","..","-5","2","4","7","-2","1","4","4","2","2","0","0","0","0","0","0","0","0","0","0","..","..","..","..","..","3","1","1","1","4","0","0","0","1","1","0","0","0","0","0","0","0","0","0","0","..","..","..","..","..","-1","-2","2","1","3","0","1","0","0","2","0","0","0","0","0","0","0","0","0","0","..","..","..","..","..","2","0","1","3","2"
"55 to 59 years","3","14","27","28","35","10","10","10","10","10","8","5","2","2","2","..","..","..","..","..","-25","16","-6","31","3","5","8","23","18","27","10","10","10","10","10","4","9","2","2","3","..","..","..","..","..","-1","6","22","52","-7","8","12","20","22","14","6","0","5","8","8","0","2","2","3","4","..","..","..","..","..","14","10","7","-13","-11","7","8","10","13","22","8","8","7","10","10","0","2","3","4","4","..","..","..","..","..","1","-6","2","14","-17","17","56","56","63","58","27","31","35","35","36","15","25","15","15","15","..","..","..","..","..","-44","3","32","48","-5","9","51","52","58","62","26","34","39","44","46","15","20","15","17","18","..","..","..","..","..","6","9","38","120","7","11","33","39","50","53","18","20","20","19","19","12","15","10","9","9","..","..","..","..","..","-5","14","5","56","-8","6","33","34","29","36","18","20","28","27","30","10","15","10","10","10","..","..","..","..","..","4","17","48","96","-2","255","539","670","522","438","215","282","282","295","305","163","222","177","184","191","..","..","..","..","..","-164","1","387","810","164","279","541","596","502","418","175","244","248","259","266","134","201","163","171","176","..","..","..","..","..","-10","134","516","1,042","274","823","1,565","1,827","1,675","1,518","673","955","1,085","1,105","1,137","440","604","595","607","627","..","..","..","..","..","-569","-42","839","2,271","268","1,048","2,104","2,498","2,244","2,091","563","804","927","945","971","359","551","543","554","571","..","..","..","..","..","-262","384","1,283","3,076","125","41","85","122","108","109","37","62","69","62","65","24","36","43","40","40","..","..","..","..","..","-7","30","135","135","-2","68","99","182","130","134","31","59","48","44","46","21","31","38","36","37","..","..","..","..","..","-2","54","194","270","1","53","103","146","106","109","13","38","38","35","37","9","27","30","30","30","..","..","..","..","..","-10","4","22","80","-7","53","119","153","120","122","10","28","35","33","33","5","25","29","30","30","..","..","..","..","..","4","27","60","114","12","183","433","485","430","440","212","290","289","290","298","115","186","199","202","207","..","..","..","..","..","-124","-22","277","514","80","292","646","779","704","690","158","252","246","246","255","92","172","182","184","190","..","..","..","..","..","-70","138","538","1,056","68","242","586","670","662","588","354","525","650","704","723","164","238","250","269","276","..","..","..","..","..","47","23","384","655","-167","314","737","873","739","749","301","409","467","505","520","133","206","210","226","234","..","..","..","..","..","-13","130","505","1,260","-5","2","9","2","6","6","0","0","0","0","0","0","0","0","0","0","..","..","..","..","..","4","-1","0","11","-8","1","2","6","2","8","0","0","0","0","0","0","0","0","0","0","..","..","..","..","..","0","2","-1","11","-3","..","..","..","..","..","..","..","..","..","..","..","..","..","..","..","..","..","..","..","..","..","..","..","..","..","..","..","..","..","..","..","..","..","..","..","..","..","..","..","..","..","..","..","..","..","..","..","..","..","..","0","2","0","1","0","0","0","0","0","0","0","0","0","0","0","..","..","..","..","..","-6","1","-3","4","1","0","1","1","4","3","0","0","0","0","0","0","0","0","0","0","..","..","..","..","..","0","0","-2","0","0","0","0","0","0","1","0","0","0","0","0","0","0","0","0","0","..","..","..","..","..","-1","-2","3","0","1","0","1","0","1","1","0","0","0","0","0","0","0","0","0","0","..","..","..","..","..","0","-2","0","0","1"
"60 to 64 years","5","6","17","14","16","9","9","4","3","3","1","3","0","0","0","..","..","..","..","..","-28","17","16","34","-12","6","10","14","18","8","5","7","1","1","1","0","5","1","2","2","..","..","..","..","..","-5","2","24","27","2","3","11","7","9","9","0","0","5","5","6","0","0","0","0","0","..","..","..","..","..","3","-5","5","-6","2","2","7","4","5","5","0","0","2","4","4","0","2","3","3","4","..","..","..","..","..","3","-4","3","12","-6","13","49","44","46","45","12","24","39","43","43","15","20","15","15","15","..","..","..","..","..","-32","-3","26","45","-1","15","30","53","61","43","12","22","38","41","42","13","20","15","15","15","..","..","..","..","..","1","15","50","89","13","6","10","19","23","29","10","18","14","15","15","6","14","8","6","6","..","..","..","..","..","11","15","24","48","7","10","13","21","30","21","10","13","14","14","14","5","12","10","7","9","..","..","..","..","..","-5","21","32","64","-15","189","380","426","317","250","145","191","210","221","227","121","191","157","163","167","..","..","..","..","..","-94","39","249","580","180","305","622","515","413","407","127","159","180","190","195","112","185","152","158","162","..","..","..","..","..","-25","174","417","774","216","761","1,637","1,864","1,748","1,605","432","615","761","772","795","320","516","513","524","540","..","..","..","..","..","-441","37","642","1,785","-91","1,084","2,122","2,580","2,302","2,269","337","526","670","682","701","284","500","498","509","523","..","..","..","..","..","-118","455","1,086","2,370","82","43","91","161","129","128","26","39","42","38","39","19","27","36","34","35","..","..","..","..","..","-16","39","107","130","-14","59","142","186","175","198","28","33","38","34","35","15","26","36","34","35","..","..","..","..","..","1","59","181","224","8","61","125","128","100","89","13","24","23","22","22","10","24","28","29","29","..","..","..","..","..","5","1","41","75","13","78","144","167","142","132","14","21","18","17","17","10","25","28","28","29","..","..","..","..","..","1","21","68","99","4","221","482","621","575","561","136","196","205","207","213","83","159","173","177","182","..","..","..","..","..","-101","49","212","518","20","333","719","919","904","860","97","129","171","172","176","72","146","168","170","176","..","..","..","..","..","-36","144","466","818","5","250","609","655","646","682","281","377","461","500","513","126","201","209","224","232","..","..","..","..","..","-66","46","254","586","-79","313","685","811","780","839","259","326","357","388","400","117","193","193","206","211","..","..","..","..","..","-40","137","408","959","-62","2","2","0","3","3","0","0","0","0","0","0","0","0","0","0","..","..","..","..","..","-5","0","2","2","-4","0","0","6","3","2","0","0","0","0","0","0","0","0","0","0","..","..","..","..","..","0","1","1","8","-4","..","..","..","..","..","..","..","..","..","..","..","..","..","..","..","..","..","..","..","..","..","..","..","..","..","..","..","..","..","..","..","..","..","..","..","..","..","..","..","..","..","..","..","..","..","..","..","..","..","..","0","3","1","1","1","0","0","0","0","0","0","0","0","0","0","..","..","..","..","..","-4","-2","-1","1","0","2","3","4","2","2","0","0","0","0","0","0","0","0","0","0","..","..","..","..","..","0","0","2","0","0","0","0","0","0","2","0","0","0","0","0","0","0","0","0","0","..","..","..","..","..","2","-2","-1","1","-1","3","0","0","1","1","0","0","0","0","0","0","0","0","0","0","..","..","..","..","..","0","0","0","0","1"
"65 to 69 years","3","7","4","13","10","8","5","1","0","1","0","0","0","0","0","..","..","..","..","..","-2","7","6","14","-4","3","5","5","13","12","10","5","1","1","2","0","0","0","0","0","..","..","..","..","..","-1","4","22","29","-2","1","4","3","4","6","0","0","0","1","1","0","0","0","0","0","..","..","..","..","..","0","-1","1","-3","-2","3","2","6","7","5","0","0","0","0","0","0","0","0","0","0","..","..","..","..","..","-3","-5","0","5","2","12","26","36","42","32","10","17","21","25","25","10","18","10","10","11","..","..","..","..","..","-9","8","14","13","-2","11","20","49","49","41","19","22","22","24","25","12","20","12","13","14","..","..","..","..","..","0","9","33","43","4","1","6","20","33","14","10","10","20","20","20","5","9","10","10","10","..","..","..","..","..","-4","17","14","5","-8","3","15","16","28","23","10","13","10","10","10","8","10","6","5","5","..","..","..","..","..","-3","21","23","30","-9","190","416","355","284","235","121","160","180","189","194","90","151","124","128","134","..","..","..","..","..","-46","28","126","273","2","232","520","533","416","444","129","143","152","159","164","104","165","133","137","140","..","..","..","..","..","-9","153","300","502","196","687","1,537","1,902","1,691","1,543","353","483","600","613","633","243","400","399","408","421","..","..","..","..","..","-278","47","354","1,015","-28","831","1,834","2,286","2,092","2,097","316","481","593","602","620","259","442","439","448","464","..","..","..","..","..","-82","400","697","1,473","66","45","98","144","134","130","20","22","24","22","22","15","21","26","27","27","..","..","..","..","..","-17","11","54","70","-15","71","104","181","163","178","15","36","30","25","26","15","25","30","30","30","..","..","..","..","..","-8","50","103","132","-6","42","80","124","87","113","10","22","20","20","20","5","20","22","23","24","..","..","..","..","..","-7","8","16","47","5","42","98","149","121","131","15","20","33","31","31","9","20","25","25","25","..","..","..","..","..","-2","29","53","69","-1","199","492","651","619","617","103","122","155","156","161","63","119","134","136","142","..","..","..","..","..","-61","23","122","258","-35","286","604","861","826","911","88","124","131","130","136","65","132","145","149","153","..","..","..","..","..","-21","93","254","421","-18","215","538","618","615","592","204","278","346","375","385","91","154","160","172","178","..","..","..","..","..","-60","41","89","392","-39","235","563","797","696","709","164","255","330","355","366","94","164","173","185","190","..","..","..","..","..","3","108","243","683","-2","0","1","5","2","4","0","0","0","0","0","0","0","0","0","0","..","..","..","..","..","2","-1","0","4","-2","0","2","3","3","6","0","0","0","0","0","0","0","0","0","0","..","..","..","..","..","1","1","1","-3","1","..","..","..","..","..","..","..","..","..","..","..","..","..","..","..","..","..","..","..","..","..","..","..","..","..","..","..","..","..","..","..","..","..","..","..","..","..","..","..","..","..","..","..","..","..","..","..","..","..","..","0","0","2","1","3","0","0","0","0","0","0","0","0","0","0","..","..","..","..","..","-1","1","0","-1","2","1","2","4","2","3","0","0","0","0","0","0","0","0","0","0","..","..","..","..","..","0","0","0","1","-1","0","0","0","1","0","0","0","0","0","0","0","0","0","0","0","..","..","..","..","..","0","0","0","-1","0","0","0","1","1","0","0","0","0","0","0","0","0","0","0","0","..","..","..","..","..","0","0","0","0","0"
"70 to 74 years","1","5","8","12","11","1","4","0","0","0","0","0","0","0","0","..","..","..","..","..","0","-2","0","12","-2","3","3","7","10","7","1","1","0","0","0","0","0","0","0","0","..","..","..","..","..","1","1","8","20","-3","2","1","6","1","4","0","0","0","0","0","0","0","0","0","0","..","..","..","..","..","1","0","-2","0","2","1","3","4","2","4","0","0","0","0","0","0","0","0","0","0","..","..","..","..","..","0","-1","-1","2","-1","9","17","18","24","32","10","14","15","17","18","6","15","7","10","10","..","..","..","..","..","-1","3","1","11","2","8","16","25","24","30","8","11","12","12","13","5","14","5","5","7","..","..","..","..","..","1","8","15","25","-6","1","9","9","10","9","3","10","14","13","14","5","5","7","7","7","..","..","..","..","..","0","2","0","13","-3","3","9","10","8","20","4","8","10","10","10","5","8","5","5","5","..","..","..","..","..","0","5","19","26","-11","99","254","262","233","239","75","100","117","121","125","64","114","96","99","103","..","..","..","..","..","-32","38","73","135","17","141","325","346","280","346","102","115","123","129","130","76","139","113","118","121","..","..","..","..","..","-9","133","190","246","141","466","1,051","1,329","1,217","1,242","249","357","394","400","411","175","318","308","315","324","..","..","..","..","..","-117","90","167","532","-57","526","1,048","1,409","1,391","1,442","234","336","470","476","492","183","369","372","381","393","..","..","..","..","..","-56","228","412","596","-20","26","47","74","80","97","20","25","20","20","20","12","19","22","23","24","..","..","..","..","..","-3","4","23","34","-6","33","75","110","123","134","18","22","30","27","27","12","22","26","27","28","..","..","..","..","..","-10","33","55","70","-7","15","45","71","54","72","10","12","17","16","17","5","13","19","17","18","..","..","..","..","..","-1","1","15","11","2","16","36","75","58","79","7","14","15","16","17","5","18","22","20","21","..","..","..","..","..","1","23","35","42","-7","148","294","456","466","443","48","68","89","90","91","39","89","104","106","109","..","..","..","..","..","-24","-6","35","93","8","154","343","517","554","582","53","89","94","95","98","45","110","122","126","129","..","..","..","..","..","-7","44","99","188","6","108","344","472","362","390","108","177","255","276","286","60","117","127","135","139","..","..","..","..","..","-6","21","71","288","-29","152","325","424","402","476","108","185","287","308","316","64","137","148","159","164","..","..","..","..","..","3","76","136","350","1","1","1","3","0","2","0","0","0","0","0","0","0","0","0","0","..","..","..","..","..","0","0","0","0","-1","1","0","2","0","4","0","0","0","0","0","0","0","0","0","0","..","..","..","..","..","0","-1","0","1","0","..","..","..","..","..","..","..","..","..","..","..","..","..","..","..","..","..","..","..","..","..","..","..","..","..","..","..","..","..","..","..","..","..","..","..","..","..","..","..","..","..","..","..","..","..","..","..","..","..","..","2","1","1","2","0","0","0","0","0","0","0","0","0","0","0","..","..","..","..","..","0","0","1","1","0","1","0","0","0","4","0","0","0","0","0","0","0","0","0","0","..","..","..","..","..","0","0","1","0","-1","0","0","0","0","0","0","0","0","0","0","0","0","0","0","0","..","..","..","..","..","0","0","0","0","1","0","0","1","0","2","0","0","0","0","0","0","0","0","0","0","..","..","..","..","..","0","0","0","0","0"
"75 to 79 years","1","1","3","0","1","0","0","0","0","0","0","0","0","0","0","..","..","..","..","..","-1","1","0","3","0","1","0","2","4","3","0","0","0","0","0","0","0","0","0","0","..","..","..","..","..","1","2","1","1","-2","0","1","4","0","2","0","0","0","0","0","0","0","0","0","0","..","..","..","..","..","0","1","0","0","-1","1","1","0","1","2","0","0","0","0","0","0","0","0","0","0","..","..","..","..","..","0","-2","1","2","1","3","8","19","9","13","6","10","15","19","20","5","8","9","10","10","..","..","..","..","..","-2","2","0","7","-2","4","11","8","14","14","0","10","19","20","21","5","8","9","9","10","..","..","..","..","..","-1","4","7","4","-4","1","3","2","8","8","0","9","8","7","8","0","5","2","3","4","..","..","..","..","..","0","0","5","1","-3","3","3","3","8","9","0","8","10","10","10","0","5","2","2","3","..","..","..","..","..","-1","2","5","5","-3","43","115","128","130","121","58","62","83","88","91","45","82","69","73","75","..","..","..","..","..","-1","12","35","66","-8","60","130","167","150","156","55","62","92","96","101","46","84","71","75","77","..","..","..","..","..","3","32","72","105","29","186","503","672","676","705","149","243","298","303","311","113","229","227","232","239","..","..","..","..","..","-26","21","77","157","29","298","498","707","767","743","194","270","344","350","362","129","235","235","240","248","..","..","..","..","..","-43","86","169","244","33","15","28","39","43","66","7","14","20","21","22","6","13","18","18","19","..","..","..","..","..","-1","2","6","17","-2","15","26","59","75","85","11","20","16","14","15","8","16","16","14","16","..","..","..","..","..","1","7","21","21","-11","10","16","24","19","18","1","10","10","10","10","0","9","10","10","11","..","..","..","..","..","-1","1","2","4","2","14","27","33","28","33","0","10","16","14","14","0","8","15","14","14","..","..","..","..","..","-1","2","5","7","-5","53","157","205","203","243","27","60","70","69","73","26","65","77","75","80","..","..","..","..","..","-12","8","16","34","4","57","150","233","262","325","26","56","65","66","67","28","67","75","78","79","..","..","..","..","..","0","15","39","65","-15","58","142","214","196","191","87","134","181","195","201","43","84","92","96","101","..","..","..","..","..","-3","10","29","102","12","69","152","221","224","234","78","118","178","195","197","44","84","92","100","101","..","..","..","..","..","0","28","43","129","-8","0","0","0","1","1","0","0","0","0","0","0","0","0","0","0","..","..","..","..","..","-1","1","0","0","0","0","0","0","1","2","0","0","0","0","0","0","0","0","0","0","..","..","..","..","..","0","0","1","0","1","..","..","..","..","..","..","..","..","..","..","..","..","..","..","..","..","..","..","..","..","..","..","..","..","..","..","..","..","..","..","..","..","..","..","..","..","..","..","..","..","..","..","..","..","..","..","..","..","..","..","0","1","0","2","0","0","0","0","0","0","0","0","0","0","0","..","..","..","..","..","0","0","0","0","-1","1","0","1","1","1","0","0","0","0","0","0","0","0","0","0","..","..","..","..","..","0","0","0","0","0","0","0","0","0","0","0","0","0","0","0","0","0","0","0","0","..","..","..","..","..","0","0","0","0","0","0","0","1","0","0","0","0","0","0","0","0","0","0","0","0","..","..","..","..","..","0","0","0","0","0"
"80 to 84 years","0","0","1","5","0","0","0","0","0","0","0","0","0","0","0","..","..","..","..","..","0","1","2","-1","-1","0","0","0","0","1","0","0","0","0","0","0","0","0","0","0","..","..","..","..","..","0","1","1","1","0","0","2","0","1","0","0","0","0","0","0","0","0","0","0","0","..","..","..","..","..","0","0","-1","0","0","0","1","0","0","1","0","0","0","0","0","0","0","0","0","0","..","..","..","..","..","0","0","0","0","-1","0","5","6","4","4","0","2","13","13","13","0","5","2","1","1","..","..","..","..","..","1","-2","0","0","0","1","5","2","4","4","0","4","4","4","4","0","5","2","2","2","..","..","..","..","..","-1","2","4","4","2","2","0","1","3","1","0","0","0","0","0","0","5","0","0","0","..","..","..","..","..","-1","1","0","0","-1","0","1","3","0","4","0","0","4","4","4","0","3","0","0","0","..","..","..","..","..","0","1","0","3","1","18","41","72","51","54","48","46","54","56","58","27","51","41","43","44","..","..","..","..","..","-1","13","19","23","18","19","58","56","47","56","51","56","65","68","71","29","55","45","48","50","..","..","..","..","..","4","30","58","45","26","125","212","289","321","278","95","157","198","202","207","61","135","136","139","142","..","..","..","..","..","-17","37","59","96","32","123","239","329","328","302","138","226","256","262","269","76","156","154","159","161","..","..","..","..","..","-14","48","96","67","0","5","10","13","17","22","0","10","12","11","11","2","5","8","7","8","..","..","..","..","..","-1","2","2","3","-4","11","12","20","24","27","7","10","2","3","3","3","7","8","8","8","..","..","..","..","..","-2","2","10","6","-1","4","4","10","10","13","0","0","8","9","9","0","5","6","6","6","..","..","..","..","..","0","0","-1","2","0","2","6","10","10","18","0","2","4","4","4","0","5","6","6","7","..","..","..","..","..","0","2","8","6","-1","36","69","88","96","88","12","25","28","29","29","13","37","41","43","45","..","..","..","..","..","-5","4","9","19","3","34","53","95","83","102","11","34","42","42","42","14","41","47","47","51","..","..","..","..","..","-3","17","31","29","7","28","56","96","76","83","55","75","96","104","107","23","49","50","55","57","..","..","..","..","..","2","7","9","45","2","33","73","108","95","94","56","100","151","162","168","25","58","63","66","71","..","..","..","..","..","-1","15","38","46","-10","0","0","0","0","0","0","0","0","0","0","0","0","0","0","0","..","..","..","..","..","-1","0","1","0","0","0","0","0","1","1","0","0","0","0","0","0","0","0","0","0","..","..","..","..","..","0","0","0","0","0","..","..","..","..","..","..","..","..","..","..","..","..","..","..","..","..","..","..","..","..","..","..","..","..","..","..","..","..","..","..","..","..","..","..","..","..","..","..","..","..","..","..","..","..","..","..","..","..","..","..","0","0","1","0","0","0","0","0","0","0","0","0","0","0","0","..","..","..","..","..","0","0","0","0","0","0","0","0","0","0","0","0","0","0","0","0","0","0","0","0","..","..","..","..","..","0","0","0","0","0","0","0","0","0","0","0","0","0","0","0","0","0","0","0","0","..","..","..","..","..","0","0","0","0","0","0","0","0","0","0","0","0","0","0","0","0","0","0","0","0","..","..","..","..","..","0","0","0","0","0"
"85 to 89 years","0","0","0","0","2","0","0","0","0","0","0","0","0","0","0","..","..","..","..","..","0","0","0","0","0","0","0","0","0","0","0","0","0","0","0","0","0","0","0","0","..","..","..","..","..","0","0","1","-1","0","0","0","0","0","0","0","0","0","0","0","0","0","0","0","0","..","..","..","..","..","0","0","0","0","0","0","0","0","0","1","0","0","0","0","0","0","0","0","0","0","..","..","..","..","..","0","0","0","0","0","0","0","1","1","0","0","0","0","0","0","0","2","0","0","0","..","..","..","..","..","0","0","0","0","-1","3","2","0","2","1","0","0","0","0","0","0","2","0","0","0","..","..","..","..","..","-1","0","1","-1","0","0","1","0","0","0","0","0","0","0","0","0","0","0","0","0","..","..","..","..","..","0","0","0","0","-1","0","0","2","2","0","0","0","0","0","0","0","0","0","0","0","..","..","..","..","..","0","0","0","-1","1","10","14","13","13","10","30","28","16","17","19","13","28","21","22","23","..","..","..","..","..","-3","1","7","13","5","11","12","20","14","22","16","34","35","38","38","10","28","22","23","23","..","..","..","..","..","0","8","13","19","-5","20","64","85","78","90","58","90","113","114","119","30","79","77","78","82","..","..","..","..","..","-2","-14","-6","-1","-36","61","73","105","96","90","79","131","156","159","164","35","77","78","82","83","..","..","..","..","..","-5","6","16","39","-12","0","2","2","8","3","0","8","6","4","5","0","4","5","5","5","..","..","..","..","..","0","1","0","2","-1","2","3","7","11","1","0","4","10","10","10","0","4","4","5","5","..","..","..","..","..","0","2","3","0","-1","0","0","3","4","0","0","0","0","0","0","0","3","4","4","5","..","..","..","..","..","0","0","1","0","0","3","1","4","0","5","0","0","6","6","6","0","2","3","4","3","..","..","..","..","..","0","0","0","1","1","8","13","31","21","34","6","10","17","17","17","5","21","25","25","26","..","..","..","..","..","-1","3","3","1","3","13","16","26","25","30","9","8","21","23","23","5","18","24","24","25","..","..","..","..","..","-2","3","9","10","-5","7","17","22","33","25","30","50","69","75","77","11","30","31","35","36","..","..","..","..","..","-4","-1","3","10","1","8","24","51","24","29","25","54","99","106","110","11","28","35","37","39","..","..","..","..","..","-1","2","11","16","1","0","0","1","0","1","0","0","0","0","0","0","0","0","0","0","..","..","..","..","..","0","0","0","0","0","0","0","0","1","0","0","0","0","0","0","0","0","0","0","0","..","..","..","..","..","0","0","0","0","0","..","..","..","..","..","..","..","..","..","..","..","..","..","..","..","..","..","..","..","..","..","..","..","..","..","..","..","..","..","..","..","..","..","..","..","..","..","..","..","..","..","..","..","..","..","..","..","..","..","..","0","0","0","0","0","0","0","0","0","0","0","0","0","0","0","..","..","..","..","..","0","0","0","0","0","0","0","1","0","1","0","0","0","0","0","0","0","0","0","0","..","..","..","..","..","0","0","0","0","0","0","0","0","0","0","0","0","0","0","0","0","0","0","0","0","..","..","..","..","..","0","0","0","0","0","0","0","0","0","0","0","0","0","0","0","0","0","0","0","0","..","..","..","..","..","0","0","0","0","0"
"90 to 94 years","0","0","0","0","0","0","0","0","0","0","0","0","0","0","0","..","..","..","..","..","0","0","0","0","0","0","0","0","0","0","0","0","0","0","0","0","0","0","0","0","..","..","..","..","..","0","0","0","0","0","0","0","0","0","0","0","0","0","0","0","0","0","0","0","0","..","..","..","..","..","0","0","0","0","0","0","0","0","1","0","0","0","0","0","0","0","0","0","0","0","..","..","..","..","..","0","1","0","0","0","0","0","2","0","0","0","0","0","0","0","0","0","0","0","0","..","..","..","..","..","0","0","0","0","0","0","1","1","1","0","0","0","0","0","0","0","0","0","0","0","..","..","..","..","..","0","0","1","1","0","0","0","0","0","1","0","0","0","0","0","0","0","0","0","0","..","..","..","..","..","0","0","0","0","0","0","0","0","0","1","0","0","1","2","3","0","0","0","0","0","..","..","..","..","..","0","-1","0","0","0","1","2","2","4","2","15","13","10","10","10","4","10","7","7","7","..","..","..","..","..","0","0","2","1","-3","4","7","6","7","4","5","12","17","17","18","4","8","9","10","10","..","..","..","..","..","-3","2","4","6","6","7","9","20","25","25","11","32","34","34","37","5","27","24","27","27","..","..","..","..","..","-1","0","0","-1","0","15","12","24","20","21","33","52","69","68","72","16","29","31","31","31","..","..","..","..","..","-7","5","-3","3","-7","0","1","0","0","0","0","0","0","0","0","0","0","0","0","1","..","..","..","..","..","0","0","0","0","0","0","1","3","2","4","0","2","6","6","6","0","0","0","0","0","..","..","..","..","..","0","0","0","0","-1","0","0","0","0","0","0","0","0","0","0","0","0","0","0","0","..","..","..","..","..","0","0","0","0","0","0","0","2","1","1","0","0","0","0","0","0","0","0","0","0","..","..","..","..","..","0","0","0","0","0","2","3","5","3","2","0","2","3","3","3","0","6","7","7","7","..","..","..","..","..","0","0","0","0","0","4","2","2","4","9","1","6","3","3","3","3","6","7","7","7","..","..","..","..","..","-1","1","0","0","0","1","2","6","8","6","4","15","32","35","36","1","9","12","13","13","..","..","..","..","..","-2","0","2","1","0","3","5","7","8","6","13","28","39","43","46","5","12","13","14","14","..","..","..","..","..","-1","2","3","2","0","0","0","0","0","0","0","0","0","0","0","0","0","0","0","0","..","..","..","..","..","0","0","0","0","0","0","0","0","0","0","0","0","0","0","0","0","0","0","0","0","..","..","..","..","..","0","0","0","0","0","..","..","..","..","..","..","..","..","..","..","..","..","..","..","..","..","..","..","..","..","..","..","..","..","..","..","..","..","..","..","..","..","..","..","..","..","..","..","..","..","..","..","..","..","..","..","..","..","..","..","0","0","0","0","0","0","0","0","0","0","0","0","0","0","0","..","..","..","..","..","0","0","0","0","0","0","0","0","0","0","0","0","0","0","0","0","0","0","0","0","..","..","..","..","..","0","0","0","0","0","0","0","0","0","0","0","0","0","0","0","0","0","0","0","0","..","..","..","..","..","0","0","0","0","0","0","0","0","0","0","0","0","0","0","0","0","0","0","0","0","..","..","..","..","..","0","0","0","0","0"
"95 to 99 years","0","0","0","0","0","0","0","0","0","0","0","0","0","0","0","..","..","..","..","..","0","0","0","0","0","0","0","0","0","0","0","0","0","0","0","0","0","0","0","0","..","..","..","..","..","0","0","0","0","0","0","0","0","0","0","0","0","0","0","0","0","0","0","0","0","..","..","..","..","..","0","0","0","0","0","0","0","0","0","0","0","0","0","0","0","0","0","0","0","0","..","..","..","..","..","0","0","0","0","0","0","0","0","0","0","0","0","0","0","0","0","0","0","0","0","..","..","..","..","..","0","0","0","0","0","0","0","0","0","0","0","0","0","0","0","0","0","0","0","0","..","..","..","..","..","0","0","0","0","0","0","0","0","0","0","0","0","0","0","0","0","0","0","0","0","..","..","..","..","..","0","-1","0","0","0","0","0","0","0","0","0","0","0","0","0","0","0","0","0","0","..","..","..","..","..","0","0","0","0","0","0","0","1","0","0","0","2","2","1","2","0","1","0","0","0","..","..","..","..","..","0","0","0","0","-2","1","1","1","1","1","0","8","9","10","10","0","1","0","1","0","..","..","..","..","..","1","1","-1","0","-1","3","0","0","2","1","9","10","4","4","4","0","3","2","2","2","..","..","..","..","..","-2","2","-1","0","0","1","2","4","4","2","6","14","17","19","19","2","7","5","7","7","..","..","..","..","..","-1","-3","0","-1","-3","0","0","0","0","0","0","0","0","0","0","0","0","0","0","0","..","..","..","..","..","0","0","0","0","0","0","0","0","0","0","0","0","0","0","0","0","0","0","0","0","..","..","..","..","..","0","0","0","0","0","0","0","0","0","0","0","0","0","0","0","0","0","0","0","0","..","..","..","..","..","0","0","0","0","0","0","0","0","0","0","0","0","0","0","0","0","0","0","0","0","..","..","..","..","..","0","0","0","0","0","0","0","1","0","0","0","0","0","0","0","0","0","0","1","0","..","..","..","..","..","0","0","0","0","0","0","2","0","1","1","0","0","0","0","0","0","0","1","1","1","..","..","..","..","..","0","0","0","0","0","0","1","0","1","0","0","7","8","8","9","0","0","0","2","1","..","..","..","..","..","0","0","0","-1","0","0","1","3","2","1","7","8","6","8","8","0","1","2","2","2","..","..","..","..","..","0","-1","1","-1","-2","0","0","0","0","0","0","0","0","0","0","0","0","0","0","0","..","..","..","..","..","0","0","0","0","0","0","0","0","0","0","0","0","0","0","0","0","0","0","0","0","..","..","..","..","..","0","0","0","0","0","..","..","..","..","..","..","..","..","..","..","..","..","..","..","..","..","..","..","..","..","..","..","..","..","..","..","..","..","..","..","..","..","..","..","..","..","..","..","..","..","..","..","..","..","..","..","..","..","..","..","0","0","0","0","0","0","0","0","0","0","0","0","0","0","0","..","..","..","..","..","0","0","0","0","0","0","0","0","0","0","0","0","0","0","0","0","0","0","0","0","..","..","..","..","..","0","0","0","0","0","0","0","0","0","0","0","0","0","0","0","0","0","0","0","0","..","..","..","..","..","0","0","0","0","0","0","0","0","0","0","0","0","0","0","0","0","0","0","0","0","..","..","..","..","..","0","0","0","0","0"
"100 years and older","0","0","0","0","0","0","0","0","0","0","0","0","0","0","0","..","..","..","..","..","0","0","0","0","0","0","0","0","0","0","0","0","0","0","0","0","0","0","0","0","..","..","..","..","..","0","0","0","0","0","0","0","0","0","0","0","0","0","0","0","0","0","0","0","0","..","..","..","..","..","0","0","0","0","0","0","0","0","0","0","0","0","0","0","0","0","0","0","0","0","..","..","..","..","..","0","0","0","0","0","0","0","0","0","0","0","0","0","0","0","0","0","0","0","0","..","..","..","..","..","0","0","0","0","0","0","0","0","0","0","0","0","0","0","0","0","0","0","0","0","..","..","..","..","..","0","0","0","0","0","0","0","0","0","0","0","0","0","0","0","0","0","0","0","0","..","..","..","..","..","0","0","0","0","0","0","0","0","0","0","0","0","0","0","0","0","0","0","0","0","..","..","..","..","..","0","0","0","0","0","0","0","0","0","0","0","0","0","0","0","0","0","0","0","0","..","..","..","..","..","0","0","0","0","0","0","0","0","0","0","0","0","0","0","0","0","0","0","0","0","..","..","..","..","..","0","0","0","0","0","0","0","0","0","0","0","0","0","0","0","0","0","0","0","0","..","..","..","..","..","0","0","0","0","0","0","0","0","0","0","0","0","0","0","0","0","0","0","0","0","..","..","..","..","..","0","0","0","0","0","0","0","0","0","0","0","0","0","0","0","0","0","0","0","0","..","..","..","..","..","0","0","0","0","0","0","0","0","0","0","0","0","0","0","0","0","0","0","0","0","..","..","..","..","..","0","0","0","0","0","0","0","0","0","0","0","0","0","0","0","0","0","0","0","0","..","..","..","..","..","0","0","0","0","0","0","0","0","0","0","0","0","0","0","0","0","0","0","0","0","..","..","..","..","..","0","0","0","0","0","0","0","0","0","0","0","0","0","0","0","0","0","0","0","0","..","..","..","..","..","0","0","0","0","0","0","0","0","0","0","0","0","0","0","0","0","0","0","0","0","..","..","..","..","..","0","0","0","0","0","0","0","0","0","0","0","0","0","0","0","0","0","0","0","0","..","..","..","..","..","0","0","0","0","0","0","0","0","0","0","0","0","0","0","0","0","0","0","0","0","..","..","..","..","..","0","0","0","0","0","0","0","0","0","0","0","0","0","0","0","0","0","0","0","0","..","..","..","..","..","0","0","0","0","0","0","0","0","0","0","0","0","0","0","0","0","0","0","0","0","..","..","..","..","..","0","0","0","0","0","..","..","..","..","..","..","..","..","..","..","..","..","..","..","..","..","..","..","..","..","..","..","..","..","..","..","..","..","..","..","..","..","..","..","..","..","..","..","..","..","..","..","..","..","..","..","..","..","..","..","0","0","0","0","0","0","0","0","0","0","0","0","0","0","0","..","..","..","..","..","0","0","0","0","0","0","0","0","0","0","0","0","0","0","0","0","0","0","0","0","..","..","..","..","..","0","0","0","0","0","0","0","0","0","0","0","0","0","0","0","0","0","0","0","0","..","..","..","..","..","0","0","0","0","0","0","0","0","0","0","0","0","0","0","0","0","0","0","0","0","..","..","..","..","..","0","0","0","0","0"
"-1 to 14 years","98","308","727","724","770","32","42","30","30","30","18","24","10","8","9","..","..","..","..","..","12","79","285","337","183","90","317","681","693","669","29","36","26","25","24","16","22","12","9","9","..","..","..","..","..","23","108","253","352","175","93","227","234","359","260","5","28","28","30","30","4","8","8","8","8","..","..","..","..","..","56","72","166","94","59","71","210","208","351","252","1","26","27","28","29","2","7","7","7","7","..","..","..","..","..","48","86","131","103","5","373","1,191","1,397","1,324","1,151","73","134","130","143","146","64","76","47","56","58","..","..","..","..","..","101","242","797","1,146","182","352","1,172","1,257","1,107","1,035","59","112","159","174","177","56","71","51","56","57","..","..","..","..","..","77","300","849","1,187","198","361","984","1,647","2,236","1,844","53","85","101","98","102","48","51","32","31","32","..","..","..","..","..","31","343","713","659","128","326","932","1,567","2,075","1,730","35","68","72","70","70","44","47","28","28","28","..","..","..","..","..","76","381","648","710","163","2,893","6,006","7,232","6,775","6,407","1,046","1,498","1,561","1,630","1,680","720","830","680","708","729","..","..","..","..","..","-1,566","3,370","7,170","8,555","2,841","2,809","5,798","6,915","6,644","6,176","956","1,417","1,531","1,604","1,652","662","775","638","666","690","..","..","..","..","..","-1,558","3,167","6,816","7,950","2,896","8,061","16,488","16,496","16,433","16,282","2,597","4,177","4,795","4,878","5,026","1,804","2,154","2,146","2,190","2,253","..","..","..","..","..","-879","4,926","15,770","21,134","4,643","7,691","15,669","15,690","15,694","15,642","2,453","4,067","4,602","4,683","4,826","1,669","2,021","2,004","2,044","2,105","..","..","..","..","..","-819","4,892","14,726","19,846","4,604","1,035","2,208","2,844","2,558","2,270","361","511","383","349","360","144","170","168","153","158","..","..","..","..","..","69","533","1,550","1,758","39","884","2,075","2,737","2,454","2,223","285","406","352","320","332","123","145","157","146","150","..","..","..","..","..","89","548","1,541","1,715","30","909","2,046","3,865","3,301","2,259","189","256","214","205","209","69","113","117","114","119","..","..","..","..","..","111","287","769","1,118","226","818","1,923","3,563","3,117","2,168","162","249","268","252","264","61","104","121","116","116","..","..","..","..","..","101","237","736","894","215","2,016","5,058","5,376","6,055","6,092","1,191","1,645","1,681","1,687","1,736","544","741","773","775","798","..","..","..","..","..","50","1,211","4,360","7,209","2,131","2,002","4,739","5,253","5,810","5,605","1,167","1,637","1,630","1,634","1,684","508","706","723","727","751","..","..","..","..","..","102","1,168","4,405","7,022","2,182","1,940","5,290","5,203","4,982","4,124","818","1,257","1,508","1,625","1,677","574","697","718","764","789","..","..","..","..","..","205","2,681","5,851","6,764","1,509","1,755","4,945","4,694","4,754","3,785","748","1,205","1,493","1,614","1,664","528","649","674","723","746","..","..","..","..","..","359","2,879","5,662","6,490","1,544","15","45","40","83","71","0","9","0","0","0","0","0","0","0","0","..","..","..","..","..","7","0","48","22","-13","14","27","38","62","56","0","9","0","0","0","0","0","0","0","0","..","..","..","..","..","4","17","22","31","-2","..","..","..","..","..","..","..","..","..","..","..","..","..","..","..","..","..","..","..","..","..","..","..","..","..","..","..","..","..","..","..","..","..","..","..","..","..","..","..","..","..","..","..","..","..","..","..","..","..","..","12","20","11","14","39","0","0","0","0","0","0","0","0","0","0","..","..","..","..","..","-1","-1","9","11","3","8","15","14","26","32","0","0","0","1","2","0","0","0","0","0","..","..","..","..","..","3","-1","4","7","9","0","5","5","9","7","0","0","0","0","0","0","0","0","0","0","..","..","..","..","..","1","-2","1","7","3","0","3","4","4","4","0","0","0","0","0","0","0","0","0","0","..","..","..","..","..","0","0","2","12","0"
"-1 to 15 years","105","323","758","759","802","34","44","32","31","32","19","24","10","8","9","..","..","..","..","..","9","112","324","355","178","95","334","700","730","712","29","37","26","25","24","17","22","12","9","9","..","..","..","..","..","10","179","324","416","236","99","241","247","377","282","5","28","28","31","31","4","8","8","8","8","..","..","..","..","..","59","80","185","118","84","75","217","227","377","270","1","26","27","28","29","2","7","7","7","7","..","..","..","..","..","51","116","170","136","32","387","1,241","1,452","1,390","1,211","75","139","135","148","152","68","80","49","59","61","..","..","..","..","..","80","273","882","1,221","214","369","1,210","1,325","1,165","1,101","61","116","164","179","182","59","75","53","58","59","..","..","..","..","..","68","365","954","1,296","212","374","1,024","1,727","2,308","1,912","55","88","105","102","106","50","54","34","33","34","..","..","..","..","..","34","410","805","746","205","342","975","1,621","2,152","1,797","37","70","76","73","74","46","49","30","30","30","..","..","..","..","..","73","515","778","824","282","3,039","6,343","7,638","7,136","6,695","1,077","1,542","1,606","1,677","1,728","755","866","708","738","760","..","..","..","..","..","-1,596","3,561","7,513","9,133","3,012","2,950","6,113","7,319","6,960","6,470","981","1,456","1,574","1,650","1,698","695","807","665","693","719","..","..","..","..","..","-1,601","3,346","7,132","8,390","2,946","8,506","17,412","17,368","17,326","17,196","2,665","4,283","4,928","5,013","5,165","1,889","2,244","2,235","2,281","2,347","..","..","..","..","..","-848","5,827","17,318","23,302","5,385","8,086","16,536","16,509","16,527","16,485","2,525","4,184","4,741","4,824","4,972","1,754","2,106","2,088","2,130","2,194","..","..","..","..","..","-766","5,923","16,270","21,885","5,267","1,080","2,294","2,966","2,669","2,394","372","531","401","365","376","150","178","176","161","166","..","..","..","..","..","58","610","1,715","1,969","99","937","2,167","2,855","2,555","2,329","294","418","364","332","344","129","150","163","152","157","..","..","..","..","..","94","620","1,692","1,865","38","941","2,151","4,037","3,476","2,382","195","264","225","215","220","72","118","123","120","125","..","..","..","..","..","124","300","812","1,176","207","864","2,010","3,706","3,245","2,280","167","257","275","259","271","64","108","126","121","121","..","..","..","..","..","107","278","835","1,017","246","2,120","5,377","5,659","6,367","6,426","1,233","1,707","1,742","1,748","1,799","570","774","807","810","834","..","..","..","..","..","83","1,393","4,783","7,905","2,462","2,091","5,022","5,506","6,105","5,890","1,207","1,694","1,686","1,690","1,742","533","736","754","759","783","..","..","..","..","..","132","1,324","4,740","7,407","2,172","2,025","5,584","5,499","5,277","4,370","843","1,291","1,543","1,663","1,716","603","726","747","795","821","..","..","..","..","..","495","3,812","6,857","7,870","2,161","1,863","5,217","4,958","5,038","4,034","771","1,236","1,528","1,651","1,703","556","676","701","752","775","..","..","..","..","..","858","4,385","6,887","7,900","2,324","16","47","43","88","77","0","9","0","0","0","0","0","0","0","0","..","..","..","..","..","9","0","52","22","-13","15","28","42","67","60","0","9","0","0","0","0","0","0","0","0","..","..","..","..","..","2","19","22","29","-3","..","..","..","..","..","..","..","..","..","..","..","..","..","..","..","..","..","..","..","..","..","..","..","..","..","..","..","..","..","..","..","..","..","..","..","..","..","..","..","..","..","..","..","..","..","..","..","..","..","..","13","20","12","15","43","0","0","0","0","0","0","0","0","0","0","..","..","..","..","..","-1","-1","9","12","6","9","17","15","30","35","0","0","0","1","2","0","0","0","0","0","..","..","..","..","..","5","-1","4","10","10","0","5","6","10","7","0","0","0","0","0","0","0","0","0","0","..","..","..","..","..","1","-2","1","7","4","0","3","4","4","4","0","0","0","0","0","0","0","0","0","0","..","..","..","..","..","0","0","2","12","0"
"-1 to 16 years","113","343","786","794","838","35","45","32","31","32","20","24","10","8","9","..","..","..","..","..","-12","175","399","417","227","103","346","726","758","742","29","38","26","25","24","18","22","12","9","9","..","..","..","..","..","-13","250","347","436","223","106","258","258","400","303","5","28","28","31","31","4","8","8","8","8","..","..","..","..","..","64","94","209","126","84","79","230","243","414","288","1","26","27","28","29","2","7","7","7","7","..","..","..","..","..","52","116","179","121","30","400","1,291","1,513","1,450","1,279","77","143","139","152","156","72","84","51","61","64","..","..","..","..","..","31","337","1,044","1,332","299","378","1,249","1,375","1,220","1,154","61","118","167","183","186","62","78","55","60","61","..","..","..","..","..","-33","436","1,135","1,408","281","391","1,059","1,781","2,391","1,965","57","90","109","106","110","52","56","36","35","36","..","..","..","..","..","7","488","876","813","238","358","1,012","1,682","2,224","1,866","37","72","78","75","76","48","51","31","31","31","..","..","..","..","..","42","625","835","893","284","3,191","6,699","8,001","7,426","6,972","1,100","1,576","1,641","1,714","1,766","790","900","735","766","789","..","..","..","..","..","-1,638","3,863","7,986","9,826","3,227","3,073","6,423","7,659","7,253","6,710","1,002","1,486","1,605","1,683","1,732","727","837","690","718","745","..","..","..","..","..","-1,607","3,494","7,436","8,797","2,936","8,927","18,310","18,244","18,209","18,059","2,707","4,344","5,012","5,099","5,253","1,971","2,326","2,316","2,364","2,432","..","..","..","..","..","-753","6,971","19,039","25,618","5,917","8,421","17,361","17,261","17,349","17,249","2,575","4,264","4,835","4,919","5,071","1,835","2,185","2,164","2,209","2,275","..","..","..","..","..","-697","7,061","17,758","23,760","5,773","1,115","2,371","3,065","2,784","2,509","379","546","415","379","390","155","185","184","168","173","..","..","..","..","..","73","729","1,975","2,208","221","978","2,238","2,958","2,647","2,433","302","426","374","341","353","135","155","169","157","163","..","..","..","..","..","114","788","1,960","2,111","157","975","2,229","4,173","3,613","2,511","199","271","236","225","231","75","122","129","126","131","..","..","..","..","..","124","342","911","1,292","245","897","2,090","3,839","3,381","2,398","169","263","279","263","275","67","112","131","126","126","..","..","..","..","..","106","309","911","1,062","211","2,226","5,681","5,936","6,674","6,747","1,265","1,754","1,785","1,792","1,843","595","804","838","842","867","..","..","..","..","..","88","1,583","5,205","8,463","2,542","2,200","5,293","5,771","6,397","6,181","1,238","1,739","1,733","1,738","1,791","557","764","784","790","814","..","..","..","..","..","147","1,592","5,184","8,066","2,418","2,121","5,856","5,772","5,556","4,636","860","1,312","1,565","1,686","1,741","632","753","774","824","851","..","..","..","..","..","550","4,828","7,369","8,666","2,559","1,965","5,482","5,165","5,308","4,278","790","1,260","1,555","1,679","1,733","584","701","727","780","803","..","..","..","..","..","1,020","5,841","7,465","8,651","2,603","17","48","46","90","79","0","9","0","0","0","0","0","0","0","0","..","..","..","..","..","9","1","56","22","-13","17","29","45","71","64","0","9","0","0","0","0","0","0","0","0","..","..","..","..","..","1","19","22","30","-2","..","..","..","..","..","..","..","..","..","..","..","..","..","..","..","..","..","..","..","..","..","..","..","..","..","..","..","..","..","..","..","..","..","..","..","..","..","..","..","..","..","..","..","..","..","..","..","..","..","..","13","21","13","17","44","0","0","0","0","0","0","0","0","0","0","..","..","..","..","..","-1","-2","9","19","7","11","19","16","31","36","0","0","0","1","2","0","0","0","0","0","..","..","..","..","..","4","-3","3","12","9","0","5","7","11","7","0","0","0","0","0","0","0","0","0","0","..","..","..","..","..","1","-2","1","8","4","0","3","4","5","4","0","0","0","0","0","0","0","0","0","0","..","..","..","..","..","0","0","2","12","1"
"-1 to 17 years","117","350","807","827","874","35","45","32","31","32","21","24","10","8","9","..","..","..","..","..","-6","306","473","419","199","105","356","751","788","774","29","38","26","25","24","19","22","12","9","9","..","..","..","..","..","-40","330","395","466","229","110","268","276","418","315","5","28","28","31","31","4","8","8","8","8","..","..","..","..","..","82","145","284","184","109","84","244","257","431","306","1","26","27","28","29","2","7","7","7","7","..","..","..","..","..","67","144","233","153","36","418","1,330","1,554","1,494","1,323","79","146","142","156","160","75","88","54","64","67","..","..","..","..","..","-11","517","1,327","1,500","373","384","1,294","1,419","1,252","1,193","61","120","170","186","189","65","81","56","62","63","..","..","..","..","..","-145","554","1,319","1,455","232","408","1,100","1,860","2,455","2,026","57","92","113","110","114","54","58","38","37","38","..","..","..","..","..","-2","610","988","955","307","371","1,045","1,729","2,298","1,922","37","74","80","76","78","50","53","32","32","32","..","..","..","..","..","6","709","922","884","259","3,315","6,956","8,365","7,712","7,198","1,119","1,605","1,672","1,746","1,799","826","933","762","793","817","..","..","..","..","..","-1,189","4,886","9,261","11,381","3,908","3,187","6,729","8,020","7,527","6,979","1,022","1,511","1,629","1,709","1,758","763","868","715","743","771","..","..","..","..","..","-1,199","4,652","8,771","10,236","3,799","9,323","19,099","19,031","19,056","18,880","2,749","4,402","5,090","5,178","5,336","2,059","2,408","2,398","2,448","2,518","..","..","..","..","..","-11","11,461","25,398","32,384","8,318","8,726","18,116","17,991","18,131","17,994","2,621","4,333","4,913","4,998","5,152","1,923","2,265","2,242","2,289","2,357","..","..","..","..","..","-70","11,131","23,252","29,440","7,901","1,154","2,450","3,166","2,875","2,609","384","558","429","391","402","161","191","191","175","180","..","..","..","..","..","175","1,057","2,565","2,732","365","1,005","2,305","3,040","2,744","2,529","309","433","382","348","360","140","160","175","163","169","..","..","..","..","..","152","1,090","2,351","2,441","254","1,005","2,304","4,293","3,729","2,594","203","277","247","235","241","78","126","135","132","137","..","..","..","..","..","142","478","1,139","1,573","273","922","2,154","3,944","3,494","2,484","171","267","281","265","277","69","116","135","130","130","..","..","..","..","..","125","433","1,078","1,301","280","2,325","5,958","6,214","6,951","7,024","1,292","1,793","1,819","1,826","1,878","621","833","869","873","899","..","..","..","..","..","218","2,066","6,020","9,805","2,803","2,295","5,556","6,001","6,657","6,435","1,265","1,778","1,776","1,780","1,835","582","791","814","821","846","..","..","..","..","..","175","1,903","5,743","9,110","2,445","2,192","6,116","6,027","5,812","4,862","876","1,331","1,587","1,710","1,766","663","780","802","853","881","..","..","..","..","..","271","6,422","8,878","10,726","2,991","2,047","5,723","5,399","5,563","4,485","809","1,285","1,582","1,707","1,763","615","728","754","809","833","..","..","..","..","..","666","7,470","8,559","10,123","2,772","18","48","47","96","83","0","9","0","0","0","0","0","0","0","0","..","..","..","..","..","9","4","59","21","-10","17","31","46","76","67","0","9","0","0","0","0","0","0","0","0","..","..","..","..","..","-1","21","28","34","-1","..","..","..","..","..","..","..","..","..","..","..","..","..","..","..","..","..","..","..","..","..","..","..","..","..","..","..","..","..","..","..","..","..","..","..","..","..","..","..","..","..","..","..","..","..","..","..","..","..","..","15","21","14","19","45","0","0","0","0","0","0","0","0","0","0","..","..","..","..","..","-3","0","8","18","5","11","20","19","32","36","0","0","0","1","2","0","0","0","0","0","..","..","..","..","..","4","-2","5","13","13","0","5","8","12","8","0","0","0","0","0","0","0","0","0","0","..","..","..","..","..","1","-2","1","9","4","1","4","4","5","4","0","0","0","0","0","0","0","0","0","0","..","..","..","..","..","0","0","2","13","1"
"15 to 49 years","321","1,140","1,955","1,880","1,887","103","111","83","80","83","61","59","45","45","46","..","..","..","..","..","-200","1,227","1,959","1,779","82","328","974","1,798","1,815","1,898","98","115","93","90","93","69","59","48","48","49","..","..","..","..","..","-185","729","1,547","1,857","192","579","1,670","1,381","1,727","1,080","52","58","69","71","74","37","41","42","46","47","..","..","..","..","..","450","-82","1,180","529","-237","409","1,204","1,154","1,543","1,079","50","54","73","76","78","38","46","46","50","51","..","..","..","..","..","372","80","890","441","-293","1,355","6,156","4,727","5,688","4,174","240","379","532","582","602","184","231","165","180","186","..","..","..","..","..","-490","379","6,744","4,549","313","1,294","4,825","4,301","5,031","4,051","236","381","523","573","592","202","257","171","192","196","..","..","..","..","..","-567","897","5,287","4,007","149","985","3,330","3,792","5,134","4,175","156","240","266","261","268","129","143","96","94","97","..","..","..","..","..","854","1,819","4,073","4,182","962","916","2,903","3,611","5,041","4,338","160","250","258","250","259","140","153","99","100","102","..","..","..","..","..","478","1,746","3,764","3,666","640","12,366","22,530","21,748","18,266","20,652","3,113","4,318","4,603","4,818","4,960","2,128","2,363","1,946","2,031","2,091","..","..","..","..","..","-3,056","17,694","53,802","67,979","7,112","12,967","22,644","22,008","18,323","19,900","2,969","4,116","4,478","4,681","4,825","2,276","2,502","2,076","2,156","2,223","..","..","..","..","..","-6,826","11,733","32,501","42,251","6,367","42,604","90,890","72,148","70,956","66,908","9,988","15,781","18,139","18,460","19,021","5,792","6,775","6,812","6,928","7,140","..","..","..","..","..","-8,543","62,054","162,720","171,667","-32,023","40,370","85,456","72,618","73,414","71,452","9,267","14,261","16,462","16,751","17,258","6,095","6,989","6,991","7,117","7,337","..","..","..","..","..","-12,825","47,435","121,938","132,917","-26,534","4,070","8,428","9,591","8,756","7,716","675","1,027","1,047","945","974","341","401","466","434","445","..","..","..","..","..","295","2,481","9,898","9,223","-512","3,631","7,555","8,736","8,239","7,529","656","934","1,005","910","936","367","409","493","458","471","..","..","..","..","..","122","2,789","8,510","7,768","-767","2,626","5,691","8,819","8,424","6,274","442","636","634","603","625","173","297","337","330","338","..","..","..","..","..","-330","1,015","4,882","6,692","953","2,502","5,494","8,308","8,004","6,192","411","584","610","586","602","178","313","357","354","368","..","..","..","..","..","-173","1,142","3,934","5,598","772","8,476","18,459","18,434","20,452","19,051","3,008","4,275","4,381","4,387","4,521","1,497","2,022","2,110","2,131","2,193","..","..","..","..","..","-1,553","5,427","33,099","42,948","10,623","9,014","18,655","18,087","20,965","20,239","2,805","3,872","4,053","4,059","4,183","1,581","2,087","2,222","2,244","2,309","..","..","..","..","..","-2,447","5,141","27,598","36,914","6,234","13,519","32,734","23,823","22,473","18,994","3,842","6,061","7,441","8,049","8,295","1,918","2,410","2,500","2,723","2,803","..","..","..","..","..","-3,628","13,505","48,678","47,908","-6,853","14,541","33,696","24,798","24,131","22,086","3,666","5,502","6,805","7,358","7,581","2,050","2,467","2,572","2,778","2,860","..","..","..","..","..","-5,720","15,529","40,738","43,559","-8,023","135","298","290","371","309","48","41","22","16","17","1","27","17","15","15","..","..","..","..","..","104","-67","245","216","3","126","264","270","334","330","45","37","21","16","16","1","25","17","15","15","..","..","..","..","..","48","-30","199","205","16","..","..","..","..","..","..","..","..","..","..","..","..","..","..","..","..","..","..","..","..","..","..","..","..","..","..","..","..","..","..","..","..","..","..","..","..","..","..","..","..","..","..","..","..","..","..","..","..","..","..","64","163","124","159","202","8","20","37","43","44","16","5","5","7","7","..","..","..","..","..","23","-43","114","183","60","51","130","111","143","160","8","19","34","39","40","16","4","5","7","7","..","..","..","..","..","-4","-32","39","129","50","7","16","16","13","25","2","12","10","0","0","2","3","4","0","0","..","..","..","..","..","1","-19","16","55","40","11","27","17","26","27","2","11","9","0","0","2","2","3","0","0","..","..","..","..","..","3","-2","14","21","36"
"15 to 64 years","337","1,188","2,038","1,961","2,013","132","140","105","100","103","76","75","52","52","53","..","..","..","..","..","-295","1,287","2,026","1,911","44","347","1,007","1,861","1,898","1,974","123","142","107","103","106","79","79","51","52","54","..","..","..","..","..","-197","741","1,641","2,023","186","608","1,740","1,447","1,817","1,163","59","66","86","94","98","37","48","49","54","56","..","..","..","..","..","490","-74","1,226","510","-285","429","1,247","1,204","1,603","1,143","60","64","86","97","99","38","50","52","57","59","..","..","..","..","..","387","71","911","463","-345","1,431","6,373","4,975","5,915","4,391","304","470","646","703","726","234","301","210","226","233","..","..","..","..","..","-617","397","6,880","4,732","291","1,345","4,991","4,509","5,245","4,236","294","465","634","695","717","245","317","216","239","244","..","..","..","..","..","-555","924","5,436","4,327","177","1,031","3,445","3,993","5,381","4,397","202","301","333","327","335","162","187","124","119","122","..","..","..","..","..","875","1,883","4,199","4,359","964","956","3,002","3,748","5,183","4,471","204","302","322","314","326","167","195","129","127","131","..","..","..","..","..","494","1,806","3,928","3,934","660","13,217","24,433","24,177","20,262","22,038","3,715","5,139","5,462","5,717","5,887","2,613","3,014","2,473","2,580","2,657","..","..","..","..","..","-3,508","17,788","55,263","70,967","7,690","13,923","24,673","24,189","20,144","21,318","3,475","4,792","5,178","5,413","5,578","2,686","3,089","2,551","2,653","2,733","..","..","..","..","..","-6,919","12,157","34,224","45,498","7,182","45,211","96,304","77,991","76,586","72,115","11,822","18,418","21,332","21,708","22,365","7,080","8,529","8,567","8,720","8,988","..","..","..","..","..","-10,085","61,706","165,935","179,772","-31,505","43,596","91,881","79,994","80,268","77,956","10,801","16,504","19,120","19,458","20,042","7,177","8,589","8,577","8,735","9,003","..","..","..","..","..","-13,641","48,454","126,220","142,739","-26,403","4,224","8,747","10,100","9,186","8,152","792","1,221","1,254","1,130","1,165","415","506","593","552","567","..","..","..","..","..","252","2,538","10,339","9,756","-558","3,813","7,906","9,269","8,711","8,041","774","1,104","1,149","1,041","1,071","431","501","602","563","580","..","..","..","..","..","110","2,934","9,184","8,639","-788","2,795","6,101","9,377","8,926","6,676","503","745","740","702","726","207","378","427","420","429","..","..","..","..","..","-323","1,011","5,013","6,990","990","2,683","5,908","8,820","8,444","6,613","451","661","707","678","695","204","386","442","438","456","..","..","..","..","..","-173","1,202","4,164","5,979","764","9,106","19,915","20,076","22,075","20,661","3,630","5,175","5,311","5,319","5,482","1,842","2,581","2,709","2,739","2,819","..","..","..","..","..","-1,905","5,436","34,303","45,164","10,867","9,904","20,650","20,435","23,184","22,449","3,266","4,562","4,810","4,818","4,965","1,860","2,580","2,762","2,791","2,873","..","..","..","..","..","-2,609","5,470","29,317","40,066","6,381","14,300","34,802","25,978","24,630","21,013","4,895","7,503","9,160","9,910","10,207","2,409","3,093","3,205","3,481","3,583","..","..","..","..","..","-3,577","13,554","50,120","50,145","-7,177","15,471","35,942","27,366","26,498","24,445","4,559","6,731","8,224","8,893","9,163","2,463","3,081","3,198","3,451","3,553","..","..","..","..","..","-5,762","15,914","42,439","47,444","-8,415","140","315","297","393","327","48","41","22","16","17","1","27","17","15","15","..","..","..","..","..","107","-63","255","230","-11","129","273","288","348","351","45","37","21","16","16","1","25","17","15","15","..","..","..","..","..","49","-29","202","236","3","..","..","..","..","..","..","..","..","..","..","..","..","..","..","..","..","..","..","..","..","..","..","..","..","..","..","..","..","..","..","..","..","..","..","..","..","..","..","..","..","..","..","..","..","..","..","..","..","..","..","65","169","127","167","206","8","20","37","43","44","16","5","5","7","7","..","..","..","..","..","8","-42","114","195","59","54","138","120","151","167","8","19","34","39","40","16","4","5","7","7","..","..","..","..","..","-1","-31","40","130","54","7","16","16","14","29","2","12","10","0","0","2","3","4","0","0","..","..","..","..","..","1","-25","20","57","43","14","29","17","28","31","2","11","9","0","0","2","2","3","0","0","..","..","..","..","..","5","-4","15","24","40"
"16 to 64 years","330","1,173","2,007","1,926","1,981","130","138","103","99","101","75","75","52","52","53","..","..","..","..","..","-292","1,254","1,987","1,893","49","342","990","1,842","1,861","1,931","123","141","107","103","106","78","79","51","52","54","..","..","..","..","..","-184","670","1,570","1,959","125","602","1,726","1,434","1,799","1,141","59","66","86","93","97","37","48","49","54","56","..","..","..","..","..","487","-82","1,207","486","-310","425","1,240","1,185","1,577","1,125","60","64","86","97","99","38","50","52","57","59","..","..","..","..","..","384","41","872","430","-372","1,417","6,323","4,920","5,849","4,331","302","465","641","698","720","230","297","208","223","230","..","..","..","..","..","-596","366","6,795","4,657","259","1,328","4,953","4,441","5,187","4,170","292","461","629","690","712","242","313","214","237","242","..","..","..","..","..","-546","859","5,331","4,218","163","1,018","3,405","3,913","5,309","4,329","200","298","329","323","331","160","184","122","117","120","..","..","..","..","..","872","1,816","4,107","4,272","887","940","2,959","3,694","5,106","4,404","202","300","318","311","322","165","193","127","125","129","..","..","..","..","..","497","1,672","3,798","3,820","541","13,071","24,096","23,771","19,901","21,750","3,684","5,095","5,417","5,670","5,839","2,578","2,978","2,445","2,550","2,626","..","..","..","..","..","-3,478","17,597","54,920","70,389","7,519","13,782","24,358","23,785","19,828","21,024","3,450","4,753","5,135","5,367","5,532","2,653","3,057","2,524","2,626","2,704","..","..","..","..","..","-6,876","11,978","33,908","45,058","7,132","44,766","95,380","77,119","75,693","71,201","11,754","18,312","21,199","21,573","22,226","6,995","8,439","8,478","8,629","8,894","..","..","..","..","..","-10,116","60,805","164,387","177,604","-32,247","43,201","91,014","79,175","79,435","77,113","10,729","16,387","18,981","19,317","19,896","7,092","8,504","8,493","8,649","8,914","..","..","..","..","..","-13,694","47,423","124,676","140,700","-27,066","4,179","8,661","9,978","9,075","8,028","781","1,201","1,236","1,114","1,149","409","498","585","544","559","..","..","..","..","..","263","2,461","10,174","9,545","-618","3,760","7,814","9,151","8,610","7,935","765","1,092","1,137","1,029","1,059","425","496","596","557","573","..","..","..","..","..","105","2,862","9,033","8,489","-796","2,763","5,996","9,205","8,751","6,553","497","737","729","692","715","204","373","421","414","423","..","..","..","..","..","-336","998","4,970","6,932","1,009","2,637","5,821","8,677","8,316","6,501","446","653","700","671","688","201","382","437","433","451","..","..","..","..","..","-179","1,161","4,065","5,856","733","9,002","19,596","19,793","21,763","20,327","3,588","5,113","5,250","5,258","5,419","1,816","2,548","2,675","2,704","2,783","..","..","..","..","..","-1,938","5,254","33,880","44,468","10,536","9,815","20,367","20,182","22,889","22,164","3,226","4,505","4,754","4,762","4,907","1,835","2,550","2,731","2,759","2,841","..","..","..","..","..","-2,639","5,314","28,982","39,681","6,391","14,215","34,508","25,682","24,335","20,767","4,870","7,469","9,125","9,872","10,168","2,380","3,064","3,176","3,450","3,551","..","..","..","..","..","-3,867","12,423","49,114","49,039","-7,829","15,363","35,670","27,102","26,214","24,196","4,536","6,700","8,189","8,856","9,124","2,435","3,054","3,171","3,422","3,524","..","..","..","..","..","-6,261","14,408","41,214","46,034","-9,195","139","313","294","388","321","48","41","22","16","17","1","27","17","15","15","..","..","..","..","..","105","-63","251","230","-11","128","272","284","343","347","45","37","21","16","16","1","25","17","15","15","..","..","..","..","..","51","-31","202","238","4","..","..","..","..","..","..","..","..","..","..","..","..","..","..","..","..","..","..","..","..","..","..","..","..","..","..","..","..","..","..","..","..","..","..","..","..","..","..","..","..","..","..","..","..","..","..","..","..","..","..","64","169","126","166","202","8","20","37","43","44","16","5","5","7","7","..","..","..","..","..","8","-42","114","194","56","53","136","119","147","164","8","19","34","39","40","16","4","5","7","7","..","..","..","..","..","-3","-31","40","127","53","7","16","15","13","29","2","12","10","0","0","2","3","4","0","0","..","..","..","..","..","1","-25","20","57","42","14","29","17","28","31","2","11","9","0","0","2","2","3","0","0","..","..","..","..","..","5","-4","15","24","40"
"17 to 64 years","322","1,153","1,979","1,891","1,945","129","137","103","99","101","74","75","52","52","53","..","..","..","..","..","-271","1,191","1,912","1,831","0","334","978","1,816","1,833","1,901","123","140","107","103","106","77","79","51","52","54","..","..","..","..","..","-161","599","1,547","1,939","138","595","1,709","1,423","1,776","1,120","59","66","86","93","97","37","48","49","54","56","..","..","..","..","..","482","-96","1,183","478","-310","421","1,227","1,169","1,540","1,107","60","64","86","97","99","38","50","52","57","59","..","..","..","..","..","383","41","863","445","-370","1,404","6,273","4,859","5,789","4,263","300","461","637","694","716","226","293","206","221","227","..","..","..","..","..","-547","302","6,633","4,546","174","1,319","4,914","4,391","5,132","4,117","292","459","626","686","708","239","310","212","235","240","..","..","..","..","..","-445","788","5,150","4,106","94","1,001","3,370","3,859","5,226","4,276","198","296","325","319","327","158","182","120","115","118","..","..","..","..","..","899","1,738","4,036","4,205","854","924","2,922","3,633","5,034","4,335","202","298","316","309","320","163","191","126","124","128","..","..","..","..","..","528","1,562","3,741","3,751","539","12,919","23,740","23,408","19,611","21,473","3,661","5,061","5,382","5,633","5,801","2,543","2,944","2,418","2,522","2,597","..","..","..","..","..","-3,436","17,295","54,447","69,696","7,304","13,659","24,048","23,445","19,535","20,784","3,429","4,723","5,104","5,334","5,498","2,621","3,027","2,499","2,601","2,678","..","..","..","..","..","-6,870","11,830","33,604","44,651","7,142","44,345","94,482","76,243","74,810","70,338","11,712","18,251","21,115","21,487","22,138","6,913","8,357","8,397","8,546","8,809","..","..","..","..","..","-10,211","59,661","162,666","175,288","-32,779","42,866","90,189","78,423","78,613","76,349","10,679","16,307","18,887","19,222","19,797","7,011","8,425","8,417","8,570","8,833","..","..","..","..","..","-13,763","46,285","123,188","138,825","-27,572","4,144","8,584","9,879","8,960","7,913","774","1,186","1,222","1,100","1,135","404","491","577","537","552","..","..","..","..","..","248","2,342","9,914","9,306","-740","3,719","7,743","9,048","8,518","7,831","757","1,084","1,127","1,020","1,050","419","491","590","552","567","..","..","..","..","..","85","2,694","8,765","8,243","-915","2,729","5,918","9,069","8,614","6,424","493","730","718","682","704","201","369","415","408","417","..","..","..","..","..","-336","956","4,871","6,816","971","2,604","5,741","8,544","8,180","6,383","444","647","696","667","684","198","378","432","428","446","..","..","..","..","..","-178","1,130","3,989","5,811","768","8,896","19,292","19,516","21,456","20,006","3,556","5,066","5,207","5,214","5,375","1,791","2,518","2,644","2,672","2,750","..","..","..","..","..","-1,943","5,064","33,458","43,910","10,456","9,706","20,096","19,917","22,597","21,873","3,195","4,460","4,707","4,714","4,858","1,811","2,522","2,701","2,728","2,810","..","..","..","..","..","-2,654","5,046","28,538","39,022","6,145","14,119","34,236","25,409","24,056","20,501","4,853","7,448","9,103","9,849","10,143","2,351","3,037","3,149","3,421","3,521","..","..","..","..","..","-3,922","11,407","48,602","48,243","-8,227","15,261","35,405","26,895","25,944","23,952","4,517","6,676","8,162","8,828","9,094","2,407","3,029","3,145","3,394","3,496","..","..","..","..","..","-6,423","12,952","40,636","45,283","-9,474","138","312","291","386","319","48","41","22","16","17","1","27","17","15","15","..","..","..","..","..","105","-64","247","230","-11","126","271","281","339","343","45","37","21","16","16","1","25","17","15","15","..","..","..","..","..","52","-31","202","237","3","..","..","..","..","..","..","..","..","..","..","..","..","..","..","..","..","..","..","..","..","..","..","..","..","..","..","..","..","..","..","..","..","..","..","..","..","..","..","..","..","..","..","..","..","..","..","..","..","..","..","64","168","125","164","201","8","20","37","43","44","16","5","5","7","7","..","..","..","..","..","8","-41","114","187","55","51","134","118","146","163","8","19","34","39","40","16","4","5","7","7","..","..","..","..","..","-2","-29","41","125","54","7","16","14","12","29","2","12","10","0","0","2","3","4","0","0","..","..","..","..","..","1","-25","20","56","42","14","29","17","27","31","2","11","9","0","0","2","2","3","0","0","..","..","..","..","..","5","-4","15","24","39"
"18 years and older","323","1,159","1,974","1,888","1,933","138","146","104","99","102","73","75","52","52","53","..","..","..","..","..","-280","1,067","1,846","1,857","21","339","976","1,805","1,830","1,892","134","146","108","104","108","76","79","51","52","54","..","..","..","..","..","-133","527","1,532","1,959","125","594","1,707","1,418","1,764","1,120","59","66","86","94","98","37","48","49","54","56","..","..","..","..","..","465","-147","1,106","417","-336","421","1,220","1,165","1,534","1,102","60","64","86","97","99","38","50","52","57","59","..","..","..","..","..","365","6","809","422","-375","1,410","6,290","4,900","5,825","4,300","324","501","698","764","788","244","337","231","249","256","..","..","..","..","..","-516","133","6,365","4,409","97","1,340","4,924","4,432","5,194","4,168","319","504","680","743","768","258","356","239","262","271","..","..","..","..","..","-335","693","5,027","4,135","139","989","3,348","3,812","5,216","4,248","211","323","363","355","365","166","204","137","133","137","..","..","..","..","..","903","1,635","3,943","4,082","769","920","2,917","3,620","5,006","4,336","216","325","349","344","355","174","215","138","135","140","..","..","..","..","..","560","1,506","3,701","3,823","543","13,156","24,325","23,877","20,040","21,908","3,989","5,443","5,813","6,083","6,267","2,750","3,348","2,749","2,867","2,955","..","..","..","..","..","-3,968","16,364","53,434","68,652","6,652","14,013","24,795","24,213","20,176","21,544","3,767","5,128","5,573","5,825","6,004","2,854","3,476","2,867","2,988","3,073","..","..","..","..","..","-7,291","11,031","32,905","44,135","6,671","45,443","97,069","79,753","77,973","73,401","12,594","19,565","22,678","23,078","23,777","7,452","9,466","9,488","9,663","9,960","..","..","..","..","..","-11,396","55,354","156,957","170,320","-35,240","44,416","93,140","82,557","82,529","80,301","11,633","17,748","20,714","21,079","21,714","7,623","9,660","9,653","9,838","10,138","..","..","..","..","..","-14,598","42,985","119,081","135,566","-29,643","4,196","8,691","10,050","9,151","8,131","816","1,253","1,290","1,166","1,203","433","547","649","610","629","..","..","..","..","..","124","2,034","9,409","8,908","-912","3,824","7,897","9,346","8,819","8,164","801","1,171","1,213","1,098","1,130","452","560","668","630","648","..","..","..","..","..","28","2,486","8,566","8,142","-1,039","2,770","5,988","9,181","8,672","6,557","510","768","762","727","750","208","415","470","462","475","..","..","..","..","..","-363","830","4,676","6,599","952","2,656","5,845","8,712","8,285","6,564","464","689","768","736","754","210","427","499","493","512","..","..","..","..","..","-199","1,062","3,923","5,697","686","9,243","20,043","20,675","22,587","21,156","3,725","5,314","5,535","5,544","5,714","1,911","2,826","3,001","3,034","3,127","..","..","..","..","..","-2,176","4,613","32,828","42,973","10,178","10,159","21,003","21,421","24,092","23,579","3,356","4,738","5,020","5,031","5,183","1,946","2,869","3,092","3,129","3,223","..","..","..","..","..","-2,716","4,908","28,411","38,691","6,093","14,465","35,076","26,582","25,091","21,562","5,325","8,165","10,068","10,893","11,219","2,549","3,453","3,593","3,900","4,016","..","..","..","..","..","-3,716","9,891","47,296","47,020","-8,712","15,679","36,307","28,272","27,140","25,294","4,949","7,399","9,225","9,977","10,275","2,619","3,486","3,644","3,928","4,047","..","..","..","..","..","-6,066","11,553","40,017","45,036","-9,663","138","314","299","383","323","48","41","22","16","17","1","27","17","15","15","..","..","..","..","..","105","-67","245","235","-17","127","271","285","340","353","45","37","21","16","16","1","25","17","15","15","..","..","..","..","..","55","-33","198","231","4","..","..","..","..","..","..","..","..","..","..","..","..","..","..","..","..","..","..","..","..","..","..","..","..","..","..","..","..","..","..","..","..","..","..","..","..","..","..","..","..","..","..","..","..","..","..","..","..","..","..","64","170","128","167","203","8","20","37","43","44","16","5","5","7","7","..","..","..","..","..","9","-42","116","188","58","54","135","121","148","172","8","19","34","39","40","16","4","5","7","7","..","..","..","..","..","-2","-30","40","125","48","7","16","13","12","28","2","12","10","0","0","2","3","4","0","0","..","..","..","..","..","1","-25","20","54","43","13","28","20","28","33","2","11","9","0","0","2","2","3","0","0","..","..","..","..","..","5","-4","15","23","39"
"90 years and older","0","0","0","0","0","0","0","0","0","0","0","0","0","0","0","..","..","..","..","..","0","0","0","0","0","0","0","0","0","0","0","0","0","0","0","0","0","0","0","0","..","..","..","..","..","0","0","0","0","0","0","0","0","0","0","0","0","0","0","0","0","0","0","0","0","..","..","..","..","..","0","0","0","0","0","0","0","0","1","0","0","0","0","0","0","0","0","0","0","0","..","..","..","..","..","0","1","0","0","0","0","0","2","0","0","0","0","0","0","0","0","0","0","0","0","..","..","..","..","..","0","0","0","0","0","0","1","1","1","0","0","0","0","0","0","0","0","0","0","0","..","..","..","..","..","0","0","1","1","0","0","0","0","0","1","0","0","0","0","0","0","0","0","0","0","..","..","..","..","..","0","-1","0","0","0","0","0","0","0","1","0","0","1","2","3","0","0","0","0","0","..","..","..","..","..","0","-1","0","0","0","1","2","3","4","2","15","15","12","11","12","4","11","7","7","7","..","..","..","..","..","0","0","2","1","-5","5","8","7","8","5","5","20","26","27","28","4","9","9","11","10","..","..","..","..","..","-2","3","3","6","5","10","9","20","27","26","20","42","38","38","41","5","30","26","29","29","..","..","..","..","..","-3","2","-1","-1","0","16","14","28","24","23","39","66","86","87","91","18","36","36","38","38","..","..","..","..","..","-8","2","-3","2","-10","0","1","0","0","0","0","0","0","0","0","0","0","0","0","1","..","..","..","..","..","0","0","0","0","0","0","1","3","2","4","0","2","6","6","6","0","0","0","0","0","..","..","..","..","..","0","0","0","0","-1","0","0","0","0","0","0","0","0","0","0","0","0","0","0","0","..","..","..","..","..","0","0","0","0","0","0","0","2","1","1","0","0","0","0","0","0","0","0","0","0","..","..","..","..","..","0","0","0","0","0","2","3","6","3","2","0","2","3","3","3","0","6","7","8","7","..","..","..","..","..","0","0","0","0","0","4","4","2","5","10","1","6","3","3","3","3","6","8","8","8","..","..","..","..","..","-1","1","0","0","0","1","3","6","9","6","4","22","40","43","45","1","9","12","15","14","..","..","..","..","..","-2","0","2","0","0","3","6","10","10","7","20","36","45","51","54","5","13","15","16","16","..","..","..","..","..","-1","1","4","1","-2","0","0","0","0","0","0","0","0","0","0","0","0","0","0","0","..","..","..","..","..","0","0","0","0","0","0","0","0","0","0","0","0","0","0","0","0","0","0","0","0","..","..","..","..","..","0","0","0","0","0","..","..","..","..","..","..","..","..","..","..","..","..","..","..","..","..","..","..","..","..","..","..","..","..","..","..","..","..","..","..","..","..","..","..","..","..","..","..","..","..","..","..","..","..","..","..","..","..","..","..","0","0","0","0","0","0","0","0","0","0","0","0","0","0","0","..","..","..","..","..","0","0","0","0","0","0","0","0","0","0","0","0","0","0","0","0","0","0","0","0","..","..","..","..","..","0","0","0","0","0","0","0","0","0","0","0","0","0","0","0","0","0","0","0","0","..","..","..","..","..","0","0","0","0","0","0","0","0","0","0","0","0","0","0","0","0","0","0","0","0","..","..","..","..","..","0","0","0","0","0"

Symbol legend:
.., not available for a specific reference period




Footnotes:
1,"Period from July 1 to June 30."
2,"Data for persons aged 90 to 100 years and older will be available from 2001/2002."
3,"The population growth, which is used to calculate population estimates, is comprised of natural increase (Tables 17100006 and 17100016), international migration (Table 17100014) and interprovincial migration (Table 17100015)."
4,"The demographic estimates now incorporate the concept of gender, which was first introduced in the 2021 Census of Population. Gender refers to an individual's personal and social identity as a man, woman or non-binary person (a person who is not exclusively a man or a woman). Demographic estimates are available for the gender category "Men+", which includes men (and/or boys), as well as some non-binary persons, and for the gender category “Women+" category, which includes women (and/or girls), as well as some non-binary persons. For the sake of uniformity, all data products from the Demographic Estimates Program now adopt the term ‘gender’ for all years and periods. Prior to 2021, the demographic estimates are based on the concept of sex at birth. Although gender and sex at birth are two different concepts, this change does not cause a significant break in the trend because the two concepts produce very similar distributions. Population estimates by age and sex at birth are available upon request (please contact statcan.demography-demographie.statcan@statcan.gc.ca)."
5,"Net emigration is obtained as follows: Emigrants - Returning emigrants. For estimates from 1991 to June 2016, net emigration is obtained as follows: Emigrants + Net temporary emigration - Returning emigrants."
6,"The estimated numbers of emigrants and returning emigrants have been revised going back to July 2016. Before this date, short-term emigrants and short-term returning emigrants were included in the “net temporary emigration” component. After this date, they are included in the emigrant and returning emigrant components, using a slightly different methodology. Due to this change, the net temporary emigration component is no longer calculated from July 2016 onwards."
7,"Age at July 1."
8,"Data for Northwest Territories and Nunavut are presented separately from 1991/1992."
9,"Prior to 1991/1992, only data for Northwest Territories and Nunavut combined are available."
10,"The number of immigrants is final up to 2023/2024 and preliminary for 2024/2025."
11,"The number of emigrants is final up to 2022/2023, updated for 2023/2024 and preliminary for 2024/2025."
12,"Please note that due to the methodology used for the estimates of emigrants and returning emigrants, the estimates for the most recent periods are expected to be identical or very similar."
13,"The number of returning emigrants is final up to 2022/2023, updated for 2023/2024 and preliminary for 2024/2025."
14,"The net temporary emigrants is final up to 2015/2016."
15,"A non-permanent resident refers to a person from another country with a usual place of residence in Canada and who has a work or study permit or who has claimed refugee status (asylum claimant, protected person or member of related groups). Family members living with work or study permit holders are also included unless these family members are already Canadian citizens, landed immigrants (permanent residents), or non-permanent residents themselves."
16,"The net non-permanent residents is final up to 2022/2023, updated for 2023/2024, and preliminary for 2024/2025."
17,"These estimates of the net non-permanent residents (NPRs) are derived from estimates of the number of NPRs. The NPR estimates differ from the number of asylum claimants and temporary residents provided by Immigration, Refugees and Citizenship Canada (IRCC). Care should be taken to consider the differences in methods and reference dates when comparing data from IRCC with Statistics Canada demographic estimates. The two data sources are not fully comparable."
18,"Age -1 represents persons born after July 1 and not included in age group 0 to 4 years."



"How to cite: Statistics Canada. Table 17-10-0014-01  Estimates of the components of international migration, by age and gender, annual"
https://www150.statcan.gc.ca/t1/tbl1/en/tv.action?pid=1710001401
