country_name,country_code,Year,Birth_rate,CO2_per_capita,Death_rate,Electricity_access,Energy_consumption_per_capita,GDP_growth,GDP_per_capita,Inflation,Internet_penetration,Life_expectancy,Net_migration,Patent_activity,Population,Primary_school_enrollment,RD_expenditure_pct_GDP,Unemployment,Urbanization_pct
Australia,AU,1995,14.2,16.8117791607854,6.9,100.0,5138.24234027092,3.89017188961647,39407.5647528439,4.62776445368168,2.76,77.8292682926829,80456.0,1784.0,18004882.0,94.99609,,8.473,85.2868710503009
Australia,AU,1996,13.9,17.1567625528491,7.0,100.0,5429.944199086,3.86567479160071,40437.0941864857,2.61537902431631,3.28,78.0780487804878,82965.0,1797.0,18224767.0,95.40056,1.66218,8.509,85.2405932056372
Australia,AU,1997,13.6,17.4985372932812,7.0,100.0,5497.64639169812,3.91795814771731,41569.1653679391,0.224895027032537,16.4,78.4804878048781,67661.0,1760.0,18423037.0,94.98368,,8.367,85.1953612480762
Australia,AU,1998,13.3,18.3860838677391,6.8,100.0,5584.82787538452,4.67681373479508,43081.7201718179,0.860129922016289,30.8,78.6317073170732,81310.0,1862.0,18607584.0,94.91501,1.51351,7.684,85.1552971935996
Australia,AU,1999,13.1,18.5055078963383,6.8,100.0,5644.57987814369,5.02822035850596,44755.6599721318,1.48313946657267,40.8,78.9317073170732,92900.0,1858.0,18812264.0,94.54912,,6.876,85.1245230581889
Australia,AU,2000,13.0,18.5978917642845,6.7,100.0,5681.22885913159,3.9160574881715,45979.0765654048,4.45743705920869,46.7561156116738,79.2341463414634,111186.0,1928.0,19028802.0,94.48531,1.57198,6.288,85.1071608578257
Australia,AU,2001,12.7,18.6995326153179,6.6,100.0,5486.39455905443,2.03145880248898,46314.6235297968,4.40712998561533,52.6892664310395,79.6341463414634,117552.0,2187.0,19274701.0,93.95538,,6.747,85.1481094164726
Australia,AU,2002,12.8,18.9093269577501,6.8,100.0,5480.23464289818,3.94980535772942,47599.4079289312,2.98157117047457,,79.9365853658537,108852.0,2364.0,19495210.0,94.02894,1.74654,6.375,85.2842102783464
Australia,AU,2003,12.6,18.6676694689453,6.6,100.0,5615.57675632995,3.0912800997751,48509.6632180363,2.73259754838937,,80.2390243902439,104437.0,2418.0,19720737.0,95.01722,,5.933,85.4097077818668
Australia,AU,2004,12.3,19.1634087908315,6.5,100.0,5652.13037917952,4.21894147547516,50018.5904483861,2.34325687131265,,80.490243902439,110072.0,2559.0,19932722.0,95.375,1.84802,5.399,85.518767609412
Australia,AU,2005,12.8,19.0378039300894,6.4,100.0,5624.49561264785,3.15548121323168,50972.640519744,2.69182949622197,63.0,80.8414634146341,131371.0,2555.0,20176844.0,95.675,,5.036,85.6190871221958
Australia,AU,2006,12.9,19.0793285754815,6.4,100.0,5775.11675226564,2.7709261737475,51682.8925230537,3.55528696972984,66.0,81.0414634146342,191985.0,2837.0,20450966.0,95.78078,2.17862,4.785,85.7492544263523
Australia,AU,2007,14.1,19.2389222350972,6.7,100.0,5853.76413229662,3.78947119882653,52671.325846724,2.32761442623159,69.45,81.2926829268293,249873.0,2718.0,20827622.0,96.55403,,4.381,85.8968519574969
Australia,AU,2008,14.0,19.02811960112,6.7,100.0,5951.19291532561,3.62398503565633,53497.275355342,4.35029726664093,71.67,81.3951219512195,275773.0,2821.0,21249199.0,96.67832,2.39898,4.242,86.0253816967666
Australia,AU,2009,13.9,18.9151698120932,6.5,100.0,5843.93312947132,1.95484826298522,53430.5274781651,1.77112025681656,74.25,81.5439024390244,235628.0,2494.0,21691653.0,96.81221,,5.565,86.1278139101818
Australia,AU,2010,13.7,18.8509537372201,6.5,100.0,5762.9435664152,2.21004795300735,53768.349733441,2.9183370211222,76.0,81.6951219512195,166752.0,2409.0,22031750.0,97.10396,2.3702,5.214,86.2198600512143
Australia,AU,2011,13.6,18.480821685778,6.6,100.0,5698.65597309349,2.39473494330615,54296.2321324814,3.30384784681081,79.4876977139029,81.8951219512195,197657.0,2383.0,22340024.0,97.67766,2.23459,5.083,86.3268946146423
Australia,AU,2012,13.7,18.1834489375025,6.6,100.0,5533.72233837943,3.95247138119184,55465.4462872577,1.76278299052228,79.0,82.0463414634146,235776.0,2627.0,22733465.0,97.98651,,5.225,86.4451259136625
Australia,AU,2013,13.3,17.5432435542019,6.4,100.0,5533.38146350965,2.65445302592404,55966.1509270561,2.44988248109259,83.453497167,82.1487804878049,215823.0,3061.0,23128129.0,97.48417,2.17733,5.663,86.5740515760243
Australia,AU,2014,13.2,16.8873574131124,6.6,100.0,5407.4382264583,2.60118978187332,56571.8062524437,2.48792932080492,84.0,82.3,200177.0,1988.0,23475686.0,97.13516,,6.078,86.7221289343356
Australia,AU,2015,12.9,16.8219551608068,6.6,100.0,5318.66679266228,2.16434780647852,56970.3613028094,1.50836803138463,84.5605149091408,82.4,212350.0,2291.0,23815995.0,97.10963,1.91969,6.055,86.8778642539361
Australia,AU,2016,12.9,16.8911897350521,6.6,100.0,5216.98867184459,2.75564065529868,57632.9995925594,1.27699365720306,86.54000092,82.4487804878049,254648.0,2620.0,24190907.0,96.7724,,5.711,87.0166295249235
Australia,AU,2017,12.6,16.7209445382487,6.5,100.0,5162.45894302308,2.29331030192918,57991.771347333,1.94864309065653,86.5450488476768,82.5,255023.0,2503.0,24592588.0,96.4991,1.88102,5.592,87.12809266445
Australia,AU,2018,12.6,16.3939979308791,6.3,100.0,5086.37378454852,2.87417039499501,58772.7063152213,1.91140002818579,90.0082016,82.7487804878049,226412.0,2757.0,24963258.0,,,5.345,87.2267680845925
Australia,AU,2019,12.1,16.1007065925773,6.7,100.0,5231.57466031316,2.19401703622717,59181.2997904131,1.610770929127,93.60990143,82.9,207142.0,2637.0,25334826.0,,1.82826,5.143,87.3019647888406
Australia,AU,2020,11.5,15.3043785143331,6.3,100.0,5159.03638381788,-0.133531904304775,58377.7670517802,0.846900734607273,94.6934967,83.2,44447.0,2368.0,25649248.0,,,6.394,87.2713470458985
Australia,AU,2021,12.1,14.9787241100123,6.7,100.0,5006.44306522882,2.00694844335034,59465.535671364,2.86391284709318,96.97219849,83.3,116768.0,2966.0,25685412.0,,1.85783,5.022,87.2353407632761
Australia,AU,2022,11.6,14.530502863688,7.3,100.0,4942.16372202842,4.25304559238732,61200.4588964781,6.59409658717841,96.11940002,83.2,140972.0,,26018721.0,,,3.728,87.3343268253813
Australia,AU,2023,10.8,14.1596700845561,6.875,100.0,4927.64894813822,3.58382100798981,61869.082498576,5.59701792296707,96.1160965,83.0512195121951,140232.0,,26659922.0,,,3.668,87.4866955653765
Australia,AU,2024,10.7,14.0986639619808,6.884,100.0,4750.59966458141,1.37340773365975,61486.38147544,3.16656665428797,96.13140106,83.0512195121951,138510.0,,27194286.0,,,3.942,87.6021469990446
Australia,AU,2025,,,,,,1.35039785076631,61368.6075579929,2.87403791660173,,,137109.0,,27614411.0,,,4.09,87.7192672666333
Bangladesh,BD,1995,30.355,0.177641388847358,10.147,18.3380451202393,128.922041098335,5.12127789724337,537.931946643983,10.2978117947206,,58.244,-231304.0,70.0,122600370.0,,,2.441,21.661231550566
Bangladesh,BD,1996,30.031,0.176886229095842,9.756,21.1443862915039,127.651205584714,4.52291921684423,552.077107138767,2.37712902953223,,58.94,-254239.0,22.0,124862179.0,,,2.51,21.9780786680138
Bangladesh,BD,1997,30.377,0.188351129764399,9.402,22.4,130.76316593387,4.4898964976265,566.271140847632,5.30560105668802,0.000751,59.671,-273442.0,46.0,127198069.0,,,2.698,22.2953437419401
Bangladesh,BD,1998,30.183,0.188857889086581,9.037,26.7461929321289,132.276086830776,5.1770268731498,584.448175174047,8.40223795613228,0.00368,60.429,-286966.0,32.0,129622332.0,,,2.893,22.6195132518384
Bangladesh,BD,1999,29.865,0.197803215117866,8.643,29.5402145385742,134.852007238559,4.67015636882111,600.232323162952,6.10669589841958,0.0362,61.244,-286256.0,49.0,132108065.0,,,3.088,22.957073677202
Bangladesh,BD,2000,29.589,0.200508674079581,8.276,32.0,135.982829155033,5.29329471892532,620.560472822105,2.20825620937535,0.0710394230507683,62.049,-512422.0,70.0,134544304.0,,,3.27,23.3145114975244
Bangladesh,BD,2001,29.174,0.238535190866528,7.934,35.0,148.299543915937,5.07728777526728,641.288922876274,2.0071737421384,0.129807973947512,62.836,-737740.0,59.0,136805810.0,,,3.609,23.6999214768623
Bangladesh,BD,2002,28.526,0.247202877217844,7.598,37.8,148.023137823788,3.83312393993225,655.672139362272,3.33256493271913,0.13992028850905,63.591,-819909.0,43.0,138933658.0,,,3.966,24.1132383547332
Bangladesh,BD,2003,27.745,0.255292689169796,7.302,40.5,153.205274750611,4.73956739963045,676.826252046427,5.66870773441476,0.163877665498048,64.288,-896335.0,58.0,140970351.0,,,4.32,24.5525557512625
Bangladesh,BD,2004,26.994,0.265286510438952,7.053,40.6,154.277994461916,5.23953291029852,702.656357081873,7.5875363850469,0.199036333744363,64.912,-970264.0,48.0,142902856.0,,,4.316,25.0094809886101
Bangladesh,BD,2005,26.055,0.279053178068632,6.824,44.2,159.86025911281,6.53594493875502,739.203718353409,7.04661816222039,0.241600007,65.509,-1036635.0,50.0,144715786.0,97.24423,,4.25,25.4769540701509
Bangladesh,BD,2006,25.252,0.297067114877888,6.634,50.5,168.358931806833,6.67190498576788,779.419570444998,6.76526117054757,1.0,66.048,-1091865.0,22.0,146405973.0,96.74066,,3.591,25.9479149992596
Bangladesh,BD,2007,24.526,0.312314517812567,6.51,46.5,174.04541210907,7.05859935449848,825.508229964537,9.10698496905383,1.799999952,66.458,-1133553.0,29.0,147989278.0,,,4.015,26.415303779311
Bangladesh,BD,2008,23.685,0.343404266569929,6.319,54.3,180.593953454978,6.01378975738535,866.45815762135,8.90194489465154,2.5,67.047,-1158420.0,60.0,149474264.0,95.72411,,4.49,26.87206041368
Bangladesh,BD,2009,22.829,0.365403611658953,6.181,57.1,187.6926023298,5.04512479919337,901.729626251937,5.42347236174679,3.099999905,67.527,-1150194.0,55.0,150873714.0,95.86042,,5.0,27.3111249057412
Bangladesh,BD,2010,21.874,0.399267470769648,6.049,55.3,195.623071252394,5.57178818533122,943.66422864236,8.12667639169917,3.700000048,68.009,-1113727.0,66.0,152201981.0,94.9566,,3.379,27.7254372588696
Bangladesh,BD,2011,21.114,0.425203089273234,5.93,59.6,200.332283493272,6.46437912497728,995.579947155662,11.3951651552399,4.5,68.499,-848910.0,37.0,153591076.0,,,3.737,28.1100162712427
Bangladesh,BD,2012,20.709,0.450583313929743,5.847,65.5,208.079815841876,6.52145877906443,1050.39140404066,6.21750422069284,5.0,68.989,-829875.0,67.0,155070101.0,,,4.07,28.4787972894576
Bangladesh,BD,2013,20.55,0.460477953853579,5.778,61.5,216.73767037563,6.01360565834344,1103.15695907123,7.53040640913172,6.63,69.487,-862944.0,60.0,156532141.0,,,4.426,28.8407036106763
Bangladesh,BD,2014,20.298,0.485260877115325,5.703,62.4,223.001864414998,6.0610593588495,1159.40753475981,6.99163889220849,9.052900314,70.016,-889222.0,44.0,157964929.0,,,4.417,29.1944442321013
Bangladesh,BD,2015,20.254,0.536099232905876,5.638,74.0,237.200804521803,6.55263987816197,1224.38647668165,6.19428022984984,12.36880016,70.543,-909223.0,41.0,159383179.0,,,4.397,29.5395099477892
Bangladesh,BD,2016,20.226,0.584484613989962,5.575,75.9,256.237827701744,7.11347821270093,1299.83091360792,5.51352572692995,16.89909935,71.075,-918770.0,77.0,160811932.0,,,4.35,29.8753915517965
Bangladesh,BD,2017,19.991,0.622997104678737,5.512,88.0,264.090549017021,6.59024999794057,1373.75363740186,5.70207015717239,21.5,71.606,-1037176.0,61.0,162186147.0,,,4.372,30.2015798381799
Bangladesh,BD,2018,20.069,0.643225929977613,5.442,86.9,261.271156644512,7.31941263014136,1462.25050255713,5.54362139486476,25.56509972,72.122,-1029069.0,69.0,163523103.0,,,4.439,30.5175656009959
Bangladesh,BD,2019,20.131,0.662908100271382,5.372,92.2,277.950296654643,7.88191515117722,1564.20802445636,5.59199639930629,30.38310051,72.625,-1016796.0,68.0,164913055.0,,,4.504,30.8228396343012
Bangladesh,BD,2020,20.289,0.626122292349066,6.126,96.2,278.638664578008,3.44801755122445,1604.6659234742,5.69107474746211,36.10910034,71.421,-1002522.0,40.0,166298024.0,,,5.539,31.1168927321524
Bangladesh,BD,2021,20.414,0.702428158073895,6.317,99.0,298.53034978646,6.93867912442445,1702.08028414189,5.54565430773473,38.91744466,71.103,-994722.0,74.0,167658854.0,,,5.457,31.3992156886061
Bangladesh,BD,2022,20.583,0.713556533909868,5.037,99.4,308.276302614701,7.09982877575158,1804.3493461776,7.69695437176898,41.61650085,74.265,-549990.0,,169384897.0,,,4.593,31.673734726234
Bangladesh,BD,2023,20.353,0.693947563901367,5.01,99.5,287.753137358845,5.77511237007889,1885.37733613545,9.8835030377921,44.50274195,74.672,-549918.0,,171466990.0,,,3.352,32.1578465036834
Bangladesh,BD,2024,19.988,0.715539343541092,5.105,99.5,,4.22325911250161,1941.27874360025,10.4657482763412,53.42171316,74.93,-473362.0,,173562364.0,,,3.635,32.6783196323307
Bangladesh,BD,2025,,,,,,3.48990671836833,1984.73292428118,8.7687628116114,,,-402100.0,,175686899.0,,,3.778,33.2395847043975
Brazil,BR,1995,22.283,1.73140553131602,6.54,91.728598,998.777374735819,4.22379363350413,6596.33572674819,66.0070335542481,0.105,67.701,-69963.0,2707.0,161735073.0,,,7.092,77.7144999942454
Brazil,BR,1996,21.872,1.83087535382901,6.46,92.867095,1035.82555427523,2.20886405039022,6640.7270065575,15.7576656002606,0.451,68.108,-71943.0,2611.0,164202549.0,,,8.035,78.3021415455398
Brazil,BR,1997,21.584,1.91554735453581,6.393,93.354139,1072.29461426603,3.39484598630671,6764.85842091319,6.92671251629154,0.786,68.505,-72392.0,2756.0,166661659.0,,,9.003,79.0008493879259
Brazil,BR,1998,21.221,1.94230001237588,6.355,94.193812,1082.21810429873,0.338097901207306,6687.49523550242,3.19507629280052,1.48,68.848,21666.0,2491.0,169159655.0,,,10.15,79.789068166086
Brazil,BR,1999,20.581,1.95707166300643,6.302,94.76296,1091.29495874763,0.467937566477133,6621.63676249539,4.85844749902667,2.04,69.211,-23497.0,2816.0,171641543.0,98.07272,,11.125,80.5466061325216
Brazil,BR,2000,19.879,2.00787868943563,6.248,94.4,1081.36193393467,4.38794944745618,6817.784240857,7.04414105947266,2.87068515854108,69.584,-45800.0,3179.0,174018282.0,,1.04752,10.889,81.1484365423806
Brazil,BR,2001,19.185,1.9928207750233,6.189,96.0,1086.99299318566,1.38989640095637,6823.03396999891,6.84035902487523,4.52849486902851,69.98,-51600.0,3439.0,176301203.0,98.85493,1.06197,10.649,81.5960450621957
Brazil,BR,2002,18.49,1.96879630651915,6.126,96.7,1103.40127916211,3.05346185909312,6944.62337495755,8.45016437708331,9.14942508560748,70.396,-42008.0,3481.0,178503484.0,96.72741,1.00967,10.641,81.9943491502673
Brazil,BR,2003,17.819,1.91839410561756,6.033,97.0,1107.9739157885,1.14082899824888,6941.4404574508,14.7149197228147,13.2075861035303,70.884,-55350.0,3866.0,180622688.0,94.29506,0.99939,11.168,82.3540335841671
Brazil,BR,2004,17.5,1.99978275095698,5.96,96.8,1157.16905577095,5.75996463670954,7258.78185165912,6.59718509985963,19.073672274442,71.361,-76661.0,4044.0,182675143.0,95.58531,0.96343,10.072,82.6816824814559
Brazil,BR,2005,17.176,1.99935674253319,5.896,97.1,1173.71585743449,3.20213206130431,7409.56913232718,6.86953720898964,21.022747248827,71.832,-88868.0,4054.0,184688101.0,96.07993,1.00247,10.551,82.9838799596945
Brazil,BR,2006,16.691,2.00204169117872,5.836,97.6,1202.05933940304,3.96198871122617,7622.04007133264,4.18356812896909,28.17840004,72.296,-90634.0,3956.0,186653106.0,,0.98807,9.692,83.2672101364439
Brazil,BR,2007,16.243,2.08496718576573,5.793,98.1,1259.91135986965,6.06987060678338,8003.25413096047,3.64127299102652,30.87999916,72.73,-107481.0,4194.0,188552320.0,92.47411,1.08138,9.28,83.5382571292649
Brazil,BR,2008,15.801,2.16839391882541,5.778,98.5,1317.23578420454,5.09419544658736,8330.76459841304,5.67859390284168,33.83,73.111,-141056.0,4280.0,190367302.0,98.53831,1.12904,8.268,83.8036050557184
Brazil,BR,2009,15.564,2.00746250710986,5.784,98.9,1262.10043812649,-0.125812002161169,8246.09706995094,4.88803479876799,39.22,73.457,-220207.0,4271.0,192079951.0,96.58508,1.11866,9.419,84.0698380333651
Brazil,BR,2010,15.338,2.27112813109879,5.801,98.6,1384.36896688389,7.52822581815364,8792.63436120342,5.03872690108075,40.65,73.779,-261539.0,4228.0,193701929.0,,1.15992,8.42,84.343846036308
Brazil,BR,2011,15.141,2.37418967936326,5.843,99.3,1390.00783643031,3.97442307944702,9067.99316348047,6.6364496221309,45.69,74.047,-235860.0,4695.0,195284734.0,95.69718,1.13966,7.578,84.6225758599683
Brazil,BR,2012,14.935,2.52901988702936,5.881,99.5,1433.15306444735,1.92117598576537,9167.49923929815,5.40349914036997,48.56,74.335,-179707.0,4798.0,196876111.0,98.54993,1.12684,7.251,84.8973874181312
Brazil,BR,2013,14.785,2.63744450973958,5.924,99.6,1487.45745839708,3.00482266944432,9366.73932434359,6.20431066640101,51.04,74.609,-157228.0,4959.0,198478299.0,97.32389,1.19567,7.071,85.1676585442726
Brazil,BR,2014,14.784,2.7310345760982,5.998,99.7,1522.42189026812,0.503955740242247,9338.34278278114,6.32904015516139,54.5510018796392,74.823,-145732.0,4659.0,200085127.0,97.4362,1.26971,6.755,85.4331367898168
Brazil,BR,2015,14.684,2.56818858918394,6.045,99.7,1482.02057858653,-3.54576339269425,8936.19661712113,9.02990102416136,58.3279517340924,75.106,-173611.0,4641.0,201675532.0,96.85231,1.28464,8.538,85.6935697061881
Brazil,BR,2016,14.146,2.37533549789759,6.226,99.7,1414.8979311951,-3.27591690782192,8577.84376650911,8.73914352329393,60.8725400681261,75.081,-92989.0,5200.0,203218114.0,97.20202,1.19584,11.58,85.9487048448108
Brazil,BR,2017,14.123,2.41694955353585,6.256,99.8,1431.95949698072,1.32286905404399,8628.25308908043,3.44637335032669,67.4712845236305,75.383,-156296.0,5480.0,204703445.0,97.55117,1.1175,12.792,86.1982897571091
Brazil,BR,2018,14.022,2.28562350357953,6.337,99.7,1403.40232453429,1.783666761634,8722.33630317935,3.66485028376729,70.4342825404361,75.633,-230334.0,4980.0,206107261.0,,1.15016,12.329,86.4420719945072
Brazil,BR,2019,13.548,2.25869881785082,6.452,99.8,1415.83477031974,1.22077782360842,8771.44051292177,3.73297621216894,73.9124399133589,75.809,-129216.0,5464.0,207455459.0,,1.15115,11.936,86.6797991084296
Brazil,BR,2020,12.995,2.1466461829,7.502,99.7,1379.24649914162,-3.2767587964736,8435.01143254978,3.21176803803376,81.34269353,74.506,-78437.0,5280.0,208660842.0,,1.21907,13.697,86.9112186503004
Brazil,BR,2021,12.754,2.41580858865319,8.366,99.5,1430.3934661032,4.76260437908608,8799.22945810901,8.30165975585673,80.68989314,73.038,-208581.0,4666.0,209550294.0,,1.13371,13.158,87.1360781715439
Brazil,BR,2022,12.555,2.27889577215227,7.539,100.0,1432.72741132919,3.01669435393015,9032.08481566299,9.28010608956873,80.52775094,74.872,-253639.0,,210306415.0,,1.18873,9.231,87.349556243881
Brazil,BR,2023,12.322,2.27447826989363,7.077,99.8,1481.22439922518,3.24165532906981,9288.02701470069,4.59356282283204,84.15060238,75.848,-240059.0,,211140729.0,,1.1938,7.947,87.6159710235763
Brazil,BR,2024,12.133,2.31826466114939,7.068,99.8,1511.62383133688,3.41931516501906,9566.74518687619,4.36746407652337,84.46347227,76.023,-225510.0,,211998573.0,,,6.801,87.8958549533146
Brazil,BR,2025,,,,,,2.2857464902475,9747.99557762692,5.01675279604836,,,-217283.0,,212812405.0,,,5.97,88.1772996487898
Canada,CA,1995,12.9,16.2424970508299,7.2,100.0,7995.23710734235,2.68232826962129,32595.4842690909,2.14876033057849,4.16,77.9773170731707,141818.0,2431.0,29302311.0,94.75944,,9.489,77.6356482587498
Canada,CA,1996,12.4,16.5438869784748,7.2,100.0,8070.95400503596,1.68896122145787,32801.3348171586,1.57053112507138,6.76,78.220243902439,154553.0,2583.0,29610218.0,95.69298,1.60682,9.62,77.8924633929695
Canada,CA,1997,11.7,16.9077703204727,7.2,100.0,8069.49923971315,4.28016680422402,33867.0419274091,1.62121638084531,15.1,78.4124390243903,144678.0,3344.0,29905948.0,,1.61386,9.1,78.0903398790871
Canada,CA,1998,11.4,17.0401244257494,7.2,100.0,7963.20719845056,3.89288658501088,34894.6484928404,0.99594245665802,24.9,78.6236585365854,142346.0,3809.0,30155173.0,99.15291,1.71051,8.278,78.2693823081821
Canada,CA,1999,11.1,17.2178440083094,7.2,100.0,8117.62871957032,5.14100348449622,36391.5718964607,1.73484295105918,36.2,78.8390243902439,158342.0,4061.0,30401286.0,99.92808,1.74984,7.583,78.4439309329358
Canada,CA,2000,10.7,17.6990281801997,7.1,100.0,8224.74786425172,5.13853918994158,37906.89821012,2.71943995691976,51.3,79.1668292682927,201727.0,4187.0,30685730.0,99.92051,1.85849,6.829,78.6292995508947
Canada,CA,2001,10.8,17.2263337035681,7.1,100.0,8017.16666642228,1.87509813099847,38200.4945025395,2.52512013979906,60.2,79.3980487804878,222100.0,3963.0,31020855.0,,2.02116,7.219,78.8414764949736
Canada,CA,2002,10.5,17.6683722055528,7.1,100.0,7943.44588697183,2.99925533832644,38921.7064054514,2.25839440940855,61.5932992681952,79.5307317073171,208060.0,3959.0,31359199.0,,1.9717,7.665,79.0990234802234
Canada,CA,2003,10.6,18.1301542885681,7.2,100.0,8303.4318789013,1.8063851195103,39270.0629084669,2.75856321360112,64.2,79.7151219512195,185643.0,3929.0,31642461.0,,1.96782,7.574,79.391380674239
Canada,CA,2004,10.6,17.5256514747091,7.1,100.0,8371.02231862308,3.09236381038156,40108.7990262916,1.85725871857256,65.9559634648989,79.9921951219512,194611.0,5231.0,31938807.0,,1.99735,7.185,79.6923063348315
Canada,CA,2005,10.7,18.0601166179094,7.2,100.0,8369.95929648006,3.21045441502793,41006.264144024,2.21355203439767,71.66,80.1126829268293,204526.0,5183.0,32242732.0,,1.97127,6.758,79.9760615882965
Canada,CA,2006,11.0,17.6443460330114,7.0,100.0,8427.44174185883,2.63794375302722,41663.5541588166,2.00202539534161,72.40000153,80.5436585365854,202175.0,5522.0,32571193.0,,1.94304,6.484,80.219066099279
Canada,CA,2007,11.3,18.0804998989628,7.2,100.0,8356.30636250042,2.04990459443619,42106.9147186165,2.13838399266837,73.2,80.5436585365854,213801.0,4998.0,32888886.0,,1.90358,6.156,80.4425615136782
Canada,CA,2008,11.5,17.3072079421311,7.2,100.0,8098.35289361915,0.995406371264522,42067.610977795,2.37027067444299,76.69999695,80.7246341463415,238083.0,5061.0,33247298.0,,1.85578,6.284,80.6628944916604
Canada,CA,2009,11.4,16.140062037934,7.1,100.0,7696.33407281264,-2.91508627059555,40376.4559330928,0.299466803009299,80.3,81.0660975609756,244463.0,5067.0,33630069.0,,1.91742,8.46,80.8591838893921
Canada,CA,2010,11.2,16.5297747432196,7.1,100.0,7660.75452103288,3.09080633744851,41164.3812486578,1.77687154092627,80.3,81.3221951219512,225369.0,4550.0,34005902.0,,1.82504,8.178,81.0120892252937
Canada,CA,2011,11.0,16.7674945217889,7.1,100.0,7716.24822782698,3.1371944343876,42043.6842044008,2.91213508872351,83.0,81.4826829268293,227075.0,4754.0,34339221.0,,1.78714,7.637,81.1031425434213
Canada,CA,2012,11.0,16.3390529794046,7.1,100.0,7637.78487245197,1.75566133205234,42320.6856530018,1.51567823124517,83.0,81.6636585365854,243748.0,4709.0,34713395.0,99.45167,1.77303,7.392,81.1513483248791
Canada,CA,2013,10.9,16.396768369606,7.2,100.0,7668.79466344868,2.32581356612762,42851.2135876232,0.938291897815317,85.80000305,81.7448780487805,239813.0,4567.0,35080992.0,99.43231,1.70624,7.143,81.183439957458
Canada,CA,2014,10.9,16.3774543965685,7.3,100.0,7780.1475931021,2.87346675579731,43643.2794910996,1.90663590717861,87.12000275,81.7843902439025,192884.0,4198.0,35434066.0,99.39113,1.71482,7.023,81.211183161556
Canada,CA,2015,10.7,16.0870291468599,7.4,100.0,7690.40816617685,0.64997101491096,43594.2379080706,1.12524136094277,90.0,81.8258536585366,224332.0,4277.0,35704498.0,99.58907,1.6936,6.945,81.2465670276699
Canada,CA,2016,10.6,15.8982424179268,7.4,100.0,7944.50789345873,1.03855091989323,43551.3863558236,1.42875954701085,91.16000366,81.94,329455.0,4078.0,36110803.0,99.95587,1.72903,7.038,81.3023011093703
Canada,CA,2017,10.3,16.196245321702,7.6,100.0,8175.19037647623,3.03383491841392,44339.4332217878,1.59688412852977,92.70140076,81.8078048780488,372685.0,4053.0,36545075.0,,1.68702,6.426,81.4018945832226
Canada,CA,2018,10.1,16.5238820455635,7.7,100.0,8161.77967501099,2.74296341402246,44907.3887994469,2.26822567248103,94.64,81.8036585365854,420224.0,4349.0,37072620.0,,1.7372,5.837,81.5500341646653
Canada,CA,2019,9.9,16.190860373335,7.6,100.0,8125.58121311618,1.90843193887251,45100.336805859,1.94926902411593,91.91290283,82.1585365853659,387685.0,4238.0,37618495.0,,1.75578,5.69,81.7363672047941
Canada,CA,2020,9.5,14.4219048812634,8.1,100.0,7495.07932297849,-5.03823342794087,42366.1710935265,0.716999632307827,92.3,81.53,256592.0,4452.0,38028638.0,,1.93413,9.657,81.9509888710566
Canada,CA,2021,9.8,14.6897593568847,8.2,100.0,7524.86361233157,5.95052804984759,44639.2381171993,3.39519318527528,93.93710327,81.4514634146342,198867.0,4710.0,38239864.0,,1.87064,7.527,82.1779279079275
Canada,CA,2022,9.1,14.7839088196158,8.7,100.0,7575.25861568829,4.69541985045903,45883.0058941892,6.80280115341613,94.0,81.0948780487805,459988.0,,38950132.0,,1.81291,5.279,82.3500897353968
Canada,CA,2023,8.8,14.1600452924171,8.2,100.0,7342.36758732052,1.95308552199025,45495.5100892605,3.87900159788426,94.14530182,81.6263414634146,433842.0,,40049088.0,,1.81048,5.415,82.5250564408346
Canada,CA,2024,8.9,14.0072704088031,7.9,100.0,7160.67104355006,2.04626605401701,45061.3864587285,2.38158383281173,94.353302,82.1080487804878,368599.0,,41262329.0,,1.7908,6.351,82.7002565766633
Canada,CA,2025,,,,,,1.74268536175708,45418.1292662699,2.07232411149103,,,326204.0,,41651653.0,,,6.907,82.8757020253886
Chile,CL,1995,19.473,2.87658869826571,5.154,95.760383605957,1262.61937956632,9.25542757753573,7201.13100361441,8.23263034116114,0.347,75.298,2454.0,171.0,14527381.0,,,4.7,84.4167268897386
Chile,CL,1996,18.753,3.25049209158163,5.186,95.617315,1378.90684276783,7.1148626270751,7605.28953010603,7.35911781788767,0.683,75.555,2942.0,176.0,14734046.0,,,7.414,84.8148594016272
Chile,CL,1997,17.942,3.64026387124832,5.189,96.2361679077148,1523.53564987188,7.3917392684331,8058.94228801535,6.13386464357927,1.06,75.826,3504.0,161.0,14932434.0,,,7.136,85.2214501061097
Chile,CL,1998,17.372,3.62656193409233,5.089,97.241124,1557.21131062443,4.18088662700669,8287.45061096547,5.11024954517559,1.66,76.324,10984.0,207.0,15127799.0,,,7.307,85.6144109902521
Chile,CL,1999,16.655,3.74659751387024,5.036,96.6955490112305,1633.86338932833,-0.2736313981937,8161.45168872186,3.33687917526023,4.1,76.738,8226.0,204.0,15319313.0,,,11.158,85.9716540411206
Chile,CL,2000,16.322,3.47382404191017,5.011,97.9,1623.48012689232,4.9716214882971,8465.35303258864,3.84327295706565,16.6,77.128,7067.0,241.0,15503635.0,,,10.491,86.2710912457813
Chile,CL,2001,15.914,3.29401921683893,4.969,97.1,1574.84475911504,3.15403492459967,8632.0148244056,3.56910053001467,19.1,77.58,6346.0,246.0,15683849.0,,,10.39,86.4906345913002
Chile,CL,2002,15.249,3.29162863363271,5.013,97.3,1612.43130205148,3.20279913520113,8810.69052712257,2.48939816650705,22.1,77.84,7824.0,391.0,15857925.0,,,10.168,86.6114115090282
Chile,CL,2003,14.789,3.37761857406592,5.161,98.8,1612.22953620512,4.72324526861041,9130.7842621819,2.8101787574361,25.4737788864723,77.884,9225.0,329.0,16024752.0,,,9.765,86.6792973033246
Chile,CL,2004,14.415,3.61395788630139,5.14,97.5,1699.73240740445,6.67425416822923,9642.37478651228,1.05473871403517,28.1779101232438,78.276,11495.0,382.0,16187322.0,,,10.162,86.7336754490112
Chile,CL,2005,14.23,3.6175914799259,5.238,97.7,1735.08874376693,5.83704571917758,10104.4208391373,3.05257621387849,31.1753006,78.459,14289.0,361.0,16348778.0,,,9.34,86.7768244484887
Chile,CL,2006,13.995,3.65616252034094,5.377,99.4,1788.47442583539,6.04999082563968,10611.6144012877,3.39201733699405,34.4977511736017,78.533,17285.0,291.0,16509195.0,,,9.024,86.8125123390851
Chile,CL,2007,14.194,4.06392771027535,5.494,98.0,1836.95620548021,5.16823098528431,11051.3450717678,4.40779938398044,35.90000153,78.652,20170.0,403.0,16671581.0,95.54645,0.31143,8.427,86.8445071581285
Chile,CL,2008,14.353,4.23564646521513,5.617,98.2,1801.2828820239,3.78939280635238,11356.0922105983,8.71626873039607,37.29999924,78.752,22488.0,531.0,16838988.0,96.10264,0.37492,9.285,86.8765769429469
Chile,CL,2009,14.363,4.01098641712794,5.687,99.6,1735.83895157902,-1.11803723642878,11116.4093443103,0.353045178360937,41.56,78.89,24324.0,343.0,17009731.0,94.51682,0.35403,11.313,86.9124897308683
Chile,CL,2010,14.23,4.2093619030369,5.76,99.5,1795.6817303266,5.85165102224047,11649.2897090856,1.41071107954321,45.0,79.095,26048.0,328.0,17181464.0,95.47992,0.33165,8.547,86.9560135592209
Chile,CL,2011,14.017,4.55717718537356,5.888,99.6,1937.32339633854,6.22389678509138,12252.8441074615,3.34121694259302,52.2496072877744,79.236,28086.0,339.0,17351816.0,94.82224,0.35288,7.492,87.0109164653326
Chile,CL,2012,13.776,4.64341271955513,6.092,100.0,2123.49178972428,6.15534001855494,12882.834417927,3.00744840213047,55.04999924,79.221,30870.0,336.0,17519119.0,94.53819,0.36213,6.79,87.0824943735696
Chile,CL,2013,13.622,4.82901967693119,6.058,99.6,2177.50491871487,3.30850824710085,13182.7329619856,1.7895555398459,58.0,79.551,36529.0,340.0,17687006.0,93.687,0.39031,6.361,87.1827777654221
Chile,CL,2014,13.473,4.4057176939683,6.119,100.0,1946.21181666587,1.79264947139259,13285.9540361192,4.71867527854672,61.11000061,79.714,52702.0,452.0,17864195.0,93.45821,0.37668,6.761,87.3133701497978
Chile,CL,2015,13.147,4.67539634716479,6.106,99.7,1968.30286182049,2.15194249981184,13433.9202987032,4.34877353217044,76.6295919508796,80.008,55689.0,443.0,18047625.0,93.47354,0.38296,6.605,87.4653320342387
Chile,CL,2016,12.685,4.86474105721938,6.086,100.0,2070.46958170364,1.753038749071,13505.097711133,3.78619355893118,83.5585860244169,80.295,135864.0,386.0,18267221.0,94.04385,0.37103,6.926,87.6306290578181
Chile,CL,2017,11.763,4.83609776199712,6.037,99.7,2065.97571745805,1.35769537343957,13473.3458532934,2.18271846868519,82.3274869338464,80.61,220621.0,425.0,18558868.0,94.77589,0.35679,7.257,87.8000295757281
Chile,CL,2018,11.698,4.75406192633103,6.196,100.0,2067.9764736837,3.99002947789977,13763.0068844795,2.43488981353057,84.90000153,80.559,237807.0,406.0,18893191.0,,0.36916,7.623,87.9620493753008
Chile,CL,2019,10.94,4.96139546396702,6.46,100.0,2154.35451877758,0.644223402631923,13631.9284885172,2.55754475703327,85.01760101,80.324,181339.0,438.0,19197744.0,,0.34243,7.493,88.1273685623538
Chile,CL,2020,10.097,4.51770681212954,7.393,100.0,1946.16760616995,-6.1396969411886,12680.7761524378,3.04549084804326,87.45929718,79.349,26042.0,372.0,19370624.0,,0.33525,10.934,88.2953490438375
Chile,CL,2021,9.07,4.57991726498939,7.655,100.0,2032.98120427379,11.3374032409913,14056.251601955,4.52456838259144,90.23280334,78.876,65480.0,402.0,19456334.0,,0.36063,9.281,88.4660511664452
Chile,CL,2022,9.672,4.62474983424569,7.573,100.0,2081.99751245711,2.06391864254198,14275.4094646211,11.643866711056,92.31819916,79.176,59374.0,,19553036.0,,0.39205,8.249,88.6395352768685
Chile,CL,2023,8.963,3.91719041336885,6.495,100.0,2059.27616196845,0.677024831595858,14294.7106635595,7.58168251407962,94.45742345,81.167,62679.0,,19658835.0,,,9.013,88.8158617217972
Chile,CL,2024,8.723,3.93744000373189,6.58,99.0,2029.03299532593,2.80512637106611,14616.9287938028,4.29763891572524,95.590243,81.359,58316.0,,19764771.0,,,8.718,88.9950908479196
Chile,CL,2025,,,,,,2.45925474781374,14904.6435509776,4.21293601694293,,,51712.0,,19859921.0,,,8.974,89.1772830019223
China,CN,1995,17.12,2.79351042241598,6.57,,872.82633002387,11.0154136659719,1545.07897848105,16.7912268492666,0.00495,70.363,-365986.0,10011.0,1204855000.0,91.30103,,3.0,29.0403804779053
China,CN,1996,16.98,2.74342450002053,6.56,,884.894160616361,9.97328781228394,1681.45741269443,8.3131587270211,0.0131,70.823,-250750.0,11628.0,1217550000.0,90.04399,0.56014,3.12,30.4798641204834
China,CN,1997,16.57,2.79439822775034,6.51,,876.489344673065,9.29759460595947,1819.07954081306,2.78646505531882,0.0324,71.227,-279251.0,12672.0,1230075000.0,89.34889,0.63467,3.23,31.9099540710449
China,CN,1998,15.64,2.83592410230809,6.5,,872.405987083978,7.92354535108497,1944.46718626424,-0.773186011549318,0.169,71.601,-40472.0,13751.0,1241935000.0,,0.64185,3.24,33.3501663208008
China,CN,1999,14.64,2.75219491752047,6.46,,880.738578841902,7.74123827728161,2076.93180259914,-1.40147268276465,0.708,71.952,-96102.0,15626.0,1252735000.0,,0.74295,3.25,34.7797050476074
China,CN,2000,14.03,2.88907594771294,6.45,96.7,898.07500446721,8.57357328926101,2237.30047918692,0.347811226864587,1.77591320677415,72.288,-62622.0,25346.0,1262645000.0,,0.88409,3.26,36.4320234662299
China,CN,2001,13.38,3.00747564571294,6.43,97.0,921.506436459842,8.32404695347056,2405.99411858042,0.719125609120114,2.63965021485872,72.675,-176419.0,30038.0,1271850000.0,,0.92948,3.8,37.6597442626953
China,CN,2002,12.86,3.22795454545455,6.41,97.2,976.159336791292,9.23604870383861,2610.66275070444,-0.731970902350244,4.59570433077551,73.034,-761291.0,39806.0,1280400000.0,,1.04418,4.24,39.0897827148438
China,CN,2003,12.41,3.70467882645141,6.4,97.4,1105.13742396493,10.1138119025242,2856.85053293219,1.12760348729637,6.2,73.385,-613223.0,56769.0,1288400000.0,,1.10465,4.58,40.5302314758301
China,CN,2004,12.29,4.24069749050016,6.42,97.7,1249.04415339994,10.1404291872206,3127.91444892337,3.82463743108159,7.3,73.727,-770977.0,65786.0,1296075000.0,,1.19732,4.49,41.7600135803223
China,CN,2005,12.4,4.78299420120885,6.51,97.9,1369.79197119649,11.4535130030645,3465.72767067642,1.77641407667571,8.52325700269541,74.085,-103701.0,93485.0,1303720000.0,,1.29008,4.52,42.9899978637695
China,CN,2006,12.09,5.28052516361306,6.81,98.2,1490.18647938836,12.6752842281595,3883.27464370816,1.6494309945586,10.5231526193851,74.404,-759559.0,122318.0,1311020000.0,,1.34923,4.43,44.3430099487305
China,CN,2007,12.1,5.7076324565497,6.93,98.5,1595.46606847798,14.1507710506103,4409.69709445986,4.81676767378834,16.0,74.789,-1042019.0,153060.0,1317885000.0,,1.35321,4.35,45.8892440795898
China,CN,2008,12.14,5.85225866357655,7.06,98.8,1629.97754209383,9.66877608164454,4811.34486346262,5.92525137041092,22.6,74.833,-764370.0,194579.0,1324655000.0,,1.4233,4.59,46.9895057678223
China,CN,2009,11.95,6.24909018523805,7.08,99.1,1728.61645229501,9.40610014336416,5237.78809982377,-0.728165250932898,28.9,75.317,-177135.0,229096.0,1331260000.0,,1.6366,4.72,48.3417053222656
China,CN,2010,11.9,6.80718476794211,7.11,99.7,1899.79996108685,10.5916903885704,5764.65012366375,3.17532475269199,34.3,75.668,-184144.0,293066.0,1337705000.0,,1.68456,4.53,49.2340270628041
China,CN,2011,13.27,7.40185065816131,7.14,99.9,2027.46525356855,9.46205248298186,6275.71634288814,5.55389892257493,38.3,75.889,-416189.0,415829.0,1345035000.0,,1.75244,4.55,51.8300285339355
China,CN,2012,14.57,7.58441651466929,7.13,99.9,2085.21872095825,7.8578201481217,6723.09003744607,2.61952432645541,42.30009842,76.2,-58864.0,535313.0,1354190000.0,,1.88095,4.58,53.1003112792969
China,CN,2013,13.03,7.89327631231478,7.13,100.0,2137.32572690907,7.77842954757257,7197.937319496,2.62105001748115,45.79999924,76.452,-188951.0,704936.0,1363240000.0,,1.96246,4.6,54.4900016784668
China,CN,2014,13.83,7.93164331637339,7.12,100.0,2177.55011435267,7.46100735778161,7686.37369520403,1.92164162788521,47.90000153,76.714,-371108.0,801135.0,1371860000.0,,1.98475,4.63,55.7502555847168
China,CN,2015,11.99,7.79057049265868,7.07,100.0,2175.1544486832,6.98162255562367,8175.33285077393,1.43702380935655,50.29999924,76.975,-646941.0,968252.0,1379860000.0,,2.01703,4.65,57.3297843933105
China,CN,2016,13.57,7.76322483949301,7.04,100.0,2149.2047500244,6.7736886867727,8679.22528805041,2.00000182191943,53.2,77.214,-153056.0,1204981.0,1387790000.0,,2.0595,4.56,58.8399238586426
China,CN,2017,12.64,7.87802652170332,7.06,100.0,2215.91139022057,6.89123916636191,9221.35045639842,1.59313600071436,54.3,77.235,-94625.0,1245709.0,1396215000.0,,2.07771,4.47,60.2402687072754
China,CN,2018,10.86,8.2177362485386,7.08,100.0,2310.87757050979,6.757806142324,9798.57890566402,2.07479039965576,65.35839844,77.709,-198206.0,1393815.0,1402760000.0,,2.10232,4.31,61.5001983642578
China,CN,2019,10.41,8.39147587098516,7.09,100.0,2397.96868908473,6.06737806333672,10356.2924890582,2.89923416358227,64.080881297515,77.94,-656091.0,1243568.0,1407745000.0,,2.20144,4.56,62.7099151611328
China,CN,2020,8.52,8.47858302033874,7.07,100.0,2465.96954605987,2.33950385203023,10573.3794064211,2.41942189457782,70.05275998,78.019,-91577.0,1344817.0,1411100000.0,,2.35712,5.0,63.5234230266258
China,CN,2021,7.52,8.88715660313235,7.18,100.0,2623.79959356116,8.57038414981781,11469.3174514512,0.981015135544882,73.05323517,78.117,-379749.0,1426644.0,1412360000.0,,2.38165,4.55,64.721076965332
China,CN,2022,6.77,8.86482511020235,7.37,100.0,2676.48200976111,3.13385438394069,11830.298767861,1.97357555739051,75.61131603,78.202,-293846.0,,1412175000.0,,2.4945,4.98,65.2176361083984
China,CN,2023,6.39,9.23027553501428,7.87,100.0,2850.94152906511,5.41600334492955,12483.9791101249,0.234836828893051,90.6,77.953,-567724.0,,1410710000.0,,2.57729,4.67,65.5301448035523
China,CN,2024,6.77,9.31508933799393,7.76,100.0,,4.95830378788091,13119.1076099516,0.218128938439177,92.0,78.017,-318992.0,,1408975000.0,,,4.59,65.8946980998325
China,CN,2025,,,,,,4.95994886240992,13793.2056196996,0.0595646916565403,91.6,,-268126.0,,1406585000.0,,,4.615,66.3429910348272
Czechia,CZ,1995,9.3,12.9358310481984,11.4,100.0,4042.6111862471,6.22140598863832,11453.3800188807,8.99052361478449,1.45,73.0748780487805,6459.0,626.0,10327253.0,,,4.082,74.7092872936794
Czechia,CZ,1996,8.8,13.3200281021064,10.9,100.0,4173.39126046219,4.16858426915319,11944.7171474526,8.75877472878111,1.94,73.7146341463415,6539.0,614.0,10315241.0,,0.88366,3.852,74.5566488007996
Czechia,CZ,1997,8.8,13.0058905501104,10.9,100.0,4210.18489983704,-0.595838414214853,11886.3480904927,8.59615666715564,2.92,73.8248780487805,6664.0,579.0,10304131.0,,0.98251,4.674,74.4028023190951
Czechia,CZ,1998,8.8,12.4309173565015,10.6,100.0,4077.81993207968,-0.393150193750415,11850.8396211995,10.6983655274888,3.9,74.5146341463415,6374.0,624.0,10294373.0,,1.05423,6.455,74.2547289190302
Czechia,CZ,1999,8.7,11.6412903326183,10.7,100.0,3809.01218474787,1.37836060943835,12026.4688076608,2.1354484441733,6.83,74.6682926829268,5965.0,596.0,10283860.0,89.06554,1.04295,8.702,74.1194096710694
Czechia,CZ,2000,8.9,12.902573099746,10.6,100.0,4021.61848184496,4.010669619984,12543.9364342367,3.77538829151729,9.78052788834393,74.9682926829268,4420.0,555.0,10255063.0,,1.10377,8.764,74.0038256456769
Czechia,CZ,2001,8.9,12.9423815445542,10.5,100.0,4141.00267465915,2.9172195289956,12958.4667607533,4.66267556988258,14.6971721171129,75.1731707317073,21749.0,568.0,10216605.0,,1.09343,8.128,73.9131752504002
Czechia,CZ,2002,9.1,12.4942776816049,10.6,100.0,4201.38475973945,1.51345949139996,13179.9878092741,1.90298097019027,23.93,75.2219512195122,26089.0,526.0,10196916.0,,1.09272,7.28,73.8360067578753
Czechia,CZ,2003,9.2,12.8180719674459,10.9,100.0,4387.20916861071,3.300836832613,13618.9349633164,0.118739205526815,34.3,75.1707317073171,25997.0,625.0,10193998.0,,1.13817,7.777,73.7649150201353
Czechia,CZ,2004,9.6,12.8990092380177,10.5,100.0,4486.66998957412,4.73633969683438,14259.63342798,2.76010781671153,35.5,75.7219512195122,26030.0,623.0,10197101.0,,1.13619,8.298,73.6991647167017
Czechia,CZ,2005,10.0,12.6378778002542,10.6,100.0,4431.36895897075,6.37502886086791,15147.7214417611,1.85709789109228,35.27,75.9243902439025,26203.0,586.0,10211216.0,,1.15998,7.927,73.6375545423198
Czechia,CZ,2006,10.3,12.7739538554172,10.2,100.0,4519.45697588637,6.62317299177447,16107.3042502688,2.53399258343633,47.93,76.5243902439024,26259.0,641.0,10238905.0,,1.22564,7.141,73.578883191735
Czechia,CZ,2007,11.1,12.8496660008304,10.2,100.0,4485.47979116894,5.48882595164517,16892.542854974,2.8531243721117,51.93,76.7243902439025,27887.0,716.0,10298828.0,89.22807,1.2967,5.316,73.5219493596925
Czechia,CZ,2008,11.5,12.1449804099396,10.1,100.0,4360.02770432797,2.61226807205139,17190.6470333289,6.3586638015237,62.97,76.9756097560976,29813.0,712.0,10384603.0,88.6485,1.2352,4.392,73.4655517409377
Czechia,CZ,2009,11.3,11.4624026803688,10.3,100.0,4077.69663054804,-4.79832416684926,16272.8084766719,1.0193773532923,64.43,77.0780487804878,31270.0,789.0,10443936.0,88.93261,1.28943,6.662,73.4084890302159
Czechia,CZ,2010,11.2,11.551447766509,10.2,100.0,4308.57118358445,2.71466509907701,16665.9317825137,1.47272727272728,68.82,77.4243902439025,34927.0,868.0,10474410.0,88.90553,1.31352,7.281,73.3495599222723
Czechia,CZ,2011,10.4,11.253602294493,10.2,100.0,4144.39895277279,1.77238085338473,16926.2846674435,1.9172191363555,70.49,77.8731707317073,16841.0,783.0,10496088.0,88.01214,1.5323,6.712,73.2878338394746
Czechia,CZ,2012,10.3,10.8487615339863,10.3,100.0,4109.54462324211,-0.770668190622743,16772.3539223328,3.28762306610411,73.4300078241036,78.0756097560976,5347.0,867.0,10510785.0,88.25749,1.757,6.979,73.2249239592898
Czechia,CZ,2013,10.2,10.41753532722,10.4,100.0,4110.99172821634,-0.0418124160447491,16759.7808635642,1.4382978723404,74.1104,78.1756097560976,5427.0,984.0,10514272.0,87.97057,1.86743,6.953,73.1622186934979
Czechia,CZ,2014,10.4,10.1886522126064,10.0,100.0,3984.15406100189,2.24521219862635,17118.0425571578,0.343988589646794,74.2317116367383,78.8243902439024,6303.0,910.0,10525347.0,88.12456,1.94392,6.108,73.0995921041469
Czechia,CZ,2015,10.5,10.2684424579836,10.5,100.0,3982.18836315647,4.95875848915604,17931.5987670768,0.309364548494975,75.668838699279,78.5780487804878,5037.0,880.0,10546059.0,88.69953,1.906,5.048,73.0370442874355
Czechia,CZ,2016,10.7,10.3928969863904,10.2,100.0,3927.72515918366,2.58087013921376,18359.0978103904,0.683504209385703,76.4811986951838,79.0268292682927,5465.0,792.0,10566332.0,88.80417,1.65411,3.952,72.9745753395623
Czechia,CZ,2017,10.8,10.4187499138699,10.5,100.0,4089.51341285553,5.17356529967881,19257.6930680911,2.4505339846014,78.7191728513432,78.9780487804878,5747.0,794.0,10594438.0,89.35757,1.74513,2.893,72.9121853567256
Czechia,CZ,2018,10.7,10.2865042924091,10.6,100.0,4081.41868670154,2.83030588267866,19736.6295261285,2.14949494949493,80.6881675434288,79.0292682926829,5849.0,678.0,10629928.0,,1.87652,2.246,72.8498744351241
Czechia,CZ,2019,10.5,9.72456561033821,10.5,100.0,4002.2461173426,3.56577658128261,20360.0599221814,2.84787595918041,80.8669444139622,79.2292682926829,5553.0,765.0,10671870.0,,1.89547,2.015,72.7876426709563
Czechia,CZ,2020,10.3,8.86715826663618,12.1,100.0,3764.47161158552,-5.30487955463876,19233.1469549829,3.1612952849781,81.33889705,78.2268292682927,4336.0,673.0,10697858.0,,1.94537,2.55,72.7254901604208
Czechia,CZ,2021,10.6,9.4724309646164,13.3,100.0,4056.31700066788,4.02901832055149,20373.8783043424,3.83984491500146,82.67062427,77.2219512195122,4111.0,541.0,10505772.0,,1.93302,2.803,72.6810594374316
Czechia,CZ,2022,9.5,9.15364691432385,11.3,100.0,3895.62928915395,2.8471706583814,20627.348651011,15.1001651468371,84.54009378,78.9292682926829,329739.0,,10672118.0,,1.89089,2.224,72.6967638379524
Czechia,CZ,2023,8.4,7.88005974203708,10.4,100.0,3509.34804885656,0.0475803308973752,20272.5874017334,10.6612601372427,85.99404818,79.8268292682927,-14638.0,,10864042.0,,1.83369,2.579,72.7352388396817
Czechia,CZ,2024,7.7,7.12966532502255,10.3,100.0,3416.31765167586,1.25131096245923,20449.1135911311,2.43531202435314,87.68776014,79.9780487804878,-86169.0,,10905028.0,,,2.6,72.7947984592185
Czechia,CZ,2025,,,,,,2.58046673293437,21011.7675172345,2.45996367838865,,,-112188.0,,10886878.0,,,2.825,72.8754367116112
France,FR,1995,12.8,6.41153012227111,9.1,100.0,3975.88904728611,2.30479278392259,29379.6158424052,1.79648142095589,1.64,77.7512195121951,-17128.0,12419.0,59541294.0,98.94106,,11.834,75.0991069026347
France,FR,1996,12.8,6.63417940846769,9.1,100.0,4186.80246709718,1.39707987198881,29683.7786067651,1.98288365089739,2.58,77.9536585365854,-21463.0,12916.0,59754504.0,99.94659,2.23224,12.367,75.3592581297959
France,FR,1997,12.7,6.47243151046425,9.1,100.0,4043.67394488538,2.5270616339357,30325.522871824,1.20394294026964,4.26,78.3048780487805,-15255.0,13252.0,59968066.0,99.9391,2.15216,12.566,75.6252262826369
France,FR,1998,12.8,6.81353446656297,9.1,100.0,4146.55454542881,3.45259434279616,31256.5073830655,0.651126867833073,6.32,78.6048780487805,20216.0,13251.0,60190684.0,,2.10343,12.074,75.8918556090764
France,FR,1999,12.9,6.67500237099655,9.1,100.0,4117.93049493822,3.39930808809441,32152.7207478734,0.537141639134596,9.13,78.7560975609756,169448.0,13592.0,60501986.0,96.57289,2.1165,11.981,76.1682703613968
France,FR,2000,13.3,6.58034817935345,8.9,100.0,4130.17270058081,4.14099996402915,33255.1379642335,1.67595988720928,14.3079239430677,79.0560975609756,171637.0,13870.0,60918661.0,96.18632,2.10066,10.218,76.5143983146093
France,FR,2001,13.1,6.59967427030181,8.8,100.0,4240.43326978854,1.89946701186636,33640.6738002565,1.63478079549599,26.3259035521688,79.1585365853659,179476.0,13499.0,61364377.0,96.09347,2.1494,8.61,76.9074413607811
France,FR,2002,12.9,6.46436747006761,8.8,100.0,4220.32024855816,1.06775027069419,33753.5782979758,1.92341228727064,30.18,79.2609756097561,191373.0,13519.0,61812142.0,96.04528,2.18758,8.702,77.2543866607525
France,FR,2003,12.8,6.49767617932604,9.1,100.0,4296.5464931216,0.967827182558352,33840.6175720101,2.09847219146919,36.14,79.1146341463415,195616.0,13511.0,62249855.0,95.82227,2.13086,8.306,77.4691216035138
France,FR,2004,12.8,6.46668310699496,8.3,100.0,4327.20397302417,2.86825052501032,34557.1471111581,2.14208964640239,39.15,80.1634146341463,200629.0,14230.0,62707588.0,95.78781,2.10438,8.914,77.4900500011961
France,FR,2005,12.8,6.45391402908229,8.5,100.0,4313.6963002429,1.88856584109286,34946.0372494703,1.74586936380487,42.87,80.1634146341463,191417.0,14327.0,63180854.0,99.23101,2.05599,8.882,77.4363315105438
France,FR,2006,13.1,6.24021668362979,8.3,100.0,4214.29234630039,2.71406448755236,35645.4162427116,1.67512449608726,46.87,80.8121951219512,132512.0,14529.0,63622342.0,99.26235,2.05331,8.832,77.3467240068648
France,FR,2007,12.8,6.09003030294036,8.3,100.0,4142.17819118209,2.53048188351066,36322.1685141004,1.4879980595386,66.09,81.1121951219512,91973.0,14722.0,64016890.0,99.18236,2.02815,8.008,77.2457976606157
France,FR,2008,12.9,5.94290191259616,8.5,100.0,4137.71989985562,0.380171435849121,36257.3658930938,2.81286194914785,70.68,81.2146341463415,79528.0,14658.0,64375116.0,98.74538,2.06363,7.386,77.1561901569367
France,FR,2009,12.8,5.71717317269645,8.5,100.0,3938.38637955439,-2.82455153714783,35052.8510772683,0.0876204781574653,71.58,81.4146341463415,58032.0,14100.0,64706436.0,98.38524,2.21273,9.122,77.1005391809676
France,FR,2010,12.9,5.80194807906,8.5,100.0,4040.43918739374,2.00032476039051,35578.1968010183,1.53112270420919,77.28,81.6634146341463,52644.0,14748.0,65026211.0,98.01978,2.17771,9.279,77.0962844808803
France,FR,2011,12.7,5.56604040689413,8.4,100.0,3951.00450412595,2.43757653729007,36269.9561530888,2.11159795175,77.8199989926706,82.1146341463415,70178.0,14655.0,65340830.0,99.03727,2.18761,9.228,77.1182717387509
France,FR,2012,12.6,5.55949763606406,8.7,100.0,3929.20601557226,0.183835264973013,36161.2918253465,1.9541953161351,81.44,81.9682926829268,103287.0,14540.0,65657659.0,98.91622,2.22761,9.841,77.1669464919916
France,FR,2013,12.4,5.45712098979101,8.7,100.0,3925.86545930191,0.781756446231,36256.086680981,0.863715497861804,81.9198,82.219512195122,116297.0,14690.0,65997932.0,98.91152,2.23369,9.913,77.2440721470918
France,FR,2014,12.4,4.93048874498212,8.4,100.0,3755.83244171123,0.997832947295251,36444.3949089146,0.50775882293799,83.7510996681821,82.719512195122,52342.0,14500.0,66312067.0,98.15483,2.27173,10.273,77.3524296788613
France,FR,2015,12.0,4.99116340691761,8.9,100.0,3799.19260526718,1.06675474783462,36702.4323733379,0.0375143805125182,78.0060377071902,82.3219512195122,-345.0,14306.0,66548272.0,98.99877,2.22401,10.354,77.7610919150066
France,FR,2016,11.8,5.01727531627851,8.9,100.0,3718.17053401513,0.860031075424033,36920.5342846914,0.183334861123765,79.2698113207547,82.5731707317073,15548.0,14206.0,66724104.0,99.37467,2.22468,10.057,78.5999114705779
France,FR,2017,11.5,5.06155143263354,9.1,100.0,3705.41111644137,2.08361485997399,37580.5979329356,1.03228275064681,80.5024597243607,82.5756097560976,102984.0,14415.0,66918020.0,99.468,2.20422,9.409,78.6467804026368
France,FR,2018,11.3,4.89217066506758,9.1,100.0,3669.37065950443,1.64590872395887,38062.4435961412,1.85081508315493,82.0431867788484,82.6756097560976,132925.0,14303.0,67158348.0,,2.20407,9.018,78.6714432536599
France,FR,2019,11.2,4.79214044818249,9.1,100.0,3605.53190025511,2.02744646419237,38705.2072940618,1.10825492288294,83.3397440866883,82.8268292682927,71972.0,14103.0,67382061.0,,2.19668,8.415,78.6890784549356
France,FR,2020,10.9,4.24677642127474,9.9,100.0,3228.48915727036,-7.44064589948231,35709.2045925926,0.476498852725065,84.70639801,82.1756097560976,145593.0,12771.0,67601110.0,,2.2742,8.009,78.7119131765249
France,FR,2021,10.9,4.66820869200128,9.8,100.0,3469.83398574773,6.88233783360239,38030.8571685178,1.64233141038394,86.09548575,82.3243902439024,131465.0,13386.0,67842811.0,,2.21278,7.871,78.7364603392338
France,FR,2022,10.7,4.51246828877731,9.9,100.0,3100.1897815932,2.71676264185913,38868.3303330557,5.22236748369725,85.33331734,82.1292682926829,179377.0,,68184457.0,,2.21937,7.303,78.7591921123356
France,FR,2023,9.9,4.15598361008436,9.4,100.0,3136.12237461475,1.43921494437743,39319.4152227295,4.8783572650844,86.83635789,82.8317073170732,91862.0,,68372286.0,,2.17832,7.335,78.7804323126547
France,FR,2024,9.7,4.00355772602595,9.4,100.0,3184.7895085475,1.19046798275883,39683.3953489029,1.99904942291463,88.65381638,82.9804878048781,90527.0,,68551653.0,,,7.4,78.7999750964116
France,FR,2025,,,,,,0.840949955479587,39918.8850568745,0.943770212469976,,,91737.0,,68720337.0,,,7.542,78.8449650563584
Germany,DE,1995,9.4,11.1470987474958,10.8,100.0,4119.89234314538,1.50499384201356,32007.145402934,1.70616041317076,1.84,76.4219512195122,398077.0,38103.0,81678051.0,,,8.158,80.0465631829882
Germany,DE,1996,9.7,11.4674545321347,10.8,100.0,4247.28041587343,1.0378755674358,32245.8608379557,1.44972701963239,3.05,76.6731707317073,281280.0,42322.0,81914831.0,,2.13663,8.822,80.0543573168571
Germany,DE,1997,9.9,11.0621677727363,10.5,100.0,4203.57228180046,1.85432238398302,32795.7833455165,1.93936968221574,6.71,77.0731707317073,93281.0,44438.0,82034771.0,,2.18161,9.861,80.0628737777848
Germany,DE,1998,9.6,11.0498012759607,10.4,100.0,4177.53862595182,2.09561231172233,33477.9856458764,0.911184687196224,9.88,77.4756097560976,-754469.0,46523.0,82047195.0,,2.20748,9.787,80.0722584625357
Germany,DE,1999,9.4,10.604888221829,10.3,100.0,4080.1161545149,2.12957016297766,34168.8308210083,0.585434192138622,20.8,77.7268292682927,219280.0,50029.0,82100243.0,86.86843,2.32772,8.854,80.0826572678738
Germany,DE,2000,9.3,10.5993032021746,10.2,100.0,4094.27901518469,2.8765231247659,35104.1308467844,1.44026838719741,30.2163466048889,77.9268292682927,174594.0,51736.0,82211508.0,86.46473,2.38654,7.917,80.0942160905637
Germany,DE,2001,8.9,10.7525841705381,10.1,100.0,4210.00080103251,1.63614170690956,35618.5143698493,1.98385731334471,31.650939416316,78.3292682926829,272875.0,49989.0,82349925.0,82.93565,2.3792,7.773,80.1070808273695
Germany,DE,2002,8.7,10.546202837135,10.2,100.0,4108.61729515583,-0.228255715793637,35477.5151544301,1.42080615551526,48.82,78.2292682926829,218795.0,47598.0,82488495.0,84.71067,2.40856,8.482,80.1213973750556
Germany,DE,2003,8.6,10.6369632865784,10.3,100.0,4096.47794323132,-0.529801394291297,35270.0227284267,1.03422218628562,55.9,78.3804878048781,142009.0,47818.0,82534176.0,84.99832,2.44232,9.779,80.1373116303862
Germany,DE,2004,8.6,10.4632650583049,9.9,100.0,4131.61083697,1.16208684507278,35687.6378708542,1.66573696655992,64.73,78.6804878048781,81735.0,48448.0,82516260.0,86.23536,2.40278,10.727,80.1549694901257
Germany,DE,2005,8.3,10.2067903422435,10.1,100.0,4109.8805864045,0.885485292551564,36024.0947047021,1.54691114751328,68.71,78.9317073170732,81351.0,48367.0,82469422.0,87.06885,2.40266,11.193,80.1745168510383
Germany,DE,2006,8.2,10.3846207212787,10.0,100.0,4235.93876578004,3.86668241523209,37459.261328042,1.57742642840563,72.16,79.1317073170732,-489056.0,48012.0,82376451.0,88.43977,2.43043,10.277,80.1960996098884
Germany,DE,2007,8.3,10.0478127320359,10.1,100.0,4023.73935857078,2.8891174138025,38593.0749910508,2.29834400700951,75.16,79.5341463414634,-24772.0,47853.0,82266372.0,88.84199,2.41918,8.732,80.2198636634402
Germany,DE,2008,8.3,10.1072965484379,10.3,100.0,4081.87998694017,0.887902330743628,39009.8477636357,2.62837981637219,78.0,79.7365853658537,-23341.0,49240.0,82110097.0,88.43606,2.57152,7.508,80.2459549084581
Germany,DE,2009,8.1,9.37864424258525,10.4,100.0,3821.62500577239,-5.54455451920674,36940.4078672661,0.312739007368447,79.0,79.8365853658537,46533.0,47859.0,81902307.0,88.17263,2.68864,7.88,80.2745192417062
Germany,DE,2010,8.3,9.96567124737992,10.5,100.0,4029.83085754355,4.13463778522758,38526.7371042695,1.1038103778926,82.0,79.9878048780488,130116.0,47047.0,81776930.0,89.06942,2.67632,7.043,80.305702559949
Germany,DE,2011,8.3,9.81776726131477,10.6,100.0,3891.87175356307,3.75796884489337,40722.4849268242,2.07517283735874,81.26999953602,80.4365853658537,295282.0,46986.0,80274983.0,88.75173,2.75016,5.967,80.3405762928198
Germany,DE,2012,8.4,9.94745307113612,10.8,100.0,3913.43920397127,0.463512036709204,40834.5088218456,2.00848884782956,82.3499984738392,80.5390243902439,199143.0,46620.0,80425823.0,88.52846,2.82499,5.372,80.393447520218
Germany,DE,2013,8.5,10.1408601249876,11.1,100.0,3986.18505186393,0.396995583779145,40884.8926759028,1.50472330251876,84.17,80.490243902439,462384.0,47353.0,80645605.0,88.18981,2.78067,5.316,80.4732318400362
Germany,DE,2014,8.8,9.61630846170469,10.7,100.0,3794.44720253102,2.18018602168017,41602.4661281668,0.906794000434246,86.1937006578756,81.090243902439,592338.0,48154.0,80982500.0,88.13653,2.82218,4.979,80.57574023743
Germany,DE,2015,9.0,9.60884887243027,11.3,100.0,3780.85027551891,1.66300602334775,41929.7549110722,0.514426137125456,87.5897993525767,80.6414634146341,1175283.0,47384.0,81686611.0,89.44014,2.87725,4.612,80.6974371632814
Germany,DE,2016,9.6,9.58423383867929,11.1,100.0,3765.21799936242,2.22222216259371,42516.9337063103,0.491747008445174,84.1652066441212,80.990243902439,517480.0,48480.0,82348669.0,90.62417,2.88393,4.104,80.8347870684725
Germany,DE,2017,9.5,9.36976518940283,11.3,100.0,3763.19404182465,2.797906720551,43543.4807050551,1.50949485109628,84.3941537010844,80.9926829268293,452988.0,47785.0,82657002.0,90.35417,2.9886,3.781,80.9842544038853
Germany,DE,2018,9.5,9.00657809367265,11.5,100.0,3659.22924485198,1.13569604599849,43905.8550061973,1.73216879766942,87.037112092841,80.8926829268293,403908.0,46617.0,82905782.0,,3.05057,3.384,81.1423036204018
Germany,DE,2019,9.4,8.38218043063623,11.3,100.0,3570.88159282488,0.977734697038784,44235.2658954682,1.44565976888253,88.1345169091916,81.2926829268293,319082.0,46632.0,83092962.0,,3.11256,3.163,81.3053991689039
Germany,DE,2020,9.3,7.72103264767393,11.9,100.0,3349.19931383762,-4.13191443239947,42372.8726784255,0.144877925813982,89.81294133,81.0414634146342,203468.0,42260.0,83160871.0,,3.0897,3.881,81.4700055002738
Germany,DE,2021,9.6,8.06128144646434,12.3,100.0,3467.03057027911,3.90999994204108,44011.0194631674,3.06666666666673,91.43060973,80.790243902439,310264.0,39822.0,83196078.0,,3.0786,3.594,81.6325870653934
Germany,DE,2022,8.9,7.91182860265874,12.8,100.0,3261.8564081995,1.8092581243061,44817.1316331389,6.87257438551097,91.62984383,80.6080487804878,981552.0,,83177813.0,,3.07096,3.137,81.7867852780995
Germany,DE,2023,8.3,7.07982839106762,12.3,100.0,2928.19658713867,-0.869647578573321,44368.9920074881,5.94643667725823,92.4763763,81.0414634146342,609553.0,,83287273.0,,3.1539,3.071,81.9034366692129
Germany,DE,2024,8.1,6.94395663386317,12.1,100.0,2824.59006117053,-0.495851897260366,44027.7631554469,2.2564981433876,93.49999579,80.7926829268293,36954.0,,83516593.0,,,3.4,82.0211432579125
Germany,DE,2025,,,,,,0.239578342117881,44146.6409090446,2.17178770949721,,,-334072.0,,83491249.0,,,3.711,82.13822205362
Hungary,HU,1995,10.8,6.03809771840644,14.1,100.0,2503.25869655795,1.48952547593046,7704.6409020455,28.3054683706654,0.677,69.7917073170732,14927.0,1096.0,10328965.0,90.50608,,10.168,62.6263403226773
Hungary,HU,1996,10.2,6.16753293833388,13.9,100.0,2573.19416215561,0.101234227633242,7725.69980358198,23.4690301919185,0.969,70.3287804878049,14605.0,803.0,10311238.0,78.42221,0.62791,10.022,62.9536297314429
Hungary,HU,1997,9.8,6.05455369163322,13.5,100.0,2527.50156325078,2.97787906543104,7971.80554914825,18.3050744143799,1.94,70.7024390243902,14186.0,737.0,10290486.0,87.00003,0.69745,8.991,63.2809526136067
Hungary,HU,1998,9.5,6.05920964840253,13.7,100.0,2502.42675477679,3.84810814449837,8297.85419511945,14.153789654534,3.89,70.5578048780488,13568.0,690.0,10266570.0,98.38445,0.65606,8.925,63.6080202030422
Hungary,HU,1999,9.2,6.11620185728393,14.0,100.0,2490.94017859145,3.08605811588221,8578.19506388065,9.99774409303368,5.86,70.6770731707317,12819.0,729.0,10237530.0,98.609,0.67067,6.929,63.9345437336226
Hungary,HU,2000,9.6,5.82337370265766,13.3,100.0,2448.35399628198,4.40937501806403,8979.73578602949,9.80361016908125,6.99967635062916,71.2463414634146,13414.0,810.0,10210971.0,96.8381,0.78999,6.563,64.2602344392211
Hungary,HU,2001,9.5,5.9881860022443,13.0,100.0,2512.91908128888,4.06202617226026,9365.95393193015,9.11680911680911,14.5285543028277,72.2487804878049,10386.0,919.0,10187576.0,97.57593,0.91225,5.671,64.646880283041
Hungary,HU,2002,9.5,5.90458850267675,13.1,100.0,2520.39755573852,4.73006530805553,9836.94065083321,5.26544821583985,16.67,72.3487804878049,2822.0,842.0,10158608.0,98.04089,0.98314,5.608,65.0400009155273
Hungary,HU,2003,9.3,6.18793407645274,13.4,100.0,2580.49625909654,3.93877761242727,10253.723920764,4.66101694915254,21.63,72.3,13879.0,756.0,10129552.0,95.93472,0.91985,5.79,64.8452987670898
Hungary,HU,2004,9.4,6.01747516064377,13.1,100.0,2579.6047628527,4.96312536156307,10786.4881991495,6.74434679569469,27.74,72.6487804878049,16637.0,748.0,10107146.0,95.57372,0.86077,5.832,65.0225372314453
Hungary,HU,2005,9.7,6.06869292504807,13.5,99.9,2781.00595449852,4.30028318461673,11272.7345428122,3.56151711378352,38.97,72.6487804878049,16925.0,705.0,10087065.0,96.36239,0.92043,7.189,66.1261367797852
Hungary,HU,2006,9.9,6.02496979060446,13.1,99.9,2760.46242793694,3.93393162712054,11734.4544729813,3.93032603841001,47.06,73.0975609756098,19890.0,718.0,10071370.0,96.97437,0.97835,7.494,67.0155868530273
Hungary,HU,2007,9.7,5.88170186698595,13.2,100.0,2709.84388699596,0.332354337878925,11791.7074416876,7.9587451654491,53.3,73.1512195121951,13697.0,689.0,10055780.0,96.16023,0.95488,7.406,67.0041656494141
Hungary,HU,2008,9.9,5.76183669801761,13.0,100.0,2676.90840527171,0.993437085479655,11929.7209867703,6.0425125388106,61.0,73.7024390243903,16166.0,683.0,10038188.0,97.01813,0.97817,7.817,68.0976986078883
Hungary,HU,2009,9.6,5.15845609694043,13.0,100.0,2548.81278026798,-6.7401660845502,11142.885928524,4.21171171171171,62.0,73.9048780487805,17281.0,757.0,10022650.0,97.50267,1.13027,10.03,68.4592590332031
Hungary,HU,2010,9.0,5.23461796037869,13.0,100.0,2651.34338122621,1.06795068152046,11287.3686666108,4.85555795691956,65.0,74.2073170731707,10592.0,649.0,10000023.0,97.27224,1.13102,11.172,69.5305480957031
Hungary,HU,2011,8.8,5.15825393134008,12.9,100.0,2600.71787062735,1.91670916599742,11536.3578996772,3.9299209893507,68.0199878861296,74.8585365853659,1859.0,662.0,9971727.0,96.63328,1.18116,11.029,69.4779934082031
Hungary,HU,2012,9.1,4.80352430687509,13.0,100.0,2490.18578889625,-1.33948446518181,11440.7622718825,5.65214517088646,70.579998153838,75.0634146341463,15286.0,692.0,9920362.0,96.1399,1.25758,11.003,69.5772326660156
Hungary,HU,2013,9.1,4.5374057479924,12.8,100.0,2420.16949827793,2.03216990678146,11729.5720798501,1.73319984983101,72.6439,75.5658536585366,5635.0,642.0,9872734.0,96.78749,1.38449,10.177,69.9277636266638
Hungary,HU,2014,9.5,4.55934371452648,12.8,100.0,2423.51498608604,4.33435364113967,12287.3779441033,-0.227566270988219,75.6531974544103,75.7634146341463,11581.0,546.0,9833038.0,96.96363,1.3437,7.725,70.3071053512008
Hungary,HU,2015,9.4,4.85223400666785,13.4,100.0,2571.15090547951,3.65981615406955,12782.9412577973,-0.0616446800641672,72.8347370323805,75.5682926829269,13856.0,569.0,9797755.0,96.37729,1.33884,6.813,70.4847717285156
Hungary,HU,2016,9.8,4.94531881179394,13.0,100.0,2613.09354239281,2.43864141309342,13145.6559885563,0.394769306686392,79.2594121273057,76.0634146341464,68.0,616.0,9759755.0,96.86899,1.17645,5.115,70.4733810424805
Hungary,HU,2017,9.7,5.2571073027842,13.6,100.0,2737.45332524366,4.12418389451805,13734.2442804335,2.34824281150154,76.7505471201922,75.8170731707317,20200.0,496.0,9726756.0,96.50686,1.31498,4.156,70.4542541503906
Hungary,HU,2018,9.6,5.28069332491601,13.5,100.0,2738.8272901507,5.60613813768876,14533.7783144312,2.85024792594646,76.0743606365063,76.0658536585366,34190.0,407.0,9706964.0,,1.50196,3.667,70.4711761474609
Hungary,HU,2019,9.6,5.31240175169761,13.4,100.0,2749.24131881139,5.07718495088933,15290.8085466331,3.33858635382008,80.3716936050482,76.3195121951219,34339.0,427.0,9694824.0,,1.46473,3.411,70.4565277099609
Hungary,HU,2020,9.7,5.13443109342005,14.6,100.0,2713.17923384455,-4.33872540024058,14664.2971195385,3.32674385766738,84.77115202,75.419512195122,9147.0,428.0,9670419.0,,1.58067,4.248,70.2917327880859
Hungary,HU,2021,9.8,5.29398400902426,16.2,100.0,2850.7057950255,7.22291580811137,15787.9535427563,5.11096534382855,88.64083466,74.0658536585366,20372.0,433.0,9630932.0,,1.63327,4.021,70.2059275331413
Hungary,HU,2022,9.3,4.95293425120931,14.2,100.0,2672.86765529203,4.15238057779229,16487.7973935944,14.6081439492433,89.14282688,75.8682926829268,41871.0,,9605074.0,,1.39056,3.583,70.1585064243445
Hungary,HU,2023,9.1,4.48048025757632,13.4,100.0,2515.37052947518,-0.817107370513455,16375.0462724192,17.1249659678737,91.4500713,76.5707317073171,49213.0,,9592186.0,,1.37748,4.096,70.2923026891431
Hungary,HU,2024,8.2,4.45791782423566,13.4,100.0,2514.14445788748,0.709070599066038,16543.1049095203,3.70370370370369,93.77898628,76.7243902439025,16223.0,,9562065.0,,,4.5,70.491825943218
Hungary,HU,2025,,,,,,0.509542309726868,16710.9602521813,4.41198445905562,,,-16331.0,,9514251.0,,,4.521,70.6936831786278
India,IN,1995,29.77,0.829370336496271,9.572,51.4087753295898,361.640673294246,7.57449184027195,620.699954336366,10.2248861637545,0.0262,60.63,-57297.0,1545.0,960301044.0,,,7.57,26.5661772139368
India,IN,1996,29.217,0.850777408846526,9.371,53.0035209655762,367.704650910734,7.54952224888829,654.355928434052,8.97715233826453,0.0463,61.027,-26388.0,1661.0,979678458.0,,0.63905,7.537,26.7648638746349
India,IN,1997,28.685,0.878441939789039,9.174,54.5948638916016,376.185592059812,4.04982084902483,667.598423093399,7.16425211462721,0.0708,61.439,880.0,1926.0,999133762.0,,0.68669,7.574,26.9696862023486
India,IN,1998,28.199,0.884093818156602,8.988,56.1821327209473,378.300390670302,6.18441582080355,695.293709337082,13.2308389767977,0.139,61.852,-1049.0,2247.0,1018665080.0,,0.70378,7.596,27.1832515534447
India,IN,1999,27.73,0.926189927757172,8.805,60.1,392.976731815711,8.84575556114116,742.53920839812,4.6698203803759,0.273,62.284,-95320.0,2206.0,1038225823.0,,0.72413,7.583,27.4081672842903
India,IN,2000,27.518,0.942309744278839,8.628,60.3,394.916803104241,3.84099115686554,756.704109533187,4.0094359104519,0.527532449930946,62.749,-143960.0,2206.0,1057922733.0,83.85499,0.75699,7.589,27.6470407512523
India,IN,2001,27.206,0.939789720011458,8.482,62.0,393.38088619861,4.82396626397303,778.507377522499,3.77929312235637,0.660146377009928,63.158,-70346.0,2379.0,1077898575.0,83.79816,0.73591,7.611,27.9028652096636
India,IN,2002,26.538,0.957620477500199,8.294,62.3,397.344252941148,3.80397532120038,793.615912901002,4.29715203929562,1.53787558175083,63.649,-732419.0,2693.0,1097600380.0,83.6246,0.72567,7.681,28.1756878910456
India,IN,2003,25.783,0.969744882653011,8.125,65.4,399.699897139001,7.86038147545045,841.278894562408,3.80585899528853,1.68648997063625,64.086,-606970.0,3425.0,1116803006.0,88.46232,0.71929,7.633,28.4660287698
India,IN,2004,25.121,1.02822643182898,7.982,64.4,415.47995649887,7.92293661307978,892.596614580718,3.76725173477517,1.97613649190559,64.484,-206660.0,4014.0,1135991513.0,,0.7569,7.598,28.7726067228528
India,IN,2005,24.304,1.05460489385527,7.819,68.8,425.369642526643,7.92343062131789,947.732565644272,4.24634362031924,2.388099909,64.939,-929454.0,4721.0,1154676322.0,,0.82411,7.551,29.0945497159107
India,IN,2006,23.564,1.10810989189174,7.67,67.9,441.785886693878,8.06073257305057,1008.23275344818,5.79652337561634,2.80549986534254,65.373,-342177.0,5686.0,1172878890.0,,0.80473,7.553,29.4309857146804
India,IN,2007,22.932,1.18862350046436,7.536,72.3,461.201738250187,7.66081506510766,1069.24696812234,6.37288135593231,3.95,65.803,-1037200.0,6296.0,1190676021.0,96.78945,0.80507,7.562,29.7810426848684
India,IN,2008,22.506,1.25815998206335,7.41,74.1,481.553027437162,3.08669805950082,1086.50605251005,8.34926704907575,4.38,66.247,-1020047.0,6425.0,1207930964.0,96.84171,0.85876,7.629,30.1438485921815
India,IN,2009,22.211,1.32284533301467,7.29,75.0,509.446000134302,7.8618888330338,1155.10163273817,10.8823529411764,5.12,66.7,-312905.0,7262.0,1225524753.0,95.53715,0.83314,7.636,30.5185314023263
India,IN,2010,21.633,1.39129863287623,7.164,76.3,531.86706609011,8.49758470165625,1235.15939132939,11.9893899204245,7.5,67.162,-50905.0,8853.0,1243481564.0,96.12032,0.78849,7.631,30.9042190810094
India,IN,2011,21.156,1.46337391608571,7.048,79.5,546.675890208969,5.24131620024293,1281.61054354937,8.9117933648336,10.07,67.623,-247017.0,8841.0,1261224954.0,95.71761,0.75502,7.609,31.2746502853309
India,IN,2012,20.672,1.57607553513255,6.945,79.9,572.133085479526,5.45638755164772,1333.09626557649,9.47899691419793,11.10000038,68.076,-198935.0,9553.0,1278674502.0,96.98764,0.74399,7.645,31.5898935604399
India,IN,2013,20.061,1.59945855716817,6.859,83.1,577.254621645988,6.38610640091713,1399.4537980281,10.0178784746104,12.30000019,68.499,-151372.0,10669.0,1295829511.0,97.73768,0.70642,7.678,31.9096789235237
India,IN,2014,19.089,1.70517686000076,6.77,85.1,610.165371779455,7.41022760516977,1484.31640682961,6.66565671867899,13.5,68.932,-227263.0,12040.0,1312277191.0,,0.70158,7.656,32.2288233408821
India,IN,2015,18.936,1.71550269097521,6.729,88.0,622.339883988149,7.99625378567987,1583.99815907985,4.90697344127249,14.89999962,69.326,-655085.0,12579.0,1328024498.0,,0.6931,7.629,32.5472990022299
India,IN,2016,18.756,1.7202923565219,6.7,89.6,627.273531026365,8.25630550176662,1694.46534973787,4.94821634062134,16.5,69.709,81248.0,13199.0,1343944296.0,,0.66984,7.611,32.8650780972823
India,IN,2017,17.995,1.79545339877531,6.673,91.8,648.014718317903,6.79538341902422,1788.69770318481,3.32817337461305,18.20000076,70.068,-251642.0,14961.0,1359657400.0,,0.66603,7.626,33.1821328157539
India,IN,2018,17.91,1.85989309419052,6.67,95.7,668.303370218852,6.45385134495295,1883.35772705055,3.93882646691643,20.0813000379384,70.415,-589794.0,16289.0,1374659064.0,,0.66001,7.652,33.4984353473598
India,IN,2019,17.368,1.83688223212799,6.67,95.9,666.977347524506,3.87143694070524,1936.03067741063,3.72950573539123,29.52350044,70.746,-978969.0,19454.0,1389030312.0,,0.65942,6.51,33.8139578818147
India,IN,2020,16.744,1.68040016064392,7.214,96.5,632.239828540427,-5.77772470687303,1806.50110583865,6.6234367762853,43.40544313,70.156,-73806.0,23141.0,1402617695.0,,0.64558,7.859,34.1286726088333
India,IN,2021,16.491,1.83702951699406,9.259,99.6,676.814293488143,9.68959249191741,1965.30943437472,5.13140747176364,49.2580986,67.282,-348916.0,26267.0,1414203896.0,,,6.38,34.4425517181304
India,IN,2022,16.336,1.96929618962877,6.576,99.2,727.902200094024,7.6093649776932,2098.21124476122,6.69903414079858,55.9,71.698,-1353478.0,,1425423212.0,,,4.822,34.7555673994206
India,IN,2023,16.146,2.09622858892568,6.611,99.5,763.197899394641,7.210224629335,2229.71491223037,5.64914318907925,60.25230026,72.003,-979179.0,,1438069596.0,,,4.172,35.0676918424186
India,IN,2024,15.981,2.17365173535787,6.587,99.9,,7.09927893176518,2366.8328910323,4.95303550973661,64.9434967,72.235,-630830.0,,1450935791.0,,,4.173,35.3788972368389
India,IN,2025,,,,,,7.56666179284244,2523.43601851376,2.39884954182294,70.0,,-495753.0,,1463865525.0,,,4.219,35.689155772396
Israel,IL,1995,21.1,8.69139765554554,6.3,100.0,2796.31041024382,6.60292461082722,26052.1113890118,9.93389990557126,0.93,77.4512195121951,61800.0,1266.0,5545000.0,,,8.782,90.8511786571744
Israel,IL,1996,21.3,9.00643007730148,6.1,100.0,2801.22764441017,5.83892253875895,26861.1743305822,11.4585122831129,2.17,78.1048780487805,66811.0,1218.0,5692000.0,,2.4753,8.455,90.9329267580104
Israel,IL,1997,21.4,9.07027073337903,6.2,100.0,2881.17071224801,3.61026597240067,27144.221603813,8.95499383477184,4.4,78.0,60297.0,1441.0,5836000.0,,2.69533,9.751,91.0183078868813
Israel,IL,1998,21.9,8.96062636074359,6.2,100.0,2885.62324026661,4.1019344139424,27618.7744807547,5.48875371339656,10.3,78.1487804878049,52713.0,1950.0,5971000.0,,2.80723,10.749,91.1059081529216
Israel,IL,1999,21.5,8.97057959183674,6.1,100.0,2737.58342545966,3.28835789304527,27809.7288829095,5.18975459299983,13.4,78.6585365853659,78422.0,2053.0,6125000.0,97.60344,3.21199,11.183,91.1940273629403
Israel,IL,2000,21.7,9.42660200349817,6.0,100.0,2899.21092060716,8.59152200608253,29411.4999428787,1.03263640999489,20.8737899981674,78.9536585365854,63409.0,1599.0,6289000.0,97.85012,3.81316,11.102,91.2809653237465
Israel,IL,2001,21.2,9.19913029973598,5.8,100.0,2973.01751340231,0.270471415054473,28804.0396341969,1.12302839116721,17.3786238639049,79.4073170731707,38643.0,1248.0,6439000.0,98.31112,4.05338,11.812,91.365021842149
Israel,IL,2002,21.2,9.51086757990868,5.8,100.0,2862.54444096904,-0.152880392675172,28186.5548167752,5.80234589468429,17.7645990630493,79.4512195121951,17420.0,1213.0,6570000.0,97.98884,3.99197,12.888,91.4444967249569
Israel,IL,2003,21.7,9.6043768778869,5.8,100.0,2949.36140375621,1.43455918035305,28079.3253966943,0.70763061681807,19.5933936579649,79.6487804878049,6684.0,1329.0,6689700.0,98.0774,3.76142,13.505,91.5176897789793
Israel,IL,2004,21.3,9.4006168306653,5.6,100.0,2822.35591418715,4.64944459908543,28870.0080868057,-0.421595034547416,22.7704855254035,80.1463414634146,8494.0,1544.0,6809000.0,97.65851,3.74703,13.029,91.5829008110251
Israel,IL,2005,20.8,8.92812513527943,5.6,100.0,2661.980099421,4.35256427740218,29600.1467243332,1.34070328119492,25.19400024,80.1512195121951,10975.0,1669.0,6930100.0,97.54599,3.91123,11.342,91.6384296279033
Israel,IL,2006,21.0,9.22039497001574,5.5,100.0,2883.01357713219,5.59106550120008,30707.435814097,2.05407914587443,27.8810997,80.5536585365854,11446.0,1342.0,7053700.0,97.06853,4.01416,10.707,91.6825760364229
Israel,IL,2007,21.1,9.38933998133731,5.6,100.0,2899.35253797653,6.31307137087018,32071.3107404162,0.466226972936065,48.1280621948445,80.5048780487805,9654.0,1615.0,7180100.0,97.29765,4.28533,9.379,91.713639843393
Israel,IL,2008,21.5,9.27417633537653,5.4,100.0,3130.72173959461,3.2158134842205,32519.7624461575,4.52744765138651,59.39,80.9512195121951,7974.0,1528.0,7308800.0,97.26942,4.24165,7.704,91.7292868898136
Israel,IL,2009,21.5,8.95687720423213,5.2,100.0,2874.86147474045,1.22017480850096,32139.1146490917,3.3676231727125,63.12,81.4048780487805,7269.0,1387.0,7485600.0,96.9691,4.01799,9.534,91.7319738585748
Israel,IL,2010,21.8,9.43716879164699,5.2,100.0,3043.56517574048,5.54470607068944,33307.1044316197,2.70270270270273,67.5,81.6024390243903,12906.0,1450.0,7623600.0,97.38332,3.8421,8.48,91.7316426703946
Israel,IL,2011,21.4,9.16057585825028,5.3,100.0,2981.37242150116,5.51341969081251,34499.9509262825,3.48837209302323,68.8738779907441,81.6560975609756,10470.0,1360.0,7765800.0,97.01667,3.91608,7.139,91.7304024673781
Israel,IL,2012,21.6,9.80845711396245,5.3,100.0,2968.58833913788,2.40993765217618,34685.0915981013,1.67553715750052,70.8,81.7048780487805,16549.0,1319.0,7910500.0,97.66493,4.06028,6.762,91.7276502819515
Israel,IL,2013,21.3,8.47298219492524,5.2,100.0,2662.60942480489,4.09013743330735,35436.2912873273,1.58976347421476,70.250311945,82.0560975609756,17075.0,1201.0,8059500.0,97.25985,4.10651,6.137,91.7227831465406
Israel,IL,2014,21.5,8.02420974475699,5.2,100.0,2528.01855666417,3.718144149431,36055.08530225,0.467557251908503,75.0177531628076,82.1536585365854,25303.0,1125.0,8215700.0,97.05817,4.19613,5.789,91.7151980935716
Israel,IL,2015,21.3,8.11347119962769,5.3,100.0,2607.84399987972,2.23599889603805,36138.13561386,-0.617342577642765,77.3520896572253,82.0512195121951,29735.0,1285.0,8380100.0,97.555,4.29761,5.176,91.7042921554705
Israel,IL,2016,21.2,7.90452843435525,5.2,100.0,2569.21718310487,4.53601939236572,37044.0118623764,-0.535168195718695,79.6531241815281,82.4073170731707,24308.0,1300.0,8546000.0,97.05013,4.59051,4.723,91.6894623646632
Israel,IL,2017,21.1,7.78383620442312,5.2,100.0,2481.51602271413,4.34394518932547,37911.0217281157,0.249807840123008,81.5811835871611,82.5512195121951,14518.0,1436.0,8713300.0,97.32018,4.74032,4.14,91.6701057535759
Israel,IL,2018,20.8,7.14844418426622,5.0,100.0,2490.06554012289,4.05349952888294,38695.0100079706,0.805060379528526,83.7331569615326,82.8024390243903,15615.0,1506.0,8882800.0,,4.91965,3.917,91.6456193546346
Israel,IL,2019,20.1,7.21388336646786,5.1,100.0,2407.97500275888,3.57898762923605,39322.038041422,0.817645940292794,86.7878776180583,82.8048780487805,16134.0,1368.0,9054000.0,,5.35528,3.731,91.6154002002652
Israel,IL,2020,19.2,6.66216318867945,5.3,100.0,2453.62703150387,-1.80206927953466,37938.3809354755,-0.575254620897756,90.12734091,82.6487804878049,16573.0,1642.0,9215100.0,,5.83209,4.169,91.5788453228939
Israel,IL,2021,19.7,6.50617837249504,5.4,100.0,2432.5509270456,9.33534690236249,40788.2391785198,1.47965474722561,90.29689758,82.5,16859.0,1592.0,9371400.0,,5.75725,4.812,91.5353517549466
Israel,IL,2022,19.0,6.65826837562124,5.4,100.0,2501.42064264807,6.36407234798706,42539.2748766689,4.41162725488371,91.85079615,82.7,50004.0,,9557500.0,,6.17831,3.695,91.4979834273327
Israel,IL,2023,18.6,6.14077571327038,5.2,100.0,2459.62529465788,2.06272504731618,42131.7415675806,4.22522603168918,87.03842615,83.1951219512195,9999.0,,9849000.0,,6.34589,3.371,91.5089569794505
Israel,IL,2024,18.6,5.76527164023915,5.3,100.0,2476.65013076128,0.953618469238535,41882.0474698252,3.07480889805025,88.18242225,83.1975609756098,10612.0,,10002200.0,,,3.595,91.536188843818
Israel,IL,2025,,,,,,2.93114966387968,42596.0772627285,3.0414132155654,,,11466.0,,10122800.0,,,3.489,91.5783060866328
Italy,IT,1995,9.2,7.65087752065497,9.8,100.0,2799.59479171327,2.88683671925843,29408.3209572297,5.23542258044301,0.524,78.1707317073171,-460287.0,,56844303.0,97.06267,,11.661,66.8166099473719
Italy,IT,1996,9.3,7.55970235180512,9.7,100.0,2796.38058021046,1.34558477192847,29795.6597750915,4.0069766898104,1.02,78.5219512195122,53450.0,6997.0,56860281.0,98.22957,0.94421,11.864,66.8793923102889
Italy,IT,1997,9.4,7.6163994849603,9.8,100.0,2834.63680923621,1.92572122608527,30353.3778243995,2.04310779750136,2.28,78.8243902439024,50539.0,,56890372.0,99.13519,0.98522,11.985,66.950870776995
Italy,IT,1998,9.3,7.7754334354466,10.0,100.0,2913.20022573948,1.8043732818638,30892.1758654455,1.95508557719381,4.56,78.9756097560976,67985.0,,56906744.0,,1.00275,12.117,67.0286199053679
Italy,IT,1999,9.4,7.89504352504046,9.8,100.0,2957.58654940452,1.67799157943422,31405.2609007683,1.66345995007714,14.4,79.4243902439024,54405.0,6281.0,56916317.0,99.88312,0.97865,11.681,67.1102142532851
Italy,IT,2000,9.5,7.97861399862471,9.8,100.0,3012.48356350836,3.88209885062652,32609.66746283,2.53768532095002,23.1108742441037,79.7780487804878,56065.0,7877.0,56942108.0,99.68455,1.00104,10.834,67.1932283786243
Italy,IT,2001,9.4,7.96252086434695,9.6,100.0,3020.75373063924,2.00643329837733,33243.599343976,2.78516542713554,27.2221169788811,80.1268292682927,48903.0,,56976981.0,99.56583,1.03714,9.599,67.27519882288
Italy,IT,2002,9.4,8.07424104162591,9.8,100.0,3035.91851152815,0.26992966378873,33267.4474482048,2.46532319171165,28.04,80.2292682926829,223861.0,,57089824.0,99.44093,1.07704,9.211,67.3538786566538
Italy,IT,2003,9.5,8.37573927880229,10.2,100.0,3164.10814422149,0.0665538088732092,33110.1698494812,2.6725555277285,29.04,79.9829268292683,478578.0,,57399184.0,99.38412,1.05539,8.869,67.4299414611787
Italy,IT,2004,9.7,8.51073142040319,9.5,100.0,3162.43494730256,1.4740217064723,33348.9744820456,2.20673661423657,33.24,80.7804878048781,417970.0,,57828179.0,99.39126,1.04662,7.866,67.5072499739908
Italy,IT,2005,9.5,8.4768648141216,9.8,100.0,3204.1351997897,0.762410677306491,33407.6754716472,1.9852929852798,35.0,80.7829268292683,258702.0,,58166682.0,99.17106,1.04057,7.73,67.5897169318419
Italy,IT,2006,9.6,8.34804384209065,9.6,100.0,3162.24131154867,1.79947992234244,33873.0493680093,2.09084391012754,37.99,81.2829268292683,215995.0,,58399861.0,99.08382,1.07903,6.777,67.6812550714834
Italy,IT,2007,9.6,8.17482777618523,9.7,100.0,3132.89653716264,1.46229205289291,34159.9109244074,1.82974112202403,40.79,81.4341463414634,495092.0,9255.0,58756247.0,99.1077,1.12421,6.076,67.7857771296669
Italy,IT,2008,9.7,7.85286143845028,9.9,100.0,3067.89962633863,-1.02313851177097,33550.6340800063,3.34783258401022,44.53,81.4853658536585,422534.0,8588.0,59211181.0,99.10081,1.15548,6.723,67.9071958431441
Italy,IT,2009,9.6,6.94826035580217,9.9,100.0,2848.10100531328,-5.30515401233991,31587.0638416305,0.774768131387381,48.83,81.6365853658537,283676.0,8814.0,59555454.0,99.17129,1.21261,7.749,68.0494239486665
Italy,IT,2010,9.4,7.08186391750757,9.8,100.0,2904.35856014464,1.52910573247101,31928.5543621096,1.52551602118248,53.68,82.0365853658537,274387.0,8877.0,59819407.0,99.29683,1.21296,8.363,68.2163741829857
Italy,IT,2011,9.1,6.9053125750862,9.9,100.0,2798.23628262725,0.695463154440176,32039.5032494316,2.78063272879323,54.3899983018814,82.1878048780488,198544.0,8794.0,60026841.0,99.05555,1.19531,8.359,68.4015073889511
Italy,IT,2012,8.9,6.55333989010063,10.2,100.0,2680.46208450702,-3.12523877282996,30953.4147447427,3.04136333226775,55.829997993283,82.2390243902439,252524.0,8439.0,60191247.0,99.46236,1.25559,10.655,68.7608794235259
Italy,IT,2013,8.5,5.99742374656768,10.0,100.0,2576.45615324387,-1.81802510749792,30330.0221599668,1.21999342274306,58.4593,82.690243902439,158090.0,8307.0,60311613.0,99.63949,1.29425,12.149,69.3073989916076
Italy,IT,2014,8.3,5.68586837020992,9.9,100.0,2433.16257781775,-0.0013876173045446,30325.0287793923,0.241047429826756,55.6384602242293,83.090243902439,52679.0,8601.0,60320707.0,98.89812,1.33148,12.683,69.5807638614879
Italy,IT,2015,8.1,5.87319309166979,10.8,100.0,2533.02354460955,0.885667635240807,30639.8829751432,0.0387903996579733,58.1417349568747,82.5439024390244,39389.0,,60229605.0,98.26567,1.33213,11.896,69.6100006103516
Italy,IT,2016,7.9,5.80834075921169,10.2,100.0,2511.46353090755,1.23622108511661,31077.6792675211,-0.09401665691575,61.3242527666303,83.2439024390244,84568.0,8848.0,60115223.0,97.69825,1.35915,11.688,69.5969232525286
Italy,IT,2017,7.6,5.7611454316748,10.8,100.0,2557.32535513975,1.60369995294101,31635.52277108,1.22653316645812,63.0773469984291,82.9463414634147,95147.0,8643.0,60002252.0,97.24291,1.36393,11.211,69.5180784259382
Italy,IT,2018,7.3,5.68452233279163,10.6,100.0,2514.69811221783,0.826646712344115,31963.6417148824,1.13748763600391,74.3871829234822,83.3463414634146,83686.0,8921.0,59877221.0,,1.41934,10.538,69.4800033569336
Italy,IT,2019,7.0,5.56784056329278,10.6,100.0,2494.02659804115,0.429162533780342,32180.4341017428,0.611246943765304,67.8507102874836,83.4975609756098,46634.0,9229.0,59729081.0,,1.45558,9.884,69.5050010681153
Italy,IT,2020,6.8,4.96667406979317,12.5,100.0,2313.10006204514,-8.86822122185345,29469.7989238626,-0.13770757391651,70.48342785,82.1951219512195,85281.0,10061.0,59438851.0,,1.49869,9.192,69.5187492370606
Italy,IT,2021,6.8,5.58651571090224,11.9,100.0,2531.08698798735,8.93106210800055,32267.7091050201,1.87378325762481,74.8623274,82.6463414634146,157327.0,10281.0,59133173.0,,1.41065,9.497,69.4812507629394
Italy,IT,2022,6.7,5.60897190137329,12.1,100.0,2411.65172417311,4.82117669913565,33891.8866526216,8.20128991161718,85.06074504,82.7,231228.0,,59013667.0,,1.36563,8.069,69.4839779766539
Italy,IT,2023,6.4,5.1591446091273,11.4,100.0,2298.39093933589,0.922796543670316,34221.7182928271,5.62219442195901,87.0278292,83.3512195121951,150189.0,,58984216.0,,1.37935,7.627,69.5381540123301
Italy,IT,2024,6.3,5.07573834102673,11.0,100.0,2231.202099939,0.783039135276795,34508.1235191237,0.982373023061417,89.2207202,83.9512195121951,95246.0,,58952704.0,,,6.5,69.6047535143071
Italy,IT,2025,,,,,,0.539583636778445,34716.1405786348,1.5316682765282,,,75448.0,,58915656.0,,,6.391,69.680861801678
Japan,JP,1995,9.6,9.82868129941341,7.4,100.0,3915.67795216885,2.34205546196849,30504.5332529005,-0.127899045020446,1.59,79.5360975609756,87714.0,334612.0,125472000.0,,,3.15,78.0190838015653
Japan,JP,1996,9.7,9.90822777260908,7.2,100.0,3990.47398761077,3.07546731409349,31371.432405964,0.136600358575909,4.37,80.219756097561,25030.0,340101.0,125757000.0,,2.64303,3.383,78.1374047267253
Japan,JP,1997,9.5,9.77095123634546,7.3,100.0,4022.0891472937,1.36297109407448,31723.3382538425,1.74780458692133,9.16,80.4241463414634,43366.0,350807.0,126057000.0,,2.72177,3.374,78.2318902291629
Japan,JP,1998,9.6,9.37017721518987,7.5,100.0,3938.28293836089,-1.77264091037956,31076.4386626557,0.661974191385911,13.4,80.5014634146342,45912.0,359381.0,126400000.0,,2.82745,4.078,78.3266396189341
Japan,JP,1999,9.4,9.67513168181567,7.8,100.0,3994.22367709485,-0.347600398675738,30911.9243180534,-0.341296928327554,21.4,80.4609756097561,56901.0,360180.0,126631000.0,,2.84672,4.677,78.448341899402
Japan,JP,2000,9.5,9.80406329083986,7.7,100.0,4067.03534426909,2.97832688768516,31779.3788459032,-0.676578683595175,29.9907403589142,81.0760975609756,23468.0,387364.0,126843000.0,,2.85841,4.748,78.6126803295375
Japan,JP,2001,9.3,9.67360734256659,7.7,100.0,3990.10602386433,0.284608556379041,31793.1269485489,-0.740055504162738,38.5320608612719,81.4163414634146,59563.0,386767.0,127149000.0,,2.92348,5.02,79.1577482060887
Japan,JP,2002,9.2,9.92193416768018,7.8,100.0,3992.91998129661,0.0849888050363319,31746.2430105713,-0.923494026942321,46.5942011179917,81.6907317073171,60864.0,369458.0,127445000.0,,2.96514,5.386,80.5469860733981
Japan,JP,2003,8.9,9.95886797475689,8.0,100.0,3956.90048891144,1.38010935830795,32115.5810785373,-0.256541816316025,48.4352658899653,81.76,74875.0,358184.0,127718000.0,,2.99319,5.251,82.4206778416671
Japan,JP,2004,8.8,9.91730575058116,8.2,100.0,4085.4919552124,2.11294823723127,32783.1292835489,-0.0085733882031027,62.3939296327259,82.030243902439,69014.0,368416.0,127761000.0,,2.98125,4.734,84.3710541898905
Japan,JP,2005,8.4,10.0074734098753,8.6,100.0,4066.44200433533,1.8482813374834,33385.9179590327,-0.282946068764391,66.9210661042901,81.9551219512195,113017.0,367960.0,127773000.0,,3.13092,4.446,85.9573620483714
Japan,JP,2006,8.7,9.82400472413847,8.6,100.0,4064.36044717698,1.54630843078741,33880.6890093456,0.249355116079085,68.6852703213795,82.3219512195122,130065.0,347060.0,127854000.0,,3.22766,4.192,87.1460898958075
Japan,JP,2007,8.6,10.0916024093562,8.8,100.0,4020.80546615948,1.72837912865577,34426.6937124867,0.060039454498669,74.3,82.5070731707317,138024.0,333498.0,128001000.0,,3.29257,3.888,88.2701404492656
Japan,JP,2008,8.7,9.53253711064086,9.1,100.0,3867.13557310575,-1.16662209355141,34008.5915147362,1.3800788616492,75.4,82.5875609756098,142605.0,330110.0,128063000.0,,3.29224,4.002,89.2921563808851
Japan,JP,2009,8.5,9.03961045553586,9.1,100.0,3709.02326188514,-5.9359411383964,31993.8588053706,-1.35283672951719,78.0,82.9314634146342,125450.0,295315.0,128047000.0,,3.1959,5.068,90.1131158718189
Japan,JP,2010,8.5,9.50311626454283,9.5,100.0,3900.21212768124,4.13645589222239,33311.2872381879,-0.728243207517779,78.21,82.8426829268293,131860.0,290081.0,128070000.0,,3.10495,5.102,90.6228586840649
Japan,JP,2011,8.3,9.93397401297005,9.9,100.0,3620.18019068219,-0.20035785332982,33306.1802259719,-0.27245561610124,79.0541135244739,82.5912195121951,97720.0,287580.0,127833000.0,,3.20537,4.55,90.8631654434251
Japan,JP,2012,8.2,10.2516011251361,10.0,100.0,3536.70253450885,1.64893452981225,33909.4911855243,-0.0440645104432602,79.4964,83.0960975609756,67904.0,287013.0,127629000.0,,3.1737,4.358,91.0265277326652
Japan,JP,2013,8.2,10.3847926556554,10.1,100.0,3567.33780517627,1.99727653399265,34636.6924746166,0.335037912184741,88.219428911,83.3319512195122,66449.0,271731.0,127445000.0,,3.27895,4.038,91.1516595654317
Japan,JP,2014,8.0,10.0063625506773,10.1,100.0,3445.81632921551,0.905915486065865,34996.8796756631,2.75922671353253,89.1068330166075,83.5878048780488,58109.0,265959.0,127276000.0,,3.36788,3.589,91.2548945132333
Japan,JP,2015,8.0,9.69456115651128,10.3,100.0,3400.59271053608,1.79997735783475,35664.6446110613,0.795279630579839,91.0580283929962,83.7939024390244,168896.0,258839.0,127141000.0,,3.24071,3.385,91.3532644103625
Japan,JP,2016,7.8,9.66865261733136,10.5,100.0,3370.8877963853,0.704986495111257,35934.4467886662,-0.127258844489754,93.1827212821617,83.9848780487805,314732.0,260244.0,127076000.0,,3.10665,3.132,91.4541254852142
Japan,JP,2017,7.6,9.55283290804272,10.8,100.0,3391.05041453219,1.62345062245441,36547.7357437305,0.484199796126385,91.7265472366635,84.099756097561,322564.0,260292.0,126972000.0,,3.16636,2.822,91.5498419685883
Japan,JP,2018,7.4,9.17213648658239,11.0,100.0,3343.05412833973,0.834143845965585,36899.3847079435,0.989094598021848,88.7463508901772,84.2109756097561,320601.0,253630.0,126811000.0,,3.2192,2.467,91.6377318609728
Japan,JP,2019,7.0,8.87456666113888,11.2,100.0,3261.62024942915,-0.308496921143259,36837.2583653113,0.46877615938395,92.7303978145525,84.3563414634146,318190.0,245372.0,126633000.0,,3.21824,2.351,91.7164207898107
Japan,JP,2020,6.8,8.39710520271501,11.1,100.0,3046.85480668859,-4.28327942675573,35363.2996951789,-0.024995834027731,90.21945812,84.56,42001.0,227348.0,126261000.0,,3.26556,2.809,91.7809926267889
Japan,JP,2021,6.6,8.5947828493867,11.7,100.0,3196.03970960845,3.56419531474475,36792.556429474,-0.233352779398264,82.91407928,84.4456097560976,-34996.0,222452.0,125681593.0,,3.27383,2.808,91.8741049279527
Japan,JP,2022,6.3,8.3956307081074,12.9,100.0,3129.65861717499,1.33164750653741,37448.3504824849,2.49770278172255,84.92343147,83.9963414634146,175003.0,,125124989.0,,3.40053,2.614,91.9776532428406
Japan,JP,2023,6.0,8.05063579850566,13.0,100.0,3039.14126131753,0.720785304749811,37902.5492204411,3.26813365933163,85.00990295,84.0412195121951,175003.0,,124516650.0,,3.44125,2.6,92.0826903891473
Japan,JP,2024,5.7,7.84242057238933,13.3,100.0,3005.89902824379,-0.240084236041696,37976.6371788298,2.73853681635241,85.54153081,84.0363414634146,153357.0,,123975371.0,,,2.5,92.1901718034531
Japan,JP,2025,,,,,,1.19311288444599,38619.3367073485,3.17253034260248,,,140579.0,,123366734.0,,,2.451,92.3001449420786
Kenya,KE,1995,40.831,0.252671337311593,10.292,5.42734336853027,457.701869210403,4.40621652482287,1237.88250467675,1.55432816055009,0.000727,55.856,-75506.0,,26601751.0,,,2.848,18.5827604922377
Kenya,KE,1996,40.632,0.270656922593232,10.376,7.37853050231934,461.288541982308,4.14683926876013,1254.21025248674,8.86408741577522,0.00884,55.575,-79276.0,15.0,27344211.0,,,2.773,18.6611020359295
Kenya,KE,1997,40.541,0.253179799932873,10.383,9.32631778717041,453.644363435621,0.474901921293579,1226.19542113337,11.3618450505783,0.0344,55.478,-80443.0,22.0,28101768.0,,,2.818,18.7575952945971
Kenya,KE,1998,40.617,0.269419296701055,10.31,14.5,459.342548020959,3.29021372249065,1232.06658106635,6.72243650753928,0.0503,55.568,-70023.0,27.0,28888057.0,,,2.843,18.8798697768976
Kenya,KE,1999,40.327,0.26866412353404,10.109,13.2088918685913,456.367492363499,2.30538859522412,1224.63404639886,5.74200109520484,0.114,55.866,-13257.0,25.0,29733408.0,61.56729,,2.884,19.0288523643308
Kenya,KE,2000,40.238,0.290677543795641,9.942,15.2,460.259557885245,0.599695390807426,1195.41296851656,9.98002515350979,0.318059713612037,56.084,5407.0,,30642890.0,64.3069,,2.884,19.4553832211834
Kenya,KE,2001,40.188,0.26100621869581,9.709,17.0,452.428455522956,3.77990649795343,1202.29348759987,5.73859814341467,0.619782266151425,56.501,55052.0,,31619170.0,65.44286,,2.876,20.4416297068833
Kenya,KE,2002,39.938,0.245465741018151,9.535,18.9,445.351766080328,0.546859530175595,1171.4262517349,1.96130821739162,1.20777388492125,56.759,10431.0,23.0,32629808.0,60.18054,,2.916,21.8586568137501
Kenya,KE,2003,39.459,0.214880306718519,9.203,16.0,435.103052843273,2.93247554570904,1169.14433674051,9.81569062979654,2.94190286101524,57.369,24175.0,22.0,33652223.0,71.27634,,2.869,23.563889811899
Kenya,KE,2004,39.1,0.231964810186713,8.893,22.6,449.67502007767,5.10429977629738,1191.25443604556,11.6240355442426,3.0235280420962,57.947,31525.0,31.0,34713455.0,69.48951,,2.844,25.4147539714454
Kenya,KE,2005,38.783,0.252147669028053,8.6,24.5,453.624918249435,5.90666607980057,1223.44738472019,10.3127783574683,3.101900101,58.51,5501.0,34.0,35796484.0,70.2094,,2.739,27.2686745625048
Kenya,KE,2006,38.492,0.270940760689191,8.323,26.4,459.858505198544,6.47249430015484,1263.54164666211,14.4537342081708,3.599999905,59.059,15767.0,41.0,36904008.0,69.36324,,2.673,28.9830768551925
Kenya,KE,2007,38.299,0.262922185302275,8.142,28.3,456.223752941816,6.85072976998784,1309.91092948216,9.75888023027529,4.400000095,59.407,-11495.0,41.0,38036349.0,79.20838,0.35521,2.642,30.4153861196239
Kenya,KE,2008,37.851,0.269606829771024,7.886,30.3,456.15344235827,0.232282744812977,1273.77226103073,26.2398166445063,5.199999809,59.955,29612.0,63.0,39206351.0,75.50401,,2.751,31.4230276259143
Kenya,KE,2009,37.169,0.308699389943664,7.631,23.0,470.588388726011,3.30693981631089,1276.73503486074,9.23412592394652,6.1,60.483,7096.0,48.0,40408891.0,77.0691,,2.816,31.8603086707305
Kenya,KE,2010,36.266,0.324116934124197,7.424,19.2,469.595821222952,8.05847360290906,1340.16467408856,3.96138889115385,7.2,60.915,-21069.0,77.0,41598567.0,,0.69222,2.793,31.8713287706458
Kenya,KE,2011,35.009,0.324518228099931,7.275,36.2,472.715162690229,5.1211061197056,1370.58000874482,14.0224913014704,8.800000191,61.283,-44795.0,135.0,42758461.0,,,2.699,31.8673949025409
Kenya,KE,2012,33.674,0.293759364539568,7.208,38.1,462.749845582612,4.56867961444982,1396.30178709756,9.37777003547598,10.5,61.537,-42928.0,123.0,43888303.0,81.23006,,2.678,31.8558130142761
Kenya,KE,2013,32.427,0.308839543589584,7.175,40.1,471.435474475568,3.7978483925754,1413.94142522583,5.71749357037733,13.0,61.729,-57634.0,127.0,44986791.0,,,2.762,31.8324454433988
Kenya,KE,2014,31.542,0.341036024063525,7.149,36.0,497.485664126512,5.02011100232484,1450.59338202277,6.87815499275949,16.5,61.99,-72415.0,132.0,46051440.0,,,2.767,31.7931545274563
Kenya,KE,2015,30.908,0.361032749251909,7.14,41.6,530.458901047223,4.96772112759767,1489.11959777284,6.58215429284779,16.5878548475992,62.279,-95977.0,137.0,47088526.0,,,2.762,31.7338026039958
Kenya,KE,2016,30.202,0.384366853070731,7.169,53.1,533.407778503543,4.21351706814744,1517.97796057742,6.29724953814625,16.6,62.526,-29728.0,144.0,48139687.0,,,2.757,31.6502520105647
Kenya,KE,2017,29.602,0.391204755110222,7.126,55.8,538.606903918261,3.83795817364721,1542.33773973372,8.00564967709945,17.82710075,62.725,-68702.0,135.0,49197766.0,,,3.542,31.5383650847102
Kenya,KE,2018,29.037,0.381159185292234,7.186,61.2,546.495296692888,5.64794640709219,1596.69045914945,4.6898064677633,19.5,62.825,-115436.0,244.0,50207107.0,,,4.284,31.3940041639796
Kenya,KE,2019,28.226,0.380387200105182,7.294,69.7,543.883187157453,5.11415885767801,1645.70961777862,5.23963795764792,22.6687733618171,62.939,-61949.0,294.0,51202827.0,,,5.014,31.1895566421135
Kenya,KE,2020,27.782,0.367016056392308,7.937,71.5,534.753957479746,-0.272766327438816,1609.33414078281,5.40516207933392,24.7227993,61.596,-17111.0,341.0,52217334.0,,,5.613,31.2063494632616
Kenya,KE,2021,27.611,0.404281044163676,8.124,76.5,539.778643234306,7.59048947333467,1698.89578271444,6.10793603659176,26.96290016,61.225,-52552.0,160.0,53219166.0,,,5.693,31.2879334021971
Kenya,KE,2022,27.342,0.405006512054817,7.212,76.0,541.12804988998,4.85998104287999,1747.53198804428,7.65986268272224,29.40589905,63.549,-10003.0,,54252461.0,,0.40651,5.565,31.4307820066946
Kenya,KE,2023,27.106,0.3843202596187,7.211,76.2,544.940571966597,5.71999241214208,1811.21651838425,7.67139634029402,32.07040024,63.646,-10003.0,,55339003.0,,0.80427,5.409,31.6330340816429
Kenya,KE,2024,26.968,0.38344092060836,7.18,77.0,539.298427448329,4.66019594571891,1858.87650030024,4.48978854243448,34.97622513,63.834,-19781.0,,56432944.0,,0.81069,5.487,31.8937831721599
Kenya,KE,2025,,,,,,4.63261093844984,1907.81875397233,4.06912878540729,,,-27330.0,,57532493.0,,,5.449,32.2121192871745
"Korea, Rep.",KR,1995,15.7,9.02775111990243,5.3,100.0,3234.29761074072,9.7358937505409,13924.3044000347,4.48074108557248,0.82,73.7,-208491.0,59228.0,45092991.0,98.51563,,2.063,78.400437187912
"Korea, Rep.",KR,1996,15.0,9.58813088662829,5.2,100.0,3460.92201688076,7.99042982526839,14894.3278834104,4.92454354292754,1.62,74.1512195121951,-115705.0,68405.0,45524681.0,98.24344,2.14233,2.048,78.7508147919442
"Korea, Rep.",KR,1997,14.5,9.98535261017749,5.3,100.0,3675.46830349413,6.2821926537929,15682.2717905189,4.4389318457463,3.6,74.6024390243903,-109130.0,67359.0,45953580.0,98.55368,2.17409,2.608,78.9918025094803
"Korea, Rep.",KR,1998,13.7,8.50386342645069,5.2,100.0,3374.34870324412,-4.9389297463141,14800.5091573641,7.51358008079307,6.78,75.0048780487805,-98044.0,50596.0,46286503.0,,2.03608,6.963,79.1812369650495
"Korea, Rep.",KR,1999,13.2,9.23725644365427,5.3,100.0,3665.80037287776,11.6172629559591,16402.9168341094,0.81295725444637,23.6,75.409756097561,-107448.0,55970.0,46616677.0,,1.9446,6.342,79.3623394908518
"Korea, Rep.",KR,2000,13.5,9.9217579706617,5.2,100.0,3952.36285253717,9.2018583880479,17763.1353417297,2.25916580080157,44.7,75.909756097561,-84960.0,72831.0,47008111.0,,2.0494,4.063,79.579960745642
"Korea, Rep.",KR,2001,11.7,10.0719727295012,5.1,100.0,3923.08094343002,4.72593560322356,18460.4288193829,4.06657587897792,56.6,76.4121951219512,-28006.0,73714.0,47370164.0,,2.19872,3.699,79.8787704357425
"Korea, Rep.",KR,2002,10.3,10.3782797747059,5.1,100.0,4093.47640135718,7.74399895319569,19775.3800655139,2.76226210296599,59.4,76.7658536585366,-18105.0,76570.0,47644736.0,,2.13042,3.046,80.2766294544335
"Korea, Rep.",KR,2003,10.2,10.5024332706302,5.1,100.0,4137.64649746404,3.07472661826947,20278.0406421178,3.51487451459939,65.5,77.2146341463415,-31994.0,90313.0,47892330.0,,2.19657,3.348,80.707793508044
"Korea, Rep.",KR,2004,9.8,10.8037309775721,5.1,100.0,4255.20021526328,5.1836368597334,21244.8136800528,3.59066298882578,72.7,77.6658536585366,-42549.0,105250.0,48082519.0,,2.35292,3.42,81.104386778171
"Korea, Rep.",KR,2005,9.0,10.7084009751588,5.1,100.0,4324.50929706891,4.35823667337156,22123.7613066851,2.75379162735039,73.5,78.1682926829268,-47821.0,122188.0,48184561.0,99.67971,2.42725,3.482,81.3901352283669
"Korea, Rep.",KR,2006,9.2,10.8117127664204,5.0,100.0,4337.55103463972,5.24500550580342,23162.1860111297,2.24234028518921,78.1,78.6682926829268,-28434.0,125476.0,48438292.0,,2.61516,3.254,81.566462110512
"Korea, Rep.",KR,2007,10.1,11.1126206303646,5.0,100.0,4487.98132629667,5.8419633918717,24391.7651013448,2.53457382137932,78.8,79.119512195122,-42293.0,128701.0,48683638.0,,2.75895,3.013,81.712125801927
"Korea, Rep.",KR,2008,9.4,11.2602688410662,5.0,100.0,4512.96932152779,3.00440451679569,24934.5396367691,4.67389655533408,81.0,79.5170731707317,-19630.0,127114.0,49054708.0,,2.86774,2.959,81.8350833138518
"Korea, Rep.",KR,2009,9.0,11.2836813865383,5.0,100.0,4557.69756825002,0.81986175641795,25009.9148311999,2.7564965449393,81.6,79.9682926829268,5308.0,127316.0,49307835.0,,3.02145,3.363,81.9245045084002
"Korea, Rep.",KR,2010,9.4,12.3690482033055,5.1,100.0,4920.34159542887,6.98166138853071,26623.0487122927,2.93928652655686,83.7,80.1170731707317,52042.0,131805.0,49554112.0,,3.17913,3.324,81.9685075986486
"Korea, Rep.",KR,2011,9.4,12.9702684429817,5.1,100.0,5114.96282558864,3.6880320602952,27393.455357272,4.0259650043609,83.7591201534472,80.5682926829269,269958.0,138034.0,49936638.0,,3.44409,2.992,81.9615408086376
"Korea, Rep.",KR,2012,9.6,12.8528563619499,5.3,100.0,5122.94213308196,2.54766550568242,27944.0564190045,2.18707104433314,84.07,80.819512195122,281866.0,148136.0,50199853.0,97.97067,3.6852,2.812,81.9087898200378
"Korea, Rep.",KR,2013,8.6,12.7317329769662,5.3,100.0,5108.23633855207,3.2913959543442,28732.711152033,1.30134754547413,84.77,81.2707317073171,301926.0,159978.0,50428893.0,95.46515,3.77487,3.067,81.8269383502703
"Korea, Rep.",KR,2014,8.6,12.4261677995393,5.3,100.0,5136.98533019492,3.21468019683108,29470.6732991655,1.27477446401322,87.5568264944747,81.7219512195122,308037.0,164073.0,50746659.0,95.90315,3.88983,3.082,81.7315682816954
"Korea, Rep.",KR,2015,8.6,12.6198190502874,5.4,100.0,5239.00345362778,2.92029267301234,30171.7906545222,0.70633177245575,89.8962557995106,82.0243902439024,276427.0,167275.0,51014947.0,98.53611,3.78907,3.546,81.639489860678
"Korea, Rep.",KR,2016,7.9,12.6677788190173,5.5,100.0,5390.84042635905,3.17152748983935,31005.4072876388,0.971685739912168,92.8430256796075,82.2756097560976,91568.0,163424.0,51217803.0,97.26558,3.78638,3.65,81.5559241797057
"Korea, Rep.",KR,2017,7.0,12.952944838832,5.6,100.0,5467.82224967457,3.433191763972,31979.9027302467,1.94433230786366,95.0694218761004,82.6268292682927,104029.0,159084.0,51361911.0,97.54773,4.07341,3.653,81.471030429984
"Korea, Rep.",KR,2018,6.4,13.1917269531809,5.8,100.0,5531.77957372505,3.17611568177327,32852.8887488942,1.47583935002645,96.0228595797887,82.6268292682927,118220.0,162561.0,51585058.0,,4.27155,3.824,81.3823523035196
"Korea, Rep.",KR,2019,5.9,12.6531894575046,5.7,100.0,5334.67385872126,2.31380210595475,33496.3113815643,0.383000303608136,96.157579184239,83.2268292682927,128622.0,171603.0,51764822.0,,4.36379,3.746,81.2901063535619
"Korea, Rep.",KR,2020,5.3,11.9094442789339,5.9,100.0,5195.91011087811,-0.700242317542106,33215.9298928108,0.537288023411737,96.50506052,83.4268292682927,112631.0,180477.0,51836239.0,,4.5214,3.931,81.1759595622913
"Korea, Rep.",KR,2021,5.1,12.3387268331673,6.2,100.0,5513.62830573477,4.61296795454287,34792.9397214598,2.49833333333339,97.57132698,83.5268292682927,-16778.0,186245.0,51769539.0,,4.59673,3.639,81.1616526507785
"Korea, Rep.",KR,2022,4.9,11.8737409785064,7.3,100.0,5411.97477731382,2.72756456708991,35809.0138105144,5.08951365062842,97.16855335,82.6804878048781,87800.0,,51672569.0,,4.84753,2.857,81.1624941626873
"Korea, Rep.",KR,2023,4.5,11.4162657281001,6.9,100.0,5336.92485966157,1.58301467403629,36347.7036392553,3.5974562502901,97.41597478,83.4292682926829,87800.0,,51712619.0,,4.94352,2.675,81.1645551720421
"Korea, Rep.",KR,2024,4.7,11.3622569893006,7.0,100.0,5438.79036783753,2.00361101838986,37048.4264001496,2.32174328643542,97.89563777,83.6292682926829,75963.0,,51751065.0,,,2.784,81.1682528469686
"Korea, Rep.",KR,2025,,,,,,1.00701840291242,37469.6600233386,2.12309421458659,,,65731.0,,51684564.0,,,2.683,81.1740263306674
Mexico,MX,1995,27.062,3.59068330258081,5.695,95.8944625854492,1461.03050354057,-5.91029962358286,7970.64038489585,34.9992712889592,0.103,70.703,-340091.0,432.0,90862455.0,96.53171,,7.095,73.2962313883119
Mexico,MX,1996,26.417,3.69826076040482,5.622,96.093624,1467.31082127073,6.21829715869302,8320.65295687947,34.3783832235168,0.2,71.088,-343399.0,386.0,92452702.0,96.06523,0.23838,5.465,73.6269922663634
Mexico,MX,1997,25.752,3.83666208411896,5.561,96.3295822143555,1518.26280329371,7.19887615284711,8770.8448154628,20.6256287259247,0.627,71.472,-340546.0,420.0,94021207.0,96.07538,0.26404,4.235,73.9513082519844
Mexico,MX,1998,25.117,4.01785211222843,5.534,96.092755,1536.12241939376,6.18507893082885,9161.89527775798,15.9283950119353,1.27,71.792,-321385.0,453.0,95575245.0,96.73013,0.28519,3.733,74.2716464717421
Mexico,MX,1999,24.64,3.84179255370092,5.493,96.7482986450195,1555.69407717508,2.75503039300564,9264.977292523,16.5856169707538,1.86,72.203,-328773.0,455.0,97115707.0,99.75729,0.32719,2.598,74.5904740522037
Mexico,MX,2000,24.192,4.02272121123337,5.481,98.0,1541.32297457171,5.02928399378261,9581.96970202823,9.49156149435403,5.08138415338066,72.562,-356433.0,431.0,98625552.0,99.8354,0.29205,2.646,74.9203113970256
Mexico,MX,2001,23.779,3.94395058441036,5.433,97.1,1563.12708165755,-0.450845253215945,9398.35074347946,6.36773806235037,7.0380231165045,72.912,-378348.0,534.0,100099099.0,99.76405,0.30815,2.627,75.2907557567987
Mexico,MX,2002,23.379,3.94830756150866,5.45,97.9,1556.55451556538,-0.236588001922641,9242.27886122367,5.03072733151295,11.9,73.106,-379812.0,526.0,101548624.0,99.69272,0.33745,3.003,75.6840752828994
Mexico,MX,2003,22.832,4.08541432161845,5.469,97.4,1644.23440955963,1.18554486709559,9221.99666685464,4.54690012118718,12.9,73.308,-369183.0,468.0,102978515.0,99.64344,0.37454,3.455,76.046170340551
Mexico,MX,2004,22.369,4.12339368005276,5.517,98.6,1651.99432971724,3.56544102622887,9421.28976132695,4.68840884843143,14.1,73.432,-346912.0,565.0,104394131.0,99.61885,0.37053,3.937,76.3274397419019
Mexico,MX,2005,21.912,4.22758379844974,5.537,98.9,1718.63669370638,2.11324711473297,9491.51730268004,3.98805714597437,17.20999908,73.627,-310278.0,584.0,105811504.0,99.61853,0.38103,3.558,76.4748624380269
Mexico,MX,2006,21.482,4.32571227914951,5.575,99.1,1723.71763802356,4.80501351664901,9813.82804186659,3.62946762439132,19.52000046,73.746,-244140.0,574.0,107253666.0,99.74528,0.35298,3.566,76.4982455683657
Mexico,MX,2007,21.11,4.32899168517287,5.62,97.9,1693.77880726541,2.0778639395329,9877.69532636562,3.96684905458235,20.81,73.796,-105524.0,629.0,108774360.0,99.53468,0.38039,3.628,76.5047326234761
Mexico,MX,2008,20.82,4.27910076303278,5.682,98.9,1678.23287321257,0.943331872912935,9826.34218448486,5.12498274575896,21.71,73.695,-50347.0,685.0,110374288.0,99.55953,0.42416,3.874,76.5090428271033
Mexico,MX,2009,20.567,4.12122098054155,5.735,98.3,1616.79369985205,-6.29525056697287,9074.11881448129,5.29735584228856,26.34,73.628,-30809.0,822.0,111999721.0,99.80355,0.45748,5.356,76.5143930040295
Mexico,MX,2010,20.331,4.19755809286418,5.733,99.2,1581.82622504404,4.9713345832195,9389.06722076504,4.15672722680174,31.05,73.718,-40845.0,951.0,113623895.0,99.7295,0.47353,5.303,76.5244441414713
Mexico,MX,2011,20.095,4.22179978144365,5.698,99.0,1632.53833582198,3.44404505297089,9575.93437734618,3.40737824605742,37.1762954125184,73.921,-37826.0,1065.0,115243504.0,99.61604,0.45268,5.175,76.5667802279537
Mexico,MX,2012,19.855,4.33350424276325,5.674,99.1,1652.16322037583,3.55321076010608,9782.51776251839,4.11150981070289,39.75,74.128,-128485.0,1294.0,116818208.0,99.56089,0.40284,4.892,76.6585199140734
Mexico,MX,2013,19.557,4.17443117084187,5.677,99.1,1633.00512016612,0.852101550164704,9738.71059661101,3.80639069747204,43.46,74.289,-120058.0,1210.0,118343573.0,99.49125,0.40806,4.921,76.7955768077952
Mexico,MX,2014,18.959,4.01481960973153,5.705,99.2,1582.66666115179,2.50376350783593,9862.4812534745,4.01861608078679,44.3856962723411,74.404,-228816.0,1246.0,119784261.0,99.38286,0.41962,4.819,76.9741367091766
Mexico,MX,2015,18.227,4.05069677949307,5.768,99.0,1539.13826670827,2.70232343024026,10021.2386113616,2.72064064964023,57.4310429923633,74.431,-291044.0,1364.0,121072306.0,99.3177,0.41477,4.311,77.1903854182753
Mexico,MX,2016,17.69,4.06104469144067,5.868,99.5,1525.3837445098,1.7724932254128,10100.5021195819,2.8217078474766,59.5404459967255,74.376,-304472.0,1310.0,122251351.0,99.21367,0.37601,3.853,77.4405087351486
Mexico,MX,2017,17.214,4.05743329599921,5.997,100.0,1478.43896510686,1.87172854648381,10193.7727188313,6.04145724018986,53.0317886110982,74.261,-227499.0,1334.0,123400057.0,99.16952,0.31955,3.419,77.7206924598541
Mexico,MX,2018,17.037,3.83831705872518,6.071,99.5,1493.47882156246,1.97208211101069,10296.8690940459,4.89935015356551,56.6595667981289,74.301,-175356.0,1555.0,124573711.0,,0.29816,3.275,78.0271223924494
Mexico,MX,2019,16.877,3.92542377851696,6.083,99.6,1469.65350320528,-0.392690513290532,10159.4448367696,3.63596142127046,69.6321092705209,74.53,-169628.0,1305.0,125762982.0,,0.27629,3.477,78.355984332992
Mexico,MX,2020,16.565,3.46247141559905,8.429,99.4,1366.42722558757,-8.35403459379062,9234.64362226594,3.39683415570006,71.49017499,70.449,-147456.0,1132.0,126799054.0,,0.29185,4.44,78.677960602824
Mexico,MX,2021,16.353,3.54662489893704,9.015,100.0,1417.70559078908,6.04848347173572,9728.05680024504,5.68920847683753,75.62650476,69.75,-122791.0,1117.0,127648148.0,,0.27305,4.019,78.9324007418057
Mexico,MX,2022,16.041,3.52183828963573,6.521,100.0,1441.98382794786,3.70975708309098,10013.2479227064,7.8962761916855,78.63217894,73.973,-108438.0,,128613117.0,,0.25727,3.256,79.199683215791
Mexico,MX,2023,15.706,3.66576524934041,6.161,99.7,1467.10931902847,3.1067964131456,10234.6840265651,5.52796087314389,81.18318755,75.069,-101044.0,,129739759.0,,0.26746,2.765,79.4734935748046
Mexico,MX,2024,15.464,3.63738680384754,6.219,99.8,1558.75790867013,1.35057631384696,10284.0336925726,4.72225588452932,83.12233799,75.264,-104581.0,,130861007.0,,0.25372,2.678,79.7538805976118
Mexico,MX,2025,,,,,,0.561683456144578,10256.6867661121,3.80668650726485,,,-108037.0,,131946900.0,,,2.673,80.0408930629723
Netherlands,NL,1995,12.3,11.4895679579916,8.8,100.0,4732.28641364731,3.11603593857495,33916.4887954068,1.92322457166359,6.47,77.4046341463415,15056.0,2123.0,15459006.0,99.2071,,7.157,70.6936274148982
Netherlands,NL,1996,12.2,12.0957550749499,8.9,100.0,4949.7817593583,3.42063535269868,34915.1788311903,2.11378787066774,9.65,77.4356097560976,21792.0,2348.0,15530498.0,99.38737,1.83733,6.421,72.423330585432
Netherlands,NL,1997,12.3,11.5376617885866,8.7,100.0,4788.82912974708,4.24847396941847,36211.6548633578,2.10924562739483,14.1,77.7943902439024,31302.0,2391.0,15610650.0,99.66541,1.84171,5.511,75.5542374231759
Netherlands,NL,1998,12.7,11.5143371429004,8.8,100.0,4794.51173163397,4.64770326997895,37661.7102516626,1.95913632274257,22.2,77.8829268292683,52058.0,2451.0,15707209.0,,1.73966,4.394,76.75231877333
Netherlands,NL,1999,12.7,11.1402681290415,8.9,100.0,4685.19177004479,5.04334216651563,39298.7167162926,2.1571791805505,39.2,77.8365853658537,47179.0,2545.0,15812088.0,,1.81986,3.622,77.06074312186
Netherlands,NL,2000,13.0,11.1051053739996,8.8,100.0,4695.37009641521,4.21970034558892,40665.3000211594,2.36052233801958,43.984351373138,77.9878048780488,59308.0,2465.0,15925513.0,,1.78907,2.725,78.4826828427081
Netherlands,NL,2001,12.6,11.3084173304799,8.7,100.0,4783.23806405221,2.32358454925847,41297.284710124,4.15584127195612,49.3730621073123,78.190243902439,56096.0,2110.0,16046180.0,,1.79214,2.119,80.1840578652121
Netherlands,NL,2002,12.5,11.2597436028111,8.8,100.0,4804.57738217673,0.24582951723049,41135.4020353856,3.28753104712766,61.29,78.2926829268293,28824.0,2122.0,16148929.0,,1.73931,2.554,80.8085275226169
Netherlands,NL,2003,12.3,11.3578841244373,8.7,100.0,4959.46581521204,0.0978549395212411,40981.839972092,2.09199838997655,64.35,78.4926829268293,7937.0,2288.0,16225302.0,,1.77665,3.593,81.3011308878582
Netherlands,NL,2004,11.9,11.4700426777688,8.4,100.0,4985.68017725458,2.01628331561487,41663.1290344572,1.26364739183177,68.52,79.0951219512195,-9230.0,2187.0,16281779.0,,1.78132,4.646,82.250953139759
Netherlands,NL,2005,11.5,11.1632826932179,8.4,100.0,4893.73296113648,2.03401576512488,42411.3480862811,1.6881301786962,81.0,79.3463414634146,-22496.0,2217.0,16319868.0,,1.7667,5.872,83.5048949725161
Netherlands,NL,2006,11.3,10.8698765534362,8.3,100.0,4840.784340365,3.53729585853395,43841.0915818567,1.10150106517709,83.7,79.6975609756098,-25401.0,2168.0,16346101.0,,1.73208,5.007,84.6532280358545
Netherlands,NL,2007,11.1,10.9184543529559,8.1,100.0,4812.3646510682,3.88542348324803,45445.542186196,1.61385859802102,85.82,80.0975609756098,-304.0,2079.0,16381696.0,,1.66063,4.153,85.4089231499726
Netherlands,NL,2008,11.2,10.9418188812042,8.2,100.0,4755.09420293282,2.11674514240192,46227.1987545514,2.48650198289457,87.42,80.2512195121951,32406.0,2421.0,16445593.0,,1.61247,3.658,85.6149582464487
Netherlands,NL,2009,11.2,10.5716574831758,8.1,100.0,4665.86427744867,-3.66528147002826,44304.4041948677,1.18977687021548,89.63,80.5487804878049,39832.0,2575.0,16530388.0,,1.65161,4.352,86.2223179632671
Netherlands,NL,2010,11.1,11.2017265434693,8.2,100.0,4978.86938849852,1.31935287897116,44659.2793901474,1.27530569556679,90.72,80.7024390243902,33703.0,2527.0,16615394.0,,1.69388,4.991,87.3502790247129
Netherlands,NL,2011,10.8,10.4278277326273,8.1,100.0,4611.91453819796,1.77330320575034,45239.7198745589,2.34107017751373,91.4199957622284,81.2048780487805,31224.0,2585.0,16693074.0,,1.8651,4.977,88.0059204972573
Netherlands,NL,2012,10.5,10.2418555171895,8.4,100.0,4599.20591866701,-0.977826121310997,44631.8855633239,2.45554765291614,92.859992359525,81.1048780487805,14861.0,2375.0,16754962.0,,1.90094,5.821,88.5342462391333
Netherlands,NL,2013,10.2,10.0780436970437,8.4,100.0,4488.60406405713,-0.0302410184270769,44487.0378593394,2.50689852657875,93.9564,81.3048780487805,19973.0,2315.0,16804432.0,,2.13953,7.241,89.1749992370605
Netherlands,NL,2014,10.4,9.59164086966339,8.3,100.0,4215.35262065709,1.61255885112396,45042.0515907444,0.976035079699679,91.6666666666667,81.7073170731707,36591.0,2294.0,16865008.0,,2.15067,7.419,89.8364787097165
Netherlands,NL,2015,10.1,9.99734178248626,8.7,100.0,4298.59287050144,2.12064007193544,45793.8135434697,0.600248147278776,91.7241379310345,81.509756097561,55585.0,2207.0,16939923.0,,2.11792,6.872,90.2787737214621
Netherlands,NL,2016,10.1,10.028805106001,8.7,100.0,4352.44653138733,2.42428065449427,46655.0340264754,0.316666666666652,90.4109589041096,81.5609756097561,88743.0,2290.0,17030314.0,,2.11546,6.007,90.5803239452777
Netherlands,NL,2017,9.9,9.81688717537774,8.8,100.0,4365.20385335267,2.78150834679987,47670.0858101833,1.38145871407216,93.1972789115646,81.7609756097561,86332.0,2241.0,17131296.0,99.02854,2.14167,4.837,91.1219700676602
Netherlands,NL,2018,9.8,9.46486529650368,8.9,100.0,4251.16716726453,2.25873158164956,48463.0055608731,1.70349794744479,91.8918918918919,81.8121951219512,87197.0,2111.0,17231624.0,,2.1027,3.832,92.6062472401044
Netherlands,NL,2019,9.8,9.10784361996519,8.8,100.0,4129.40909477343,2.3001616053659,49254.024789064,2.63369910249591,93.2885906040269,82.1121951219512,109003.0,2228.0,17344874.0,,2.14036,3.379,93.8898028856479
Netherlands,NL,2020,9.7,8.15069804775965,9.7,100.0,3975.37813564997,-3.86799714191608,47086.5674755497,1.27246037789161,91.33333333,81.3585365853659,67598.0,2198.0,17441500.0,,2.26514,3.82,94.2532277765935
Netherlands,NL,2021,10.2,8.32113351224123,9.8,100.0,4057.79129205731,6.27683593745216,49780.8328352542,2.67572008805385,92.05298013,81.309756097561,106416.0,2080.0,17533044.0,,2.21542,4.209,94.6294783220315
Netherlands,NL,2022,9.5,7.52014775225465,9.6,100.0,3570.12031994399,5.00723453395074,51777.5314828276,10.0012078753473,92.51968504,81.6146341463415,224472.0,,17700982.0,,2.17529,3.526,94.9856177734136
Netherlands,NL,2023,9.2,6.87570596534106,9.5,100.0,3418.13670132261,-0.598061017580278,50960.7810305308,3.83839354342808,97.00680272,81.8634146341464,144558.0,,17877117.0,,2.26719,3.535,95.3221682092129
Netherlands,NL,2024,9.2,6.60188395966651,9.6,100.0,3415.76133096426,1.07383137319854,51174.8997297902,3.34754304219953,97.00679779,81.9658536585366,121628.0,,17993485.0,,,3.7,95.6396517079336
Netherlands,NL,2025,,,,,,1.78463214703797,51817.0590609265,3.2595766451366,,,104681.0,,18087633.0,,,3.874,95.9385903481191
New Zealand,NZ,1995,15.69,7.84382316110415,7.57,100.0,4091.52500895612,4.73676080285628,28013.5837412609,3.75494413677554,4.88,76.7341463414634,26743.0,1284.0,3673400.0,98.51207,,6.461,85.392759490696
New Zealand,NZ,1996,15.34,7.98609324758842,7.57,100.0,4173.39684739807,3.59083953715972,28563.8412321497,2.28571305402195,8.04,76.7878048780488,25169.0,1275.0,3732000.0,98.97884,,6.29,85.4708430476733
New Zealand,NZ,1997,15.23,8.28789040806072,7.26,100.0,4305.04363779536,2.07551582422867,28776.5479198966,1.18714833105632,14.6,77.3341463414634,12040.0,1572.0,3781300.0,99.75817,1.05649,6.857,85.5395698424773
New Zealand,NZ,1998,14.51,7.981625163827,6.87,100.0,4204.70201485772,0.855188594957326,28766.2686680046,1.26524409915406,31.6,78.0853658536585,-1387.0,1181.0,3815000.0,,,7.718,85.6005599181034
New Zealand,NZ,1999,14.87,8.35222028108785,7.33,100.0,4330.2348149308,5.38315295474565,30155.9191339983,-0.114267129777524,41.5,77.890243902439,-7634.0,1420.0,3835100.0,,0.96387,7.023,85.6555096232176
New Zealand,NZ,2000,14.66,8.55385333229644,6.91,100.0,4467.21138613373,2.86879087314065,30839.2953866092,2.6152344624632,47.3795565432096,78.6365853658537,-6604.0,1463.0,3857700.0,,,6.13,85.7059660456056
New Zealand,NZ,2001,14.36,8.99577374049736,7.16,100.0,4399.14687852578,3.41557461751114,31705.2483531253,2.62581630392903,53.2410152941279,78.6926829268293,17793.0,1768.0,3880500.0,,1.10029,5.433,85.7545174444303
New Zealand,NZ,2002,13.67,8.864910725592,7.1,100.0,4326.22295420317,4.71514593471419,32628.4322594563,2.67709257711605,59.0807532812931,78.8463414634146,48195.0,1839.0,3948500.0,,,5.282,85.8061578183401
New Zealand,NZ,2003,13.94,8.91989471593166,6.95,100.0,4180.76991429149,4.72587484712128,33502.6490755696,1.75357444759557,60.9625398663824,79.1463414634146,42456.0,1845.0,4027200.0,,1.14891,4.745,85.857962055807
New Zealand,NZ,2004,14.2,8.69032415902141,6.95,100.0,4224.87567596318,4.09053577279863,34358.6289046143,2.29024902847571,61.8476278106481,79.5487804878049,24521.0,1631.0,4087500.0,,,4.005,85.9017708294597
New Zealand,NZ,2005,13.96,8.75495294999879,6.54,100.0,4074.1485914825,3.35295444152619,35112.0769481474,3.03702332617012,62.72019958,79.8512195121951,19212.0,1893.0,4133900.0,,1.12043,3.807,85.9299325780946
New Zealand,NZ,2006,14.14,8.67562013095636,6.75,100.0,4034.75821834113,2.7744428588158,35649.0258495224,3.36540196171993,69.0,80.0487804878049,14542.0,2153.0,4184600.0,,,3.857,85.9356841665703
New Zealand,NZ,2007,15.15,8.30766134760169,6.75,100.0,4057.16268229104,3.06312221869514,36400.0153308952,2.37614310290659,69.76000214,80.1512195121951,3053.0,1892.0,4223800.0,,1.15764,3.661,85.9291840664852
New Zealand,NZ,2008,15.1,8.49532841917461,6.85,100.0,4100.75606551399,-1.02561134479848,35722.2274262581,3.9589493731206,72.02999878,80.3512195121951,4804.0,1256.0,4259800.0,,,4.167,85.9144723093505
New Zealand,NZ,2009,14.53,7.7665829963278,6.73,100.0,4073.03697683547,-0.040259885205117,35352.6428453692,2.1156511055456,79.7,80.7024390243902,12700.0,1555.0,4302600.0,,1.24916,6.121,85.8918345477824
New Zealand,NZ,2010,14.68,7.68715379134392,6.53,100.0,4147.30616096111,1.47182504276788,35476.3713609154,2.30202385958572,80.45999908,80.9048780487805,6722.0,1585.0,4350700.0,,,6.557,85.8614043258228
New Zealand,NZ,2011,14.0,7.46138229927007,6.86,100.0,4108.26383266428,2.1445004445998,35961.911959259,4.0279066739204,81.23000336,81.1560975609756,-2196.0,1501.0,4384000.0,,1.23083,6.491,85.8233151875134
New Zealand,NZ,2012,13.87,7.89151788752524,6.82,100.0,4280.5653723436,2.30256429520961,36588.819747177,1.05991318445632,81.644470179502,81.4073170731707,-1015.0,1425.0,4408100.0,,,6.931,85.777700676896
New Zealand,NZ,2013,13.2,7.78476396299048,6.65,100.0,4298.71533674262,2.5648360739867,37240.0279166822,1.13442266445817,82.77999878,81.4048780487805,26385.0,1614.0,4442100.0,,1.15275,5.839,85.7080129786455
New Zealand,NZ,2014,12.67,7.81374958485553,6.87,100.0,4476.80712476497,3.81933619307242,38025.4674998632,1.227507505974,84.0,81.4568292682927,57974.0,1636.0,4516500.0,97.48362,,5.428,85.5076659530411
New Zealand,NZ,2015,13.23,7.67750683386124,6.85,100.0,4422.74264118048,3.72968312125018,38648.7302562109,0.292704628136101,85.19999695,81.6124390243903,70870.0,1184.0,4609400.0,97.73031,1.22707,5.415,85.1518763760531
New Zealand,NZ,2016,12.6,7.36993275492671,6.61,100.0,4265.93839527509,3.7435247472109,39205.0341298225,0.646240284454524,86.5,81.6585365853659,75512.0,1075.0,4714100.0,98.52583,,5.147,84.691365594
New Zealand,NZ,2017,12.38,7.53415323250789,6.92,100.0,4200.71262692085,3.31568621648204,39667.6884236272,1.85078767452536,87.69999695,81.8585365853659,68349.0,1014.0,4813600.0,99.17788,1.34788,4.736,84.1701025874108
New Zealand,NZ,2018,11.84,7.27125249969391,6.78,100.0,4109.2206852685,3.32219666491432,40257.9139260803,1.59829703801696,89.0,81.7073170731707,59139.0,1017.0,4900600.0,,,4.335,83.8017846685577
New Zealand,NZ,2019,11.98,7.49357181659055,6.88,100.0,4170.80496267642,2.32371708441623,40615.7266946543,1.61963190184048,89.86370087,82.0560975609756,69770.0,324.0,4970300.0,,1.4642,4.109,83.804965871667
New Zealand,NZ,2020,11.36,6.83500906868543,6.43,100.0,3862.58510163497,-0.240916114758988,39702.3112090418,1.71456170007245,90.92099762,82.2560975609756,42124.0,348.0,5072400.0,,,4.595,83.8138977095908
New Zealand,NZ,2021,11.54,6.8263580222633,6.87,100.0,3907.64776650523,4.29916005216614,41309.8198451344,3.94112060778728,91.99060059,82.2073170731707,-14944.0,330.0,5084600.0,,1.48604,3.776,83.8299382585905
New Zealand,NZ,2022,11.57,6.32162465316725,7.58,100.0,3764.50781429311,3.34521847792682,42716.0866783034,7.17222476016441,93.07289886,81.9585365853658,21404.0,,5081700.0,,,3.299,83.8547305017812
New Zealand,NZ,2023,10.95,6.11076923076923,7.29,100.0,3660.60273680658,1.81389453412019,42501.4932044968,5.73316283034957,93.32610321,81.7585365853659,21404.0,,5200000.0,,1.54848,3.734,83.8898991461229
New Zealand,NZ,2024,11.03,6.01410207939509,7.13,100.0,3557.46740633951,-0.868722371893952,41415.4670639187,2.92279782301957,93.51930237,82.009756097561,18766.0,,5290000.0,,,4.724,83.9370658833132
New Zealand,NZ,2025,,,,,,0.462871830681081,41336.0220434801,2.8397963180572,,,17403.0,,5324700.0,,,5.076,83.9978515774731
Nigeria,NG,1995,44.079,0.801782698246737,18.535,38.6872520446777,256.918214458953,-0.0726647640626794,1395.07488456803,72.8355022972636,,45.87,73243.0,,110819428.0,,,4.152,39.1364103583649
Nigeria,NG,1996,43.85,0.911020186677168,18.513,39.5453186035156,268.073571237971,4.19592404666709,1416.10189471248,29.2682926829272,0.00883,45.833,84448.0,,113754779.0,,,4.043,39.9503563748504
Nigeria,NG,1997,43.509,0.863537147151956,18.358,40.3999824523926,278.489226833014,2.93709941923106,1420.23877961219,8.52987421383633,0.0172,45.96,96885.0,,116754792.0,,,3.964,40.7720171281134
Nigeria,NG,1998,43.218,0.762241596637639,18.153,41.2505683898926,269.365010804453,2.58125410190809,1419.31770917937,9.99637812386806,0.0252,46.148,145575.0,,119846254.0,,,3.922,41.6009143497997
Nigeria,NG,1999,43.447,0.73132271389576,17.803,44.9,272.180386890724,0.584126892882125,1390.4692113901,6.61837339479756,0.041,46.609,97195.0,,123047320.0,63.11272,,3.986,42.4365697715547
Nigeria,NG,2000,43.892,0.792790969926579,17.439,43.2,274.074132064522,5.01593475936546,1421.67987952016,6.9332921556516,0.0640808079494101,47.143,74535.0,,126382494.0,66.17986,,3.953,43.2785051250243
Nigeria,NG,2001,43.934,0.818897081180304,17.149,43.9,283.010546626806,5.91768464924425,1465.45720342369,18.8736462093863,0.089901370457273,47.549,64163.0,,129862595.0,,,3.9,44.1262421418539
Nigeria,NG,2002,43.822,0.720895078592108,16.799,44.6,283.767136886797,15.3291557409618,1644.39518877708,12.8765792031099,0.320461975542327,48.02,69594.0,,133471989.0,,,3.669,44.9793025536893
Nigeria,NG,2003,43.71,0.7843536892773,16.37,52.2,296.852571416246,7.34719496793299,1717.21451111739,14.0317836131437,0.558576244860521,48.618,33857.0,,137202644.0,,,3.637,45.8372080921761
Nigeria,NG,2004,43.474,0.736921009510727,15.986,46.1,286.383177568012,9.25055822923169,1824.80269456838,14.9980338183251,1.28613764134527,49.148,46370.0,,141057045.0,67.924,,3.59,46.6994804889599
Nigeria,NG,2005,43.37,0.710050686175941,15.692,46.8,305.406217610864,6.43851652535925,1889.25175325842,17.8634933661605,3.54915571796492,49.538,-17146.0,,145017253.0,68.36617,,3.727,47.5656414756863
Nigeria,NG,2006,43.172,0.621989926382773,15.43,47.6,287.970022263625,6.05942803202491,1949.15856804582,8.22743678120907,5.54503608300536,49.876,-12093.0,,149077334.0,68.82653,,3.749,48.424271994461
Nigeria,NG,2007,42.897,0.550572897626193,15.067,50.1,281.735044345631,6.59113036066867,2020.83316299437,5.38610421570143,6.769999981,50.381,-9162.0,,153267261.0,71.66882,0.13223,3.794,49.2357987173198
Nigeria,NG,2008,42.803,0.581139578438694,14.801,50.3,287.532726671296,6.76447277784263,2098.2833922073,11.583054796681,8.0,50.748,-13646.0,,157595014.0,64.89473,,3.792,50.0505212312351
Nigeria,NG,2009,42.497,0.499337659024901,14.554,50.0,260.777838499638,8.03692510100366,2204.60725603823,12.5379242951095,9.300000191,51.08,-18422.0,,162049464.0,65.9868,,3.763,50.86453484762
Nigeria,NG,2010,42.139,0.566502430832841,14.36,48.0,335.074608295017,8.00565591623166,2315.46676509642,13.7400521363694,11.5,51.315,47966.0,,166642886.0,65.98292,,3.744,51.6778188255446
Nigeria,NG,2011,41.793,0.606966647220167,14.203,55.9,376.552072943772,5.30792420293915,2370.97657091881,10.8261371880018,13.80000019,51.49,67808.0,64.0,171379598.0,,,3.77,52.490352424079
Nigeria,NG,2012,41.116,0.580337328542393,14.019,53.0,357.338084625584,4.23006117492493,2403.65387896987,12.2242413020582,16.10000038,51.688,71138.0,42.0,176200625.0,,,3.761,53.302114902293
Nigeria,NG,2013,40.441,0.63302873569183,13.864,55.6,351.718781805646,6.67133539308232,2495.34106573862,8.49551838265678,19.10000038,51.827,40201.0,50.0,181049443.0,,,3.711,54.1130855192568
Nigeria,NG,2014,39.892,0.660183629190404,13.736,54.2,349.237811590683,6.30971865521856,2583.61556958171,8.04741087967907,21.0,51.94,-19376.0,,185896915.0,,,3.9,54.9232435340404
Nigeria,NG,2015,38.951,0.621244733321397,13.656,52.5,320.318542380023,2.65269329541779,2585.73360671797,9.00943498007706,22.51420021,51.939,-116162.0,,190671878.0,,,4.134,55.7325682057138
Nigeria,NG,2016,37.771,0.631791150085677,13.408,59.3,331.486140542982,-1.61686894903467,2481.81490350403,15.6968126387972,24.13750076,52.189,75265.0,85.0,195443700.0,,,4.499,56.541038793347
Nigeria,NG,2017,36.693,0.579461406473008,13.192,54.4,316.730326522651,0.805886619091581,2441.71236404537,16.5022662139641,25.87789917,52.397,78685.0,100.0,200254579.0,,,4.83,57.3486345560101
Nigeria,NG,2018,35.69,0.592412108680957,12.952,56.5,300.45746967174,1.92275734199798,2431.77857832597,12.0951065173432,27.74370003,52.669,-76565.0,382.0,204938755.0,,,5.069,58.1553347527729
Nigeria,NG,2019,34.685,0.60197968413501,12.679,55.4,331.04474710561,2.20842927835211,2431.53528475874,11.3964223378115,29.74410057,53.009,-99722.0,439.0,209485641.0,,0.28444,5.206,58.9611186427056
Nigeria,NG,2020,33.732,0.555700571123744,12.586,55.4,324.45517224141,-6.36889840468527,2228.68631426529,13.2460234276598,31.88879967,53.072,-14497.0,410.0,213996181.0,,,5.714,59.7659654848781
Nigeria,NG,2021,33.546,0.599006670437755,12.306,59.5,334.476501487262,1.109252540249,2206.66406255564,16.9528457221608,35.50979996,53.455,-86115.0,,218529286.0,,,5.404,60.5698545383604
Nigeria,NG,2022,33.192,0.578271036832404,11.953,60.5,333.698006196423,4.31882949157136,2254.29080414598,18.8471877843274,39.14720154,54.079,-51680.0,,223150896.0,,,3.827,61.3727650622225
Nigeria,NG,2023,32.954,0.552339272252252,11.74,61.2,319.900429211784,3.31590368111438,2280.67777167162,24.659550203114,40.06399918,54.462,-57936.0,,227882945.0,,,3.074,62.1746763155343
Nigeria,NG,2024,32.493,0.566917637661195,11.641,62.5,,4.07106650147703,2324.59702394542,33.2416590552749,41.21139908,54.635,-35202.0,,232679478.0,,,3.045,62.9755675573659
Nigeria,NG,2025,,,,,,4.01336180700973,2368.53866265659,23.0101235833333,,,-15258.0,,237527782.0,,,3.064,63.7754180467872
Norway,NO,1995,13.8,9.32481858990123,10.4,100.0,5391.36648885496,4.15289526465317,58151.5422795873,2.46036778693729,6.42,77.7365853658537,6343.0,1128.0,4359184.0,98.19121,,6.307,73.9197422341132
Norway,NO,1996,13.9,9.3449577936958,10.0,100.0,5201.94925297777,4.96949434701779,60732.7551542334,1.26253249164501,18.3,78.1504878048781,5671.0,1291.0,4381336.0,98.26481,,5.036,74.1999969482422
Norway,NO,1997,13.6,9.83031932800579,10.1,100.0,5475.16675140309,5.09208924000464,63480.1841751685,2.56692335900252,20.4,78.1426829268293,9744.0,1256.0,4405157.0,84.19146,1.5935,4.687,74.7024361307612
Norway,NO,1998,13.2,10.1779682741415,10.0,100.0,5684.74560231404,2.72590814782492,64823.4786672121,2.25241329996429,22.6,78.3292682926829,13519.0,1213.0,4431464.0,99.7356,,3.737,75.3306335451989
Norway,NO,1999,13.3,10.4707330689774,10.1,100.0,5913.28022163827,2.18261230296261,65786.3001204135,2.36596736596733,40.0,78.2829268292683,19147.0,1335.0,4461913.0,99.79454,1.60437,3.247,75.8399963378906
Norway,NO,2000,13.2,9.30078087859475,9.8,100.0,5826.12232323722,3.443416131481,67611.3411021859,3.08550609131279,52.0,78.6341463414634,9805.0,1311.0,4490967.0,99.70516,,3.458,76.1338922449534
Norway,NO,2001,12.6,9.367707700314,9.7,100.0,5954.81911743802,2.1634350595868,68725.4043162798,3.00419703998233,64.0,78.7853658536585,7906.0,1189.0,4513751.0,99.76034,1.56019,3.738,76.3958619273785
Norway,NO,2002,12.2,9.16323116929134,9.8,100.0,5502.08929908871,1.45747886087304,69352.0430510008,1.28672528415184,72.84,78.9878048780488,17279.0,1178.0,4538159.0,99.72673,1.62644,4.022,76.7955442460288
Norway,NO,2003,12.4,9.73649765436142,9.3,100.0,5934.59079848361,1.09635781210122,69702.361157641,2.48782553461781,78.13,79.390243902439,11389.0,1079.0,4564855.0,99.85574,1.67572,4.221,77.2600021362305
Norway,NO,2004,12.4,9.7760844615857,9.0,100.0,6231.94030988748,4.33015597691212,72292.1208978835,0.454498502220863,77.69,79.8414634146342,13412.0,1142.0,4591910.0,99.35243,1.53976,4.256,77.5684593888498
Norway,NO,2005,12.3,9.3683698473663,8.9,100.0,6319.92545895993,2.96973597025936,73933.7446235264,1.53213367609249,81.99,80.0414634146342,18588.0,1143.0,4623291.0,98.5115,1.47715,4.381,77.8260148882032
Norway,NO,2006,12.6,9.44326328556989,8.9,100.0,6319.15452788829,2.84726376691944,75428.8816534082,2.3293498075755,82.55,80.3439024390244,24054.0,1119.0,4660677.0,98.59501,1.44972,3.397,78.0877227783203
Norway,NO,2007,12.4,9.5358549616035,8.9,100.0,5864.30044405949,3.42030119916608,77205.7545984008,0.712589073634201,86.93,80.3951219512195,40111.0,1225.0,4709153.0,99.07673,1.55795,2.493,78.4072502632828
Norway,NO,2008,12.7,9.87892316868461,8.7,100.0,6412.35151011432,0.822805797014865,76876.8705028009,3.75393081761005,90.57,80.5926829268293,44002.0,1150.0,4768212.0,99.26473,1.54556,2.521,78.7541006020666
Norway,NO,2009,12.8,9.34509433751263,8.6,100.0,6200.50244551882,-1.61327151945869,74688.7531445371,2.19738586853568,92.08,80.7951219512195,39316.0,1246.0,4828726.0,99.15591,1.71678,3.1,79.0570820210427
Norway,NO,2010,12.6,9.81436424221947,8.5,100.0,6455.3166845378,1.00493269017117,74505.4313586335,2.41890639481003,93.39,80.9975609756098,42865.0,1117.0,4889252.0,99.08012,1.6412,3.527,79.245002746582
Norway,NO,2011,12.2,9.47669413505272,8.4,100.0,5501.9559356258,1.38505117083945,74563.8349085669,1.2849515880916,93.4899826515194,81.2951219512195,47454.0,1122.0,4953088.0,99.40241,1.61714,3.196,79.311620451463
Norway,NO,2012,12.0,9.2436037096601,8.4,100.0,5805.46758867551,2.82395673492459,75669.0612719716,0.696864111498263,94.6499780533304,81.4512195121951,47883.0,1009.0,5018573.0,99.68671,1.61053,3.129,79.4905925441617
Norway,NO,2013,11.6,9.22857857758341,8.1,100.0,6047.18057523381,1.27290177696287,75711.2410395262,2.12048620353112,95.0534,81.7512195121951,40690.0,1101.0,5079623.0,99.86067,1.64216,3.425,79.9723980455359
Norway,NO,2014,11.5,9.1470465028638,7.9,100.0,5525.57603893844,2.09521388080101,76430.7374974687,2.04170286707211,96.3005098242892,82.1,38522.0,1106.0,5137232.0,99.82749,1.70369,3.486,80.6117159535579
Norway,NO,2015,11.3,9.24221086700149,7.8,100.0,4930.48137593923,2.04428845501438,77220.9524311414,2.17113665389527,96.810325691365,82.3048780487805,30242.0,1153.0,5188607.0,99.77225,1.92351,4.296,81.2378240971353
Norway,NO,2016,11.2,9.04975223129384,7.8,100.0,5368.57647170474,1.29158732771135,77532.2750022669,3.55000000000007,97.2982036675068,82.4073170731707,26417.0,1227.0,5234519.0,99.8062,2.03286,4.68,81.6800003051758
Norway,NO,2017,10.7,8.98402264330578,7.7,100.0,5673.5093152418,2.66964474273466,78961.7757906168,1.87510059552545,96.3576012951191,82.609756097561,21657.0,1152.0,5276968.0,99.88251,2.08168,4.164,81.9699745912375
Norway,NO,2018,10.4,8.78033462878555,7.7,100.0,5539.19011908654,1.1103912365576,79313.2889434042,2.76483134528797,96.4916579887094,82.7585365853659,18473.0,1082.0,5311916.0,,2.03482,3.801,82.2452112401723
Norway,NO,2019,10.2,8.47933467666537,7.6,100.0,5220.68866140147,1.46970781954143,79937.5097885912,2.16773003305411,98.0000043853142,82.9585365853659,25707.0,957.0,5347896.0,,2.13599,3.684,82.4935894878281
Norway,NO,2020,9.8,8.12493784244745,7.5,100.0,5145.72221927617,-1.36055723261586,78387.0435023102,1.28658490707996,94.60755647,83.209756097561,11277.0,880.0,5379475.0,,2.24436,4.424,82.7029885700532
Norway,NO,2021,10.4,8.21471362641264,7.8,100.0,5298.87662808584,4.14314688769197,81199.3391492139,3.48388055266669,99.0000036,83.1634146341463,19804.0,946.0,5408320.0,,1.88764,4.359,82.8612877226956
Norway,NO,2022,9.4,7.9798582660803,8.4,100.0,4651.48670758657,4.08039770659241,83756.7383805061,5.76412317852272,98.99997764,82.509756097561,58040.0,,5457127.0,,1.55081,3.231,82.9563661816034
Norway,NO,2023,9.4,7.53753758650308,7.9,100.0,4884.6175244586,0.352695581319765,83100.7944645872,5.51784987104659,99.00000258,83.0121951219512,53806.0,,5519601.0,,1.85142,3.574,83.0718560702166
Norway,NO,2024,9.7,7.17830173255862,7.9,100.0,4775.00280327143,1.42372134524737,83487.1332276928,3.14530134431081,99.0,83.1609756097561,44356.0,,5572279.0,,,4.0,83.3293737928469
Norway,NO,2025,,,,,,1.08528185031417,83812.7559563457,3.05562484410077,,,29798.0,,5610870.0,,,4.637,83.5705787708326
Poland,PL,1995,11.2,9.23545325744025,10.0,100.0,2578.20837982237,7.92965956313934,5671.89573674798,27.951388563304,0.648,71.8926829268293,-52989.0,2595.0,38594998.0,,,13.695,61.5973714804995
Poland,PL,1996,11.1,9.64288349557546,10.0,100.0,2680.1080126261,6.09387747385628,6012.95806433166,19.7949669196707,1.3,72.2463414634146,-45349.0,2411.0,38624370.0,,0.6369,12.684,61.6396786847836
Poland,PL,1997,10.7,9.38347969943332,9.8,100.0,2640.54587904468,6.35890635030509,6391.13172823376,14.91315861496,2.07,72.6463414634146,-44230.0,2399.0,38649660.0,,0.641,10.964,61.6758780811754
Poland,PL,1998,10.2,8.64038341503705,9.7,100.0,2461.01864758147,4.62161133761769,6684.11477782234,11.5978554257236,4.1,72.9975609756098,-39509.0,2407.0,38663481.0,,0.65746,9.935,61.7057783335144
Poland,PL,1999,9.9,8.39754589407819,9.9,100.0,2396.67141418898,4.69918479192557,6998.79475144289,7.15407291179853,5.46,73.0439024390244,-53035.0,2285.0,38660271.0,96.92873,0.67786,12.29,61.7291881056396
Poland,PL,2000,9.9,8.18187708712719,9.6,100.0,2321.77643337011,4.65633252988236,7401.57697647848,9.90017538843065,7.2854287080601,73.7487804878049,-15921.0,2404.0,38258629.0,96.72471,0.63806,14.928,61.7459160613903
Poland,PL,2001,9.6,8.09869495134866,9.5,100.0,2338.14293839845,1.23374464400356,7494.96089503246,5.4083354556615,9.9006697073534,74.2,-16648.0,2202.0,38248076.0,96.46141,0.61861,18.435,61.7557708646056
Poland,PL,2002,9.3,7.912937998707,9.4,100.0,2312.5947846893,1.90119437968586,7640.99307757777,1.90528215048054,21.15,74.4975609756098,-16462.0,2313.0,38230364.0,95.55196,0.55501,20.211,61.7581534555696
Poland,PL,2003,9.2,8.25299957570521,9.6,99.9,2375.41153801546,3.52337117234833,7915.55424389704,0.682701375787632,24.87,74.5975609756098,-19039.0,2268.0,38204570.0,94.61351,0.53626,19.899,61.7281374379602
Poland,PL,2004,9.3,8.31504253471681,9.5,99.9,2383.78041134423,5.09079546409544,8323.38773754587,3.38264681884699,32.53,74.8463414634146,-38216.0,2381.0,38182222.0,93.81738,0.54999,18.822,61.6555172559989
Poland,PL,2005,9.5,8.30851048638369,9.6,99.8,2414.28237185953,3.26082274679216,8598.57681241557,2.18379872390251,38.81,74.9951219512195,-41942.0,2028.0,38165445.0,93.20494,0.56121,17.592,61.5497010774856
Poland,PL,2006,9.8,8.67173342720891,9.7,99.8,2538.76112384258,6.20210710934373,9137.65850849801,1.28469394366416,44.58,75.1439024390244,-68882.0,2157.0,38141267.0,93.27956,0.54899,13.794,61.4199688499096
Poland,PL,2007,10.2,8.66464448581028,9.9,99.8,2529.61907810596,6.7604478527626,9760.7042604352,2.4587431238539,48.6,75.2439024390244,-51235.0,2392.0,38120560.0,93.37601,0.56103,9.551,61.2756005207604
Poland,PL,2008,10.9,8.5133492030939,10.0,99.8,2563.58518489618,4.38377069274605,10187.2017910883,4.16497193524779,53.13,75.5439024390244,-42288.0,2488.0,38125759.0,93.51897,0.59719,7.069,61.1258760375274
Poland,PL,2009,10.9,8.16161512269878,10.1,100.0,2463.27043395388,2.61512859291683,10446.5289138524,3.79539242483399,58.97,75.6951219512195,-8283.0,2899.0,38151603.0,94.21491,0.65932,8.131,60.9800753477
Poland,PL,2010,10.9,8.65823367232175,9.9,100.0,2642.06881241023,3.16892748258036,10808.3975674238,2.58069370250548,62.32,76.2463414634146,119623.0,3203.0,38042794.0,94.71317,0.72252,9.578,60.8474783987677
Poland,PL,2011,10.2,8.58934161043243,9.9,100.0,2652.99080592091,5.25546256612796,11370.313427173,4.23940149625932,61.94999896898,76.6951219512195,45951.0,3879.0,38063255.0,94.789,0.74726,9.576,60.7357090652544
Poland,PL,2012,10.1,8.39990338165267,10.1,100.0,2563.69089214526,1.51178167644575,11542.2353368014,3.56037151702793,62.3099972714691,76.7463414634146,4635.0,4410.0,38063164.0,95.57338,0.88476,10.031,60.6341632788866
Poland,PL,2013,9.7,8.28307772126095,10.2,100.0,2567.18208491979,0.684240607051805,11628.2286809525,0.991982606332335,62.8492,77.0,12402.0,4237.0,38040196.0,96.16873,0.8807,10.293,60.5333187465323
Poland,PL,2014,9.9,7.95991816737647,9.9,100.0,2473.79770713362,3.92050862390032,12093.1622787394,0.0538213132399802,66.5987360557248,77.6024390243903,5525.0,3941.0,38011735.0,96.11359,0.9454,8.971,60.4340063344328
Poland,PL,2015,9.7,8.05009433373176,10.4,100.0,2498.7740659386,4.43176700264478,12637.5220324406,-0.874125874125862,67.9969871556415,77.4512195121951,3887.0,4676.0,37986412.0,,0.99807,7.475,60.3362886805635
Poland,PL,2016,10.1,8.34151367627891,10.2,100.0,2614.97160490538,3.03117767594847,13026.1858988718,-0.664767331433962,73.3007040962669,77.8512195121951,-5675.0,4261.0,37970087.0,,0.9616,6.141,60.2402284228997
Poland,PL,2017,10.6,8.69581601242887,10.6,100.0,2734.42727608835,5.15245773325907,13695.6452848724,2.07593553673859,75.9853659493832,77.7536585365854,-21535.0,3924.0,37974826.0,97.15992,1.03055,4.867,60.145888199417
Poland,PL,2018,10.2,8.68031784277711,10.9,100.0,2865.52683144763,6.2458584723942,14551.0850277089,1.81295156542689,77.5417345350006,77.6024390243903,-223.0,4207.0,37974750.0,,1.19426,3.835,60.0533306480907
Poland,PL,2019,9.9,8.21985501300853,10.8,100.0,2761.07246212926,4.58045817256199,15221.3090624454,2.22747880938291,80.4359068768673,77.9048780487805,7696.0,3887.0,37965475.0,,1.3088,3.267,59.9626184068963
Poland,PL,2020,9.5,7.91347409626485,12.7,100.0,2710.95606232103,-2.03556882399977,15090.2228440113,3.37446972618589,83.18488715,76.4,3920.0,4010.0,37515748.0,,1.37128,3.155,59.8738141138092
Poland,PL,2021,9.0,8.76145594619199,14.0,100.0,2920.11352538648,6.92718266052501,16368.6239689025,5.05502704719272,85.37490906,75.3512195121951,2251.0,3377.0,36981559.0,,1.41558,3.268,59.8096513205543
Poland,PL,2022,8.3,8.36357881859441,12.2,100.0,2798.00774623397,5.25545697386036,17303.64494323,14.4294507575758,86.94113479,77.1560975609756,967744.0,,36821749.0,,1.44162,2.811,59.8315488048321
Poland,PL,2023,7.4,7.64977784033642,11.1,100.0,2639.20385996686,0.249610834017872,17410.3830137066,11.5289127961105,86.414744,78.2585365853659,-7824.0,,36687353.0,,1.55525,2.743,59.8859561370214
Poland,PL,2024,6.9,7.55108565871718,11.2,100.0,2646.7365667251,3.02841630700273,18000.5034591285,3.79060897630197,88.58496367,78.409756097561,-238062.0,,36559233.0,,,2.807,59.9705468695101
Poland,PL,2025,,,,,,3.5727250346774,18706.7393120197,3.81419531520146,,,-330820.0,,36435861.0,,,2.976,60.0853330309371
Portugal,PT,1995,10.7,5.26690335378114,10.3,100.0,2013.96965845437,4.28278017236022,15811.7171369279,4.22281614099488,1.49,75.3121951219512,26971.0,81.0,10026176.0,99.47725,,7.064,51.008291015927
Portugal,PT,1996,11.0,5.07822727568563,10.6,100.0,1986.79149693102,3.50424653058748,16304.3794463959,3.06897732509786,2.98,75.2609756097561,32640.0,86.0,10063945.0,99.57584,0.5495,7.298,51.6932632041232
Portugal,PT,1997,11.2,5.30168384001665,10.4,100.0,2083.46205659678,4.40086766458026,16946.086865108,2.33686298314114,4.95,75.4121951219512,36922.0,71.0,10108977.0,,0.56374,6.571,52.3795796967868
Portugal,PT,1998,11.2,5.71047054604065,10.5,100.0,2240.06330016631,4.80796318953165,17671.3135082912,2.57275225909131,9.87,75.7121951219512,40931.0,96.0,10160196.0,,0.62486,4.64,53.063097347651
Portugal,PT,1999,11.4,6.33573984608079,10.6,100.0,2390.35284181731,3.90657779623113,18258.0911720943,2.34009490312169,14.7,75.9634146341463,49572.0,81.0,10217828.0,,0.68121,4.579,53.7396730104491
Portugal,PT,2000,11.7,6.24348268563984,10.2,100.0,2390.18870122638,3.81617714108242,18822.0933092937,2.85303039287156,16.4304676923534,76.3146341463415,60586.0,81.0,10289898.0,97.5364,0.72156,3.806,54.4051635389142
Portugal,PT,2001,10.9,6.12752132113551,10.1,100.0,2391.32113737669,1.94367213427915,19053.089945659,4.36990330551792,18.0871365595338,76.8146341463415,55565.0,107.0,10362722.0,,0.76482,3.829,55.0679833009212
Portugal,PT,2002,11.0,6.50103636107651,10.2,100.0,2477.60275830907,0.770924781247714,19095.1102477398,3.60034658290915,19.37,77.0658536585366,42169.0,130.0,10419631.0,,0.72184,4.497,55.789299869679
Portugal,PT,2003,10.8,6.00482597417051,10.4,100.0,2400.86139844201,-0.930521045062918,18846.5411893632,3.21899090682895,29.67,77.219512195122,24740.0,125.0,10458821.0,,0.69802,6.132,56.5865509520713
Portugal,PT,2004,10.4,6.15858031692713,9.7,100.0,2463.10248808928,1.78873552917291,19137.8370898949,2.365362040973,31.78,77.6707317073171,13928.0,123.0,10483861.0,,0.7293,6.319,57.4171857647664
Portugal,PT,2005,10.4,6.4581042393222,10.2,100.0,2519.13901861547,0.781847569123585,19251.71450683,2.27716394887838,34.99,78.0707317073171,15537.0,158.0,10503330.0,99.27002,0.75755,7.582,58.2450763389585
Portugal,PT,2006,10.0,5.98192142241307,9.7,100.0,2390.46374599498,1.62503532956156,19529.3122100477,3.1076654587105,38.01,78.419512195122,16754.0,184.0,10522288.0,99.06166,0.95448,7.649,59.0340947058419
Portugal,PT,2007,9.7,5.8179179972539,9.8,100.0,2402.51066519403,2.50657937751231,19979.5706280792,2.45396528138746,42.09,78.3219512195122,21064.0,250.0,10542964.0,,1.12417,7.965,59.7481128966109
Portugal,PT,2008,9.9,5.61287237370618,9.9,100.0,2337.4925314705,0.319247344434558,20014.4749330004,2.58850657657956,44.13,78.5243902439025,9478.0,381.0,10558177.0,,1.44335,7.553,60.3510029424595
Portugal,PT,2009,9.4,5.53453188594097,9.9,100.0,2304.1784841547,-3.12207827545093,19371.1318876855,-0.835530021504157,48.27,78.7268292682927,14532.0,571.0,10568247.0,99.37086,1.58002,9.432,60.8066368745822
Portugal,PT,2010,9.6,5.03622400242124,10.0,100.0,2222.62833547109,1.73762453640036,19698.6836791397,1.40257289895372,53.3,79.0268292682927,-5627.0,499.0,10573100.0,99.48771,1.53317,10.771,61.0788867241731
Portugal,PT,2011,9.2,4.86833131897901,9.7,100.0,2164.03219875257,-1.71352745905065,19389.6395896162,3.6530110043073,55.2499968797194,80.4707317073171,-31513.0,571.0,10557560.0,99.02747,1.45558,12.715,61.1410698395502
Portugal,PT,2012,8.5,4.73413585593852,10.2,100.0,2039.16999711033,-4.05090267621935,18679.7626789594,2.77333854051576,60.3399974868057,80.3731707317073,-37083.0,621.0,10514844.0,99.11596,1.37661,15.509,61.1409793914666
Portugal,PT,2013,7.9,4.60337018320703,10.2,100.0,2055.58816601984,-0.984106574148328,18597.7214623964,0.274416666666663,62.0956,80.7219512195122,-36342.0,647.0,10457295.0,98.97895,1.32325,16.237,61.1405315215642
Portugal,PT,2014,7.9,4.58326274759251,10.1,100.0,2035.41142547114,0.741391420706506,18836.8967978906,-0.278153367467428,64.5924200648949,81.1219512195122,-26447.0,722.0,10401062.0,98.56395,1.28892,13.88,61.1394537361116
Portugal,PT,2015,8.2,4.99335011637296,10.5,100.0,2121.0872664787,1.58979803702681,19215.7813014347,0.48793862390472,68.6328614804299,81.1243902439025,-3209.0,925.0,10358076.0,97.59877,1.24552,12.405,61.137469211538
Portugal,PT,2016,8.4,4.89305456071076,10.7,100.0,2111.0971132123,2.00414129666575,19662.82312462,0.607397074641719,70.423567088723,81.1243902439025,-775.0,724.0,10325452.0,96.88158,1.2815,11.058,61.1343011242723
Portugal,PT,2017,8.3,5.35359164296186,10.6,100.0,2209.9813508898,3.31472008175986,20364.1962735946,1.36861411643482,73.7912139515729,81.4243902439025,13979.0,644.0,10300300.0,97.71146,1.32224,8.878,61.1296726507436
Portugal,PT,2018,8.4,4.96972818082616,10.9,100.0,2140.97558921814,2.94628343449202,20997.7745987013,0.993715683468233,74.6609681487507,81.3243902439024,22495.0,661.0,10283822.0,,1.35078,6.966,61.1233069673808
Portugal,PT,2019,8.4,4.51358282400518,10.8,100.0,2115.18570481977,2.74568432648596,21569.1874752919,0.338178410046124,75.3463779408712,81.6756097560976,63031.0,703.0,10286263.0,,1.39487,6.422,61.114927250613
Portugal,PT,2020,8.1,3.94717687468905,11.9,100.0,1957.30550192994,-8.20463159324387,19778.7139525722,-0.0124383299576209,78.26166044,81.3292682926829,54076.0,695.0,10297081.0,,1.60979,6.85,61.1042566768691
Portugal,PT,2021,7.6,3.76014625214405,12.0,100.0,1943.29269675495,5.55875672070374,20747.6990734163,1.26565719069044,82.30902804,81.3780487804878,69606.0,711.0,10361831.0,,1.66711,6.712,61.0951249296597
Portugal,PT,2022,8.0,3.8017191709062,11.9,100.0,1949.86496103932,6.98584137580278,22042.8680283647,7.83269124233323,84.49690644,81.6317073170732,68696.0,,10434332.0,,1.69051,6.138,61.1259255772782
Portugal,PT,2023,8.1,3.53665954067309,11.2,100.0,1853.15672016889,3.09998745904281,22417.1634060906,4.31128191898681,85.79012676,82.3292682926829,29102.0,,10578174.0,,1.69491,6.498,61.2048652633664
Portugal,PT,2024,7.9,3.32476489948602,11.1,100.0,1815.40132453961,2.21459232301109,22663.993126225,2.41613187791876,88.48704454,82.3829268292683,20648.0,,10694681.0,,,6.5,61.3281907341332
Portugal,PT,2025,,,,,,1.86448007464475,22851.1179216572,2.33601620316701,,,16472.0,,10804871.0,,,6.164,61.4953199318985
Romania,RO,1995,10.4,5.88105325849146,12.0,100.0,2054.45247554785,6.23351148371351,4572.25803354276,32.2424847257597,0.075,69.4560975609756,-73779.0,1811.0,22684270.0,88.25397,,8.01,53.8985438392597
Romania,RO,1996,10.2,6.03747185331414,12.7,100.0,2115.50331778847,3.90770208816159,4764.63682106299,38.8293013382852,0.222,69.1048780487805,-70799.0,1831.0,22619004.0,89.609,0.67472,6.74,53.677523113411
Romania,RO,1997,10.5,5.5121717330752,12.4,100.0,1990.18638099548,-4.8490627379703,4546.66753054721,154.763480436309,0.445,69.0048780487805,-88734.0,1708.0,22553978.0,89.62818,0.57451,5.515,53.4454304223393
Romania,RO,1998,10.5,4.84219728458409,12.0,100.0,1825.71004452739,-2.02981290571721,4463.60791806212,59.0965827541167,2.24,69.8073170731708,-81366.0,1299.0,22507344.0,93.26019,0.49541,5.63,53.2201892003114
Romania,RO,1999,10.4,4.14686428112446,11.8,100.0,1613.96489981066,-0.376660705758994,4453.78126046181,45.8037811326363,2.7,70.5121951219512,-82590.0,1061.0,22472040.0,90.64489,0.39832,6.239,53.0197228815939
Romania,RO,2000,10.4,4.34452283523425,11.4,94.4,1615.33488235312,2.4612634592269,4569.31124324524,45.6665940440238,3.61371729139783,71.1634146341463,-92451.0,1003.0,22442971.0,90.57431,0.36626,6.969,52.8619549004535
Romania,RO,2001,10.0,4.71753757121485,11.7,94.6,1666.72400767413,5.21813625673708,4875.30310600635,34.4770123493527,4.53866902895312,71.1609756097561,-91154.0,1128.0,22131970.0,90.88313,0.39129,6.561,52.764808691157
Romania,RO,2002,9.7,4.75824850017229,12.4,94.9,1755.33108643191,5.70299165043771,5248.54994632668,22.5398862605386,6.58,71.009756097561,-106585.0,1478.0,21730496.0,93.7875,0.37721,8.112,52.7466427937759
Romania,RO,2003,9.8,4.99887690581852,12.4,95.1,1841.57433869048,2.34114732919521,5410.30835796252,15.2734889936255,8.9,71.309756097561,-107139.0,881.0,21574326.0,97.4968,0.39708,6.95,52.8023493819682
Romania,RO,2004,10.1,4.92175276345778,12.1,95.3,1807.04208024679,10.4281130180976,6008.64048461485,11.8743635936399,15.0,71.5609756097561,-117432.0,937.0,21451748.0,98.9322,0.38942,7.719,52.9175295523808
Romania,RO,2005,10.4,4.90116528457151,12.3,95.6,1808.18761844581,4.6681480508487,6328.09022324183,9.01491283343835,21.5,71.9121951219512,-131176.0,916.0,21319685.0,98.72153,0.41262,7.174,53.074507031037
Romania,RO,2006,10.4,5.22993560368712,12.2,95.9,1881.71766548482,8.02881107599163,6876.77841417966,6.55851412276983,24.66,72.1634146341463,-132777.0,814.0,21193760.0,96.43218,0.45682,7.27,53.2566380678272
Romania,RO,2007,10.3,5.12802242514982,12.1,96.1,1900.48321448247,7.23380774362805,7483.97375820611,4.83732928313989,28.3,72.5658536585366,-133089.0,827.0,20882982.0,96.38199,0.51148,6.413,53.4472789126416
Romania,RO,2008,10.8,5.13050644236563,12.3,96.5,1925.09359481658,9.30746717077338,8318.00342795388,7.85080255714482,32.42,72.5658536585366,-144368.0,995.0,20537875.0,96.21719,0.55215,5.787,53.6297858153706
Romania,RO,2009,10.9,4.20729371276879,12.6,96.8,1707.81228256351,-5.51670615843011,7924.87058070212,5.58742004264393,36.6,73.309756097561,-137953.0,1054.0,20367487.0,96.45166,0.44393,6.859,53.7875150259042
Romania,RO,2010,10.5,4.11641877898071,12.8,97.1,1724.69848692837,-3.90581157302972,7660.70667630517,6.09141668601891,39.93,73.4585365853659,-122364.0,1382.0,20246871.0,96.15625,0.44657,6.959,53.9038227941329
Romania,RO,2011,9.7,4.45806056206995,12.5,97.4,1771.70358553223,4.49558909946313,8044.57194920892,5.7892532881588,40.0099967810008,74.409756097561,-102769.0,1424.0,20147528.0,95.5897,0.47457,7.177,53.9608874244169
Romania,RO,2012,10.0,4.36901221879411,12.7,97.8,1736.57620479665,1.90361696799603,8234.28553425194,3.33492267693442,45.8799942529424,74.4121951219512,-37589.0,1022.0,20058035.0,94.38487,0.46244,6.794,53.9563092496073
Romania,RO,2013,9.4,3.9798049339529,12.4,98.1,1590.19381302075,0.278771877470234,8287.95844089676,3.9847123554813,49.7645,75.0634146341463,-34910.0,993.0,19983693.0,,0.39022,7.096,53.9101758034365
Romania,RO,2014,10.0,3.96756659394738,12.8,98.4,1579.40659793132,4.11600109267832,8661.47397274241,1.06830987684298,54.0783206550943,74.909756097561,-35448.0,952.0,19908979.0,,0.38207,6.802,53.8267187624053
Romania,RO,2015,10.2,4.0525613738175,13.2,98.8,1598.69179785792,3.1570360543854,8977.01748158196,-0.594156437495203,55.7631556336233,74.9121951219512,-35751.0,975.0,19815616.0,89.5262,0.48796,6.812,53.7071839518893
Romania,RO,2016,10.4,3.99479410161277,13.1,99.1,1604.62335040687,2.85993252302089,9286.87678236598,-1.54479666813897,59.5039512852713,75.209756097561,-33073.0,1005.0,19702267.0,87.4854,0.48863,5.901,53.5528171972639
Romania,RO,2017,10.8,4.17578692629915,13.4,100.0,1693.37364201715,8.19547826641261,10106.2269557253,1.3390212110439,63.7472821822484,75.209756097561,-33081.0,1098.0,19588715.0,85.70889,0.50693,4.927,53.3648643239046
Romania,RO,2018,10.4,4.26219717910626,13.6,99.8,1717.11748022415,5.39452228185675,10714.1701157127,4.62548443137779,70.6812779273268,75.3585365853659,-33018.0,1100.0,19473970.0,,0.49698,4.187,53.1445711571868
Romania,RO,2019,10.3,4.18922540818417,13.4,100.0,1705.25777604649,3.96028958497598,11197.3162915853,3.82785432599438,73.6574757545465,75.6073170731707,-27909.0,881.0,19371648.0,,0.47491,3.912,52.8931835224862
Romania,RO,2020,10.3,3.92941176470588,15.5,100.0,1669.6382293589,-3.59802546034757,10854.049431887,2.63107311184743,78.45526895,74.2536585365854,-13202.0,817.0,19265250.0,,0.46414,5.035,52.611947245178
Romania,RO,2021,10.1,4.22268857135102,17.5,100.0,1787.09564245924,5.58735072538869,11546.3224998072,5.05232876096582,83.5904265,72.809756097561,-17731.0,772.0,19122059.0,,0.47108,5.59,52.2321512130811
Romania,RO,2022,9.4,3.97277959180202,14.3,100.0,1655.23818974845,4.18771305104109,12076.3033811896,13.7954887432521,85.50309124,75.1536585365854,89076.0,,19048502.0,,0.46274,5.614,52.1634832477272
Romania,RO,2023,8.4,3.68569180458046,12.8,100.0,1600.61942333991,2.25773416555121,12340.8170509969,10.3971874764996,89.20335498,76.4048780487805,-27780.0,,19061062.0,,0.51656,5.589,52.1645747011867
Romania,RO,2024,7.5,3.72055055783694,12.8,100.0,,0.916003764382594,12459.9112061891,5.72140574354439,91.29048551,76.4585365853659,-28466.0,,19051804.0,,,5.4,52.1674778928768
Romania,RO,2025,,,,,,0.677829835052762,12565.1650433306,7.18903362292063,,,-29041.0,,19020271.0,,,5.992,52.1728885041698
Saudi Arabia,SA,1995,32.308,16.3409960460508,3.696,100.0,6316.7131696411,0.311708028499027,23876.246129794,4.86843103056033,0.011,70.944,160512.0,28.0,13289245.0,,,6.365,78.9202387655061
Saudi Arabia,SA,1996,31.223,16.6669257463429,3.586,100.0,6494.45936719249,3.30468254228352,23699.1352161738,1.22206054877756,0.0267,71.288,160532.0,27.0,13831009.0,,,5.804,79.164642592198
Saudi Arabia,SA,1997,30.276,16.2238417223637,3.491,100.0,6019.93240274695,2.64731939948642,23406.0346643453,0.0571506050626489,0.0521,71.624,160066.0,57.0,14374943.0,,,5.283,79.3866214749866
Saudi Arabia,SA,1998,29.509,16.7202591309517,3.407,100.0,6169.38088980637,2.80381183998992,23179.8581162861,-0.37126675171199,0.101,71.957,159898.0,45.0,14922185.0,,,4.752,79.5914231760733
Saudi Arabia,SA,1999,28.542,16.4371876428986,3.328,100.0,6054.28343091785,-0.633393640920247,22214.4256445476,-1.33375489653896,0.494,72.29,160263.0,72.0,15472075.0,,,4.346,79.7842954576591
Saudi Arabia,SA,2000,27.49,16.3953985610582,3.234,100.0,6516.00755562211,4.71813422138024,22247.8566987439,-1.12499838517645,2.21069180908888,72.607,468515.0,76.0,16177722.0,,,4.57,79.9704860819453
Saudi Arabia,SA,2001,25.528,16.1835734476463,3.103,100.0,6348.58935367071,0.344593196175438,21193.0922894351,-1.12094804896791,4.6810531658103,72.951,484252.0,46.0,17041397.0,,,4.618,80.155242811133
Saudi Arabia,SA,2002,23.767,16.3991276825131,2.992,100.0,6826.99573187577,-0.688390130317757,20025.4319998275,0.247186492339686,6.38470501955932,73.296,500508.0,61.0,17910910.0,,,5.265,80.3438134074234
Saudi Arabia,SA,2003,22.302,16.4119297375647,2.899,100.0,6631.81585672969,8.76873381743964,20765.9387688082,0.612195358172966,8.00158289090878,73.657,514606.0,56.0,18786767.0,,0.06233,5.563,80.5414456330177
Saudi Arabia,SA,2004,21.274,16.6257165924061,2.827,100.0,6375.54473048108,8.63100545880309,21545.894988606,0.5155078977673,10.2345329969583,74.027,523472.0,81.0,19669480.0,,0.05315,5.822,80.7542316538166
Saudi Arabia,SA,2005,21.062,16.8475463633317,2.777,100.0,6447.07190249029,5.94489623934835,21838.1915349374,0.479231671630955,12.7050359882849,74.4,518565.0,119.0,20559890.0,,0.0423,6.051,80.9775503092999
Saudi Arabia,SA,2006,21.35,17.0903135744837,2.741,100.0,6605.44101687621,3.31348473625901,21616.3355772516,2.20902314069647,19.4595543513634,74.762,504661.0,119.0,21459144.0,,0.04245,6.254,81.2008588083072
Saudi Arabia,SA,2007,21.73,17.3405924711443,2.721,100.0,6696.94747279399,2.21365396372528,21196.7926036633,4.16782358431579,30.0,75.066,489136.0,128.0,22368313.0,,0.04521,5.734,81.4230015549063
Saudi Arabia,SA,2008,21.314,18.0563174565032,2.701,100.0,6980.05897029755,6.2379875365458,21629.8405734551,9.87024816760266,36.0,75.301,491337.0,,23287877.0,,0.04902,5.085,81.6441431042994
Saudi Arabia,SA,2009,20.802,18.3345628771474,2.693,100.0,7125.05300494705,-1.06671711240203,20577.5453445336,5.0572227614833,38.0,75.447,496229.0,,24217654.0,,0.07338,5.377,81.8644480116889
Saudi Arabia,SA,2010,20.127,20.3047423300728,2.668,100.0,7965.26121862505,5.0395150823517,21830.1424272816,5.33941733020905,41.0,75.616,504955.0,288.0,23978487.0,97.13673,0.884,5.55,82.0791668544465
Saudi Arabia,SA,2011,20.324,20.2940259487267,2.642,100.0,7979.3799657336,11.758820686671,23314.5576023168,5.8262163739404,47.5,75.808,491253.0,347.0,25091867.0,97.12834,0.88541,5.77,82.2543876159947
Saudi Arabia,SA,2012,20.387,20.6100945700312,2.593,100.0,7862.42354103658,5.76157382270968,23643.0358324647,2.86627029905053,54.0,76.09,479206.0,,26168861.0,99.85199,0.85824,5.622,82.4311918025358
Saudi Arabia,SA,2013,19.712,19.8087286694572,2.506,100.0,7401.17130265584,2.94563789152025,23057.3494468535,3.51104209799866,60.5,76.517,485794.0,491.0,27624004.0,97.8325,0.79069,5.6,82.6071884619102
Saudi Arabia,SA,2014,19.822,20.6973806780556,2.392,100.0,7959.81351652344,4.02467158380668,23404.7306039825,2.24185348779063,64.713657369019,77.116,469144.0,652.0,28309273.0,,,5.877,82.7822571294871
Saudi Arabia,SA,2015,19.405,20.5071259148746,2.266,100.0,7786.91651664863,4.65512316652699,23256.1549553531,1.22269318552328,69.6162358014004,77.776,465292.0,715.0,29816382.0,97.37547,,5.6,82.9562773406163
Saudi Arabia,SA,2016,19.553,19.6907023725829,2.178,99.9,7521.58911581712,1.70404739202878,22783.0328538685,2.05347076823965,74.8792746891625,78.354,-26997.0,1070.0,30954198.0,97.54549,,5.6,83.129128630626
Saudi Arabia,SA,2017,19.824,19.4764691820848,2.174,100.0,7707.05632967392,1.18210705878283,23035.1199977707,-0.834845735027162,94.1755996113911,78.721,-920812.0,909.0,30977355.0,95.77996,,5.89,83.300690534822
Saudi Arabia,SA,2018,19.739,19.2090840590601,2.228,99.9,7650.76338796016,3.2269508901591,24393.5188306638,2.46594308994843,93.3100018480347,78.75,-988751.0,1078.0,30196281.0,95.10772,,6.029,83.4708425884849
Saudi Arabia,SA,2019,18.075,19.2859458646594,2.295,100.0,7669.39905417665,1.65158925617395,24905.6697428558,-1.19298644533328,95.7247355953812,78.313,191582.0,1188.0,30063799.0,,,5.636,83.6394643268678
Saudi Arabia,SA,2020,16.628,18.2902881577409,2.46,100.0,7172.00803547452,-3.80478901996312,22827.671935548,3.37234961012303,97.8623325,77.596,-74725.0,1294.0,31552510.0,,0.47618,7.66,83.8064352851942
Saudi Arabia,SA,2021,15.902,19.1759893319934,2.615,100.0,7467.02479068822,6.51959698325419,24922.6716948944,3.06328988941548,100.0,77.089,-106287.0,1398.0,30784383.0,,0.39379,6.621,83.9716349986538
Saudi Arabia,SA,2022,15.217,19.282874301046,2.57,100.0,7525.25321185534,12.0005874752929,26706.917926066,2.47407371925372,100.0,77.31,977072.0,,32175224.0,,0.41439,5.589,84.1349430023993
Saudi Arabia,SA,2023,16.415,18.8540744665469,2.34,100.0,7148.58725115291,0.542592439393161,25634.8237547841,2.32708518362706,100.0,78.732,325691.0,,33702731.0,,0.49487,4.008,84.2962388315415
Saudi Arabia,SA,2024,16.495,18.4845842582552,2.337,100.0,,2.64893068308965,25123.0122060281,1.68792112375809,100.0,78.982,122170.0,,35300280.0,,0.63522,3.518,84.4554020211443
Saudi Arabia,SA,2025,,,,,,4.50246560191663,25066.008744098,2.08420853585036,,,119738.0,,36973555.0,,,3.038,84.6123121062185
Singapore,SG,1995,15.6,11.7296438139132,4.8,100.0,5346.98780182868,7.17540112091071,30379.8991144598,1.72053384788524,2.87,76.2951219512195,91947.0,145.0,3524506.0,,,3.3,100.0
Singapore,SG,1996,15.2,11.5838269716109,4.7,100.0,5359.513368456,7.47139086002002,31349.3171805131,1.38318052481876,8.35,76.5951219512195,102018.0,224.0,3670704.0,,1.31991,3.57,100.0
Singapore,SG,1997,14.5,11.114667450642,4.5,100.0,5818.45053429947,8.31620911124497,32835.2518506082,2.00358618538962,13.5,76.8975609756097,95241.0,288.0,3796038.0,,1.41565,2.5,100.0
Singapore,SG,1998,13.1,10.4558881832995,4.6,100.0,5083.35878222717,-2.19101500611274,31043.108180076,-0.267502292876153,19.6,77.3,51905.0,311.0,3927213.0,,1.73708,3.41,100.0
Singapore,SG,1999,12.8,10.4599892440062,4.5,100.0,4587.57994680042,5.71837175710837,32557.0469904063,0.0167098337370727,24.2,77.5512195121951,19681.0,374.0,3958723.0,,1.81624,4.85,100.0
Singapore,SG,2000,13.7,11.3010369953278,4.5,100.0,4634.81368272521,9.03831632555163,34890.0811365168,1.36162392448456,36.0,77.9512195121951,55218.0,516.0,4027887.0,,1.81699,3.7,100.0
Singapore,SG,2001,11.8,11.0938779297885,4.3,100.0,5146.02323865296,-1.07086275100448,33597.8690808226,0.997197956155943,41.6704251756041,78.2512195121951,45027.0,524.0,4138012.0,,2.0093,3.76,100.0
Singapore,SG,2002,11.4,10.8280032088507,4.4,100.0,5066.19603486754,3.92336076702013,34598.8267483781,-0.391676866585049,47.0,78.5512195121951,-40023.0,624.0,4175950.0,,2.03282,5.65,100.0
Singapore,SG,2003,10.5,10.314555220561,4.5,100.0,6217.05880619521,4.54825542643229,36709.7965038255,0.507905300237551,53.8379432881911,79.0390243902439,-30012.0,626.0,4114826.0,,1.99679,5.93,100.0
Singapore,SG,2004,10.3,10.6855268387372,4.4,100.0,7371.02793327917,9.93998268434957,39856.6356222613,1.66272719863072,62.0,79.490243902439,50487.0,641.0,4166664.0,,2.07859,5.84,100.0
Singapore,SG,2005,10.2,9.78289459186893,4.4,100.0,4925.75757554205,7.36632239250758,41798.4880834671,0.425106276569107,61.0,79.990243902439,92023.0,569.0,4265762.0,,2.14806,5.59,100.0
Singapore,SG,2006,10.3,9.5355418148688,4.4,100.0,5128.30865666219,9.00676607871758,44159.4101820552,0.965657519018511,59.0,80.1414634146341,135625.0,626.0,4401365.0,,2.11656,4.48,100.0
Singapore,SG,2007,10.3,9.44913687162465,4.5,100.0,4537.4171693226,9.02151951268893,46178.8139470199,2.10980166714574,69.9,80.4414634146342,192292.0,696.0,4588599.0,,2.31986,3.9,100.0
Singapore,SG,2008,10.2,8.86794550394306,4.4,100.0,4958.46248257993,1.86348345462035,44601.5799302699,6.63544058395309,69.0,80.790243902439,176182.0,793.0,4839396.0,,2.59673,3.96,100.0
Singapore,SG,2009,9.9,8.77394676729544,4.3,100.0,5321.08304981114,0.127953382778088,43331.8746638962,0.589142019610516,69.0,81.2414634146342,95841.0,750.0,4987573.0,,2.1279,5.86,100.0
Singapore,SG,2010,9.3,9.62940332481604,4.4,100.0,4856.84920025022,14.5197497108994,48752.0515441859,2.82884527612958,71.0,81.5414634146342,72571.0,895.0,5076732.0,,1.92918,4.12,100.0
Singapore,SG,2011,9.5,9.90350885315629,4.5,100.0,4086.3260711538,6.21493416858989,50713.5326393594,5.25115624639373,71.0,81.7439024390244,89856.0,1056.0,5183688.0,,2.06955,3.89,100.0
Singapore,SG,2012,10.1,9.44039430491129,4.5,100.0,4787.02308838074,4.43549759378537,51679.352717333,4.58084479423094,72.0,81.9951219512195,78501.0,1081.0,5312437.0,,1.91833,3.72,100.0
Singapore,SG,2013,9.3,9.74704963473961,4.6,100.0,5273.75292208676,4.81763099120676,53298.9728558286,2.36439793742726,80.90209961,82.2463414634147,52176.0,1143.0,5399162.0,,1.92104,3.86,100.0
Singapore,SG,2014,9.8,9.84749870377372,4.7,100.0,4986.32779651842,3.93554027709007,54681.9336458253,1.03316955857629,79.0292358633435,82.4951219512195,40154.0,1303.0,5469724.0,,2.08228,3.74,100.0
Singapore,SG,2015,9.7,9.9683071478565,4.8,100.0,5242.6504334371,2.97679931634806,55645.6068614606,-0.521975611895763,79.0129570025584,82.7439024390244,41852.0,1469.0,5535002.0,,2.17445,3.79,100.0
Singapore,SG,2016,9.4,9.44707088976961,4.8,100.0,5449.41985010808,3.91095306322606,57076.5241936787,-0.529809760375464,84.4522678893074,82.8463414634146,13737.0,1601.0,5607283.0,99.98961,2.06892,4.08,100.0
Singapore,SG,2017,8.9,10.1364104576184,5.0,100.0,5799.39529471808,4.32679370770501,59493.3758595703,0.576763191179996,84.4522678893074,83.0951219512195,-8880.0,1609.0,5612253.0,99.96919,1.89683,4.2,100.0
Singapore,SG,2018,8.8,9.61426051080076,5.0,100.0,5692.66564748734,3.18660848474074,61101.5252578902,0.438784215129623,88.1656360313447,83.2975609756098,21820.0,1575.0,5638676.0,,1.80836,3.613,100.0
Singapore,SG,2019,8.8,9.79870673958709,5.0,100.0,5565.91519291042,1.15877947300108,61106.3119775351,0.567829988405447,88.9492526850762,83.5951219512195,870.0,1727.0,5703569.0,,1.88845,3.1,100.0
Singapore,SG,2020,8.5,9.4756645802434,5.2,100.0,5538.12371561154,-3.61084281729929,59083.8574841572,-0.172111865925382,92.00434653,83.5439024390244,-145556.0,1778.0,5685807.0,,2.15983,4.1,100.0
Singapore,SG,2021,8.6,10.2167829269876,5.8,100.0,5966.32763521289,10.1410845197192,67846.8565377728,2.31610315765146,96.92468156,83.0926829268293,-44030.0,2024.0,5453566.0,,1.93761,4.64,100.0
Singapore,SG,2022,7.9,9.99582758413928,6.3,100.0,5785.04367341681,4.01027884472296,68271.0897525302,6.13095418919732,95.95386476,82.8951219512195,214842.0,,5637022.0,,1.80821,3.591,100.0
Singapore,SG,2023,7.4,9.48033745839563,6.2,100.0,5282.7637359991,1.45026775889565,65976.7068036903,4.83372362825798,94.28518987,83.0975609756098,26996.0,,5917648.0,,,3.444,100.0
Singapore,SG,2024,7.4,9.75144363129176,6.0,100.0,,5.3435120192366,68129.6960402288,2.38951123595017,94.37757178,83.3463414634146,20011.0,,6036860.0,,,2.737,100.0
Singapore,SG,2025,,,,,,5.02588199508003,70683.6833491257,0.902998495002676,,,16892.0,,6111175.0,,,2.818,100.0
South Africa,ZA,1995,25.612,7.30056477149405,8.92,,2357.97344794861,3.10000000054411,4337.29729686998,8.68042421392631,0.677,61.603,-98403.0,883.0,44541554.0,89.7386,,22.705,53.2962166180026
South Africa,ZA,1996,24.857,7.45379442483213,9.103,57.6,2395.08882561738,4.29999999726792,4465.50649854807,7.35411972085333,0.842,61.079,-193007.0,757.0,45123018.0,,,22.5,53.5749191516739
South Africa,ZA,1997,23.909,7.69045800806266,9.282,69.4833526611328,2418.36525437478,2.60000000146347,4527.04992403877,8.59777611252274,1.63,60.538,-98181.0,355.0,45666838.0,,0.52694,22.549,54.0040163031993
South Africa,ZA,1998,23.151,7.72882761031744,9.586,64.9,2434.78353341314,0.50000000034143,4494.85711232358,6.88054521037351,2.91,59.912,-82722.0,200.0,46223880.0,90.18257,,22.739,54.6562438276427
South Africa,ZA,1999,22.7,7.29218825416081,9.975,71.331787109375,2365.70130153691,2.39999999746338,4552.85007973031,5.18148905111697,4.12,59.19,-126011.0,138.0,46730335.0,91.34268,,22.884,55.4408521794673
South Africa,ZA,2000,21.567,7.36397941641679,10.393,72.4,2269.37063464901,4.20000000067826,4700.87555500704,5.33895913599828,5.34855973203537,58.368,-136794.0,895.0,47159719.0,90.13609,,22.788,56.2589954883628
South Africa,ZA,2001,21.266,7.51319828115408,11.074,70.2,2180.26593384169,2.70000000019104,4786.482450463,5.70189483049608,6.34661931839768,57.161,-60793.0,966.0,47566800.0,91.01729,0.64224,22.652,57.0014339378269
South Africa,ZA,2002,20.928,7.72131022420827,11.954,76.7,2072.05766349373,3.70037440406668,4916.81498068625,9.494713780996,6.71032243705404,55.58,50313.0,983.0,48019415.0,92.15813,,22.579,57.6723587528482
South Africa,ZA,2003,21.388,8.11491084558816,12.831,78.8,2300.85052603256,2.94907546754213,5011.62223150169,5.67942414068799,7.00769172611251,54.245,65604.0,922.0,48500348.0,93.51398,0.6765,22.679,58.3724341232066
South Africa,ZA,2004,22.136,8.69023374521021,13.103,80.6,2478.00378605228,4.55455990721774,5187.35683424034,-0.692039437857687,8.4251186825406,53.963,58924.0,956.0,48991421.0,94.32623,0.72681,22.567,59.0977390950102
South Africa,ZA,2005,22.718,8.81501533854301,13.333,80.8,2374.43550245537,5.27705197295467,5406.07581377638,2.06285308223427,7.48854252992921,53.914,31286.0,1003.0,49490033.0,94.48742,0.77024,22.472,59.8241758378997
South Africa,ZA,2006,23.144,8.81243167639557,13.392,80.7,2397.99082240112,5.60380645895889,5650.9883176549,3.2439076541923,7.60713967477381,54.22,33159.0,866.0,49998277.0,,0.80291,22.304,60.5276465215157
South Africa,ZA,2007,23.088,9.10281000552084,13.122,82.0,2576.78503956652,5.36047405394162,5891.42069421698,6.17781214809388,8.06537517355504,54.948,36339.0,915.0,50528584.0,,0.79364,22.26,61.1840533154988
South Africa,ZA,2008,24.33,9.54569945858325,12.683,81.9,2738.08467369962,3.1910438863288,6009.71963138635,9.90998456005467,8.43,55.982,36869.0,860.0,51114599.0,,0.80567,22.407,61.7692983894896
South Africa,ZA,2009,22.779,8.83353970564321,12.067,82.6,2735.00618529644,-1.53808913525583,5847.05811084505,7.23809523809527,10.0,57.413,41528.0,822.0,51728516.0,,0.74993,23.523,62.2592839131287
South Africa,ZA,2010,22.178,8.87117430020844,11.349,82.8,2518.44190314477,3.03973288127956,5953.94506512821,4.06749555950263,24.0,58.886,68563.0,821.0,52344051.0,,0.66284,24.683,62.6299120560569
South Africa,ZA,2011,22.075,8.37758623633968,10.721,83.6,2536.41417638413,3.16855627858818,6067.12482726885,5.0008533879502,33.97,60.602,65166.0,656.0,52995205.0,,0.66753,24.639,62.850627754452
South Africa,ZA,2012,22.118,8.57667504044573,10.149,85.2,2394.39798705356,2.39623238465745,6121.55783860713,5.73797139141739,41.0,61.737,264091.0,608.0,53782567.0,,0.66934,24.727,62.9616560303263
South Africa,ZA,2013,21.894,8.68872722515024,9.962,85.2,2341.17923180198,2.48546800826588,6170.87670863373,5.78016910069176,46.5,62.388,232230.0,638.0,54678791.0,,0.6633,24.561,63.0524024097034
South Africa,ZA,2014,21.784,8.75262375978144,9.647,85.9,2438.67891656885,1.41382645223793,6155.00589462516,6.13282953059149,49.0,63.184,272697.0,802.0,55594838.0,,0.70987,24.89,63.1352327065742
South Africa,ZA,2015,21.007,8.14948651738695,9.217,85.3,2257.19467617813,1.32186223678229,6112.27382485974,4.51869094892506,51.91910172,64.053,641150.0,889.0,56723537.0,95.64551,0.73147,25.149,63.2096349937231
South Africa,ZA,2016,20.27,8.03701551903542,9.069,83.9,2311.76901865151,0.664552307858116,6095.295060428,6.60290842394872,54.0,64.749,-879235.0,704.0,57259551.0,,0.74992,26.536,63.2750973439347
South Africa,ZA,2017,20.038,8.14751418587147,8.83,84.4,2283.45815447669,1.15794695181735,6125.6920507497,5.18618655524149,56.16740036,65.422,343146.0,728.0,57635162.0,92.44938,0.76257,27.035,63.3311078299936
South Africa,ZA,2018,19.85,8.077016906198,8.789,84.7,2184.87777550689,1.55678384721676,6117.2701406047,4.50987264867388,62.40000153,65.726,318260.0,657.0,58613001.0,,0.68586,26.906,63.3771545246841
South Africa,ZA,2019,19.694,8.01412233375962,8.75,85.0,2231.91074710296,0.25993557687633,6032.82972598668,4.10285075461156,69.69689941,66.071,331124.0,567.0,59587885.0,,0.61304,28.468,63.4127255007908
South Africa,ZA,2020,19.522,7.4445834618028,9.683,90.0,2037.46194166103,-6.1689177146757,5569.58483319272,3.23238831615113,72.1128006,65.15,369901.0,542.0,60562381.0,,0.60296,29.217,63.4373088310982
South Africa,ZA,2021,19.354,7.29340675223128,11.933,89.3,2124.62297436572,4.85864865060148,5750.90937479584,4.61874544887136,74.96859741,62.01,458246.0,1804.0,61502603.0,,0.6139,34.007,63.4503925883909
South Africa,ZA,2022,19.079,6.88263936192025,9.402,86.5,1938.30644693274,2.05813661692193,5786.86505344736,7.03987272546482,78.29319763,65.454,233284.0,,62378410.0,,0.61479,33.268,63.4766699210327
South Africa,ZA,2023,18.775,6.75922774879049,9.239,87.7,1938.50916018053,0.80610455095804,5756.55049453121,6.0752438457966,78.33670044,66.139,228222.0,,63212384.0,,,32.098,63.5823705163545
South Africa,ZA,2024,18.48,6.87684962627712,9.237,90.2,,0.534843531905139,5715.47531469148,4.36115246518962,78.35759735,66.312,166972.0,,64007187.0,,,32.279,63.6917984858172
South Africa,ZA,2025,,,,,,1.11462608103956,5713.1191878767,3.20550474112603,,,146370.0,,64747319.0,,,32.391,63.8154011002522
Spain,ES,1995,9.1,6.4205210697298,8.7,100.0,2537.01654979213,2.75749400293542,20217.9031940372,4.67380337624701,0.381,77.9807317073171,162434.0,2047.0,39724050.0,99.95766,,22.675,75.588297274636
Spain,ES,1996,9.1,6.1368590688178,8.8,100.0,2489.29122824676,2.60741117110229,20658.8402775701,3.55884559338561,1.33,78.1204878048781,162704.0,2274.0,39889852.0,99.94339,0.78795,22.142,75.6972244638181
Spain,ES,1997,9.2,6.59031471072665,8.7,100.0,2634.70993203434,3.58729972356299,21310.4311888986,1.97107395582926,2.8,78.6041463414634,165345.0,2237.0,40057389.0,99.93531,0.77825,20.698,75.804258976453
Spain,ES,1998,9.1,6.77741218450136,9.0,100.0,2756.25615027943,4.30197745333581,22135.4045018802,1.83432999908414,4.36,78.6658536585366,182926.0,2271.0,40223509.0,,0.8487,18.673,75.9145056905294
Spain,ES,1999,9.4,7.29748464074034,9.2,100.0,2878.01236592727,4.40886545305924,23017.838771323,2.31034813987063,7.09,78.7170731707317,178559.0,2439.0,40386875.0,,0.83921,15.475,76.0330694840356
Spain,ES,2000,9.8,7.64971752025199,8.9,100.0,2991.49306471374,5.20064125553942,24106.8818529374,3.43351563418764,13.6249608089899,78.9658536585366,176269.0,2710.0,40567864.0,,0.88315,13.785,76.1650552349602
Spain,ES,2001,9.9,7.60182785916578,8.8,100.0,3048.84384472463,3.91908880808811,24878.3784543991,3.58983413338117,18.1487226902932,79.3682926829268,181307.0,2528.0,40850412.0,,0.88838,10.348,76.3156889510385
Spain,ES,2002,10.1,7.93091826283723,8.8,100.0,3095.99686843763,2.75545611564098,25205.3154769045,3.06565685902211,20.39,79.5682926829268,737880.0,2763.0,41431558.0,,0.95947,11.146,76.4934217249538
Spain,ES,2003,10.4,7.96364196200096,9.1,100.0,3145.4023925367,2.9392895953076,25481.1653690112,3.03888839396661,39.93,79.619512195122,658428.0,2813.0,42187645.0,,1.0232,11.283,76.709335590859
Spain,ES,2004,10.6,8.21253115688392,8.6,100.0,3226.28942874321,3.1145314799161,25825.3106463315,3.03924881090924,44.01,79.8707317073171,661158.0,2871.0,42921895.0,,1.04013,11.09,76.9549627547133
Spain,ES,2005,10.6,8.42628442319919,8.8,100.0,3239.54436471806,3.5512255846125,26294.447384391,3.36881409750383,47.88,80.1707317073171,629803.0,3040.0,43653155.0,,1.09866,9.146,77.2206801920294
Spain,ES,2006,10.8,8.07106843546116,8.3,100.0,3190.72627710892,4.04343515605099,26899.0921497113,3.51557576832123,50.37,80.8219512195122,659720.0,3111.0,44397319.0,99.83884,1.17567,8.452,77.4968648783202
Spain,ES,2007,10.9,8.21432370534791,8.5,100.0,3168.95970956596,3.53350013165972,27338.79541774,2.7867974580495,55.11,80.8731707317073,772317.0,3267.0,45226803.0,,1.23823,8.232,77.7738937890987
Spain,ES,2008,11.3,7.40131034210523,8.4,100.0,3015.00798974738,0.767165748290694,27112.526293889,4.0753433595734,59.6,81.1756097560976,434135.0,3632.0,45954106.0,,1.32156,11.254,78.0421438998777
Spain,ES,2009,10.6,6.47936608687463,8.3,100.0,2749.85548907362,-3.76813306940053,25860.8142592652,-0.287813083535241,62.4,81.4756097560976,129557.0,3596.0,46362946.0,,1.35898,17.857,78.2919921861701
Spain,ES,2010,10.4,6.17799635729276,8.2,100.0,2735.18257337486,0.0941223116369514,25766.2515825743,1.79986457728769,65.8,81.6268292682927,69406.0,3566.0,46576897.0,,1.35436,19.86,78.5138156234888
Spain,ES,2011,10.1,6.19393014485236,8.3,100.0,2684.34318918947,-0.639920636520344,25510.5579678829,3.19610188833792,67.0899993926581,82.4756097560976,60761.0,3430.0,46742697.0,,1.32726,21.39,78.695397956495
Spain,ES,2012,9.7,6.09265740713323,8.6,100.0,2677.18038552382,-2.86511368637748,24763.568274484,2.44612782366809,69.8099999420024,82.4268292682927,-153486.0,3266.0,46773055.0,,1.29268,24.789,78.8455680301618
Spain,ES,2013,9.1,5.5007234648845,8.3,100.0,2506.25540520067,-1.42732224757626,24498.5559507945,1.40858109183009,71.635,83.0780487804878,-250741.0,3026.0,46604197.0,99.60787,1.26864,26.094,78.9858086902112
Spain,ES,2014,9.2,5.49369292128904,8.5,100.0,2458.57177736167,1.52048593647231,24947.8512505913,-0.151114837527235,76.1867089778712,83.2292682926829,-97870.0,2953.0,46460733.0,99.52396,1.23401,24.441,79.1196713833488
Spain,ES,2015,9.0,5.84933711711804,9.1,100.0,2552.40125248088,4.06086672473866,25982.4416197775,-0.500365709903243,78.6896318703515,82.8317073170732,-1979.0,2799.0,46422303.0,99.4684,1.21165,22.057,79.2454892743023
Spain,ES,2016,8.8,5.66204126256542,8.8,100.0,2563.00704379932,2.91515598595787,26719.2442268615,-0.202598000426358,80.5613329432179,83.3292682926829,106474.0,2745.0,46458139.0,98.85537,1.1808,19.635,79.3615955277997
Spain,ES,2017,8.4,5.97761510797052,9.1,100.0,2690.49733287835,2.89604207865007,27426.281015093,1.95607633363954,84.6022457016524,83.2829268292683,201135.0,2167.0,46571232.0,97.34257,1.20198,17.224,79.4663233085683
Spain,ES,2018,7.9,5.80969253331158,9.1,100.0,2666.26079715432,2.39541124478878,27956.7225466484,1.67498136863799,86.107235525659,83.4317073170732,337467.0,1525.0,46782011.0,,1.23288,15.255,79.5580057813361
Spain,ES,2019,7.6,5.3981216422823,8.8,100.0,2573.90442450746,1.96117850841711,28301.4393949563,0.699518994458648,90.718665325267,83.8317073170732,464783.0,1288.0,47118501.0,,1.24207,14.104,79.6349761108307
Spain,ES,2020,7.2,4.52823497177668,10.4,100.0,2303.51311623486,-10.9400706350371,25077.019882928,-0.322753017299649,93.20564892,82.2317073170732,236854.0,1431.0,47359424.0,,1.39637,15.532,79.6955674617799
Spain,ES,2021,7.1,4.91513320564969,9.5,100.0,2422.46704705393,6.68314420473001,26705.3629138959,3.09313511976402,93.89752157,83.1780487804878,144385.0,1308.0,47443821.0,,1.39617,14.914,79.7846242983598
Spain,ES,2022,6.9,4.99422196018416,9.7,100.0,2408.92811488939,6.37031712129601,28203.1093419474,8.39057634118637,94.4855432,83.1341463414634,299779.0,,47786102.0,,1.40684,13.033,79.9548794567814
Spain,ES,2023,6.6,4.57046216901007,9.0,100.0,2293.70814634203,2.46085796805582,28558.6319817501,3.53236133492433,95.44564516,83.9341463414634,119099.0,,48352528.0,,1.49362,12.179,80.128491001856
Spain,ES,2024,6.5,4.50540688376633,8.9,100.0,2303.6111637731,3.45525405630191,29245.2192451729,2.747147886618,95.7574516,83.8878048780488,111674.0,,48848840.0,,,11.4,80.315199821207
Spain,ES,2025,,,,,,2.82495400578509,29762.9000560093,2.699932857627,,,96630.0,,49355143.0,,,10.376,80.5149251039138
Sweden,SE,1995,11.7,7.09672968171639,10.6,100.0,5701.87027966891,4.09438992772475,35064.4138802129,2.455148578184,5.1,78.7404878048781,11621.0,3941.0,8826939.0,98.83807,,8.897,83.9000015258789
Sweden,SE,1996,10.8,7.66378411125079,10.6,100.0,5824.79922638629,1.70471985374236,35605.4537507466,0.533131978766238,9.04,78.9590243902439,5773.0,4111.0,8840998.0,99.80345,,9.547,83.9365712484942
Sweden,SE,1997,10.2,6.98574122586977,10.6,100.0,5683.45838854063,3.06499186399252,36675.7506543343,0.658410256243526,23.7,79.1975609756098,6047.0,4130.0,8846062.0,99.82815,3.27265,10.359,83.96246905017
Sweden,SE,1998,10.1,7.11836911960198,10.5,100.0,5783.40686535687,4.24583179417877,38211.7233090832,-0.267132668354971,33.5,79.3390243902439,11325.0,3972.0,8850974.0,,,8.941,83.9840819295031
Sweden,SE,1999,10.0,6.9638944965801,10.7,100.0,5675.23773166234,4.20111929805536,39786.0271902555,0.462175756339138,41.4,79.4414634146342,13940.0,4142.0,8857874.0,99.77019,3.37825,7.607,84.00779688509
Sweden,SE,2000,10.2,6.53554865027019,10.5,100.0,5375.75151158851,4.63112136551369,41561.7747635857,0.899143734041715,45.6876522122282,79.6439024390244,24900.0,4224.0,8872109.0,99.42556,,5.466,84.0400009155273
Sweden,SE,2001,10.3,6.52637826608933,10.5,100.0,5701.68206771918,1.36080642694121,42014.4022302506,2.40595834145436,51.7656649372808,79.7951219512195,28856.0,3926.0,8895960.0,99.725,3.87215,4.73,84.0827152824223
Sweden,SE,2002,10.7,6.65422739244263,10.6,100.0,5826.34189342548,2.27772867861897,42831.7584103774,2.15848213589266,70.57,79.8463414634146,31364.0,3358.0,8924958.0,99.52891,,4.965,84.1342508376823
Sweden,SE,2003,11.1,6.65964221276326,10.4,100.0,5676.54834518443,1.88102769675844,43475.3655433221,1.92565534892383,79.13,80.0951219512195,29161.0,3025.0,8958229.0,99.10242,3.5823,5.555,84.1954289653543
Sweden,SE,2004,11.2,6.45636291240893,10.1,100.0,5872.97554411383,4.17958419343711,45114.6701230708,0.373659828721824,83.89,80.4975609756098,25842.0,2768.0,8993531.0,96.88686,3.36628,6.693,84.2670710494849
Sweden,SE,2005,11.2,6.03944461597958,10.2,100.0,5711.64214196537,2.79313782840156,46189.6828420555,0.453170852576138,84.83,80.5463414634146,27030.0,2522.0,9029572.0,95.39294,3.3641,7.81,84.3499984741211
Sweden,SE,2006,11.7,6.06777926998554,10.0,100.0,5532.76265714386,4.67607488877992,48078.3520110084,1.36021468627693,87.76,80.7487804878049,51675.0,2446.0,9080505.0,95.0788,3.47963,7.066,84.4553200620359
Sweden,SE,2007,11.7,5.77642857111625,10.0,100.0,5464.45613719356,3.22486814096095,49262.152916545,2.21216883436733,82.01,80.9,54907.0,2527.0,9148092.0,96.25158,3.24176,6.161,84.5906875454778
Sweden,SE,2008,11.9,5.60895184918886,9.9,100.0,5383.76479707233,-0.923113250067971,48428.6587081751,3.43704910602875,90.0,81.1,56452.0,2549.0,9219637.0,98.43535,3.49083,6.235,84.7517366727063
Sweden,SE,2009,12.0,5.04604229815191,9.7,100.0,4891.39219246248,-4.25561384207619,45974.3911151254,-0.494460544378051,91.0,81.3512195121951,63638.0,2186.0,9298515.0,99.3342,3.41266,8.351,84.9341031919813
Sweden,SE,2010,12.3,5.63902638970728,9.6,100.0,5443.32366800687,5.75076477579255,48205.5492512742,1.15798802715626,90.0,81.4512195121951,51175.0,2196.0,9378126.0,99.38254,3.18756,8.61,85.1334228515625
Sweden,SE,2011,11.8,5.12869166987769,9.5,100.0,5281.40096330574,3.16388567406926,49356.5905257047,2.9611507382214,92.7699860554046,81.8024390243903,46049.0,2004.0,9449213.0,99.47878,3.20686,7.804,85.3600748880524
Sweden,SE,2012,11.9,4.80375075083719,9.7,100.0,5295.92806615816,-0.414397702454409,48789.7906883637,0.888377506923735,93.1799880065108,81.7048780487805,52879.0,2288.0,9519374.0,99.60119,3.24636,7.976,85.6250668883122
Sweden,SE,2013,11.8,4.579871273832,9.4,100.0,5178.9349383913,1.13766671801426,48928.4994141291,-0.044292970148682,94.7836,81.9560975609756,66760.0,2332.0,9600379.0,99.67041,3.27557,8.052,85.9249771259894
Sweden,SE,2014,11.9,4.41199615103377,9.2,100.0,4997.87990362276,2.29577238758284,49557.6183647959,-0.179638494114635,92.5236065037579,82.2536585365854,77654.0,1984.0,9696110.0,99.70495,3.12457,7.954,86.2563838747314
Sweden,SE,2015,11.7,4.37800649972355,9.3,100.0,4573.58907986933,4.38824673608589,51188.1652120493,-0.0467847449832812,90.6101966398616,82.2048780487805,80534.0,2038.0,9799186.0,99.6353,3.24088,7.432,86.6158654081858
Sweden,SE,2016,11.8,4.2819344992006,9.2,100.0,4858.89940544006,2.13117914731151,51626.3235312369,0.984269244577992,89.6509476102355,82.3073170731707,119234.0,2032.0,9923085.0,99.60466,3.25643,6.99,87.0
Sweden,SE,2017,11.5,4.15961982553065,9.1,100.0,4926.81117539334,1.88282184966646,51894.3748177808,1.79449904665599,93.0062669652127,82.409756097561,102671.0,1992.0,10057698.0,99.42418,3.39374,6.718,87.237373786911
Sweden,SE,2018,11.4,3.89655686848453,9.1,100.0,4966.26111814633,1.7702553546772,52203.0872589761,1.95353530127028,89.2469631588137,82.5585365853659,87517.0,1838.0,10175214.0,,3.34602,6.365,87.4737430925296
Sweden,SE,2019,11.1,3.8423518032643,8.6,100.0,4781.87568337501,2.60823012869524,53024.4099494317,1.78415097403835,94.4934434072202,83.109756097561,72619.0,1802.0,10278887.0,,3.39847,6.833,87.7088420242759
Sweden,SE,2020,10.9,3.67402454179006,9.5,100.0,4284.99805555044,-1.93379704032216,51624.5811789573,0.497367318853572,94.53943122,82.3560975609756,37302.0,1764.0,10353442.0,,3.50181,8.291,87.9424046895699
Sweden,SE,2021,11.0,3.88625523254982,8.8,100.0,4558.74420693219,5.2258643028773,53997.1337068799,2.16319736447143,94.6703163,83.0560975609756,51947.0,1771.0,10415811.0,,3.41565,8.803,88.1741651958315
Sweden,SE,2022,10.0,3.59996303974629,9.0,100.0,4323.66572139304,1.25543620445816,54304.1877501033,8.36929098869189,95.00970335,83.0585365853659,58955.0,,10486941.0,,3.47239,7.417,88.4038576504809
Sweden,SE,2023,9.5,3.4800778844701,9.0,100.0,4288.83333908122,-0.204061304891439,53937.7967122429,8.5486248974891,95.70327461,83.309756097561,55209.0,,10536632.0,,3.59978,7.611,88.631216160938
Sweden,SE,2024,9.3,3.57381645984766,8.6,100.0,4308.30881527016,1.01779633304398,54316.2619329718,2.83581658224034,95.52930428,84.0634146341463,50115.0,,10569709.0,,,8.4,88.8559748346228
Sweden,SE,2025,,,,,,1.54316373266217,55014.3814616932,0.679869285243995,95.76629783,,47079.0,,10596620.0,,,8.694,89.0778677789555
United Arab Emirates,AE,1995,18.739,31.7918873338476,2.85,100.0,11360.9014709113,6.68766930139498,62393.299324125,,0.103,71.392,68938.0,,2434662.0,88.89034,,1.8,78.2578079598212
United Arab Emirates,AE,1996,17.339,31.1410228968372,2.754,100.0,11250.1691193254,5.79855087420329,61871.4211109814,,0.375,71.82,180296.0,,2597564.0,86.05468,,1.836,78.2689693716933
United Arab Emirates,AE,1997,16.205,29.9216656432681,2.644,100.0,10941.7465226956,8.19026264308846,61715.5311994502,,3.3,72.559,183310.0,,2817410.0,82.45285,,1.906,78.3820753836003
United Arab Emirates,AE,1998,16.002,28.4428044668814,2.459,100.0,10375.285992572,0.292226494694063,57355.8965054096,,6.91,73.66,183329.0,,3040421.0,82.99068,,2.068,78.5955507596055
United Arab Emirates,AE,1999,16.378,27.2970466401042,2.233,100.0,9839.14403490257,2.90205341564509,54943.770569469,,14.9,74.982,180469.0,,3266009.0,,,2.195,78.9002662187301
United Arab Emirates,AE,2000,16.314,25.3198800655489,2.004,100.0,8956.94929901911,10.852837927302,56939.3600767998,,23.6253008751553,76.347,178469.0,,3493575.0,,,2.25,79.287092479995
United Arab Emirates,AE,2001,15.978,27.1939982651151,1.801,100.0,11703.2751045514,1.39892161061073,54169.4135701565,,26.2717542010006,77.621,178779.0,,3723590.0,,,2.443,79.7469002624215
United Arab Emirates,AE,2002,15.779,26.1619793238318,1.646,100.0,10866.2518811768,2.43337487237925,52216.8318338175,,28.3164853110439,78.721,178988.0,,3956826.0,,,2.659,80.2705602850306
United Arab Emirates,AE,2003,15.647,25.956044391153,1.546,100.0,10102.2168560285,8.80057809996346,53619.1662875958,,29.4779534120864,79.6,177237.0,,4192457.0,,,2.903,80.8489432668434
United Arab Emirates,AE,2004,15.115,25.9698706267172,1.49,100.0,9441.12715739602,9.56652626277928,55611.4376344125,,30.1312961695367,80.272,176319.0,,4428967.0,,,2.965,81.4729199268812
United Arab Emirates,AE,2005,14.343,26.2522643034306,1.471,100.0,9535.07550578601,4.85513657996815,55363.5818196998,,40.0,80.779,174926.0,,4664790.0,,,3.12,82.2122832763517
United Arab Emirates,AE,2006,12.292,25.3932243317163,1.444,100.0,9239.04144595382,9.83727922860218,56629.9713117545,,52.0,81.155,399306.0,,5009100.0,,,2.964,82.5588968646829
United Arab Emirates,AE,2007,11.127,24.382755503246,1.34,100.0,8929.1273242532,3.18441281459761,52038.6229393122,,61.0,81.438,722380.0,,5624635.0,93.69753,,2.934,82.758608500318
United Arab Emirates,AE,2008,9.999,26.0607102012736,1.205,100.0,9425.05532774732,3.19181235452885,47922.6941430472,12.2504202448139,63.0,81.591,523207.0,,6302664.0,,,2.818,82.9658963549658
United Arab Emirates,AE,2009,11.083,24.6511808903397,1.165,100.0,9445.23902000287,-5.2429219073683,42672.1946222627,1.5618131744907,64.0,81.679,163643.0,,6707058.0,,,2.932,83.1701992996163
United Arab Emirates,AE,2010,11.249,25.0301244367043,1.073,100.0,8849.86287819387,1.60285004336325,42328.84668186,0.877983288285867,68.0,81.886,161842.0,25.0,6869838.0,,,2.798,83.3714299144178
United Arab Emirates,AE,2011,11.372,24.9498559934509,1.027,100.0,8498.19879197847,6.73651167897515,43687.7919424546,0.87734659568512,78.0,81.898,215183.0,33.0,7104538.0,,0.47252,2.587,83.5695007795347
United Arab Emirates,AE,2012,11.678,25.0303188225095,1.033,100.0,8466.34602792332,4.68325642918792,43958.5779670713,0.662268900269009,84.9999915049492,81.913,225921.0,23.0,7391448.0,93.23711,,2.323,83.7643244751488
United Arab Emirates,AE,2013,11.819,25.3545579109196,1.033,100.0,8654.48549263775,4.9184505919085,44312.6320463505,1.1011183637571,88.0,81.95,279269.0,21.0,7693031.0,,,2.125,83.9558135814626
United Arab Emirates,AE,2014,11.471,24.5815838321273,1.014,100.0,9398.40039523838,4.63291785879667,44257.6652085451,2.34626865671643,90.4000107121939,81.99,360174.0,29.0,8059440.0,97.65242,0.67523,1.999,84.1438806787019
United Arab Emirates,AE,2015,11.02,24.3205333372838,1.021,100.0,9973.9828745403,7.08766622657654,44910.3458860776,4.06996608361593,90.5,82.076,342468.0,35.0,8505237.0,99.89207,0.86569,1.793,84.3284383471193
United Arab Emirates,AE,2016,10.747,23.7748451471417,1.007,100.0,10191.6184664294,5.65790147196586,45168.4955973912,1.61748808904198,90.6000073180483,82.195,195317.0,57.0,8935095.0,99.40189,0.9318,1.64,84.5093991669984
United Arab Emirates,AE,2017,10.661,22.1639068763908,0.97,100.0,8378.97733971587,-1.06137114472548,43293.0202360765,1.96682557818842,94.8199225383446,82.388,34155.0,63.0,9223225.0,98.74312,,2.462,84.686675718659
United Arab Emirates,AE,2018,10.248,20.0375833141554,0.957,100.0,8363.00928463633,1.53720634021511,43377.802601486,3.06863379251997,98.4500017817194,82.449,14611.0,57.0,9346701.0,,1.26389,2.236,84.8601805824625
United Arab Emirates,AE,2019,10.094,20.945786930361,0.958,100.0,8736.63609388178,1.27129120536284,43468.4534705013,-1.93108114782173,99.1499979561243,82.596,-125186.0,55.0,9445785.0,,1.31065,2.331,85.0298263388195
United Arab Emirates,AE,2020,10.465,20.8141058466097,1.118,100.0,8105.43812949633,-8.69343363776639,39878.4663896389,-2.07940317940944,100.0,81.936,92541.0,39.0,9401038.0,,1.48831,4.294,85.1955255681984
United Arab Emirates,AE,2021,9.279,20.8269278649571,1.258,100.0,8500.46410586578,4.55280140106356,40935.8915482084,0.179935336174431,100.0,79.083,421663.0,69.0,9575152.0,,1.49469,3.105,85.3571908511355
United Arab Emirates,AE,2022,9.295,19.3731459635094,1.18,100.0,8303.27667116047,7.51452414254605,41828.5686923546,5.29122604376849,100.0,80.487,322773.0,,10074977.0,,,2.872,85.5147347682487
United Arab Emirates,AE,2023,9.774,18.3804823292732,0.932,100.0,9139.5423044996,4.30113648499413,41926.5773498407,1.62670837213248,100.0,82.909,300004.0,,10483751.0,,,2.151,85.6680699002526
United Arab Emirates,AE,2024,9.819,18.2552064370494,0.972,100.0,,3.99181200361831,41605.4138706908,1.66336510224894,100.0,83.069,278439.0,,10986400.0,,,2.16,85.8171088279791
United Arab Emirates,AE,2025,,,,,,,,1.250865245598,,,158634.0,,11513149.0,,,2.174,85.9617641324017
United States,US,1995,14.6,19.7968469043631,8.8,100.0,7760.89035266192,2.68443073970295,41710.8207256668,2.80541968853662,9.24,75.6219512195122,1173016.0,123962.0,266278000.0,,,5.65,77.1977052961919
United States,US,1996,14.4,20.1432633985909,8.8,100.0,7841.59288605808,3.77277269047364,42783.8165724095,2.93120419993441,16.4,76.0268292682927,1141648.0,106892.0,269394000.0,,2.45013,5.451,77.6523401060025
United States,US,1997,14.2,20.9036173654078,8.7,100.0,7825.23663798017,4.44712793442667,44151.6860410035,2.33768993730735,21.6,76.4292682926829,1116922.0,119214.0,272657000.0,,2.47714,5.0,78.0855804195199
United States,US,1998,14.3,20.8257864667542,8.6,100.0,7800.439490719,4.48313335499124,45596.4306879224,1.55227909874364,30.1,76.5804878048781,1225134.0,134733.0,275854000.0,,2.49621,4.511,78.4785364495296
United States,US,1999,14.2,20.6489080418578,8.6,100.0,7920.05392329598,4.78842504836746,47234.2455290381,2.18802719697358,35.8,76.5829268292683,1156311.0,149251.0,279040000.0,,2.54362,4.219,78.812318408817
United States,US,2000,14.4,21.0118753202743,8.5,100.0,8055.14548852416,4.07758575997799,48616.2546282435,3.37685727149929,43.0791626375201,76.6365853658537,1248392.0,164795.0,282162411.0,,2.61982,3.992,79.0740897861327
United States,US,2001,14.1,20.6255077855762,8.5,100.0,7824.24393877407,0.955538337599847,48597.4246124122,2.82617111885407,49.0808315896951,76.8365853658537,1312455.0,177513.0,284968955.0,,2.63715,4.731,79.3086223667912
United States,US,2002,14.0,19.9103793387111,8.5,100.0,7840.46095949898,1.70044733078285,48967.3661217576,1.58603162650601,58.7854038836952,76.9365853658537,1336518.0,184245.0,287625193.0,,2.54746,5.783,79.5461039768657
United States,US,2003,14.1,19.9681657791826,8.4,100.0,7791.30391526846,2.79560596378604,49905.5233080788,2.27009497336115,61.6971171244207,77.0365853658537,1331376.0,188941.0,290107933.0,,2.55014,5.989,79.7773350255284
United States,US,2004,14.0,20.0815597947275,8.2,100.0,7878.53717143427,3.84777169267127,51348.3473386025,2.67723669309172,64.7582564759896,77.4878048780488,1313467.0,189536.0,292805298.0,,2.48685,5.529,79.9960936968363
United States,US,2005,14.0,19.9249914215479,8.3,100.0,7843.3910574627,3.48354993710312,52649.5713060461,3.3927468454955,67.9681015,77.4878048780488,1369224.0,207867.0,295516599.0,99.43481,2.50192,5.084,80.1961581748464
United States,US,2006,14.3,19.4048177077015,8.1,100.0,7694.40657948116,2.78453963674239,53596.315236412,3.22594410070404,68.93119812,77.6878048780488,1347750.0,221784.0,298379912.0,,2.54545,4.623,80.3713066436159
United States,US,2007,14.3,19.4956606869752,8.0,100.0,7756.0141894981,2.0038583039496,54152.8292673551,2.85267248150138,75.0,77.9878048780488,1371353.0,241347.0,301231207.0,,2.61516,4.622,80.5153172872016
United States,US,2008,14.0,18.7089026291301,8.1,100.0,7484.83268900712,0.113587247501258,53703.962897927,3.839100296651,74.0,78.0390243902439,1416841.0,231588.0,304093966.0,,2.74481,5.784,80.6219682896606
United States,US,2009,13.5,17.1890632001903,7.9,100.0,7053.35846690965,-2.5765002366652,51863.6183416558,-0.355546266299747,71.0,78.390243902439,1387306.0,224912.0,306771529.0,,2.7918,9.254,80.6850378350499
United States,US,2010,13.0,17.847084306938,7.995,100.0,7162.55933024159,2.69519258673525,52812.6829869279,1.6400434423899,71.69,78.5414634146342,1594453.0,241977.0,309378227.0,97.63436,2.71443,9.633,80.6997744673366
United States,US,2011,12.7,17.0203888981196,8.073,100.0,7009.64607964907,1.56440685205419,53215.5362314388,3.156841568622,69.7294607619268,78.6414634146341,1624033.0,247750.0,311839461.0,96.38975,2.73803,8.949,80.6957554256024
United States,US,2012,12.6,16.1854221004814,8.102,100.0,6820.46062064875,2.28911339009767,54000.8410778217,2.06933726526067,74.7,78.7414634146342,1632007.0,268782.0,314339099.0,97.26517,2.67272,8.069,80.6837493386238
United States,US,2013,12.4,16.495975221911,8.215,100.0,6888.38143742637,2.11783009443471,54728.860179812,1.46483265562717,71.4,78.7414634146342,1663885.0,287831.0,316726282.0,97.50924,2.69591,7.375,80.660889281215
United States,US,2014,12.5,16.4248953102317,8.237,100.0,6915.64165280321,2.52381981757846,55665.2411187802,1.62222297740817,73.0,78.8414634146341,1672598.0,285096.0,319257560.0,97.97434,2.70882,6.168,80.6242231779766
United States,US,2015,12.4,15.9501022949136,8.44,100.0,6789.64733291075,2.94555045227337,56849.4697923159,0.118627135552451,74.5542024462761,78.690243902439,1722127.0,288335.0,321815121.0,94.60023,2.77328,5.28,80.5707989535091
United States,US,2016,12.2,15.5045482189269,8.493,100.0,6663.4963294418,1.81945147909089,57430.8499298804,1.26158320570536,85.5444212887222,78.5390243902439,1889129.0,295327.0,324353340.0,99.64003,2.83677,4.869,80.4976645324131
United States,US,2017,11.8,15.1847127213968,8.638,100.0,6590.83509745633,2.45762230126449,58435.9707535619,2.13011000365961,87.2748891687657,78.5390243902439,1864738.0,293904.0,326608609.0,95.55776,2.88315,4.355,80.4018678392891
United States,US,2018,11.6,15.5796456645972,8.678,100.0,6738.27272433986,2.96650506701943,59817.6556798612,2.44258329692817,88.498903165152,78.6390243902439,1764961.0,285095.0,328529577.0,,2.98956,3.896,80.2804567987377
United States,US,2019,11.4,15.0439662080505,8.697,100.0,6700.93033990565,2.58382533052225,61047.9648238812,1.81221007526021,89.4302848575712,78.7878048780488,1774500.0,285113.0,330226227.0,,3.14297,3.669,80.1304793353594
United States,US,2020,10.9,13.4715665664099,10.27,100.0,6141.5241450627,-2.081375977796,59533.609024416,1.23358439630629,90.34470367,76.9804878048781,329769.0,269586.0,331578104.0,,3.41788,8.055,79.997451762548
United States,US,2021,11.0,14.3160979329351,10.4,100.0,6445.82621225492,6.15202247867526,63096.7856149746,4.69785886363742,91.2684021,76.3292682926829,674787.0,262244.0,332100166.0,,3.4689,5.349,80.0074765140272
United States,US,2022,11.0,14.4186221294233,9.8,100.0,6512.09816744798,2.52421385073222,64322.2332819139,8.00279982052121,92.72850037,77.4341463414634,1319009.0,,333996304.0,,3.48736,3.65,80.0324978239707
United States,US,2023,10.7,13.7140258849034,9.2,100.0,6364.46726343838,2.93436322440155,65667.281580468,4.11633838374488,93.52559662,78.3853658536585,1322668.0,,336755052.0,,3.44716,3.638,80.071561119178
United States,US,2024,10.6,13.6238622652793,9.0,100.0,6361.4447017904,2.79318715363841,66856.5131698371,2.94952520485207,94.69380188,78.890243902439,1286132.0,,340003797.0,,,4.022,80.1247798047184
United States,US,2025,,,,,,2.16138195623856,67945.6146497427,,,,1230663.0,,341784857.0,,,4.198,80.1921733027869
